Handle,Title,Body (HTML),Vendor,Product Category,Type,Tags,Published,Option1 Name,Option1 Value,Option2 Name,Option2 Value,Option3 Name,Option3 Value,Variant SKU,Variant Grams,Variant Inventory Tracker,Variant Inventory Qty,Variant Inventory Policy,Variant Fulfillment Service,Variant Price,Variant Compare At Price,Variant Requires Shipping,Variant Taxable,Variant Barcode,Image Src,Image Position,Image Alt Text,Gift Card,SEO Title,SEO Description,Variant Weight Unit,Cost per item,Status
harrison,Harrison,<p>Product details coming soon.</p>,Irish Family Surnames,,General,"imported, unlisted",false,Title,Default Title,,,,,IMP-HARRISON,0,shopify,0,deny,manual,0.00,,true,true,,https://irishfamilysurnames.com/wp-content/uploads/2021/04/harrison-B-H.jpg,1,Harrison,false,Harrison,Imported product — review before publishing.,g,,unlisted
hart,Hart,<p>Product details coming soon.</p>,Irish Family Surnames,,General,"imported, unlisted",false,Title,Default Title,,,,,IMP-HART,0,shopify,0,deny,manual,0.00,,true,true,,https://irishfamilysurnames.com/wp-content/uploads/2021/04/hart-B-H.jpg,1,Hart,false,Hart,Imported product — review before publishing.,g,,unlisted
harte,Harte,<p>Product details coming soon.</p>,Irish Family Surnames,,General,"imported, unlisted",false,Title,Default Title,,,,,IMP-HARTE,0,shopify,0,deny,manual,0.00,,true,true,,https://irishfamilysurnames.com/wp-content/uploads/2021/04/harte-B-H.jpg,1,Harte,false,Harte,Imported product — review before publishing.,g,,unlisted
hackett,Hackett,<p>Product details coming soon.</p>,Irish Family Surnames,,General,"imported, unlisted",false,Title,Default Title,,,,,IMP-HACKETT,0,shopify,0,deny,manual,0.00,,true,true,,https://irishfamilysurnames.com/wp-content/uploads/2021/04/hackett-B-H.jpg,1,Hackett,false,Hackett,Imported product — review before publishing.,g,,unlisted
hall,Hall,<p>Product details coming soon.</p>,Irish Family Surnames,,General,"imported, unlisted",false,Title,Default Title,,,,,IMP-HALL,0,shopify,0,deny,manual,0.00,,true,true,,https://irishfamilysurnames.com/wp-content/uploads/2021/04/hall-B-H.jpg,1,Hall,false,Hall,Imported product — review before publishing.,g,,unlisted
halloran,Halloran,<p>Product details coming soon.</p>,Irish Family Surnames,,General,"imported, unlisted",false,Title,Default Title,,,,,IMP-HALLORAN,0,shopify,0,deny,manual,0.00,,true,true,,https://irishfamilysurnames.com/wp-content/uploads/2021/04/halloran-B-H.jpg,1,Halloran,false,Halloran,Imported product — review before publishing.,g,,unlisted
hanley,Hanley,<p>Product details coming soon.</p>,Irish Family Surnames,,General,"imported, unlisted",false,Title,Default Title,,,,,IMP-HANLEY,0,shopify,0,deny,manual,0.00,,true,true,,https://irishfamilysurnames.com/wp-content/uploads/2021/04/hanley-B-H.jpg,1,Hanley,false,Hanley,Imported product — review before publishing.,g,,unlisted
hanlon,Hanlon,<p>Product details coming soon.</p>,Irish Family Surnames,,General,"imported, unlisted",false,Title,Default Title,,,,,IMP-HANLON,0,shopify,0,deny,manual,0.00,,true,true,,https://irishfamilysurnames.com/wp-content/uploads/2021/04/hanlon-B-H.jpg,1,Hanlon,false,Hanlon,Imported product — review before publishing.,g,,unlisted
hannon,Hannon,<p>Product details coming soon.</p>,Irish Family Surnames,,General,"imported, unlisted",false,Title,Default Title,,,,,IMP-HANNON,0,shopify,0,deny,manual,0.00,,true,true,,https://irishfamilysurnames.com/wp-content/uploads/2021/04/hannon-B-H.jpg,1,Hannon,false,Hannon,Imported product — review before publishing.,g,,unlisted
hara,Hara,<p>Product details coming soon.</p>,Irish Family Surnames,,General,"imported, unlisted",false,Title,Default Title,,,,,IMP-HARA,0,shopify,0,deny,manual,0.00,,true,true,,https://irishfamilysurnames.com/wp-content/uploads/2021/04/hara-B-H.jpg,1,Hara,false,Hara,Imported product — review before publishing.,g,,unlisted
harrington,Harrington,<p>Product details coming soon.</p>,Irish Family Surnames,,General,"imported, unlisted",false,Title,Default Title,,,,,IMP-HARRINGTON,0,shopify,0,deny,manual,0.00,,true,true,,https://irishfamilysurnames.com/wp-content/uploads/2021/04/harrington-B-H.jpg,1,Harrington,false,Harrington,Imported product — review before publishing.,g,,unlisted
hayes,Hayes,<p>Product details coming soon.</p>,Irish Family Surnames,,General,"imported, unlisted",false,Title,Default Title,,,,,IMP-HAYES,0,shopify,0,deny,manual,0.00,,true,true,,https://irishfamilysurnames.com/wp-content/uploads/2021/04/hayes-B-H.jpg,1,Hayes,false,Hayes,Imported product — review before publishing.,g,,unlisted
healy,Healy,<p>Product details coming soon.</p>,Irish Family Surnames,,General,"imported, unlisted",false,Title,Default Title,,,,,IMP-HEALY,0,shopify,0,deny,manual,0.00,,true,true,,https://irishfamilysurnames.com/wp-content/uploads/2021/04/healy-B-H.jpg,1,Healy,false,Healy,Imported product — review before publishing.,g,,unlisted
heffernan,Heffernan,<p>Product details coming soon.</p>,Irish Family Surnames,,General,"imported, unlisted",false,Title,Default Title,,,,,IMP-HEFFERNAN,0,shopify,0,deny,manual,0.00,,true,true,,https://irishfamilysurnames.com/wp-content/uploads/2021/04/heffernan-B-H.jpg,1,Heffernan,false,Heffernan,Imported product — review before publishing.,g,,unlisted
hely,Hely,<p>Product details coming soon.</p>,Irish Family Surnames,,General,"imported, unlisted",false,Title,Default Title,,,,,IMP-HELY,0,shopify,0,deny,manual,0.00,,true,true,,https://irishfamilysurnames.com/wp-content/uploads/2021/04/hely-B-H.jpg,1,Hely,false,Hely,Imported product — review before publishing.,g,,unlisted
hennessy,Hennessy,<p>Product details coming soon.</p>,Irish Family Surnames,,General,"imported, unlisted",false,Title,Default Title,,,,,IMP-HENNESSY,0,shopify,0,deny,manual,0.00,,true,true,,https://irishfamilysurnames.com/wp-content/uploads/2021/04/hennessy-B-H.jpg,1,Hennessy,false,Hennessy,Imported product — review before publishing.,g,,unlisted
hickey,Hickey,<p>Product details coming soon.</p>,Irish Family Surnames,,General,"imported, unlisted",false,Title,Default Title,,,,,IMP-HICKEY,0,shopify,0,deny,manual,0.00,,true,true,,https://irishfamilysurnames.com/wp-content/uploads/2021/04/hickey-B-H.jpg,1,Hickey,false,Hickey,Imported product — review before publishing.,g,,unlisted
higgins,Higgins,<p>Product details coming soon.</p>,Irish Family Surnames,,General,"imported, unlisted",false,Title,Default Title,,,,,IMP-HIGGINS,0,shopify,0,deny,manual,0.00,,true,true,,https://irishfamilysurnames.com/wp-content/uploads/2021/04/higgins-B-H.jpg,1,Higgins,false,Higgins,Imported product — review before publishing.,g,,unlisted
hines,Hines,<p>Product details coming soon.</p>,Irish Family Surnames,,General,"imported, unlisted",false,Title,Default Title,,,,,IMP-HINES,0,shopify,0,deny,manual,0.00,,true,true,,https://irishfamilysurnames.com/wp-content/uploads/2021/04/hines-B-H.jpg,1,Hines,false,Hines,Imported product — review before publishing.,g,,unlisted
hogan,Hogan,<p>Product details coming soon.</p>,Irish Family Surnames,,General,"imported, unlisted",false,Title,Default Title,,,,,IMP-HOGAN,0,shopify,0,deny,manual,0.00,,true,true,,https://irishfamilysurnames.com/wp-content/uploads/2021/04/hogan-B-H.jpg,1,Hogan,false,Hogan,Imported product — review before publishing.,g,,unlisted
horan,Horan,<p>Product details coming soon.</p>,Irish Family Surnames,,General,"imported, unlisted",false,Title,Default Title,,,,,IMP-HORAN,0,shopify,0,deny,manual,0.00,,true,true,,https://irishfamilysurnames.com/wp-content/uploads/2021/04/horan-B-H.jpg,1,Horan,false,Horan,Imported product — review before publishing.,g,,unlisted
hughes,Hughes,<p>Product details coming soon.</p>,Irish Family Surnames,,General,"imported, unlisted",false,Title,Default Title,,,,,IMP-HUGHES,0,shopify,0,deny,manual,0.00,,true,true,,https://irishfamilysurnames.com/wp-content/uploads/2021/04/hughes-B-H.jpg,1,Hughes,false,Hughes,Imported product — review before publishing.,g,,unlisted
hyland-copy,Hyland Copy,<p>Product details coming soon.</p>,Irish Family Surnames,,General,"imported, unlisted",false,Title,Default Title,,,,,IMP-HYLAND-COPY,0,shopify,0,deny,manual,0.00,,true,true,,https://irishfamilysurnames.com/wp-content/uploads/2021/04/hynes-B-H.jpg,1,Hyland Copy,false,Hyland Copy,Imported product — review before publishing.,g,,unlisted
hurley,Hurley,<p>Product details coming soon.</p>,Irish Family Surnames,,General,"imported, unlisted",false,Title,Default Title,,,,,IMP-HURLEY,0,shopify,0,deny,manual,0.00,,true,true,,https://irishfamilysurnames.com/wp-content/uploads/2021/04/hurley-B-H-1.jpg,1,Hurley,false,Hurley,Imported product — review before publishing.,g,,unlisted
johnson,Johnson,<p>Product details coming soon.</p>,Irish Family Surnames,,General,"imported, unlisted",false,Title,Default Title,,,,,IMP-JOHNSON,0,shopify,0,deny,manual,0.00,,true,true,,https://irishfamilysurnames.com/wp-content/uploads/2021/04/johnson-B-H.jpg,1,Johnson,false,Johnson,Imported product — review before publishing.,g,,unlisted
jordan,Jordan,<p>Product details coming soon.</p>,Irish Family Surnames,,General,"imported, unlisted",false,Title,Default Title,,,,,IMP-JORDAN,0,shopify,0,deny,manual,0.00,,true,true,,https://irishfamilysurnames.com/wp-content/uploads/2021/04/jordan-B-H.jpg,1,Jordan,false,Jordan,Imported product — review before publishing.,g,,unlisted
kearney,Kearney,<p>Product details coming soon.</p>,Irish Family Surnames,,General,"imported, unlisted",false,Title,Default Title,,,,,IMP-KEARNEY,0,shopify,0,deny,manual,0.00,,true,true,,https://irishfamilysurnames.com/wp-content/uploads/2021/04/kearney-B-H.jpg,1,Kearney,false,Kearney,Imported product — review before publishing.,g,,unlisted
kearns,Kearns,<p>Product details coming soon.</p>,Irish Family Surnames,,General,"imported, unlisted",false,Title,Default Title,,,,,IMP-KEARNS,0,shopify,0,deny,manual,0.00,,true,true,,https://irishfamilysurnames.com/wp-content/uploads/2021/04/kearns-B-H.jpg,1,Kearns,false,Kearns,Imported product — review before publishing.,g,,unlisted
keating,Keating,<p>Product details coming soon.</p>,Irish Family Surnames,,General,"imported, unlisted",false,Title,Default Title,,,,,IMP-KEATING,0,shopify,0,deny,manual,0.00,,true,true,,https://irishfamilysurnames.com/wp-content/uploads/2021/04/keating-B-H.jpg,1,Keating,false,Keating,Imported product — review before publishing.,g,,unlisted
keefe,Keefe,<p>Product details coming soon.</p>,Irish Family Surnames,,General,"imported, unlisted",false,Title,Default Title,,,,,IMP-KEEFE,0,shopify,0,deny,manual,0.00,,true,true,,https://irishfamilysurnames.com/wp-content/uploads/2021/04/keefe-B-H.jpg,1,Keefe,false,Keefe,Imported product — review before publishing.,g,,unlisted
keeffe,Keeffe,<p>Product details coming soon.</p>,Irish Family Surnames,,General,"imported, unlisted",false,Title,Default Title,,,,,IMP-KEEFFE,0,shopify,0,deny,manual,0.00,,true,true,,https://irishfamilysurnames.com/wp-content/uploads/2021/04/keeffe-B-H.jpg,1,Keeffe,false,Keeffe,Imported product — review before publishing.,g,,unlisted
keegan,Keegan,<p>Product details coming soon.</p>,Irish Family Surnames,,General,"imported, unlisted",false,Title,Default Title,,,,,IMP-KEEGAN,0,shopify,0,deny,manual,0.00,,true,true,,https://irishfamilysurnames.com/wp-content/uploads/2021/04/keegan-B-H.jpg,1,Keegan,false,Keegan,Imported product — review before publishing.,g,,unlisted
keenan,Keenan,<p>Product details coming soon.</p>,Irish Family Surnames,,General,"imported, unlisted",false,Title,Default Title,,,,,IMP-KEENAN,0,shopify,0,deny,manual,0.00,,true,true,,https://irishfamilysurnames.com/wp-content/uploads/2021/04/keenan-B-H.jpg,1,Keenan,false,Keenan,Imported product — review before publishing.,g,,unlisted
kehoe,Kehoe,<p>Product details coming soon.</p>,Irish Family Surnames,,General,"imported, unlisted",false,Title,Default Title,,,,,IMP-KEHOE,0,shopify,0,deny,manual,0.00,,true,true,,https://irishfamilysurnames.com/wp-content/uploads/2021/04/kehoe-B-H.jpg,1,Kehoe,false,Kehoe,Imported product — review before publishing.,g,,unlisted
kelley,Kelley,<p>Product details coming soon.</p>,Irish Family Surnames,,General,"imported, unlisted",false,Title,Default Title,,,,,IMP-KELLEY,0,shopify,0,deny,manual,0.00,,true,true,,https://irishfamilysurnames.com/wp-content/uploads/2021/04/kelley-B-H.jpg,1,Kelley,false,Kelley,Imported product — review before publishing.,g,,unlisted
kelly,Kelly,<p>Product details coming soon.</p>,Irish Family Surnames,,General,"imported, unlisted",false,Title,Default Title,,,,,IMP-KELLY,0,shopify,0,deny,manual,0.00,,true,true,,https://irishfamilysurnames.com/wp-content/uploads/2021/04/kelly-B-H.jpg,1,Kelly,false,Kelly,Imported product — review before publishing.,g,,unlisted
kennedy,Kennedy,<p>Product details coming soon.</p>,Irish Family Surnames,,General,"imported, unlisted",false,Title,Default Title,,,,,IMP-KENNEDY,0,shopify,0,deny,manual,0.00,,true,true,,https://irishfamilysurnames.com/wp-content/uploads/2021/04/kennedy-B-H.jpg,1,Kennedy,false,Kennedy,Imported product — review before publishing.,g,,unlisted
kenny,Kenny,<p>Product details coming soon.</p>,Irish Family Surnames,,General,"imported, unlisted",false,Title,Default Title,,,,,IMP-KENNY,0,shopify,0,deny,manual,0.00,,true,true,,https://irishfamilysurnames.com/wp-content/uploads/2021/04/kenny-B-H.jpg,1,Kenny,false,Kenny,Imported product — review before publishing.,g,,unlisted
keogh,Keogh,<p>Product details coming soon.</p>,Irish Family Surnames,,General,"imported, unlisted",false,Title,Default Title,,,,,IMP-KEOGH,0,shopify,0,deny,manual,0.00,,true,true,,https://irishfamilysurnames.com/wp-content/uploads/2021/04/keogh-B-H.jpg,1,Keogh,false,Keogh,Imported product — review before publishing.,g,,unlisted
kerins,Kerins,<p>Product details coming soon.</p>,Irish Family Surnames,,General,"imported, unlisted",false,Title,Default Title,,,,,IMP-KERINS,0,shopify,0,deny,manual,0.00,,true,true,,https://irishfamilysurnames.com/wp-content/uploads/2021/04/kerins-B-H.jpg,1,Kerins,false,Kerins,Imported product — review before publishing.,g,,unlisted
king,King,<p>Product details coming soon.</p>,Irish Family Surnames,,General,"imported, unlisted",false,Title,Default Title,,,,,IMP-KING,0,shopify,0,deny,manual,0.00,,true,true,,https://irishfamilysurnames.com/wp-content/uploads/2021/04/king-B-H.jpg,1,King,false,King,Imported product — review before publishing.,g,,unlisted
kinsella,Kinsella,<p>Product details coming soon.</p>,Irish Family Surnames,,General,"imported, unlisted",false,Title,Default Title,,,,,IMP-KINSELLA,0,shopify,0,deny,manual,0.00,,true,true,,https://irishfamilysurnames.com/wp-content/uploads/2021/04/kinsella-B-H.jpg,1,Kinsella,false,Kinsella,Imported product — review before publishing.,g,,unlisted
lalor,Lalor,<p>Product details coming soon.</p>,Irish Family Surnames,,General,"imported, unlisted",false,Title,Default Title,,,,,IMP-LALOR,0,shopify,0,deny,manual,0.00,,true,true,,https://irishfamilysurnames.com/wp-content/uploads/2021/04/lalor-B-H.jpg,1,Lalor,false,Lalor,Imported product — review before publishing.,g,,unlisted
larkin,Larkin,<p>Product details coming soon.</p>,Irish Family Surnames,,General,"imported, unlisted",false,Title,Default Title,,,,,IMP-LARKIN,0,shopify,0,deny,manual,0.00,,true,true,,https://irishfamilysurnames.com/wp-content/uploads/2021/04/larkin-B-H.jpg,1,Larkin,false,Larkin,Imported product — review before publishing.,g,,unlisted
lawler,Lawler,<p>Product details coming soon.</p>,Irish Family Surnames,,General,"imported, unlisted",false,Title,Default Title,,,,,IMP-LAWLER,0,shopify,0,deny,manual,0.00,,true,true,,https://irishfamilysurnames.com/wp-content/uploads/2021/04/lawler-B-H-1.jpg,1,Lawler,false,Lawler,Imported product — review before publishing.,g,,unlisted
lawlor,Lawlor,<p>Product details coming soon.</p>,Irish Family Surnames,,General,"imported, unlisted",false,Title,Default Title,,,,,IMP-LAWLOR,0,shopify,0,deny,manual,0.00,,true,true,,https://irishfamilysurnames.com/wp-content/uploads/2021/04/lawlor-B-H-1.jpg,1,Lawlor,false,Lawlor,Imported product — review before publishing.,g,,unlisted
lee,Lee,<p>Product details coming soon.</p>,Irish Family Surnames,,General,"imported, unlisted",false,Title,Default Title,,,,,IMP-LEE,0,shopify,0,deny,manual,0.00,,true,true,,https://irishfamilysurnames.com/wp-content/uploads/2021/04/lee-B-H-1.jpg,1,Lee,false,Lee,Imported product — review before publishing.,g,,unlisted
lenihan,Lenihan,<p>Product details coming soon.</p>,Irish Family Surnames,,General,"imported, unlisted",false,Title,Default Title,,,,,IMP-LENIHAN,0,shopify,0,deny,manual,0.00,,true,true,,https://irishfamilysurnames.com/wp-content/uploads/2021/04/lenihan-B-H-1.jpg,1,Lenihan,false,Lenihan,Imported product — review before publishing.,g,,unlisted
lennon,Lennon,<p>Product details coming soon.</p>,Irish Family Surnames,,General,"imported, unlisted",false,Title,Default Title,,,,,IMP-LENNON,0,shopify,0,deny,manual,0.00,,true,true,,https://irishfamilysurnames.com/wp-content/uploads/2021/04/lennon-B-H-1.jpg,1,Lennon,false,Lennon,Imported product — review before publishing.,g,,unlisted
kirwan,Kirwan,<p>Product details coming soon.</p>,Irish Family Surnames,,General,"imported, unlisted",false,Title,Default Title,,,,,IMP-KIRWAN,0,shopify,0,deny,manual,0.00,,true,true,,https://irishfamilysurnames.com/wp-content/uploads/2021/04/kirwan-B-H.jpg,1,Kirwan,false,Kirwan,Imported product — review before publishing.,g,,unlisted
long,Long,<p>Product details coming soon.</p>,Irish Family Surnames,,General,"imported, unlisted",false,Title,Default Title,,,,,IMP-LONG,0,shopify,0,deny,manual,0.00,,true,true,,https://irishfamilysurnames.com/wp-content/uploads/2021/04/long-B-H-1.jpg,1,Long,false,Long,Imported product — review before publishing.,g,,unlisted
lyons,Lyons,<p>Product details coming soon.</p>,Irish Family Surnames,,General,"imported, unlisted",false,Title,Default Title,,,,,IMP-LYONS,0,shopify,0,deny,manual,0.00,,true,true,,https://irishfamilysurnames.com/wp-content/uploads/2021/04/lyons-B-H-1.jpg,1,Lyons,false,Lyons,Imported product — review before publishing.,g,,unlisted
mackey,Mackey,<p>Product details coming soon.</p>,Irish Family Surnames,,General,"imported, unlisted",false,Title,Default Title,,,,,IMP-MACKEY,0,shopify,0,deny,manual,0.00,,true,true,,https://irishfamilysurnames.com/wp-content/uploads/2021/04/mackey-B-H.jpg,1,Mackey,false,Mackey,Imported product — review before publishing.,g,,unlisted
madden,Madden,<p>Product details coming soon.</p>,Irish Family Surnames,,General,"imported, unlisted",false,Title,Default Title,,,,,IMP-MADDEN,0,shopify,0,deny,manual,0.00,,true,true,,https://irishfamilysurnames.com/wp-content/uploads/2021/04/madden-B-H.jpg,1,Madden,false,Madden,Imported product — review before publishing.,g,,unlisted
magee,Magee,<p>Product details coming soon.</p>,Irish Family Surnames,,General,"imported, unlisted",false,Title,Default Title,,,,,IMP-MAGEE,0,shopify,0,deny,manual,0.00,,true,true,,https://irishfamilysurnames.com/wp-content/uploads/2021/04/magee-B-H.jpg,1,Magee,false,Magee,Imported product — review before publishing.,g,,unlisted
maguire,Maguire,<p>Product details coming soon.</p>,Irish Family Surnames,,General,"imported, unlisted",false,Title,Default Title,,,,,IMP-MAGUIRE,0,shopify,0,deny,manual,0.00,,true,true,,https://irishfamilysurnames.com/wp-content/uploads/2021/04/maguire-B-H.jpg,1,Maguire,false,Maguire,Imported product — review before publishing.,g,,unlisted
maher,Maher,<p>Product details coming soon.</p>,Irish Family Surnames,,General,"imported, unlisted",false,Title,Default Title,,,,,IMP-MAHER,0,shopify,0,deny,manual,0.00,,true,true,,https://irishfamilysurnames.com/wp-content/uploads/2021/04/maher-B-H.jpg,1,Maher,false,Maher,Imported product — review before publishing.,g,,unlisted
mahon,Mahon,<p>Product details coming soon.</p>,Irish Family Surnames,,General,"imported, unlisted",false,Title,Default Title,,,,,IMP-MAHON,0,shopify,0,deny,manual,0.00,,true,true,,https://irishfamilysurnames.com/wp-content/uploads/2021/04/mahon-B-H.jpg,1,Mahon,false,Mahon,Imported product — review before publishing.,g,,unlisted
mahoney,Mahoney,<p>Product details coming soon.</p>,Irish Family Surnames,,General,"imported, unlisted",false,Title,Default Title,,,,,IMP-MAHONEY,0,shopify,0,deny,manual,0.00,,true,true,,https://irishfamilysurnames.com/wp-content/uploads/2021/04/mahoney-B-H.jpg,1,Mahoney,false,Mahoney,Imported product — review before publishing.,g,,unlisted
mahony,Mahony,<p>Product details coming soon.</p>,Irish Family Surnames,,General,"imported, unlisted",false,Title,Default Title,,,,,IMP-MAHONY,0,shopify,0,deny,manual,0.00,,true,true,,https://irishfamilysurnames.com/wp-content/uploads/2021/04/mahony-B-H.jpg,1,Mahony,false,Mahony,Imported product — review before publishing.,g,,unlisted
malley,Malley,<p>Product details coming soon.</p>,Irish Family Surnames,,General,"imported, unlisted",false,Title,Default Title,,,,,IMP-MALLEY,0,shopify,0,deny,manual,0.00,,true,true,,https://irishfamilysurnames.com/wp-content/uploads/2021/04/malley-B-H.jpg,1,Malley,false,Malley,Imported product — review before publishing.,g,,unlisted
manning,Manning,<p>Product details coming soon.</p>,Irish Family Surnames,,General,"imported, unlisted",false,Title,Default Title,,,,,IMP-MANNING,0,shopify,0,deny,manual,0.00,,true,true,,https://irishfamilysurnames.com/wp-content/uploads/2021/04/manning-B-H.jpg,1,Manning,false,Manning,Imported product — review before publishing.,g,,unlisted
mara,Mara,<p>Product details coming soon.</p>,Irish Family Surnames,,General,"imported, unlisted",false,Title,Default Title,,,,,IMP-MARA,0,shopify,0,deny,manual,0.00,,true,true,,https://irishfamilysurnames.com/wp-content/uploads/2021/04/mara-B-H.jpg,1,Mara,false,Mara,Imported product — review before publishing.,g,,unlisted
martin,Martin,<p>Product details coming soon.</p>,Irish Family Surnames,,General,"imported, unlisted",false,Title,Default Title,,,,,IMP-MARTIN,0,shopify,0,deny,manual,0.00,,true,true,,https://irishfamilysurnames.com/wp-content/uploads/2021/04/martin-B-H.jpg,1,Martin,false,Martin,Imported product — review before publishing.,g,,unlisted
meagher,Meagher,<p>Product details coming soon.</p>,Irish Family Surnames,,General,"imported, unlisted",false,Title,Default Title,,,,,IMP-MEAGHER,0,shopify,0,deny,manual,0.00,,true,true,,https://irishfamilysurnames.com/wp-content/uploads/2021/04/meagher-B-H.jpg,1,Meagher,false,Meagher,Imported product — review before publishing.,g,,unlisted
miller,Miller,<p>Product details coming soon.</p>,Irish Family Surnames,,General,"imported, unlisted",false,Title,Default Title,,,,,IMP-MILLER,0,shopify,0,deny,manual,0.00,,true,true,,https://irishfamilysurnames.com/wp-content/uploads/2021/04/miller-B-H.jpg,1,Miller,false,Miller,Imported product — review before publishing.,g,,unlisted
mitchell,Mitchell,<p>Product details coming soon.</p>,Irish Family Surnames,,General,"imported, unlisted",false,Title,Default Title,,,,,IMP-MITCHELL,0,shopify,0,deny,manual,0.00,,true,true,,https://irishfamilysurnames.com/wp-content/uploads/2021/04/mitchell-B-H.jpg,1,Mitchell,false,Mitchell,Imported product — review before publishing.,g,,unlisted
monaghan,Monaghan,<p>Product details coming soon.</p>,Irish Family Surnames,,General,"imported, unlisted",false,Title,Default Title,,,,,IMP-MONAGHAN,0,shopify,0,deny,manual,0.00,,true,true,,https://irishfamilysurnames.com/wp-content/uploads/2021/04/monaghan-B-H.jpg,1,Monaghan,false,Monaghan,Imported product — review before publishing.,g,,unlisted
mooney,Mooney,<p>Product details coming soon.</p>,Irish Family Surnames,,General,"imported, unlisted",false,Title,Default Title,,,,,IMP-MOONEY,0,shopify,0,deny,manual,0.00,,true,true,,https://irishfamilysurnames.com/wp-content/uploads/2021/04/mooney-B-H.jpg,1,Mooney,false,Mooney,Imported product — review before publishing.,g,,unlisted
moore,Moore,<p>Product details coming soon.</p>,Irish Family Surnames,,General,"imported, unlisted",false,Title,Default Title,,,,,IMP-MOORE,0,shopify,0,deny,manual,0.00,,true,true,,https://irishfamilysurnames.com/wp-content/uploads/2021/04/moore-B-H.jpg,1,Moore,false,Moore,Imported product — review before publishing.,g,,unlisted
moran,Moran,<p>Product details coming soon.</p>,Irish Family Surnames,,General,"imported, unlisted",false,Title,Default Title,,,,,IMP-MORAN,0,shopify,0,deny,manual,0.00,,true,true,,https://irishfamilysurnames.com/wp-content/uploads/2021/04/moran-B-H.jpg,1,Moran,false,Moran,Imported product — review before publishing.,g,,unlisted
moriarty,Moriarty,<p>Product details coming soon.</p>,Irish Family Surnames,,General,"imported, unlisted",false,Title,Default Title,,,,,IMP-MORIARTY,0,shopify,0,deny,manual,0.00,,true,true,,https://irishfamilysurnames.com/wp-content/uploads/2021/04/moriarty-B-H.jpg,1,Moriarty,false,Moriarty,Imported product — review before publishing.,g,,unlisted
morris,Morris,<p>Product details coming soon.</p>,Irish Family Surnames,,General,"imported, unlisted",false,Title,Default Title,,,,,IMP-MORRIS,0,shopify,0,deny,manual,0.00,,true,true,,https://irishfamilysurnames.com/wp-content/uploads/2021/04/morris-B-H.jpg,1,Morris,false,Morris,Imported product — review before publishing.,g,,unlisted
mullan,Mullan,<p>Product details coming soon.</p>,Irish Family Surnames,,General,"imported, unlisted",false,Title,Default Title,,,,,IMP-MULLAN,0,shopify,0,deny,manual,0.00,,true,true,,https://irishfamilysurnames.com/wp-content/uploads/2021/04/mullan-B-H.jpg,1,Mullan,false,Mullan,Imported product — review before publishing.,g,,unlisted
mulligan,Mulligan,<p>Product details coming soon.</p>,Irish Family Surnames,,General,"imported, unlisted",false,Title,Default Title,,,,,IMP-MULLIGAN,0,shopify,0,deny,manual,0.00,,true,true,,https://irishfamilysurnames.com/wp-content/uploads/2021/04/mulligan-B-H.jpg,1,Mulligan,false,Mulligan,Imported product — review before publishing.,g,,unlisted
murphy,Murphy,<p>Product details coming soon.</p>,Irish Family Surnames,,General,"imported, unlisted",false,Title,Default Title,,,,,IMP-MURPHY,0,shopify,0,deny,manual,0.00,,true,true,,https://irishfamilysurnames.com/wp-content/uploads/2021/04/murphy-B-H.jpg,1,Murphy,false,Murphy,Imported product — review before publishing.,g,,unlisted
murray,Murray,<p>Product details coming soon.</p>,Irish Family Surnames,,General,"imported, unlisted",false,Title,Default Title,,,,,IMP-MURRAY,0,shopify,0,deny,manual,0.00,,true,true,,https://irishfamilysurnames.com/wp-content/uploads/2021/04/murray-B-H.jpg,1,Murray,false,Murray,Imported product — review before publishing.,g,,unlisted
mcawley,McAwley,<p>Product details coming soon.</p>,Irish Family Surnames,,General,"imported, unlisted",false,Title,Default Title,,,,,IMP-MCAWLEY,0,shopify,0,deny,manual,0.00,,true,true,,https://irishfamilysurnames.com/wp-content/uploads/2021/04/mcawley-B-H.jpg,1,McAwley,false,McAwley,Imported product — review before publishing.,g,,unlisted
mccabe,McCabe,<p>Product details coming soon.</p>,Irish Family Surnames,,General,"imported, unlisted",false,Title,Default Title,,,,,IMP-MCCABE,0,shopify,0,deny,manual,0.00,,true,true,,https://irishfamilysurnames.com/wp-content/uploads/2021/04/mccabe-B-H.jpg,1,McCabe,false,McCabe,Imported product — review before publishing.,g,,unlisted
mccarthy,McCarthy,<p>Product details coming soon.</p>,Irish Family Surnames,,General,"imported, unlisted",false,Title,Default Title,,,,,IMP-MCCARTHY,0,shopify,0,deny,manual,0.00,,true,true,,https://irishfamilysurnames.com/wp-content/uploads/2021/04/mccarthy-B-H.jpg,1,McCarthy,false,McCarthy,Imported product — review before publishing.,g,,unlisted
mccormack,McCormack,<p>Product details coming soon.</p>,Irish Family Surnames,,General,"imported, unlisted",false,Title,Default Title,,,,,IMP-MCCORMACK,0,shopify,0,deny,manual,0.00,,true,true,,https://irishfamilysurnames.com/wp-content/uploads/2021/04/mccormack-B-H.jpg,1,McCormack,false,McCormack,Imported product — review before publishing.,g,,unlisted
mccormick,McCormick,<p>Product details coming soon.</p>,Irish Family Surnames,,General,"imported, unlisted",false,Title,Default Title,,,,,IMP-MCCORMICK,0,shopify,0,deny,manual,0.00,,true,true,,https://irishfamilysurnames.com/wp-content/uploads/2021/04/mccormick-B-H.jpg,1,McCormick,false,McCormick,Imported product — review before publishing.,g,,unlisted
mcdonagh,McDonagh,<p>Product details coming soon.</p>,Irish Family Surnames,,General,"imported, unlisted",false,Title,Default Title,,,,,IMP-MCDONAGH,0,shopify,0,deny,manual,0.00,,true,true,,https://irishfamilysurnames.com/wp-content/uploads/2021/04/mcdonagh-B-H.jpg,1,McDonagh,false,McDonagh,Imported product — review before publishing.,g,,unlisted
mcdonald,McDonald,<p>Product details coming soon.</p>,Irish Family Surnames,,General,"imported, unlisted",false,Title,Default Title,,,,,IMP-MCDONALD,0,shopify,0,deny,manual,0.00,,true,true,,https://irishfamilysurnames.com/wp-content/uploads/2021/04/mcdonald-B-H.jpg,1,McDonald,false,McDonald,Imported product — review before publishing.,g,,unlisted
mcdonnell,McDonnell,<p>Product details coming soon.</p>,Irish Family Surnames,,General,"imported, unlisted",false,Title,Default Title,,,,,IMP-MCDONNELL,0,shopify,0,deny,manual,0.00,,true,true,,https://irishfamilysurnames.com/wp-content/uploads/2021/04/mcdonnell-B-H.jpg,1,McDonnell,false,McDonnell,Imported product — review before publishing.,g,,unlisted
mcdowell,McDowell,<p>Product details coming soon.</p>,Irish Family Surnames,,General,"imported, unlisted",false,Title,Default Title,,,,,IMP-MCDOWELL,0,shopify,0,deny,manual,0.00,,true,true,,https://irishfamilysurnames.com/wp-content/uploads/2021/04/mcdowell-B-H.jpg,1,McDowell,false,McDowell,Imported product — review before publishing.,g,,unlisted
mcelroy,McElroy,<p>Product details coming soon.</p>,Irish Family Surnames,,General,"imported, unlisted",false,Title,Default Title,,,,,IMP-MCELROY,0,shopify,0,deny,manual,0.00,,true,true,,https://irishfamilysurnames.com/wp-content/uploads/2021/04/mcelroy-B-H.jpg,1,McElroy,false,McElroy,Imported product — review before publishing.,g,,unlisted
mcgee,McGee,<p>Product details coming soon.</p>,Irish Family Surnames,,General,"imported, unlisted",false,Title,Default Title,,,,,IMP-MCGEE,0,shopify,0,deny,manual,0.00,,true,true,,https://irishfamilysurnames.com/wp-content/uploads/2021/04/mcgee-B-H.jpg,1,McGee,false,McGee,Imported product — review before publishing.,g,,unlisted
mcginley,McGinley,<p>Product details coming soon.</p>,Irish Family Surnames,,General,"imported, unlisted",false,Title,Default Title,,,,,IMP-MCGINLEY,0,shopify,0,deny,manual,0.00,,true,true,,https://irishfamilysurnames.com/wp-content/uploads/2021/04/mcginley-B-H.jpg,1,McGinley,false,McGinley,Imported product — review before publishing.,g,,unlisted
mcgovern,McGovern,<p>Product details coming soon.</p>,Irish Family Surnames,,General,"imported, unlisted",false,Title,Default Title,,,,,IMP-MCGOVERN,0,shopify,0,deny,manual,0.00,,true,true,,https://irishfamilysurnames.com/wp-content/uploads/2021/04/mcgovern-B-H.jpg,1,McGovern,false,McGovern,Imported product — review before publishing.,g,,unlisted
mcgowan,McGowan,<p>Product details coming soon.</p>,Irish Family Surnames,,General,"imported, unlisted",false,Title,Default Title,,,,,IMP-MCGOWAN,0,shopify,0,deny,manual,0.00,,true,true,,https://irishfamilysurnames.com/wp-content/uploads/2021/04/mcgowan-B-H.jpg,1,McGowan,false,McGowan,Imported product — review before publishing.,g,,unlisted
mcgrath,McGrath,<p>Product details coming soon.</p>,Irish Family Surnames,,General,"imported, unlisted",false,Title,Default Title,,,,,IMP-MCGRATH,0,shopify,0,deny,manual,0.00,,true,true,,https://irishfamilysurnames.com/wp-content/uploads/2021/04/mcgrath-B-H.jpg,1,McGrath,false,McGrath,Imported product — review before publishing.,g,,unlisted
mcguinness,McGuinness,<p>Product details coming soon.</p>,Irish Family Surnames,,General,"imported, unlisted",false,Title,Default Title,,,,,IMP-MCGUINNESS,0,shopify,0,deny,manual,0.00,,true,true,,https://irishfamilysurnames.com/wp-content/uploads/2021/04/mcguinness-B-H.jpg,1,McGuinness,false,McGuinness,Imported product — review before publishing.,g,,unlisted
mcguire,McGuire,<p>Product details coming soon.</p>,Irish Family Surnames,,General,"imported, unlisted",false,Title,Default Title,,,,,IMP-MCGUIRE,0,shopify,0,deny,manual,0.00,,true,true,,https://irishfamilysurnames.com/wp-content/uploads/2021/04/mcguire-B-H.jpg,1,McGuire,false,McGuire,Imported product — review before publishing.,g,,unlisted
mcinerney,McInerney,<p>Product details coming soon.</p>,Irish Family Surnames,,General,"imported, unlisted",false,Title,Default Title,,,,,IMP-MCINERNEY,0,shopify,0,deny,manual,0.00,,true,true,,https://irishfamilysurnames.com/wp-content/uploads/2021/04/mcinerney-B-H.jpg,1,McInerney,false,McInerney,Imported product — review before publishing.,g,,unlisted
mckee,McKee,<p>Product details coming soon.</p>,Irish Family Surnames,,General,"imported, unlisted",false,Title,Default Title,,,,,IMP-MCKEE,0,shopify,0,deny,manual,0.00,,true,true,,https://irishfamilysurnames.com/wp-content/uploads/2021/04/mckee-B-H.jpg,1,McKee,false,McKee,Imported product — review before publishing.,g,,unlisted
mckenna,McKenna,<p>Product details coming soon.</p>,Irish Family Surnames,,General,"imported, unlisted",false,Title,Default Title,,,,,IMP-MCKENNA,0,shopify,0,deny,manual,0.00,,true,true,,https://irishfamilysurnames.com/wp-content/uploads/2021/04/mckenna-B-H.jpg,1,McKenna,false,McKenna,Imported product — review before publishing.,g,,unlisted
mckeogh,McKeogh,<p>Product details coming soon.</p>,Irish Family Surnames,,General,"imported, unlisted",false,Title,Default Title,,,,,IMP-MCKEOGH,0,shopify,0,deny,manual,0.00,,true,true,,https://irishfamilysurnames.com/wp-content/uploads/2021/04/mckeogh-B-H.jpg,1,McKeogh,false,McKeogh,Imported product — review before publishing.,g,,unlisted
mclaughlin,McLaughlin,<p>Product details coming soon.</p>,Irish Family Surnames,,General,"imported, unlisted",false,Title,Default Title,,,,,IMP-MCLAUGHLIN,0,shopify,0,deny,manual,0.00,,true,true,,https://irishfamilysurnames.com/wp-content/uploads/2021/04/mclaughlin-B-H.jpg,1,McLaughlin,false,McLaughlin,Imported product — review before publishing.,g,,unlisted
mcloughlin,McLoughlin,<p>Product details coming soon.</p>,Irish Family Surnames,,General,"imported, unlisted",false,Title,Default Title,,,,,IMP-MCLOUGHLIN,0,shopify,0,deny,manual,0.00,,true,true,,https://irishfamilysurnames.com/wp-content/uploads/2021/04/mcloughlin-B-H.jpg,1,McLoughlin,false,McLoughlin,Imported product — review before publishing.,g,,unlisted
mcmahon,McMahon,<p>Product details coming soon.</p>,Irish Family Surnames,,General,"imported, unlisted",false,Title,Default Title,,,,,IMP-MCMAHON,0,shopify,0,deny,manual,0.00,,true,true,,https://irishfamilysurnames.com/wp-content/uploads/2021/04/mcmahon-B-H.jpg,1,McMahon,false,McMahon,Imported product — review before publishing.,g,,unlisted
mcmanus,McManus,<p>Product details coming soon.</p>,Irish Family Surnames,,General,"imported, unlisted",false,Title,Default Title,,,,,IMP-MCMANUS,0,shopify,0,deny,manual,0.00,,true,true,,https://irishfamilysurnames.com/wp-content/uploads/2021/04/mcmanus-B-H.jpg,1,McManus,false,McManus,Imported product — review before publishing.,g,,unlisted
mcnally,McNally,<p>Product details coming soon.</p>,Irish Family Surnames,,General,"imported, unlisted",false,Title,Default Title,,,,,IMP-MCNALLY,0,shopify,0,deny,manual,0.00,,true,true,,https://irishfamilysurnames.com/wp-content/uploads/2021/04/mcnally-B-H.jpg,1,McNally,false,McNally,Imported product — review before publishing.,g,,unlisted
mcnamara,McNamara,<p>Product details coming soon.</p>,Irish Family Surnames,,General,"imported, unlisted",false,Title,Default Title,,,,,IMP-MCNAMARA,0,shopify,0,deny,manual,0.00,,true,true,,https://irishfamilysurnames.com/wp-content/uploads/2021/04/mcnamara-B-H.jpg,1,McNamara,false,McNamara,Imported product — review before publishing.,g,,unlisted
mcsweeney,McSweeney,<p>Product details coming soon.</p>,Irish Family Surnames,,General,"imported, unlisted",false,Title,Default Title,,,,,IMP-MCSWEENEY,0,shopify,0,deny,manual,0.00,,true,true,,https://irishfamilysurnames.com/wp-content/uploads/2021/04/mcsweeney-B-H.jpg,1,McSweeney,false,McSweeney,Imported product — review before publishing.,g,,unlisted
power,Power,<p>Product details coming soon.</p>,Irish Family Surnames,,General,"imported, unlisted",false,Title,Default Title,,,,,IMP-POWER,0,shopify,0,deny,manual,0.00,,true,true,,https://irishfamilysurnames.com/wp-content/uploads/2021/04/power-B-H.jpg,1,Power,false,Power,Imported product — review before publishing.,g,,unlisted
reagan,Reagan,<p>Product details coming soon.</p>,Irish Family Surnames,,General,"imported, unlisted",false,Title,Default Title,,,,,IMP-REAGAN,0,shopify,0,deny,manual,0.00,,true,true,,https://irishfamilysurnames.com/wp-content/uploads/2021/04/reagan-B-H.jpg,1,Reagan,false,Reagan,Imported product — review before publishing.,g,,unlisted
reardon,Reardon,<p>Product details coming soon.</p>,Irish Family Surnames,,General,"imported, unlisted",false,Title,Default Title,,,,,IMP-REARDON,0,shopify,0,deny,manual,0.00,,true,true,,https://irishfamilysurnames.com/wp-content/uploads/2021/04/reardon-B-H.jpg,1,Reardon,false,Reardon,Imported product — review before publishing.,g,,unlisted
redmond,Redmond,<p>Product details coming soon.</p>,Irish Family Surnames,,General,"imported, unlisted",false,Title,Default Title,,,,,IMP-REDMOND,0,shopify,0,deny,manual,0.00,,true,true,,https://irishfamilysurnames.com/wp-content/uploads/2021/04/redmond-B-H.jpg,1,Redmond,false,Redmond,Imported product — review before publishing.,g,,unlisted
regan,Regan,<p>Product details coming soon.</p>,Irish Family Surnames,,General,"imported, unlisted",false,Title,Default Title,,,,,IMP-REGAN,0,shopify,0,deny,manual,0.00,,true,true,,https://irishfamilysurnames.com/wp-content/uploads/2021/04/regan-B-H.jpg,1,Regan,false,Regan,Imported product — review before publishing.,g,,unlisted
reynolds,Reynolds,<p>Product details coming soon.</p>,Irish Family Surnames,,General,"imported, unlisted",false,Title,Default Title,,,,,IMP-REYNOLDS,0,shopify,0,deny,manual,0.00,,true,true,,https://irishfamilysurnames.com/wp-content/uploads/2021/04/reynolds-B-H.jpg,1,Reynolds,false,Reynolds,Imported product — review before publishing.,g,,unlisted
roche,Roche,<p>Product details coming soon.</p>,Irish Family Surnames,,General,"imported, unlisted",false,Title,Default Title,,,,,IMP-ROCHE,0,shopify,0,deny,manual,0.00,,true,true,,https://irishfamilysurnames.com/wp-content/uploads/2021/04/roche-B-H.jpg,1,Roche,false,Roche,Imported product — review before publishing.,g,,unlisted
rooney,Rooney,<p>Product details coming soon.</p>,Irish Family Surnames,,General,"imported, unlisted",false,Title,Default Title,,,,,IMP-ROONEY,0,shopify,0,deny,manual,0.00,,true,true,,https://irishfamilysurnames.com/wp-content/uploads/2021/04/rooney-B-H.jpg,1,Rooney,false,Rooney,Imported product — review before publishing.,g,,unlisted
rourke,Rourke,<p>Product details coming soon.</p>,Irish Family Surnames,,General,"imported, unlisted",false,Title,Default Title,,,,,IMP-ROURKE,0,shopify,0,deny,manual,0.00,,true,true,,https://irishfamilysurnames.com/wp-content/uploads/2021/04/rourke-B-H.jpg,1,Rourke,false,Rourke,Imported product — review before publishing.,g,,unlisted
russell,Russell,<p>Product details coming soon.</p>,Irish Family Surnames,,General,"imported, unlisted",false,Title,Default Title,,,,,IMP-RUSSELL,0,shopify,0,deny,manual,0.00,,true,true,,https://irishfamilysurnames.com/wp-content/uploads/2021/04/russell-B-H.jpg,1,Russell,false,Russell,Imported product — review before publishing.,g,,unlisted
ryan,Ryan,<p>Product details coming soon.</p>,Irish Family Surnames,,General,"imported, unlisted",false,Title,Default Title,,,,,IMP-RYAN,0,shopify,0,deny,manual,0.00,,true,true,,https://irishfamilysurnames.com/wp-content/uploads/2021/04/ryan-B-H.jpg,1,Ryan,false,Ryan,Imported product — review before publishing.,g,,unlisted
butler,Butler,<p>Product details coming soon.</p>,Irish Family Surnames,,General,"imported, unlisted",false,Title,Default Title,,,,,IMP-BUTLER,0,shopify,0,deny,manual,0.00,,true,true,,https://irishfamilysurnames.com/wp-content/uploads/2021/04/butler-B-H.jpg,1,Butler,false,Butler,Imported product — review before publishing.,g,,unlisted
byrne,Byrne,<p>Product details coming soon.</p>,Irish Family Surnames,,General,"imported, unlisted",false,Title,Default Title,,,,,IMP-BYRNE,0,shopify,0,deny,manual,0.00,,true,true,,https://irishfamilysurnames.com/wp-content/uploads/2021/04/byrne-B-H.jpg,1,Byrne,false,Byrne,Imported product — review before publishing.,g,,unlisted
burns,Burns,<p>Product details coming soon.</p>,Irish Family Surnames,,General,"imported, unlisted",false,Title,Default Title,,,,,IMP-BURNS,0,shopify,0,deny,manual,0.00,,true,true,,https://irishfamilysurnames.com/wp-content/uploads/2021/04/burns-B-H.jpg,1,Burns,false,Burns,Imported product — review before publishing.,g,,unlisted
burke,Burke,<p>Product details coming soon.</p>,Irish Family Surnames,,General,"imported, unlisted",false,Title,Default Title,,,,,IMP-BURKE,0,shopify,0,deny,manual,0.00,,true,true,,https://irishfamilysurnames.com/wp-content/uploads/2021/04/burke-B-H.jpg,1,Burke,false,Burke,Imported product — review before publishing.,g,,unlisted
burk,Burk,<p>Product details coming soon.</p>,Irish Family Surnames,,General,"imported, unlisted",false,Title,Default Title,,,,,IMP-BURK,0,shopify,0,deny,manual,0.00,,true,true,,https://irishfamilysurnames.com/wp-content/uploads/2021/04/burk-B-H.jpg,1,Burk,false,Burk,Imported product — review before publishing.,g,,unlisted
buckley,Buckley,<p>Product details coming soon.</p>,Irish Family Surnames,,General,"imported, unlisted",false,Title,Default Title,,,,,IMP-BUCKLEY,0,shopify,0,deny,manual,0.00,,true,true,,https://irishfamilysurnames.com/wp-content/uploads/2021/04/buckley-B-H.jpg,1,Buckley,false,Buckley,Imported product — review before publishing.,g,,unlisted
browne,Browne,<p>Product details coming soon.</p>,Irish Family Surnames,,General,"imported, unlisted",false,Title,Default Title,,,,,IMP-BROWNE,0,shopify,0,deny,manual,0.00,,true,true,,https://irishfamilysurnames.com/wp-content/uploads/2021/04/browne-B-H.jpg,1,Browne,false,Browne,Imported product — review before publishing.,g,,unlisted
brown,Brown,<p>Product details coming soon.</p>,Irish Family Surnames,,General,"imported, unlisted",false,Title,Default Title,,,,,IMP-BROWN,0,shopify,0,deny,manual,0.00,,true,true,,https://irishfamilysurnames.com/wp-content/uploads/2021/04/brown-B-H.jpg,1,Brown,false,Brown,Imported product — review before publishing.,g,,unlisted
brophy,Brophy,<p>Product details coming soon.</p>,Irish Family Surnames,,General,"imported, unlisted",false,Title,Default Title,,,,,IMP-BROPHY,0,shopify,0,deny,manual,0.00,,true,true,,https://irishfamilysurnames.com/wp-content/uploads/2021/04/brophy-B-H.jpg,1,Brophy,false,Brophy,Imported product — review before publishing.,g,,unlisted
brien,Brien,<p>Product details coming soon.</p>,Irish Family Surnames,,General,"imported, unlisted",false,Title,Default Title,,,,,IMP-BRIEN,0,shopify,0,deny,manual,0.00,,true,true,,https://irishfamilysurnames.com/wp-content/uploads/2021/04/brien-B-H.jpg,1,Brien,false,Brien,Imported product — review before publishing.,g,,unlisted
brennan,Brennan,<p>Product details coming soon.</p>,Irish Family Surnames,,General,"imported, unlisted",false,Title,Default Title,,,,,IMP-BRENNAN,0,shopify,0,deny,manual,0.00,,true,true,,https://irishfamilysurnames.com/wp-content/uploads/2021/04/brennan-B-H.jpg,1,Brennan,false,Brennan,Imported product — review before publishing.,g,,unlisted
brady,Brady,<p>Product details coming soon.</p>,Irish Family Surnames,,General,"imported, unlisted",false,Title,Default Title,,,,,IMP-BRADY,0,shopify,0,deny,manual,0.00,,true,true,,https://irishfamilysurnames.com/wp-content/uploads/2021/04/brady-B-H.jpg,1,Brady,false,Brady,Imported product — review before publishing.,g,,unlisted
blake,Blake,<p>Product details coming soon.</p>,Irish Family Surnames,,General,"imported, unlisted",false,Title,Default Title,,,,,IMP-BLAKE,0,shopify,0,deny,manual,0.00,,true,true,,https://irishfamilysurnames.com/wp-content/uploads/2021/04/blake-B-H.jpg,1,Blake,false,Blake,Imported product — review before publishing.,g,,unlisted
behan,Behan,<p>Product details coming soon.</p>,Irish Family Surnames,,General,"imported, unlisted",false,Title,Default Title,,,,,IMP-BEHAN,0,shopify,0,deny,manual,0.00,,true,true,,https://irishfamilysurnames.com/wp-content/uploads/2021/04/behan-B-H.jpg,1,Behan,false,Behan,Imported product — review before publishing.,g,,unlisted
barry,Barry,<p>Product details coming soon.</p>,Irish Family Surnames,,General,"imported, unlisted",false,Title,Default Title,,,,,IMP-BARRY,0,shopify,0,deny,manual,0.00,,true,true,,https://irishfamilysurnames.com/wp-content/uploads/2021/04/barry-B-H.jpg,1,Barry,false,Barry,Imported product — review before publishing.,g,,unlisted
barrett,Barrett,<p>Product details coming soon.</p>,Irish Family Surnames,,General,"imported, unlisted",false,Title,Default Title,,,,,IMP-BARRETT,0,shopify,0,deny,manual,0.00,,true,true,,https://irishfamilysurnames.com/wp-content/uploads/2021/04/barrett-B-H.jpg,1,Barrett,false,Barrett,Imported product — review before publishing.,g,,unlisted
allen,Allen,<p>Product details coming soon.</p>,Irish Family Surnames,,General,"imported, unlisted",false,Title,Default Title,,,,,IMP-ALLEN,0,shopify,0,deny,manual,0.00,,true,true,,https://irishfamilysurnames.com/wp-content/uploads/2021/04/allen-B-H.jpg,1,Allen,false,Allen,Imported product — review before publishing.,g,,unlisted
ahern,Ahern,<p>Product details coming soon.</p>,Irish Family Surnames,,General,"imported, unlisted",false,Title,Default Title,,,,,IMP-AHERN,0,shopify,0,deny,manual,0.00,,true,true,,https://irishfamilysurnames.com/wp-content/uploads/2021/04/ahern-B-H.jpg,1,Ahern,false,Ahern,Imported product — review before publishing.,g,,unlisted
aherne,Aherne,<p>Product details coming soon.</p>,Irish Family Surnames,,General,"imported, unlisted",false,Title,Default Title,,,,,IMP-AHERNE,0,shopify,0,deny,manual,0.00,,true,true,,https://irishfamilysurnames.com/wp-content/uploads/2021/04/aherne-B-H.jpg,1,Aherne,false,Aherne,Imported product — review before publishing.,g,,unlisted
mcevoy,McEvoy,<p>Product details coming soon.</p>,Irish Family Surnames,,General,"imported, unlisted",false,Title,Default Title,,,,,IMP-MCEVOY,0,shopify,0,deny,manual,0.00,,true,true,,https://irishfamilysurnames.com/wp-content/uploads/2021/04/mcevoy-B-H.jpg,1,McEvoy,false,McEvoy,Imported product — review before publishing.,g,,unlisted
mchugh,McHugh,<p>Product details coming soon.</p>,Irish Family Surnames,,General,"imported, unlisted",false,Title,Default Title,,,,,IMP-MCHUGH,0,shopify,0,deny,manual,0.00,,true,true,,https://irishfamilysurnames.com/wp-content/uploads/2021/04/mchugh-B-H.jpg,1,McHugh,false,McHugh,Imported product — review before publishing.,g,,unlisted
rafferty,Rafferty,<p>Product details coming soon.</p>,Irish Family Surnames,,General,"imported, unlisted",false,Title,Default Title,,,,,IMP-RAFFERTY,0,shopify,0,deny,manual,0.00,,true,true,,https://irishfamilysurnames.com/wp-content/uploads/2021/04/rafferty-B-H.jpg,1,Rafferty,false,Rafferty,Imported product — review before publishing.,g,,unlisted
riley,Riley,<p>Product details coming soon.</p>,Irish Family Surnames,,General,"imported, unlisted",false,Title,Default Title,,,,,IMP-RILEY,0,shopify,0,deny,manual,0.00,,true,true,,https://irishfamilysurnames.com/wp-content/uploads/2021/04/riley-B-H.jpg,1,Riley,false,Riley,Imported product — review before publishing.,g,,unlisted
roark,Roark,<p>Product details coming soon.</p>,Irish Family Surnames,,General,"imported, unlisted",false,Title,Default Title,,,,,IMP-ROARK,0,shopify,0,deny,manual,0.00,,true,true,,https://irishfamilysurnames.com/wp-content/uploads/2021/04/roark-B-H.jpg,1,Roark,false,Roark,Imported product — review before publishing.,g,,unlisted
callaghan,Callaghan,<p>Product details coming soon.</p>,Irish Family Surnames,,General,"imported, unlisted",false,Title,Default Title,,,,,IMP-CALLAGHAN,0,shopify,0,deny,manual,0.00,,true,true,,https://irishfamilysurnames.com/wp-content/uploads/2021/04/callaghan-B-H.jpg,1,Callaghan,false,Callaghan,Imported product — review before publishing.,g,,unlisted
campbell,Campbell,<p>Product details coming soon.</p>,Irish Family Surnames,,General,"imported, unlisted",false,Title,Default Title,,,,,IMP-CAMPBELL,0,shopify,0,deny,manual,0.00,,true,true,,https://irishfamilysurnames.com/wp-content/uploads/2021/04/campbell-B-H.jpg,1,Campbell,false,Campbell,Imported product — review before publishing.,g,,unlisted
carney,Carney,<p>Product details coming soon.</p>,Irish Family Surnames,,General,"imported, unlisted",false,Title,Default Title,,,,,IMP-CARNEY,0,shopify,0,deny,manual,0.00,,true,true,,https://irishfamilysurnames.com/wp-content/uploads/2021/04/carney-B-H.jpg,1,Carney,false,Carney,Imported product — review before publishing.,g,,unlisted
carey,Carey,<p>Product details coming soon.</p>,Irish Family Surnames,,General,"imported, unlisted",false,Title,Default Title,,,,,IMP-CAREY,0,shopify,0,deny,manual,0.00,,true,true,,https://irishfamilysurnames.com/wp-content/uploads/2021/04/carey-B-H.jpg,1,Carey,false,Carey,Imported product — review before publishing.,g,,unlisted
nolan,Nolan,<p>Product details coming soon.</p>,Irish Family Surnames,,General,"imported, unlisted",false,Title,Default Title,,,,,IMP-NOLAN,0,shopify,0,deny,manual,0.00,,true,true,,https://irishfamilysurnames.com/wp-content/uploads/2021/04/nolan-B-H.jpg,1,Nolan,false,Nolan,Imported product — review before publishing.,g,,unlisted
nugent,Nugent,<p>Product details coming soon.</p>,Irish Family Surnames,,General,"imported, unlisted",false,Title,Default Title,,,,,IMP-NUGENT,0,shopify,0,deny,manual,0.00,,true,true,,https://irishfamilysurnames.com/wp-content/uploads/2021/04/nugent-B-H.jpg,1,Nugent,false,Nugent,Imported product — review before publishing.,g,,unlisted
neill,Neill,<p>Product details coming soon.</p>,Irish Family Surnames,,General,"imported, unlisted",false,Title,Default Title,,,,,IMP-NEILL,0,shopify,0,deny,manual,0.00,,true,true,,https://irishfamilysurnames.com/wp-content/uploads/2021/04/neill-B-H.jpg,1,Neill,false,Neill,Imported product — review before publishing.,g,,unlisted
nally,Nally,<p>Product details coming soon.</p>,Irish Family Surnames,,General,"imported, unlisted",false,Title,Default Title,,,,,IMP-NALLY,0,shopify,0,deny,manual,0.00,,true,true,,https://irishfamilysurnames.com/wp-content/uploads/2021/04/nally-B-H.jpg,1,Nally,false,Nally,Imported product — review before publishing.,g,,unlisted
obrien,Obrien,<p>Product details coming soon.</p>,Irish Family Surnames,,General,"imported, unlisted",false,Title,Default Title,,,,,IMP-OBRIEN,0,shopify,0,deny,manual,0.00,,true,true,,https://irishfamilysurnames.com/wp-content/uploads/2021/04/o-brien-B-H.jpg,1,Obrien,false,Obrien,Imported product — review before publishing.,g,,unlisted
obyrne,Obyrne,<p>Product details coming soon.</p>,Irish Family Surnames,,General,"imported, unlisted",false,Title,Default Title,,,,,IMP-OBYRNE,0,shopify,0,deny,manual,0.00,,true,true,,https://irishfamilysurnames.com/wp-content/uploads/2021/04/o-byrne-B-H.jpg,1,Obyrne,false,Obyrne,Imported product — review before publishing.,g,,unlisted
quigley,Quigley,<p>Product details coming soon.</p>,Irish Family Surnames,,General,"imported, unlisted",false,Title,Default Title,,,,,IMP-QUIGLEY,0,shopify,0,deny,manual,0.00,,true,true,,https://irishfamilysurnames.com/wp-content/uploads/2021/04/quigley-B-H.jpg,1,Quigley,false,Quigley,Imported product — review before publishing.,g,,unlisted
quinlan,Quinlan,<p>Product details coming soon.</p>,Irish Family Surnames,,General,"imported, unlisted",false,Title,Default Title,,,,,IMP-QUINLAN,0,shopify,0,deny,manual,0.00,,true,true,,https://irishfamilysurnames.com/wp-content/uploads/2021/04/quinlan-B-H.jpg,1,Quinlan,false,Quinlan,Imported product — review before publishing.,g,,unlisted
quinn,Quinn,<p>Product details coming soon.</p>,Irish Family Surnames,,General,"imported, unlisted",false,Title,Default Title,,,,,IMP-QUINN,0,shopify,0,deny,manual,0.00,,true,true,,https://irishfamilysurnames.com/wp-content/uploads/2021/04/quinn-B-H.jpg,1,Quinn,false,Quinn,Imported product — review before publishing.,g,,unlisted
powers,Powers,<p>Product details coming soon.</p>,Irish Family Surnames,,General,"imported, unlisted",false,Title,Default Title,,,,,IMP-POWERS,0,shopify,0,deny,manual,0.00,,true,true,,https://irishfamilysurnames.com/wp-content/uploads/2021/04/powers-B-H.jpg,1,Powers,false,Powers,Imported product — review before publishing.,g,,unlisted
ocallaghan,Ocallaghan,<p>Product details coming soon.</p>,Irish Family Surnames,,General,"imported, unlisted",false,Title,Default Title,,,,,IMP-OCALLAGHAN,0,shopify,0,deny,manual,0.00,,true,true,,https://irishfamilysurnames.com/wp-content/uploads/2021/04/o-callaghan-B-H.jpg,1,Ocallaghan,false,Ocallaghan,Imported product — review before publishing.,g,,unlisted
oconnell,Oconnell,<p>Product details coming soon.</p>,Irish Family Surnames,,General,"imported, unlisted",false,Title,Default Title,,,,,IMP-OCONNELL,0,shopify,0,deny,manual,0.00,,true,true,,https://irishfamilysurnames.com/wp-content/uploads/2021/04/o-connell-B-H.jpg,1,Oconnell,false,Oconnell,Imported product — review before publishing.,g,,unlisted
oconnor,Oconnor,<p>Product details coming soon.</p>,Irish Family Surnames,,General,"imported, unlisted",false,Title,Default Title,,,,,IMP-OCONNOR,0,shopify,0,deny,manual,0.00,,true,true,,https://irishfamilysurnames.com/wp-content/uploads/2021/04/o-connor-B-H.jpg,1,Oconnor,false,Oconnor,Imported product — review before publishing.,g,,unlisted
odaugherty,Odaugherty,<p>Product details coming soon.</p>,Irish Family Surnames,,General,"imported, unlisted",false,Title,Default Title,,,,,IMP-ODAUGHERTY,0,shopify,0,deny,manual,0.00,,true,true,,https://irishfamilysurnames.com/wp-content/uploads/2021/04/o-daugherty-B-H.jpg,1,Odaugherty,false,Odaugherty,Imported product — review before publishing.,g,,unlisted
odonnell,Odonnell,<p>Product details coming soon.</p>,Irish Family Surnames,,General,"imported, unlisted",false,Title,Default Title,,,,,IMP-ODONNELL,0,shopify,0,deny,manual,0.00,,true,true,,https://irishfamilysurnames.com/wp-content/uploads/2021/04/o-donnell-B-H.jpg,1,Odonnell,false,Odonnell,Imported product — review before publishing.,g,,unlisted
odonoghoe,Odonoghoe,<p>Product details coming soon.</p>,Irish Family Surnames,,General,"imported, unlisted",false,Title,Default Title,,,,,IMP-ODONOGHOE,0,shopify,0,deny,manual,0.00,,true,true,,https://irishfamilysurnames.com/wp-content/uploads/2021/04/o-donoghoe-B-H.jpg,1,Odonoghoe,false,Odonoghoe,Imported product — review before publishing.,g,,unlisted
odonoghue,Odonoghue,<p>Product details coming soon.</p>,Irish Family Surnames,,General,"imported, unlisted",false,Title,Default Title,,,,,IMP-ODONOGHUE,0,shopify,0,deny,manual,0.00,,true,true,,https://irishfamilysurnames.com/wp-content/uploads/2021/04/o-donoghue-B-H.jpg,1,Odonoghue,false,Odonoghue,Imported product — review before publishing.,g,,unlisted
odriscoll,Odriscoll,<p>Product details coming soon.</p>,Irish Family Surnames,,General,"imported, unlisted",false,Title,Default Title,,,,,IMP-ODRISCOLL,0,shopify,0,deny,manual,0.00,,true,true,,https://irishfamilysurnames.com/wp-content/uploads/2021/04/o-driscoll-B-H.jpg,1,Odriscoll,false,Odriscoll,Imported product — review before publishing.,g,,unlisted
odwyer,Odwyer,<p>Product details coming soon.</p>,Irish Family Surnames,,General,"imported, unlisted",false,Title,Default Title,,,,,IMP-ODWYER,0,shopify,0,deny,manual,0.00,,true,true,,https://irishfamilysurnames.com/wp-content/uploads/2021/04/o-dwyer-B-H.jpg,1,Odwyer,false,Odwyer,Imported product — review before publishing.,g,,unlisted
ofarrell,Ofarrell,<p>Product details coming soon.</p>,Irish Family Surnames,,General,"imported, unlisted",false,Title,Default Title,,,,,IMP-OFARRELL,0,shopify,0,deny,manual,0.00,,true,true,,https://irishfamilysurnames.com/wp-content/uploads/2021/04/o-farrell-B-H.jpg,1,Ofarrell,false,Ofarrell,Imported product — review before publishing.,g,,unlisted
oflaherty,Oflaherty,<p>Product details coming soon.</p>,Irish Family Surnames,,General,"imported, unlisted",false,Title,Default Title,,,,,IMP-OFLAHERTY,0,shopify,0,deny,manual,0.00,,true,true,,https://irishfamilysurnames.com/wp-content/uploads/2021/04/o-flaherty-B-H.jpg,1,Oflaherty,false,Oflaherty,Imported product — review before publishing.,g,,unlisted
oflanagan,Oflanagan,<p>Product details coming soon.</p>,Irish Family Surnames,,General,"imported, unlisted",false,Title,Default Title,,,,,IMP-OFLANAGAN,0,shopify,0,deny,manual,0.00,,true,true,,https://irishfamilysurnames.com/wp-content/uploads/2021/04/o-flanagan-B-H.jpg,1,Oflanagan,false,Oflanagan,Imported product — review before publishing.,g,,unlisted
oflynn,Oflynn,<p>Product details coming soon.</p>,Irish Family Surnames,,General,"imported, unlisted",false,Title,Default Title,,,,,IMP-OFLYNN,0,shopify,0,deny,manual,0.00,,true,true,,https://irishfamilysurnames.com/wp-content/uploads/2021/04/o-flynn-B-H.jpg,1,Oflynn,false,Oflynn,Imported product — review before publishing.,g,,unlisted
ogorman,Ogorman,<p>Product details coming soon.</p>,Irish Family Surnames,,General,"imported, unlisted",false,Title,Default Title,,,,,IMP-OGORMAN,0,shopify,0,deny,manual,0.00,,true,true,,https://irishfamilysurnames.com/wp-content/uploads/2021/04/o-gorman-B-H.jpg,1,Ogorman,false,Ogorman,Imported product — review before publishing.,g,,unlisted
ogrady,Ogrady,<p>Product details coming soon.</p>,Irish Family Surnames,,General,"imported, unlisted",false,Title,Default Title,,,,,IMP-OGRADY,0,shopify,0,deny,manual,0.00,,true,true,,https://irishfamilysurnames.com/wp-content/uploads/2021/04/o-grady-B-H.jpg,1,Ogrady,false,Ogrady,Imported product — review before publishing.,g,,unlisted
ohalloran,Ohalloran,<p>Product details coming soon.</p>,Irish Family Surnames,,General,"imported, unlisted",false,Title,Default Title,,,,,IMP-OHALLORAN,0,shopify,0,deny,manual,0.00,,true,true,,https://irishfamilysurnames.com/wp-content/uploads/2021/04/o-halloran-B-H.jpg,1,Ohalloran,false,Ohalloran,Imported product — review before publishing.,g,,unlisted
ohara,Ohara,<p>Product details coming soon.</p>,Irish Family Surnames,,General,"imported, unlisted",false,Title,Default Title,,,,,IMP-OHARA,0,shopify,0,deny,manual,0.00,,true,true,,https://irishfamilysurnames.com/wp-content/uploads/2021/04/o-hara-B-H.jpg,1,Ohara,false,Ohara,Imported product — review before publishing.,g,,unlisted
ohart,Ohart,<p>Product details coming soon.</p>,Irish Family Surnames,,General,"imported, unlisted",false,Title,Default Title,,,,,IMP-OHART,0,shopify,0,deny,manual,0.00,,true,true,,https://irishfamilysurnames.com/wp-content/uploads/2021/04/o-hart-B-H.jpg,1,Ohart,false,Ohart,Imported product — review before publishing.,g,,unlisted
ohiggins,Ohiggins,<p>Product details coming soon.</p>,Irish Family Surnames,,General,"imported, unlisted",false,Title,Default Title,,,,,IMP-OHIGGINS,0,shopify,0,deny,manual,0.00,,true,true,,https://irishfamilysurnames.com/wp-content/uploads/2021/04/o-higgins-B-H.jpg,1,Ohiggins,false,Ohiggins,Imported product — review before publishing.,g,,unlisted
okeefe,Okeefe,<p>Product details coming soon.</p>,Irish Family Surnames,,General,"imported, unlisted",false,Title,Default Title,,,,,IMP-OKEEFE,0,shopify,0,deny,manual,0.00,,true,true,,https://irishfamilysurnames.com/wp-content/uploads/2021/04/o-keefe-B-H.jpg,1,Okeefe,false,Okeefe,Imported product — review before publishing.,g,,unlisted
okeeffe,Okeeffe,<p>Product details coming soon.</p>,Irish Family Surnames,,General,"imported, unlisted",false,Title,Default Title,,,,,IMP-OKEEFFE,0,shopify,0,deny,manual,0.00,,true,true,,https://irishfamilysurnames.com/wp-content/uploads/2021/04/o-keeffe-B-H.jpg,1,Okeeffe,false,Okeeffe,Imported product — review before publishing.,g,,unlisted
okelly,Okelly,<p>Product details coming soon.</p>,Irish Family Surnames,,General,"imported, unlisted",false,Title,Default Title,,,,,IMP-OKELLY,0,shopify,0,deny,manual,0.00,,true,true,,https://irishfamilysurnames.com/wp-content/uploads/2021/04/o-kelly-B-H.jpg,1,Okelly,false,Okelly,Imported product — review before publishing.,g,,unlisted
olaughlin,Olaughlin,<p>Product details coming soon.</p>,Irish Family Surnames,,General,"imported, unlisted",false,Title,Default Title,,,,,IMP-OLAUGHLIN,0,shopify,0,deny,manual,0.00,,true,true,,https://irishfamilysurnames.com/wp-content/uploads/2021/04/o-laughlin-B-H.jpg,1,Olaughlin,false,Olaughlin,Imported product — review before publishing.,g,,unlisted
oleary,Oleary,<p>Product details coming soon.</p>,Irish Family Surnames,,General,"imported, unlisted",false,Title,Default Title,,,,,IMP-OLEARY,0,shopify,0,deny,manual,0.00,,true,true,,https://irishfamilysurnames.com/wp-content/uploads/2021/04/o-leary-B-H.jpg,1,Oleary,false,Oleary,Imported product — review before publishing.,g,,unlisted
oloughlin,Oloughlin,<p>Product details coming soon.</p>,Irish Family Surnames,,General,"imported, unlisted",false,Title,Default Title,,,,,IMP-OLOUGHLIN,0,shopify,0,deny,manual,0.00,,true,true,,https://irishfamilysurnames.com/wp-content/uploads/2021/04/o-loughlin-B-H.jpg,1,Oloughlin,false,Oloughlin,Imported product — review before publishing.,g,,unlisted
omahoney,Omahoney,<p>Product details coming soon.</p>,Irish Family Surnames,,General,"imported, unlisted",false,Title,Default Title,,,,,IMP-OMAHONEY,0,shopify,0,deny,manual,0.00,,true,true,,https://irishfamilysurnames.com/wp-content/uploads/2021/04/o-mahoney-B-H.jpg,1,Omahoney,false,Omahoney,Imported product — review before publishing.,g,,unlisted
omahony,Omahony,<p>Product details coming soon.</p>,Irish Family Surnames,,General,"imported, unlisted",false,Title,Default Title,,,,,IMP-OMAHONY,0,shopify,0,deny,manual,0.00,,true,true,,https://irishfamilysurnames.com/wp-content/uploads/2021/04/o-mahony-B-H.jpg,1,Omahony,false,Omahony,Imported product — review before publishing.,g,,unlisted
omalley,Omalley,<p>Product details coming soon.</p>,Irish Family Surnames,,General,"imported, unlisted",false,Title,Default Title,,,,,IMP-OMALLEY,0,shopify,0,deny,manual,0.00,,true,true,,https://irishfamilysurnames.com/wp-content/uploads/2021/04/o-malley-B-H.jpg,1,Omalley,false,Omalley,Imported product — review before publishing.,g,,unlisted
omara,Omara,<p>Product details coming soon.</p>,Irish Family Surnames,,General,"imported, unlisted",false,Title,Default Title,,,,,IMP-OMARA,0,shopify,0,deny,manual,0.00,,true,true,,https://irishfamilysurnames.com/wp-content/uploads/2021/04/o-mara-B-H.jpg,1,Omara,false,Omara,Imported product — review before publishing.,g,,unlisted
omeara,Omeara,<p>Product details coming soon.</p>,Irish Family Surnames,,General,"imported, unlisted",false,Title,Default Title,,,,,IMP-OMEARA,0,shopify,0,deny,manual,0.00,,true,true,,https://irishfamilysurnames.com/wp-content/uploads/2021/04/o-meara-B-H.jpg,1,Omeara,false,Omeara,Imported product — review before publishing.,g,,unlisted
oreagan,Oreagan,<p>Product details coming soon.</p>,Irish Family Surnames,,General,"imported, unlisted",false,Title,Default Title,,,,,IMP-OREAGAN,0,shopify,0,deny,manual,0.00,,true,true,,https://irishfamilysurnames.com/wp-content/uploads/2021/04/o-reagan-B-H.jpg,1,Oreagan,false,Oreagan,Imported product — review before publishing.,g,,unlisted
oreilly,Oreilly,<p>Product details coming soon.</p>,Irish Family Surnames,,General,"imported, unlisted",false,Title,Default Title,,,,,IMP-OREILLY,0,shopify,0,deny,manual,0.00,,true,true,,https://irishfamilysurnames.com/wp-content/uploads/2021/04/o-reilly-B-H.jpg,1,Oreilly,false,Oreilly,Imported product — review before publishing.,g,,unlisted
orourke,Orourke,<p>Product details coming soon.</p>,Irish Family Surnames,,General,"imported, unlisted",false,Title,Default Title,,,,,IMP-OROURKE,0,shopify,0,deny,manual,0.00,,true,true,,https://irishfamilysurnames.com/wp-content/uploads/2021/04/o-rourke-B-H.jpg,1,Orourke,false,Orourke,Imported product — review before publishing.,g,,unlisted
oshaughnessy,Oshaughnessy,<p>Product details coming soon.</p>,Irish Family Surnames,,General,"imported, unlisted",false,Title,Default Title,,,,,IMP-OSHAUGHNESSY,0,shopify,0,deny,manual,0.00,,true,true,,https://irishfamilysurnames.com/wp-content/uploads/2021/04/o-shaughnessy-B-H.jpg,1,Oshaughnessy,false,Oshaughnessy,Imported product — review before publishing.,g,,unlisted
oshea,Oshea,<p>Product details coming soon.</p>,Irish Family Surnames,,General,"imported, unlisted",false,Title,Default Title,,,,,IMP-OSHEA,0,shopify,0,deny,manual,0.00,,true,true,,https://irishfamilysurnames.com/wp-content/uploads/2021/04/o-shea-B-H.jpg,1,Oshea,false,Oshea,Imported product — review before publishing.,g,,unlisted
osullivan,Osullivan,<p>Product details coming soon.</p>,Irish Family Surnames,,General,"imported, unlisted",false,Title,Default Title,,,,,IMP-OSULLIVAN,0,shopify,0,deny,manual,0.00,,true,true,,https://irishfamilysurnames.com/wp-content/uploads/2021/04/o-sullivan-B-H.jpg,1,Osullivan,false,Osullivan,Imported product — review before publishing.,g,,unlisted
otoole,Otoole,<p>Product details coming soon.</p>,Irish Family Surnames,,General,"imported, unlisted",false,Title,Default Title,,,,,IMP-OTOOLE,0,shopify,0,deny,manual,0.00,,true,true,,https://irishfamilysurnames.com/wp-content/uploads/2021/04/o-toole-B-H.jpg,1,Otoole,false,Otoole,Imported product — review before publishing.,g,,unlisted
scott,Scott,<p>Product details coming soon.</p>,Irish Family Surnames,,General,"imported, unlisted",false,Title,Default Title,,,,,IMP-SCOTT,0,shopify,0,deny,manual,0.00,,true,true,,https://irishfamilysurnames.com/wp-content/uploads/2021/04/scott-B-H.jpg,1,Scott,false,Scott,Imported product — review before publishing.,g,,unlisted
scully,Scully,<p>Product details coming soon.</p>,Irish Family Surnames,,General,"imported, unlisted",false,Title,Default Title,,,,,IMP-SCULLY,0,shopify,0,deny,manual,0.00,,true,true,,https://irishfamilysurnames.com/wp-content/uploads/2021/04/scully-B-H.jpg,1,Scully,false,Scully,Imported product — review before publishing.,g,,unlisted
shanahan,Shanahan,<p>Product details coming soon.</p>,Irish Family Surnames,,General,"imported, unlisted",false,Title,Default Title,,,,,IMP-SHANAHAN,0,shopify,0,deny,manual,0.00,,true,true,,https://irishfamilysurnames.com/wp-content/uploads/2021/04/shanahan-B-H.jpg,1,Shanahan,false,Shanahan,Imported product — review before publishing.,g,,unlisted
shannon,Shannon,<p>Product details coming soon.</p>,Irish Family Surnames,,General,"imported, unlisted",false,Title,Default Title,,,,,IMP-SHANNON,0,shopify,0,deny,manual,0.00,,true,true,,https://irishfamilysurnames.com/wp-content/uploads/2021/04/shannon-B-H.jpg,1,Shannon,false,Shannon,Imported product — review before publishing.,g,,unlisted
shaughnessy,Shaughnessy,<p>Product details coming soon.</p>,Irish Family Surnames,,General,"imported, unlisted",false,Title,Default Title,,,,,IMP-SHAUGHNESSY,0,shopify,0,deny,manual,0.00,,true,true,,https://irishfamilysurnames.com/wp-content/uploads/2021/04/shaughnessy-B-H.jpg,1,Shaughnessy,false,Shaughnessy,Imported product — review before publishing.,g,,unlisted
shea,Shea,<p>Product details coming soon.</p>,Irish Family Surnames,,General,"imported, unlisted",false,Title,Default Title,,,,,IMP-SHEA,0,shopify,0,deny,manual,0.00,,true,true,,https://irishfamilysurnames.com/wp-content/uploads/2021/04/shea-B-H.jpg,1,Shea,false,Shea,Imported product — review before publishing.,g,,unlisted
sheehan,Sheehan,<p>Product details coming soon.</p>,Irish Family Surnames,,General,"imported, unlisted",false,Title,Default Title,,,,,IMP-SHEEHAN,0,shopify,0,deny,manual,0.00,,true,true,,https://irishfamilysurnames.com/wp-content/uploads/2021/04/sheehan-B-H.jpg,1,Sheehan,false,Sheehan,Imported product — review before publishing.,g,,unlisted
sheehy,Sheehy,<p>Product details coming soon.</p>,Irish Family Surnames,,General,"imported, unlisted",false,Title,Default Title,,,,,IMP-SHEEHY,0,shopify,0,deny,manual,0.00,,true,true,,https://irishfamilysurnames.com/wp-content/uploads/2021/04/sheehy-B-H.jpg,1,Sheehy,false,Sheehy,Imported product — review before publishing.,g,,unlisted
slattery,Slattery,<p>Product details coming soon.</p>,Irish Family Surnames,,General,"imported, unlisted",false,Title,Default Title,,,,,IMP-SLATTERY,0,shopify,0,deny,manual,0.00,,true,true,,https://irishfamilysurnames.com/wp-content/uploads/2021/04/slattery-B-H.jpg,1,Slattery,false,Slattery,Imported product — review before publishing.,g,,unlisted
smith,Smith,<p>Product details coming soon.</p>,Irish Family Surnames,,General,"imported, unlisted",false,Title,Default Title,,,,,IMP-SMITH,0,shopify,0,deny,manual,0.00,,true,true,,https://irishfamilysurnames.com/wp-content/uploads/2021/04/smith-B-H.jpg,1,Smith,false,Smith,Imported product — review before publishing.,g,,unlisted
smyth,Smyth,<p>Product details coming soon.</p>,Irish Family Surnames,,General,"imported, unlisted",false,Title,Default Title,,,,,IMP-SMYTH,0,shopify,0,deny,manual,0.00,,true,true,,https://irishfamilysurnames.com/wp-content/uploads/2021/04/smyth-B-H.jpg,1,Smyth,false,Smyth,Imported product — review before publishing.,g,,unlisted
stewart,Stewart,<p>Product details coming soon.</p>,Irish Family Surnames,,General,"imported, unlisted",false,Title,Default Title,,,,,IMP-STEWART,0,shopify,0,deny,manual,0.00,,true,true,,https://irishfamilysurnames.com/wp-content/uploads/2021/04/stewart-B-H.jpg,1,Stewart,false,Stewart,Imported product — review before publishing.,g,,unlisted
carr,Carr,<p>Product details coming soon.</p>,Irish Family Surnames,,General,"imported, unlisted",false,Title,Default Title,,,,,IMP-CARR,0,shopify,0,deny,manual,0.00,,true,true,,https://irishfamilysurnames.com/wp-content/uploads/2021/04/carr-B-H.jpg,1,Carr,false,Carr,Imported product — review before publishing.,g,,unlisted
carroll,Carroll,<p>Product details coming soon.</p>,Irish Family Surnames,,General,"imported, unlisted",false,Title,Default Title,,,,,IMP-CARROLL,0,shopify,0,deny,manual,0.00,,true,true,,https://irishfamilysurnames.com/wp-content/uploads/2021/04/carroll-B-H.jpg,1,Carroll,false,Carroll,Imported product — review before publishing.,g,,unlisted
carthy,Carthy,<p>Product details coming soon.</p>,Irish Family Surnames,,General,"imported, unlisted",false,Title,Default Title,,,,,IMP-CARTHY,0,shopify,0,deny,manual,0.00,,true,true,,https://irishfamilysurnames.com/wp-content/uploads/2021/04/carthy-B-H.jpg,1,Carthy,false,Carthy,Imported product — review before publishing.,g,,unlisted
cary,Cary,<p>Product details coming soon.</p>,Irish Family Surnames,,General,"imported, unlisted",false,Title,Default Title,,,,,IMP-CARY,0,shopify,0,deny,manual,0.00,,true,true,,https://irishfamilysurnames.com/wp-content/uploads/2021/04/cary-B-H.jpg,1,Cary,false,Cary,Imported product — review before publishing.,g,,unlisted
casey,Casey,<p>Product details coming soon.</p>,Irish Family Surnames,,General,"imported, unlisted",false,Title,Default Title,,,,,IMP-CASEY,0,shopify,0,deny,manual,0.00,,true,true,,https://irishfamilysurnames.com/wp-content/uploads/2021/04/casey-B-H.jpg,1,Casey,false,Casey,Imported product — review before publishing.,g,,unlisted
cassidy,Cassidy,<p>Product details coming soon.</p>,Irish Family Surnames,,General,"imported, unlisted",false,Title,Default Title,,,,,IMP-CASSIDY,0,shopify,0,deny,manual,0.00,,true,true,,https://irishfamilysurnames.com/wp-content/uploads/2021/04/cassidy-B-H.jpg,1,Cassidy,false,Cassidy,Imported product — review before publishing.,g,,unlisted
cavanagh,Cavanagh,<p>Product details coming soon.</p>,Irish Family Surnames,,General,"imported, unlisted",false,Title,Default Title,,,,,IMP-CAVANAGH,0,shopify,0,deny,manual,0.00,,true,true,,https://irishfamilysurnames.com/wp-content/uploads/2021/04/cavanagh-B-H.jpg,1,Cavanagh,false,Cavanagh,Imported product — review before publishing.,g,,unlisted
cavanaugh,Cavanaugh,<p>Product details coming soon.</p>,Irish Family Surnames,,General,"imported, unlisted",false,Title,Default Title,,,,,IMP-CAVANAUGH,0,shopify,0,deny,manual,0.00,,true,true,,https://irishfamilysurnames.com/wp-content/uploads/2021/04/cavanaugh-B-H.jpg,1,Cavanaugh,false,Cavanaugh,Imported product — review before publishing.,g,,unlisted
clancy,Clancy,<p>Product details coming soon.</p>,Irish Family Surnames,,General,"imported, unlisted",false,Title,Default Title,,,,,IMP-CLANCY,0,shopify,0,deny,manual,0.00,,true,true,,https://irishfamilysurnames.com/wp-content/uploads/2021/04/clancy-B-H.jpg,1,Clancy,false,Clancy,Imported product — review before publishing.,g,,unlisted
clark,Clark,<p>Product details coming soon.</p>,Irish Family Surnames,,General,"imported, unlisted",false,Title,Default Title,,,,,IMP-CLARK,0,shopify,0,deny,manual,0.00,,true,true,,https://irishfamilysurnames.com/wp-content/uploads/2021/04/clark-B-H.jpg,1,Clark,false,Clark,Imported product — review before publishing.,g,,unlisted
clarke,Clarke,<p>Product details coming soon.</p>,Irish Family Surnames,,General,"imported, unlisted",false,Title,Default Title,,,,,IMP-CLARKE,0,shopify,0,deny,manual,0.00,,true,true,,https://irishfamilysurnames.com/wp-content/uploads/2021/04/clarke-B-H.jpg,1,Clarke,false,Clarke,Imported product — review before publishing.,g,,unlisted
cahill,Cahill,<p>Product details coming soon.</p>,Irish Family Surnames,,General,"imported, unlisted",false,Title,Default Title,,,,,IMP-CAHILL,0,shopify,0,deny,manual,0.00,,true,true,,https://irishfamilysurnames.com/wp-content/uploads/2021/04/cahill-B-H.jpg,1,Cahill,false,Cahill,Imported product — review before publishing.,g,,unlisted
boland,Boland,<p>Product details coming soon.</p>,Irish Family Surnames,,General,"imported, unlisted",false,Title,Default Title,,,,,IMP-BOLAND,0,shopify,0,deny,manual,0.00,,true,true,,https://irishfamilysurnames.com/wp-content/uploads/2021/04/boland-B-H.jpg,1,Boland,false,Boland,Imported product — review before publishing.,g,,unlisted
bolger,Bolger,<p>Product details coming soon.</p>,Irish Family Surnames,,General,"imported, unlisted",false,Title,Default Title,,,,,IMP-BOLGER,0,shopify,0,deny,manual,0.00,,true,true,,https://irishfamilysurnames.com/wp-content/uploads/2021/04/bolger-B-H.jpg,1,Bolger,false,Bolger,Imported product — review before publishing.,g,,unlisted
boylan,Boylan,<p>Product details coming soon.</p>,Irish Family Surnames,,General,"imported, unlisted",false,Title,Default Title,,,,,IMP-BOYLAN,0,shopify,0,deny,manual,0.00,,true,true,,https://irishfamilysurnames.com/wp-content/uploads/2021/04/boylan-B-H.jpg,1,Boylan,false,Boylan,Imported product — review before publishing.,g,,unlisted
boyle,Boyle,<p>Product details coming soon.</p>,Irish Family Surnames,,General,"imported, unlisted",false,Title,Default Title,,,,,IMP-BOYLE,0,shopify,0,deny,manual,0.00,,true,true,,https://irishfamilysurnames.com/wp-content/uploads/2021/04/boyle-B-H.jpg,1,Boyle,false,Boyle,Imported product — review before publishing.,g,,unlisted
leary,Leary,<p>Product details coming soon.</p>,Irish Family Surnames,,General,"imported, unlisted",false,Title,Default Title,,,,,IMP-LEARY,0,shopify,0,deny,manual,0.00,,true,true,,https://irishfamilysurnames.com/wp-content/uploads/2021/04/leary-B-H-1.jpg,1,Leary,false,Leary,Imported product — review before publishing.,g,,unlisted
cleary,Cleary,<p>Product details coming soon.</p>,Irish Family Surnames,,General,"imported, unlisted",false,Title,Default Title,,,,,IMP-CLEARY,0,shopify,0,deny,manual,0.00,,true,true,,https://irishfamilysurnames.com/wp-content/uploads/2021/04/cleary-B-H.jpg,1,Cleary,false,Cleary,Imported product — review before publishing.,g,,unlisted
clery,Clery,<p>Product details coming soon.</p>,Irish Family Surnames,,General,"imported, unlisted",false,Title,Default Title,,,,,IMP-CLERY,0,shopify,0,deny,manual,0.00,,true,true,,https://irishfamilysurnames.com/wp-content/uploads/2021/04/clery-B-H.jpg,1,Clery,false,Clery,Imported product — review before publishing.,g,,unlisted
coffey,Coffey,<p>Product details coming soon.</p>,Irish Family Surnames,,General,"imported, unlisted",false,Title,Default Title,,,,,IMP-COFFEY,0,shopify,0,deny,manual,0.00,,true,true,,https://irishfamilysurnames.com/wp-content/uploads/2021/04/coffey-B-H.jpg,1,Coffey,false,Coffey,Imported product — review before publishing.,g,,unlisted
coleman,Coleman,<p>Product details coming soon.</p>,Irish Family Surnames,,General,"imported, unlisted",false,Title,Default Title,,,,,IMP-COLEMAN,0,shopify,0,deny,manual,0.00,,true,true,,https://irishfamilysurnames.com/wp-content/uploads/2021/04/coleman-B-H.jpg,1,Coleman,false,Coleman,Imported product — review before publishing.,g,,unlisted
collins,Collins,<p>Product details coming soon.</p>,Irish Family Surnames,,General,"imported, unlisted",false,Title,Default Title,,,,,IMP-COLLINS,0,shopify,0,deny,manual,0.00,,true,true,,https://irishfamilysurnames.com/wp-content/uploads/2021/04/collins-B-H.jpg,1,Collins,false,Collins,Imported product — review before publishing.,g,,unlisted
condon,Condon,<p>Product details coming soon.</p>,Irish Family Surnames,,General,"imported, unlisted",false,Title,Default Title,,,,,IMP-CONDON,0,shopify,0,deny,manual,0.00,,true,true,,https://irishfamilysurnames.com/wp-content/uploads/2021/04/condon-B-H.jpg,1,Condon,false,Condon,Imported product — review before publishing.,g,,unlisted
conlan,Conlan,<p>Product details coming soon.</p>,Irish Family Surnames,,General,"imported, unlisted",false,Title,Default Title,,,,,IMP-CONLAN,0,shopify,0,deny,manual,0.00,,true,true,,https://irishfamilysurnames.com/wp-content/uploads/2021/04/conlan-B-H.jpg,1,Conlan,false,Conlan,Imported product — review before publishing.,g,,unlisted
connell,Connell,<p>Product details coming soon.</p>,Irish Family Surnames,,General,"imported, unlisted",false,Title,Default Title,,,,,IMP-CONNELL,0,shopify,0,deny,manual,0.00,,true,true,,https://irishfamilysurnames.com/wp-content/uploads/2021/04/connell-B-H.jpg,1,Connell,false,Connell,Imported product — review before publishing.,g,,unlisted
connolly,Connolly,<p>Product details coming soon.</p>,Irish Family Surnames,,General,"imported, unlisted",false,Title,Default Title,,,,,IMP-CONNOLLY,0,shopify,0,deny,manual,0.00,,true,true,,https://irishfamilysurnames.com/wp-content/uploads/2021/04/connolly-B-H.jpg,1,Connolly,false,Connolly,Imported product — review before publishing.,g,,unlisted
connor,Connor,<p>Product details coming soon.</p>,Irish Family Surnames,,General,"imported, unlisted",false,Title,Default Title,,,,,IMP-CONNOR,0,shopify,0,deny,manual,0.00,,true,true,,https://irishfamilysurnames.com/wp-content/uploads/2021/04/connor-B-H.jpg,1,Connor,false,Connor,Imported product — review before publishing.,g,,unlisted
conroy,Conroy,<p>Product details coming soon.</p>,Irish Family Surnames,,General,"imported, unlisted",false,Title,Default Title,,,,,IMP-CONROY,0,shopify,0,deny,manual,0.00,,true,true,,https://irishfamilysurnames.com/wp-content/uploads/2021/04/conroy-B-H.jpg,1,Conroy,false,Conroy,Imported product — review before publishing.,g,,unlisted
conway,Conway,<p>Product details coming soon.</p>,Irish Family Surnames,,General,"imported, unlisted",false,Title,Default Title,,,,,IMP-CONWAY,0,shopify,0,deny,manual,0.00,,true,true,,https://irishfamilysurnames.com/wp-content/uploads/2021/04/conway-B-H.jpg,1,Conway,false,Conway,Imported product — review before publishing.,g,,unlisted
cooney,Cooney,<p>Product details coming soon.</p>,Irish Family Surnames,,General,"imported, unlisted",false,Title,Default Title,,,,,IMP-COONEY,0,shopify,0,deny,manual,0.00,,true,true,,https://irishfamilysurnames.com/wp-content/uploads/2021/04/cooney-B-H.jpg,1,Cooney,false,Cooney,Imported product — review before publishing.,g,,unlisted
corcoran,Corcoran,<p>Product details coming soon.</p>,Irish Family Surnames,,General,"imported, unlisted",false,Title,Default Title,,,,,IMP-CORCORAN,0,shopify,0,deny,manual,0.00,,true,true,,https://irishfamilysurnames.com/wp-content/uploads/2021/04/corcoran-B-H.jpg,1,Corcoran,false,Corcoran,Imported product — review before publishing.,g,,unlisted
mcdermot,McDermot,<p>Product details coming soon.</p>,Irish Family Surnames,,General,"imported, unlisted",false,Title,Default Title,,,,,IMP-MCDERMOT,0,shopify,0,deny,manual,0.00,,true,true,,https://irishfamilysurnames.com/wp-content/uploads/2021/04/mcdermot-B-H.jpg,1,McDermot,false,McDermot,Imported product — review before publishing.,g,,unlisted
sheridan,Sheridan,<p>Product details coming soon.</p>,Irish Family Surnames,,General,"imported, unlisted",false,Title,Default Title,,,,,IMP-SHERIDAN,0,shopify,0,deny,manual,0.00,,true,true,,https://irishfamilysurnames.com/wp-content/uploads/2021/04/SHERIDAN-B-H-1.jpg,1,Sheridan,false,Sheridan,Imported product — review before publishing.,g,,unlisted
ohanlon,Ohanlon,<p>Product details coming soon.</p>,Irish Family Surnames,,General,"imported, unlisted",false,Title,Default Title,,,,,IMP-OHANLON,0,shopify,0,deny,manual,0.00,,true,true,,https://irishfamilysurnames.com/wp-content/uploads/2021/04/ohanlon-B-H.jpg,1,Ohanlon,false,Ohanlon,Imported product — review before publishing.,g,,unlisted
oneal,Oneal,<p>Product details coming soon.</p>,Irish Family Surnames,,General,"imported, unlisted",false,Title,Default Title,,,,,IMP-ONEAL,0,shopify,0,deny,manual,0.00,,true,true,,https://irishfamilysurnames.com/wp-content/uploads/2021/04/o-neal-B-H.jpg,1,Oneal,false,Oneal,Imported product — review before publishing.,g,,unlisted
oneill,Oneill,<p>Product details coming soon.</p>,Irish Family Surnames,,General,"imported, unlisted",false,Title,Default Title,,,,,IMP-ONEILL,0,shopify,0,deny,manual,0.00,,true,true,,https://irishfamilysurnames.com/wp-content/uploads/2021/04/o-neill-B-H.jpg,1,Oneill,false,Oneill,Imported product — review before publishing.,g,,unlisted
oregan,Oregan,<p>Product details coming soon.</p>,Irish Family Surnames,,General,"imported, unlisted",false,Title,Default Title,,,,,IMP-OREGAN,0,shopify,0,deny,manual,0.00,,true,true,,https://irishfamilysurnames.com/wp-content/uploads/2021/04/o-regan-B-H.jpg,1,Oregan,false,Oregan,Imported product — review before publishing.,g,,unlisted
cosgrave,Cosgrave,<p>Product details coming soon.</p>,Irish Family Surnames,,General,"imported, unlisted",false,Title,Default Title,,,,,IMP-COSGRAVE,0,shopify,0,deny,manual,0.00,,true,true,,https://irishfamilysurnames.com/wp-content/uploads/2021/04/cosgrave-B-H.jpg,1,Cosgrave,false,Cosgrave,Imported product — review before publishing.,g,,unlisted
cosgrove,Cosgrove,<p>Product details coming soon.</p>,Irish Family Surnames,,General,"imported, unlisted",false,Title,Default Title,,,,,IMP-COSGROVE,0,shopify,0,deny,manual,0.00,,true,true,,https://irishfamilysurnames.com/wp-content/uploads/2021/04/cosgrove-B-H.jpg,1,Cosgrove,false,Cosgrove,Imported product — review before publishing.,g,,unlisted
costello,Costello,<p>Product details coming soon.</p>,Irish Family Surnames,,General,"imported, unlisted",false,Title,Default Title,,,,,IMP-COSTELLO,0,shopify,0,deny,manual,0.00,,true,true,,https://irishfamilysurnames.com/wp-content/uploads/2021/04/costello-B-H.jpg,1,Costello,false,Costello,Imported product — review before publishing.,g,,unlisted
coughlin,Coughlin,<p>Product details coming soon.</p>,Irish Family Surnames,,General,"imported, unlisted",false,Title,Default Title,,,,,IMP-COUGHLIN,0,shopify,0,deny,manual,0.00,,true,true,,https://irishfamilysurnames.com/wp-content/uploads/2021/04/coughlin-B-H.jpg,1,Coughlin,false,Coughlin,Imported product — review before publishing.,g,,unlisted
coyle,Coyle,<p>Product details coming soon.</p>,Irish Family Surnames,,General,"imported, unlisted",false,Title,Default Title,,,,,IMP-COYLE,0,shopify,0,deny,manual,0.00,,true,true,,https://irishfamilysurnames.com/wp-content/uploads/2021/04/coyle-B-H.jpg,1,Coyle,false,Coyle,Imported product — review before publishing.,g,,unlisted
coyne,Coyne,<p>Product details coming soon.</p>,Irish Family Surnames,,General,"imported, unlisted",false,Title,Default Title,,,,,IMP-COYNE,0,shopify,0,deny,manual,0.00,,true,true,,https://irishfamilysurnames.com/wp-content/uploads/2021/04/coyne-B-H.jpg,1,Coyne,false,Coyne,Imported product — review before publishing.,g,,unlisted
cremin,Cremin,<p>Product details coming soon.</p>,Irish Family Surnames,,General,"imported, unlisted",false,Title,Default Title,,,,,IMP-CREMIN,0,shopify,0,deny,manual,0.00,,true,true,,https://irishfamilysurnames.com/wp-content/uploads/2021/04/cremin-B-H.jpg,1,Cremin,false,Cremin,Imported product — review before publishing.,g,,unlisted
crowe,Crowe,<p>Product details coming soon.</p>,Irish Family Surnames,,General,"imported, unlisted",false,Title,Default Title,,,,,IMP-CROWE,0,shopify,0,deny,manual,0.00,,true,true,,https://irishfamilysurnames.com/wp-content/uploads/2021/04/crowe-B-H.jpg,1,Crowe,false,Crowe,Imported product — review before publishing.,g,,unlisted
cullen,Cullen,<p>Product details coming soon.</p>,Irish Family Surnames,,General,"imported, unlisted",false,Title,Default Title,,,,,IMP-CULLEN,0,shopify,0,deny,manual,0.00,,true,true,,https://irishfamilysurnames.com/wp-content/uploads/2021/04/cullen-B-H.jpg,1,Cullen,false,Cullen,Imported product — review before publishing.,g,,unlisted
cummins,Cummins,<p>Product details coming soon.</p>,Irish Family Surnames,,General,"imported, unlisted",false,Title,Default Title,,,,,IMP-CUMMINS,0,shopify,0,deny,manual,0.00,,true,true,,https://irishfamilysurnames.com/wp-content/uploads/2021/04/cummins-B-H.jpg,1,Cummins,false,Cummins,Imported product — review before publishing.,g,,unlisted
cunningham,Cunningham,<p>Product details coming soon.</p>,Irish Family Surnames,,General,"imported, unlisted",false,Title,Default Title,,,,,IMP-CUNNINGHAM,0,shopify,0,deny,manual,0.00,,true,true,,https://irishfamilysurnames.com/wp-content/uploads/2021/04/cunningham-B-H.jpg,1,Cunningham,false,Cunningham,Imported product — review before publishing.,g,,unlisted
curran,Curran,<p>Product details coming soon.</p>,Irish Family Surnames,,General,"imported, unlisted",false,Title,Default Title,,,,,IMP-CURRAN,0,shopify,0,deny,manual,0.00,,true,true,,https://irishfamilysurnames.com/wp-content/uploads/2021/04/curran-B-H.jpg,1,Curran,false,Curran,Imported product — review before publishing.,g,,unlisted
curtin,Curtin,<p>Product details coming soon.</p>,Irish Family Surnames,,General,"imported, unlisted",false,Title,Default Title,,,,,IMP-CURTIN,0,shopify,0,deny,manual,0.00,,true,true,,https://irishfamilysurnames.com/wp-content/uploads/2021/04/curtin-B-H.jpg,1,Curtin,false,Curtin,Imported product — review before publishing.,g,,unlisted
cusack,Cusack,<p>Product details coming soon.</p>,Irish Family Surnames,,General,"imported, unlisted",false,Title,Default Title,,,,,IMP-CUSACK,0,shopify,0,deny,manual,0.00,,true,true,,https://irishfamilysurnames.com/wp-content/uploads/2021/04/cusack-B-H.jpg,1,Cusack,false,Cusack,Imported product — review before publishing.,g,,unlisted
taylor,Taylor,<p>Product details coming soon.</p>,Irish Family Surnames,,General,"imported, unlisted",false,Title,Default Title,,,,,IMP-TAYLOR,0,shopify,0,deny,manual,0.00,,true,true,,https://irishfamilysurnames.com/wp-content/uploads/2021/04/d-arcy-B-H.jpg,1,Taylor,false,Taylor,Imported product — review before publishing.,g,,unlisted
taylor-2,Taylor 2,<p>Product details coming soon.</p>,Irish Family Surnames,,General,"imported, unlisted",false,Title,Default Title,,,,,IMP-TAYLOR-2,0,shopify,0,deny,manual,0.00,,true,true,,https://irishfamilysurnames.com/wp-content/uploads/2021/04/taylor-B-H.jpg,1,Taylor 2,false,Taylor 2,Imported product — review before publishing.,g,,unlisted
thompson,Thompson,<p>Product details coming soon.</p>,Irish Family Surnames,,General,"imported, unlisted",false,Title,Default Title,,,,,IMP-THOMPSON,0,shopify,0,deny,manual,0.00,,true,true,,https://irishfamilysurnames.com/wp-content/uploads/2021/04/thompson-B-H.jpg,1,Thompson,false,Thompson,Imported product — review before publishing.,g,,unlisted
tierney,Tierney,<p>Product details coming soon.</p>,Irish Family Surnames,,General,"imported, unlisted",false,Title,Default Title,,,,,IMP-TIERNEY,0,shopify,0,deny,manual,0.00,,true,true,,https://irishfamilysurnames.com/wp-content/uploads/2021/04/tierney-B-H.jpg,1,Tierney,false,Tierney,Imported product — review before publishing.,g,,unlisted
tracy,Tracy,<p>Product details coming soon.</p>,Irish Family Surnames,,General,"imported, unlisted",false,Title,Default Title,,,,,IMP-TRACY,0,shopify,0,deny,manual,0.00,,true,true,,https://irishfamilysurnames.com/wp-content/uploads/2021/04/tracy-B-H.jpg,1,Tracy,false,Tracy,Imported product — review before publishing.,g,,unlisted
treacy,Treacy,<p>Product details coming soon.</p>,Irish Family Surnames,,General,"imported, unlisted",false,Title,Default Title,,,,,IMP-TREACY,0,shopify,0,deny,manual,0.00,,true,true,,https://irishfamilysurnames.com/wp-content/uploads/2021/04/treacy-B-H.jpg,1,Treacy,false,Treacy,Imported product — review before publishing.,g,,unlisted
wall,Wall,<p>Product details coming soon.</p>,Irish Family Surnames,,General,"imported, unlisted",false,Title,Default Title,,,,,IMP-WALL,0,shopify,0,deny,manual,0.00,,true,true,,https://irishfamilysurnames.com/wp-content/uploads/2021/04/wall-B-H.jpg,1,Wall,false,Wall,Imported product — review before publishing.,g,,unlisted
walsh,Walsh,<p>Product details coming soon.</p>,Irish Family Surnames,,General,"imported, unlisted",false,Title,Default Title,,,,,IMP-WALSH,0,shopify,0,deny,manual,0.00,,true,true,,https://irishfamilysurnames.com/wp-content/uploads/2021/04/walsh-B-H.jpg,1,Walsh,false,Walsh,Imported product — review before publishing.,g,,unlisted
walshe,Walshe,<p>Product details coming soon.</p>,Irish Family Surnames,,General,"imported, unlisted",false,Title,Default Title,,,,,IMP-WALSHE,0,shopify,0,deny,manual,0.00,,true,true,,https://irishfamilysurnames.com/wp-content/uploads/2021/04/walshe-B-H.jpg,1,Walshe,false,Walshe,Imported product — review before publishing.,g,,unlisted
ward,Ward,<p>Product details coming soon.</p>,Irish Family Surnames,,General,"imported, unlisted",false,Title,Default Title,,,,,IMP-WARD,0,shopify,0,deny,manual,0.00,,true,true,,https://irishfamilysurnames.com/wp-content/uploads/2021/04/ward-B-H.jpg,1,Ward,false,Ward,Imported product — review before publishing.,g,,unlisted
welsh,Welsh,<p>Product details coming soon.</p>,Irish Family Surnames,,General,"imported, unlisted",false,Title,Default Title,,,,,IMP-WELSH,0,shopify,0,deny,manual,0.00,,true,true,,https://irishfamilysurnames.com/wp-content/uploads/2021/04/welsh-B-H.jpg,1,Welsh,false,Welsh,Imported product — review before publishing.,g,,unlisted
whalen,Whalen,<p>Product details coming soon.</p>,Irish Family Surnames,,General,"imported, unlisted",false,Title,Default Title,,,,,IMP-WHALEN,0,shopify,0,deny,manual,0.00,,true,true,,https://irishfamilysurnames.com/wp-content/uploads/2021/04/whalen-B-H.jpg,1,Whalen,false,Whalen,Imported product — review before publishing.,g,,unlisted
whelan,Whelan,<p>Product details coming soon.</p>,Irish Family Surnames,,General,"imported, unlisted",false,Title,Default Title,,,,,IMP-WHELAN,0,shopify,0,deny,manual,0.00,,true,true,,https://irishfamilysurnames.com/wp-content/uploads/2021/04/whelan-B-H.jpg,1,Whelan,false,Whelan,Imported product — review before publishing.,g,,unlisted
odonovan-2,Odonovan 2,<p>Product details coming soon.</p>,Irish Family Surnames,,General,"imported, unlisted",false,Title,Default Title,,,,,IMP-ODONOVAN-2,0,shopify,0,deny,manual,0.00,,true,true,,https://irishfamilysurnames.com/wp-content/uploads/2021/04/odonovan-B-H.jpg,1,Odonovan 2,false,Odonovan 2,Imported product — review before publishing.,g,,unlisted
davis,Davis,<p>Product details coming soon.</p>,Irish Family Surnames,,General,"imported, unlisted",false,Title,Default Title,,,,,IMP-DAVIS,0,shopify,0,deny,manual,0.00,,true,true,,https://irishfamilysurnames.com/wp-content/uploads/2021/04/davis-B-H.jpg,1,Davis,false,Davis,Imported product — review before publishing.,g,,unlisted
delaney,Delaney,<p>Product details coming soon.</p>,Irish Family Surnames,,General,"imported, unlisted",false,Title,Default Title,,,,,IMP-DELANEY,0,shopify,0,deny,manual,0.00,,true,true,,https://irishfamilysurnames.com/wp-content/uploads/2021/04/delaney-B-H.jpg,1,Delaney,false,Delaney,Imported product — review before publishing.,g,,unlisted
dempsey,Dempsey,<p>Product details coming soon.</p>,Irish Family Surnames,,General,"imported, unlisted",false,Title,Default Title,,,,,IMP-DEMPSEY,0,shopify,0,deny,manual,0.00,,true,true,,https://irishfamilysurnames.com/wp-content/uploads/2021/04/dempsey-B-H.jpg,1,Dempsey,false,Dempsey,Imported product — review before publishing.,g,,unlisted
donnell,Donnell,<p>Product details coming soon.</p>,Irish Family Surnames,,General,"imported, unlisted",false,Title,Default Title,,,,,IMP-DONNELL,0,shopify,0,deny,manual,0.00,,true,true,,https://irishfamilysurnames.com/wp-content/uploads/2021/04/donnell-B-H.jpg,1,Donnell,false,Donnell,Imported product — review before publishing.,g,,unlisted
donoghoe,Donoghoe,<p>Product details coming soon.</p>,Irish Family Surnames,,General,"imported, unlisted",false,Title,Default Title,,,,,IMP-DONOGHOE,0,shopify,0,deny,manual,0.00,,true,true,,https://irishfamilysurnames.com/wp-content/uploads/2021/04/donoghoe-B-H.jpg,1,Donoghoe,false,Donoghoe,Imported product — review before publishing.,g,,unlisted
donohoe,Donohoe,<p>Product details coming soon.</p>,Irish Family Surnames,,General,"imported, unlisted",false,Title,Default Title,,,,,IMP-DONOHOE,0,shopify,0,deny,manual,0.00,,true,true,,https://irishfamilysurnames.com/wp-content/uploads/2021/04/donohoe-B-H.jpg,1,Donohoe,false,Donohoe,Imported product — review before publishing.,g,,unlisted
donovan,Donovan,<p>Product details coming soon.</p>,Irish Family Surnames,,General,"imported, unlisted",false,Title,Default Title,,,,,IMP-DONOVAN,0,shopify,0,deny,manual,0.00,,true,true,,https://irishfamilysurnames.com/wp-content/uploads/2021/04/donovan-B-H.jpg,1,Donovan,false,Donovan,Imported product — review before publishing.,g,,unlisted
dooley,Dooley,<p>Product details coming soon.</p>,Irish Family Surnames,,General,"imported, unlisted",false,Title,Default Title,,,,,IMP-DOOLEY,0,shopify,0,deny,manual,0.00,,true,true,,https://irishfamilysurnames.com/wp-content/uploads/2021/04/dooley-B-H.jpg,1,Dooley,false,Dooley,Imported product — review before publishing.,g,,unlisted
walker,Walker,<p>Product details coming soon.</p>,Irish Family Surnames,,General,"imported, unlisted",false,Title,Default Title,,,,,IMP-WALKER,0,shopify,0,deny,manual,0.00,,true,true,,https://irishfamilysurnames.com/wp-content/uploads/2021/04/walker-B-H.jpg,1,Walker,false,Walker,Imported product — review before publishing.,g,,unlisted
doran,Doran,<p>Product details coming soon.</p>,Irish Family Surnames,,General,"imported, unlisted",false,Title,Default Title,,,,,IMP-DORAN,0,shopify,0,deny,manual,0.00,,true,true,,https://irishfamilysurnames.com/wp-content/uploads/2021/04/doran-B-H.jpg,1,Doran,false,Doran,Imported product — review before publishing.,g,,unlisted
darcy,Darcy,<p>Product details coming soon.</p>,Irish Family Surnames,,General,"imported, unlisted",false,Title,Default Title,,,,,IMP-DARCY,0,shopify,0,deny,manual,0.00,,true,true,,https://irishfamilysurnames.com/wp-content/uploads/2021/04/darcy-B-H-7.jpg,1,Darcy,false,Darcy,Imported product — review before publishing.,g,,unlisted
donnelan,Donnelan,<p>Product details coming soon.</p>,Irish Family Surnames,,General,"imported, unlisted",false,Title,Default Title,,,,,IMP-DONNELAN,0,shopify,0,deny,manual,0.00,,true,true,,https://irishfamilysurnames.com/wp-content/uploads/2021/04/donnelan-B-H.jpg,1,Donnelan,false,Donnelan,Imported product — review before publishing.,g,,unlisted
donlon,Donlon,<p>Product details coming soon.</p>,Irish Family Surnames,,General,"imported, unlisted",false,Title,Default Title,,,,,IMP-DONLON,0,shopify,0,deny,manual,0.00,,true,true,,https://irishfamilysurnames.com/wp-content/uploads/2021/04/donlon-B-H.jpg,1,Donlon,false,Donlon,Imported product — review before publishing.,g,,unlisted
dolan,Dolan,<p>Product details coming soon.</p>,Irish Family Surnames,,General,"imported, unlisted",false,Title,Default Title,,,,,IMP-DOLAN,0,shopify,0,deny,manual,0.00,,true,true,,https://irishfamilysurnames.com/wp-content/uploads/2021/04/dolan-B-H.jpg,1,Dolan,false,Dolan,Imported product — review before publishing.,g,,unlisted
devlin,Devlin,<p>Product details coming soon.</p>,Irish Family Surnames,,General,"imported, unlisted",false,Title,Default Title,,,,,IMP-DEVLIN,0,shopify,0,deny,manual,0.00,,true,true,,https://irishfamilysurnames.com/wp-content/uploads/2021/04/devlin-B-H.jpg,1,Devlin,false,Devlin,Imported product — review before publishing.,g,,unlisted
devine,Devine,<p>Product details coming soon.</p>,Irish Family Surnames,,General,"imported, unlisted",false,Title,Default Title,,,,,IMP-DEVINE,0,shopify,0,deny,manual,0.00,,true,true,,https://irishfamilysurnames.com/wp-content/uploads/2021/04/devine-B-H.jpg,1,Devine,false,Devine,Imported product — review before publishing.,g,,unlisted
daly,Daly,<p>Product details coming soon.</p>,Irish Family Surnames,,General,"imported, unlisted",false,Title,Default Title,,,,,IMP-DALY,0,shopify,0,deny,manual,0.00,,true,true,,https://irishfamilysurnames.com/wp-content/uploads/2021/04/daly-B-H.jpg,1,Daly,false,Daly,Imported product — review before publishing.,g,,unlisted
dowling,Dowling,<p>Product details coming soon.</p>,Irish Family Surnames,,General,"imported, unlisted",false,Title,Default Title,,,,,IMP-DOWLING,0,shopify,0,deny,manual,0.00,,true,true,,https://irishfamilysurnames.com/wp-content/uploads/2021/04/dowling-B-H.jpg,1,Dowling,false,Dowling,Imported product — review before publishing.,g,,unlisted
downey,Downey,<p>Product details coming soon.</p>,Irish Family Surnames,,General,"imported, unlisted",false,Title,Default Title,,,,,IMP-DOWNEY,0,shopify,0,deny,manual,0.00,,true,true,,https://irishfamilysurnames.com/wp-content/uploads/2021/04/downey-B-H.jpg,1,Downey,false,Downey,Imported product — review before publishing.,g,,unlisted
doyle,Doyle,<p>Product details coming soon.</p>,Irish Family Surnames,,General,"imported, unlisted",false,Title,Default Title,,,,,IMP-DOYLE,0,shopify,0,deny,manual,0.00,,true,true,,https://irishfamilysurnames.com/wp-content/uploads/2021/04/doyle-B-H.jpg,1,Doyle,false,Doyle,Imported product — review before publishing.,g,,unlisted
driscoll,Driscoll,<p>Product details coming soon.</p>,Irish Family Surnames,,General,"imported, unlisted",false,Title,Default Title,,,,,IMP-DRISCOLL,0,shopify,0,deny,manual,0.00,,true,true,,https://irishfamilysurnames.com/wp-content/uploads/2021/04/driscoll-B-H.jpg,1,Driscoll,false,Driscoll,Imported product — review before publishing.,g,,unlisted
duffy,Duffy,<p>Product details coming soon.</p>,Irish Family Surnames,,General,"imported, unlisted",false,Title,Default Title,,,,,IMP-DUFFY,0,shopify,0,deny,manual,0.00,,true,true,,https://irishfamilysurnames.com/wp-content/uploads/2021/04/duffy-B-H.jpg,1,Duffy,false,Duffy,Imported product — review before publishing.,g,,unlisted
dugan,Dugan,<p>Product details coming soon.</p>,Irish Family Surnames,,General,"imported, unlisted",false,Title,Default Title,,,,,IMP-DUGAN,0,shopify,0,deny,manual,0.00,,true,true,,https://irishfamilysurnames.com/wp-content/uploads/2021/04/dugan-B-H.jpg,1,Dugan,false,Dugan,Imported product — review before publishing.,g,,unlisted
duggan,Duggan,<p>Product details coming soon.</p>,Irish Family Surnames,,General,"imported, unlisted",false,Title,Default Title,,,,,IMP-DUGGAN,0,shopify,0,deny,manual,0.00,,true,true,,https://irishfamilysurnames.com/wp-content/uploads/2021/04/duggan-B-H.jpg,1,Duggan,false,Duggan,Imported product — review before publishing.,g,,unlisted
dunn,Dunn,<p>Product details coming soon.</p>,Irish Family Surnames,,General,"imported, unlisted",false,Title,Default Title,,,,,IMP-DUNN,0,shopify,0,deny,manual,0.00,,true,true,,https://irishfamilysurnames.com/wp-content/uploads/2021/04/dunn-B-H.jpg,1,Dunn,false,Dunn,Imported product — review before publishing.,g,,unlisted
dunne,Dunne,<p>Product details coming soon.</p>,Irish Family Surnames,,General,"imported, unlisted",false,Title,Default Title,,,,,IMP-DUNNE,0,shopify,0,deny,manual,0.00,,true,true,,https://irishfamilysurnames.com/wp-content/uploads/2021/04/dunne-B-H.jpg,1,Dunne,false,Dunne,Imported product — review before publishing.,g,,unlisted
dwyer,Dwyer,<p>Product details coming soon.</p>,Irish Family Surnames,,General,"imported, unlisted",false,Title,Default Title,,,,,IMP-DWYER,0,shopify,0,deny,manual,0.00,,true,true,,https://irishfamilysurnames.com/wp-content/uploads/2021/04/dwyer-B-H.jpg,1,Dwyer,false,Dwyer,Imported product — review before publishing.,g,,unlisted
egan,Egan,<p>Product details coming soon.</p>,Irish Family Surnames,,General,"imported, unlisted",false,Title,Default Title,,,,,IMP-EGAN,0,shopify,0,deny,manual,0.00,,true,true,,https://irishfamilysurnames.com/wp-content/uploads/2021/04/egan-B-H.jpg,1,Egan,false,Egan,Imported product — review before publishing.,g,,unlisted
fagan,Fagan,<p>Product details coming soon.</p>,Irish Family Surnames,,General,"imported, unlisted",false,Title,Default Title,,,,,IMP-FAGAN,0,shopify,0,deny,manual,0.00,,true,true,,https://irishfamilysurnames.com/wp-content/uploads/2021/04/fagan-B-H.jpg,1,Fagan,false,Fagan,Imported product — review before publishing.,g,,unlisted
fahy,Fahy,<p>Product details coming soon.</p>,Irish Family Surnames,,General,"imported, unlisted",false,Title,Default Title,,,,,IMP-FAHY,0,shopify,0,deny,manual,0.00,,true,true,,https://irishfamilysurnames.com/wp-content/uploads/2021/04/fahy-B-H.jpg,1,Fahy,false,Fahy,Imported product — review before publishing.,g,,unlisted
fallon,Fallon,<p>Product details coming soon.</p>,Irish Family Surnames,,General,"imported, unlisted",false,Title,Default Title,,,,,IMP-FALLON,0,shopify,0,deny,manual,0.00,,true,true,,https://irishfamilysurnames.com/wp-content/uploads/2021/04/fallon-B-H.jpg,1,Fallon,false,Fallon,Imported product — review before publishing.,g,,unlisted
farley,Farley,<p>Product details coming soon.</p>,Irish Family Surnames,,General,"imported, unlisted",false,Title,Default Title,,,,,IMP-FARLEY,0,shopify,0,deny,manual,0.00,,true,true,,https://irishfamilysurnames.com/wp-content/uploads/2021/04/farley-B-H.jpg,1,Farley,false,Farley,Imported product — review before publishing.,g,,unlisted
farrell,Farrell,<p>Product details coming soon.</p>,Irish Family Surnames,,General,"imported, unlisted",false,Title,Default Title,,,,,IMP-FARRELL,0,shopify,0,deny,manual,0.00,,true,true,,https://irishfamilysurnames.com/wp-content/uploads/2021/04/farrell-B-H.jpg,1,Farrell,false,Farrell,Imported product — review before publishing.,g,,unlisted
farrelly,Farrelly,<p>Product details coming soon.</p>,Irish Family Surnames,,General,"imported, unlisted",false,Title,Default Title,,,,,IMP-FARRELLY,0,shopify,0,deny,manual,0.00,,true,true,,https://irishfamilysurnames.com/wp-content/uploads/2021/04/farrelly-B-H.jpg,1,Farrelly,false,Farrelly,Imported product — review before publishing.,g,,unlisted
finn,Finn,<p>Product details coming soon.</p>,Irish Family Surnames,,General,"imported, unlisted",false,Title,Default Title,,,,,IMP-FINN,0,shopify,0,deny,manual,0.00,,true,true,,https://irishfamilysurnames.com/wp-content/uploads/2021/04/finn-B-H.jpg,1,Finn,false,Finn,Imported product — review before publishing.,g,,unlisted
finnegan,Finnegan,<p>Product details coming soon.</p>,Irish Family Surnames,,General,"imported, unlisted",false,Title,Default Title,,,,,IMP-FINNEGAN,0,shopify,0,deny,manual,0.00,,true,true,,https://irishfamilysurnames.com/wp-content/uploads/2021/04/finnegan-B-H.jpg,1,Finnegan,false,Finnegan,Imported product — review before publishing.,g,,unlisted
fitzgerald,Fitzgerald,<p>Product details coming soon.</p>,Irish Family Surnames,,General,"imported, unlisted",false,Title,Default Title,,,,,IMP-FITZGERALD,0,shopify,0,deny,manual,0.00,,true,true,,https://irishfamilysurnames.com/wp-content/uploads/2021/04/fitzgerald-B-H.jpg,1,Fitzgerald,false,Fitzgerald,Imported product — review before publishing.,g,,unlisted
fitzgibbon,Fitzgibbon,<p>Product details coming soon.</p>,Irish Family Surnames,,General,"imported, unlisted",false,Title,Default Title,,,,,IMP-FITZGIBBON,0,shopify,0,deny,manual,0.00,,true,true,,https://irishfamilysurnames.com/wp-content/uploads/2021/04/fitzgibbon-B-H.jpg,1,Fitzgibbon,false,Fitzgibbon,Imported product — review before publishing.,g,,unlisted
fitzpatrick,Fitzpatrick,<p>Product details coming soon.</p>,Irish Family Surnames,,General,"imported, unlisted",false,Title,Default Title,,,,,IMP-FITZPATRICK,0,shopify,0,deny,manual,0.00,,true,true,,https://irishfamilysurnames.com/wp-content/uploads/2021/04/fitzpatrick-B-H.jpg,1,Fitzpatrick,false,Fitzpatrick,Imported product — review before publishing.,g,,unlisted
flaherty,Flaherty,<p>Product details coming soon.</p>,Irish Family Surnames,,General,"imported, unlisted",false,Title,Default Title,,,,,IMP-FLAHERTY,0,shopify,0,deny,manual,0.00,,true,true,,https://irishfamilysurnames.com/wp-content/uploads/2021/04/flaherty-B-H.jpg,1,Flaherty,false,Flaherty,Imported product — review before publishing.,g,,unlisted
flanagan,Flanagan,<p>Product details coming soon.</p>,Irish Family Surnames,,General,"imported, unlisted",false,Title,Default Title,,,,,IMP-FLANAGAN,0,shopify,0,deny,manual,0.00,,true,true,,https://irishfamilysurnames.com/wp-content/uploads/2021/04/flanagan-B-H.jpg,1,Flanagan,false,Flanagan,Imported product — review before publishing.,g,,unlisted
fleming,Fleming,<p>Product details coming soon.</p>,Irish Family Surnames,,General,"imported, unlisted",false,Title,Default Title,,,,,IMP-FLEMING,0,shopify,0,deny,manual,0.00,,true,true,,https://irishfamilysurnames.com/wp-content/uploads/2021/04/fleming-B-H.jpg,1,Fleming,false,Fleming,Imported product — review before publishing.,g,,unlisted
flood,Flood,<p>Product details coming soon.</p>,Irish Family Surnames,,General,"imported, unlisted",false,Title,Default Title,,,,,IMP-FLOOD,0,shopify,0,deny,manual,0.00,,true,true,,https://irishfamilysurnames.com/wp-content/uploads/2021/04/flood-B-H.jpg,1,Flood,false,Flood,Imported product — review before publishing.,g,,unlisted
flynn,Flynn,<p>Product details coming soon.</p>,Irish Family Surnames,,General,"imported, unlisted",false,Title,Default Title,,,,,IMP-FLYNN,0,shopify,0,deny,manual,0.00,,true,true,,https://irishfamilysurnames.com/wp-content/uploads/2021/04/flynn-B-H.jpg,1,Flynn,false,Flynn,Imported product — review before publishing.,g,,unlisted
fox,Fox,<p>Product details coming soon.</p>,Irish Family Surnames,,General,"imported, unlisted",false,Title,Default Title,,,,,IMP-FOX,0,shopify,0,deny,manual,0.00,,true,true,,https://irishfamilysurnames.com/wp-content/uploads/2021/04/fox-B-H.jpg,1,Fox,false,Fox,Imported product — review before publishing.,g,,unlisted
french,French,<p>Product details coming soon.</p>,Irish Family Surnames,,General,"imported, unlisted",false,Title,Default Title,,,,,IMP-FRENCH,0,shopify,0,deny,manual,0.00,,true,true,,https://irishfamilysurnames.com/wp-content/uploads/2021/04/french-B-H.jpg,1,French,false,French,Imported product — review before publishing.,g,,unlisted
furlong,Furlong,<p>Product details coming soon.</p>,Irish Family Surnames,,General,"imported, unlisted",false,Title,Default Title,,,,,IMP-FURLONG,0,shopify,0,deny,manual,0.00,,true,true,,https://irishfamilysurnames.com/wp-content/uploads/2021/04/furlong-B-H.jpg,1,Furlong,false,Furlong,Imported product — review before publishing.,g,,unlisted
gaffney,Gaffney,<p>Product details coming soon.</p>,Irish Family Surnames,,General,"imported, unlisted",false,Title,Default Title,,,,,IMP-GAFFNEY,0,shopify,0,deny,manual,0.00,,true,true,,https://irishfamilysurnames.com/wp-content/uploads/2021/04/gaffney-B-H.jpg,1,Gaffney,false,Gaffney,Imported product — review before publishing.,g,,unlisted
gallagher,Gallagher,<p>Product details coming soon.</p>,Irish Family Surnames,,General,"imported, unlisted",false,Title,Default Title,,,,,IMP-GALLAGHER,0,shopify,0,deny,manual,0.00,,true,true,,https://irishfamilysurnames.com/wp-content/uploads/2021/04/gallagher-B-H.jpg,1,Gallagher,false,Gallagher,Imported product — review before publishing.,g,,unlisted
galvin,Galvin,<p>Product details coming soon.</p>,Irish Family Surnames,,General,"imported, unlisted",false,Title,Default Title,,,,,IMP-GALVIN,0,shopify,0,deny,manual,0.00,,true,true,,https://irishfamilysurnames.com/wp-content/uploads/2021/04/galvin-B-H.jpg,1,Galvin,false,Galvin,Imported product — review before publishing.,g,,unlisted
geraghty,Geraghty,<p>Product details coming soon.</p>,Irish Family Surnames,,General,"imported, unlisted",false,Title,Default Title,,,,,IMP-GERAGHTY,0,shopify,0,deny,manual,0.00,,true,true,,https://irishfamilysurnames.com/wp-content/uploads/2021/04/geraghty-B-H.jpg,1,Geraghty,false,Geraghty,Imported product — review before publishing.,g,,unlisted
gibbons,Gibbons,<p>Product details coming soon.</p>,Irish Family Surnames,,General,"imported, unlisted",false,Title,Default Title,,,,,IMP-GIBBONS,0,shopify,0,deny,manual,0.00,,true,true,,https://irishfamilysurnames.com/wp-content/uploads/2021/04/gibbons-B-H.jpg,1,Gibbons,false,Gibbons,Imported product — review before publishing.,g,,unlisted
gleason,Gleason,<p>Product details coming soon.</p>,Irish Family Surnames,,General,"imported, unlisted",false,Title,Default Title,,,,,IMP-GLEASON,0,shopify,0,deny,manual,0.00,,true,true,,https://irishfamilysurnames.com/wp-content/uploads/2021/04/gleason-B-H.jpg,1,Gleason,false,Gleason,Imported product — review before publishing.,g,,unlisted
gorman,Gorman,<p>Product details coming soon.</p>,Irish Family Surnames,,General,"imported, unlisted",false,Title,Default Title,,,,,IMP-GORMAN,0,shopify,0,deny,manual,0.00,,true,true,,https://irishfamilysurnames.com/wp-content/uploads/2021/04/gorman-B-H.jpg,1,Gorman,false,Gorman,Imported product — review before publishing.,g,,unlisted
graham,Graham,<p>Product details coming soon.</p>,Irish Family Surnames,,General,"imported, unlisted",false,Title,Default Title,,,,,IMP-GRAHAM,0,shopify,0,deny,manual,0.00,,true,true,,https://irishfamilysurnames.com/wp-content/uploads/2021/04/graham-B-H.jpg,1,Graham,false,Graham,Imported product — review before publishing.,g,,unlisted
green,Green,<p>Product details coming soon.</p>,Irish Family Surnames,,General,"imported, unlisted",false,Title,Default Title,,,,,IMP-GREEN,0,shopify,0,deny,manual,0.00,,true,true,,https://irishfamilysurnames.com/wp-content/uploads/2021/04/green-B-H.jpg,1,Green,false,Green,Imported product — review before publishing.,g,,unlisted
greene,Greene,<p>Product details coming soon.</p>,Irish Family Surnames,,General,"imported, unlisted",false,Title,Default Title,,,,,IMP-GREENE,0,shopify,0,deny,manual,0.00,,true,true,,https://irishfamilysurnames.com/wp-content/uploads/2021/04/greene-B-H.jpg,1,Greene,false,Greene,Imported product — review before publishing.,g,,unlisted
griffin,Griffin,<p>Product details coming soon.</p>,Irish Family Surnames,,General,"imported, unlisted",false,Title,Default Title,,,,,IMP-GRIFFIN,0,shopify,0,deny,manual,0.00,,true,true,,https://irishfamilysurnames.com/wp-content/uploads/2021/04/griffin-B-H.jpg,1,Griffin,false,Griffin,Imported product — review before publishing.,g,,unlisted
griffith,Griffith,<p>Product details coming soon.</p>,Irish Family Surnames,,General,"imported, unlisted",false,Title,Default Title,,,,,IMP-GRIFFITH,0,shopify,0,deny,manual,0.00,,true,true,,https://irishfamilysurnames.com/wp-content/uploads/2021/04/griffith-B-H.jpg,1,Griffith,false,Griffith,Imported product — review before publishing.,g,,unlisted
guinness,Guinness,<p>Product details coming soon.</p>,Irish Family Surnames,,General,"imported, unlisted",false,Title,Default Title,,,,,IMP-GUINNESS,0,shopify,0,deny,manual,0.00,,true,true,,https://irishfamilysurnames.com/wp-content/uploads/2021/04/guinness-B-H.jpg,1,Guinness,false,Guinness,Imported product — review before publishing.,g,,unlisted
dougherty,Dougherty,<p>Product details coming soon.</p>,Irish Family Surnames,,General,"imported, unlisted",false,Title,Default Title,,,,,IMP-DOUGHERTY,0,shopify,0,deny,manual,0.00,,true,true,,https://irishfamilysurnames.com/wp-content/uploads/2021/04/dougherty-B-H.jpg,1,Dougherty,false,Dougherty,Imported product — review before publishing.,g,,unlisted
evans,Evans,<p>Product details coming soon.</p>,Irish Family Surnames,,General,"imported, unlisted",false,Title,Default Title,,,,,IMP-EVANS,0,shopify,0,deny,manual,0.00,,true,true,,https://irishfamilysurnames.com/wp-content/uploads/2021/04/evans-B-H-1.jpg,1,Evans,false,Evans,Imported product — review before publishing.,g,,unlisted
grady,Grady,<p>Product details coming soon.</p>,Irish Family Surnames,,General,"imported, unlisted",false,Title,Default Title,,,,,IMP-GRADY,0,shopify,0,deny,manual,0.00,,true,true,,https://irishfamilysurnames.com/wp-content/uploads/2021/04/grady-B-H.jpg,1,Grady,false,Grady,Imported product — review before publishing.,g,,unlisted
fitzsimons,Fitzsimons,<p>Product details coming soon.</p>,Irish Family Surnames,,General,"imported, unlisted",false,Title,Default Title,,,,,IMP-FITZSIMONS,0,shopify,0,deny,manual,0.00,,true,true,,https://irishfamilysurnames.com/wp-content/uploads/2021/04/fitzsimons-B-H.jpg,1,Fitzsimons,false,Fitzsimons,Imported product — review before publishing.,g,,unlisted
hegarty,Hegarty,<p>Product details coming soon.</p>,Irish Family Surnames,,General,"imported, unlisted",false,Title,Default Title,,,,,IMP-HEGARTY,0,shopify,0,deny,manual,0.00,,true,true,,https://irishfamilysurnames.com/wp-content/uploads/2021/04/hegarty-B-H.jpg,1,Hegarty,false,Hegarty,Imported product — review before publishing.,g,,unlisted
mcdermott,McDermott,<p>Product details coming soon.</p>,Irish Family Surnames,,General,"imported, unlisted",false,Title,Default Title,,,,,IMP-MCDERMOTT,0,shopify,0,deny,manual,0.00,,true,true,,https://irishfamilysurnames.com/wp-content/uploads/2021/04/mcdermott-B-H.jpg,1,McDermott,false,McDermott,Imported product — review before publishing.,g,,unlisted
ocarroll,Ocarroll,<p>Product details coming soon.</p>,Irish Family Surnames,,General,"imported, unlisted",false,Title,Default Title,,,,,IMP-OCARROLL,0,shopify,0,deny,manual,0.00,,true,true,,https://irishfamilysurnames.com/wp-content/uploads/2021/04/o-carroll-B-H.jpg,1,Ocarroll,false,Ocarroll,Imported product — review before publishing.,g,,unlisted
bell,Bell,<p>Product details coming soon.</p>,Irish Family Surnames,,General,"imported, unlisted",false,Title,Default Title,,,,,IMP-BELL,0,shopify,0,deny,manual,0.00,,true,true,,https://irishfamilysurnames.com/wp-content/uploads/2021/04/bell-B-H.jpg,1,Bell,false,Bell,Imported product — review before publishing.,g,,unlisted
bourke,Bourke,<p>Product details coming soon.</p>,Irish Family Surnames,,General,"imported, unlisted",false,Title,Default Title,,,,,IMP-BOURKE,0,shopify,0,deny,manual,0.00,,true,true,,https://irishfamilysurnames.com/wp-content/uploads/2021/04/bourke-B-H.jpg,1,Bourke,false,Bourke,Imported product — review before publishing.,g,,unlisted
bradley,Bradley,<p>Product details coming soon.</p>,Irish Family Surnames,,General,"imported, unlisted",false,Title,Default Title,,,,,IMP-BRADLEY,0,shopify,0,deny,manual,0.00,,true,true,,https://irishfamilysurnames.com/wp-content/uploads/2021/04/bradley-B-H.jpg,1,Bradley,false,Bradley,Imported product — review before publishing.,g,,unlisted
odougherty,Odougherty,<p>Product details coming soon.</p>,Irish Family Surnames,,General,"imported, unlisted",false,Title,Default Title,,,,,IMP-ODOUGHERTY,0,shopify,0,deny,manual,0.00,,true,true,,https://irishfamilysurnames.com/wp-content/uploads/2021/04/o-dougherty-B-H.jpg,1,Odougherty,false,Odougherty,Imported product — review before publishing.,g,,unlisted
corrigan,Corrigan,<p>Product details coming soon.</p>,Irish Family Surnames,,General,"imported, unlisted",false,Title,Default Title,,,,,IMP-CORRIGAN,0,shopify,0,deny,manual,0.00,,true,true,,https://irishfamilysurnames.com/wp-content/uploads/2021/04/corrigan-B-H.jpg,1,Corrigan,false,Corrigan,Imported product — review before publishing.,g,,unlisted
callahan,Callahan,<p>Product details coming soon.</p>,Irish Family Surnames,,General,"imported, unlisted",false,Title,Default Title,,,,,IMP-CALLAHAN,0,shopify,0,deny,manual,0.00,,true,true,,https://irishfamilysurnames.com/wp-content/uploads/2021/04/callahan-B-H-1.jpg,1,Callahan,false,Callahan,Imported product — review before publishing.,g,,unlisted
ohagan,Ohagan,<p>Product details coming soon.</p>,Irish Family Surnames,,General,"imported, unlisted",false,Title,Default Title,,,,,IMP-OHAGAN,0,shopify,0,deny,manual,0.00,,true,true,,https://irishfamilysurnames.com/wp-content/uploads/2021/04/o-hagan-B-H.jpg,1,Ohagan,false,Ohagan,Imported product — review before publishing.,g,,unlisted
coughlan,Coughlan,<p>Product details coming soon.</p>,Irish Family Surnames,,General,"imported, unlisted",false,Title,Default Title,,,,,IMP-COUGHLAN,0,shopify,0,deny,manual,0.00,,true,true,,https://irishfamilysurnames.com/wp-content/uploads/2021/04/coughlan-B-H.jpg,1,Coughlan,false,Coughlan,Imported product — review before publishing.,g,,unlisted
cronin,Cronin,<p>Product details coming soon.</p>,Irish Family Surnames,,General,"imported, unlisted",false,Title,Default Title,,,,,IMP-CRONIN,0,shopify,0,deny,manual,0.00,,true,true,,https://irishfamilysurnames.com/wp-content/uploads/2021/04/cronin-B-H.jpg,1,Cronin,false,Cronin,Imported product — review before publishing.,g,,unlisted
crowley,Crowley,<p>Product details coming soon.</p>,Irish Family Surnames,,General,"imported, unlisted",false,Title,Default Title,,,,,IMP-CROWLEY,0,shopify,0,deny,manual,0.00,,true,true,,https://irishfamilysurnames.com/wp-content/uploads/2021/04/crowley-B-H.jpg,1,Crowley,false,Crowley,Imported product — review before publishing.,g,,unlisted
phelan,Phelan,<p>Product details coming soon.</p>,Irish Family Surnames,,General,"imported, unlisted",false,Title,Default Title,,,,,IMP-PHELAN,0,shopify,0,deny,manual,0.00,,true,true,,https://irishfamilysurnames.com/wp-content/uploads/2021/04/phelan-B-H.jpg,1,Phelan,false,Phelan,Imported product — review before publishing.,g,,unlisted
daley,Daley,<p>Product details coming soon.</p>,Irish Family Surnames,,General,"imported, unlisted",false,Title,Default Title,,,,,IMP-DALEY,0,shopify,0,deny,manual,0.00,,true,true,,https://irishfamilysurnames.com/wp-content/uploads/2021/04/daley-B-H.jpg,1,Daley,false,Daley,Imported product — review before publishing.,g,,unlisted
donoghue,Donoghue,<p>Product details coming soon.</p>,Irish Family Surnames,,General,"imported, unlisted",false,Title,Default Title,,,,,IMP-DONOGHUE,0,shopify,0,deny,manual,0.00,,true,true,,https://irishfamilysurnames.com/wp-content/uploads/2021/04/donoghue-B-H.jpg,1,Donoghue,false,Donoghue,Imported product — review before publishing.,g,,unlisted
donnelly,Donnelly,<p>Product details coming soon.</p>,Irish Family Surnames,,General,"imported, unlisted",false,Title,Default Title,,,,,IMP-DONNELLY,0,shopify,0,deny,manual,0.00,,true,true,,https://irishfamilysurnames.com/wp-content/uploads/2021/04/donnelly-B-H.jpg,1,Donnelly,false,Donnelly,Imported product — review before publishing.,g,,unlisted
doherty,Doherty,<p>Product details coming soon.</p>,Irish Family Surnames,,General,"imported, unlisted",false,Title,Default Title,,,,,IMP-DOHERTY,0,shopify,0,deny,manual,0.00,,true,true,,https://irishfamilysurnames.com/wp-content/uploads/2021/04/doherty-B-H.jpg,1,Doherty,false,Doherty,Imported product — review before publishing.,g,,unlisted
dillon,Dillon,<p>Product details coming soon.</p>,Irish Family Surnames,,General,"imported, unlisted",false,Title,Default Title,,,,,IMP-DILLON,0,shopify,0,deny,manual,0.00,,true,true,,https://irishfamilysurnames.com/wp-content/uploads/2021/04/dillon-B-H.jpg,1,Dillon,false,Dillon,Imported product — review before publishing.,g,,unlisted
daugherty,Daugherty,<p>Product details coming soon.</p>,Irish Family Surnames,,General,"imported, unlisted",false,Title,Default Title,,,,,IMP-DAUGHERTY,0,shopify,0,deny,manual,0.00,,true,true,,https://irishfamilysurnames.com/wp-content/uploads/2021/04/daugherty-B-H.jpg,1,Daugherty,false,Daugherty,Imported product — review before publishing.,g,,unlisted
dalton,Dalton,<p>Product details coming soon.</p>,Irish Family Surnames,,General,"imported, unlisted",false,Title,Default Title,,,,,IMP-DALTON,0,shopify,0,deny,manual,0.00,,true,true,,https://irishfamilysurnames.com/wp-content/uploads/2021/04/dalton-B-H.jpg,1,Dalton,false,Dalton,Imported product — review before publishing.,g,,unlisted
gleeson,Gleeson,<p>Product details coming soon.</p>,Irish Family Surnames,,General,"imported, unlisted",false,Title,Default Title,,,,,IMP-GLEESON,0,shopify,0,deny,manual,0.00,,true,true,,https://irishfamilysurnames.com/wp-content/uploads/2021/04/gleeson-B-H.jpg,1,Gleeson,false,Gleeson,Imported product — review before publishing.,g,,unlisted
geoghegan,Geoghegan,<p>Product details coming soon.</p>,Irish Family Surnames,,General,"imported, unlisted",false,Title,Default Title,,,,,IMP-GEOGHEGAN,0,shopify,0,deny,manual,0.00,,true,true,,https://irishfamilysurnames.com/wp-content/uploads/2021/04/geoghegan-B-H.jpg,1,Geoghegan,false,Geoghegan,Imported product — review before publishing.,g,,unlisted
foley,Foley,<p>Product details coming soon.</p>,Irish Family Surnames,,General,"imported, unlisted",false,Title,Default Title,,,,,IMP-FOLEY,0,shopify,0,deny,manual,0.00,,true,true,,https://irishfamilysurnames.com/wp-content/uploads/2021/04/foley-B-H.jpg,1,Foley,false,Foley,Imported product — review before publishing.,g,,unlisted
fogarty,Fogarty,<p>Product details coming soon.</p>,Irish Family Surnames,,General,"imported, unlisted",false,Title,Default Title,,,,,IMP-FOGARTY,0,shopify,0,deny,manual,0.00,,true,true,,https://irishfamilysurnames.com/wp-content/uploads/2021/04/fogarty-B-H.jpg,1,Fogarty,false,Fogarty,Imported product — review before publishing.,g,,unlisted
cotter,Cotter,<p>Product details coming soon.</p>,Irish Family Surnames,,General,"imported, unlisted",false,Title,Default Title,,,,,IMP-COTTER,0,shopify,0,deny,manual,0.00,,true,true,,https://irishfamilysurnames.com/wp-content/uploads/2021/04/cotter-B-H.jpg,1,Cotter,false,Cotter,Imported product — review before publishing.,g,,unlisted
kavanagh,Kavanagh,<p>Product details coming soon.</p>,Irish Family Surnames,,General,"imported, unlisted",false,Title,Default Title,,,,,IMP-KAVANAGH,0,shopify,0,deny,manual,0.00,,true,true,,https://irishfamilysurnames.com/wp-content/uploads/2021/04/kavanagh-B-H.jpg,1,Kavanagh,false,Kavanagh,Imported product — review before publishing.,g,,unlisted
hagan,Hagan,<p>Product details coming soon.</p>,Irish Family Surnames,,General,"imported, unlisted",false,Title,Default Title,,,,,IMP-HAGAN,0,shopify,0,deny,manual,0.00,,true,true,,https://irishfamilysurnames.com/wp-content/uploads/2021/04/hagan-B-H.jpg,1,Hagan,false,Hagan,Imported product — review before publishing.,g,,unlisted
harris,Harris,<p>Product details coming soon.</p>,Irish Family Surnames,,General,"imported, unlisted",false,Title,Default Title,,,,,IMP-HARRIS,0,shopify,0,deny,manual,0.00,,true,true,,https://irishfamilysurnames.com/wp-content/uploads/2021/04/harris-B-H.jpg,1,Harris,false,Harris,Imported product — review before publishing.,g,,unlisted
hill,Hill,<p>Product details coming soon.</p>,Irish Family Surnames,,General,"imported, unlisted",false,Title,Default Title,,,,,IMP-HILL,0,shopify,0,deny,manual,0.00,,true,true,,https://irishfamilysurnames.com/wp-content/uploads/2021/04/harris-B-H-1.jpg,1,Hill,false,Hill,Imported product — review before publishing.,g,,unlisted
hyland,Hyland,<p>Product details coming soon.</p>,Irish Family Surnames,,General,"imported, unlisted",false,Title,Default Title,,,,,IMP-HYLAND,0,shopify,0,deny,manual,0.00,,true,true,,https://irishfamilysurnames.com/wp-content/uploads/2021/04/hyland-B-H.jpg,1,Hyland,false,Hyland,Imported product — review before publishing.,g,,unlisted
jackson,Jackson,<p>Product details coming soon.</p>,Irish Family Surnames,,General,"imported, unlisted",false,Title,Default Title,,,,,IMP-JACKSON,0,shopify,0,deny,manual,0.00,,true,true,,https://irishfamilysurnames.com/wp-content/uploads/2021/04/jackson-B-H.jpg,1,Jackson,false,Jackson,Imported product — review before publishing.,g,,unlisted
johnston,Johnston,<p>Product details coming soon.</p>,Irish Family Surnames,,General,"imported, unlisted",false,Title,Default Title,,,,,IMP-JOHNSTON,0,shopify,0,deny,manual,0.00,,true,true,,https://irishfamilysurnames.com/wp-content/uploads/2021/04/johnston-B-H.jpg,1,Johnston,false,Johnston,Imported product — review before publishing.,g,,unlisted
jones,Jones,<p>Product details coming soon.</p>,Irish Family Surnames,,General,"imported, unlisted",false,Title,Default Title,,,,,IMP-JONES,0,shopify,0,deny,manual,0.00,,true,true,,https://irishfamilysurnames.com/wp-content/uploads/2021/04/jones-B-H.jpg,1,Jones,false,Jones,Imported product — review before publishing.,g,,unlisted
joyce,Joyce,<p>Product details coming soon.</p>,Irish Family Surnames,,General,"imported, unlisted",false,Title,Default Title,,,,,IMP-JOYCE,0,shopify,0,deny,manual,0.00,,true,true,,https://irishfamilysurnames.com/wp-content/uploads/2021/04/joyce-B-H-1.jpg,1,Joyce,false,Joyce,Imported product — review before publishing.,g,,unlisted
kane,Kane,<p>Product details coming soon.</p>,Irish Family Surnames,,General,"imported, unlisted",false,Title,Default Title,,,,,IMP-KANE,0,shopify,0,deny,manual,0.00,,true,true,,https://irishfamilysurnames.com/wp-content/uploads/2021/04/kane-B-H.jpg,1,Kane,false,Kane,Imported product — review before publishing.,g,,unlisted
keane,Keane,<p>Product details coming soon.</p>,Irish Family Surnames,,General,"imported, unlisted",false,Title,Default Title,,,,,IMP-KEANE,0,shopify,0,deny,manual,0.00,,true,true,,https://irishfamilysurnames.com/wp-content/uploads/2021/04/keane-B-H.jpg,1,Keane,false,Keane,Imported product — review before publishing.,g,,unlisted
leahy,Leahy,<p>Product details coming soon.</p>,Irish Family Surnames,,General,"imported, unlisted",false,Title,Default Title,,,,,IMP-LEAHY,0,shopify,0,deny,manual,0.00,,true,true,,https://irishfamilysurnames.com/wp-content/uploads/2021/04/leahy-B-H-1.jpg,1,Leahy,false,Leahy,Imported product — review before publishing.,g,,unlisted
kiernan,Kiernan,<p>Product details coming soon.</p>,Irish Family Surnames,,General,"imported, unlisted",false,Title,Default Title,,,,,IMP-KIERNAN,0,shopify,0,deny,manual,0.00,,true,true,,https://irishfamilysurnames.com/wp-content/uploads/2021/04/kiernan-B-H.jpg,1,Kiernan,false,Kiernan,Imported product — review before publishing.,g,,unlisted
lynch,Lynch,<p>Product details coming soon.</p>,Irish Family Surnames,,General,"imported, unlisted",false,Title,Default Title,,,,,IMP-LYNCH,0,shopify,0,deny,manual,0.00,,true,true,,https://irishfamilysurnames.com/wp-content/uploads/2021/04/lynch-B-H-1.jpg,1,Lynch,false,Lynch,Imported product — review before publishing.,g,,unlisted
malone,Malone,<p>Product details coming soon.</p>,Irish Family Surnames,,General,"imported, unlisted",false,Title,Default Title,,,,,IMP-MALONE,0,shopify,0,deny,manual,0.00,,true,true,,https://irishfamilysurnames.com/wp-content/uploads/2021/04/malone-B-H.jpg,1,Malone,false,Malone,Imported product — review before publishing.,g,,unlisted
meara,Meara,<p>Product details coming soon.</p>,Irish Family Surnames,,General,"imported, unlisted",false,Title,Default Title,,,,,IMP-MEARA,0,shopify,0,deny,manual,0.00,,true,true,,https://irishfamilysurnames.com/wp-content/uploads/2021/04/meara-B-H.jpg,1,Meara,false,Meara,Imported product — review before publishing.,g,,unlisted
meehan,Meehan,<p>Product details coming soon.</p>,Irish Family Surnames,,General,"imported, unlisted",false,Title,Default Title,,,,,IMP-MEEHAN,0,shopify,0,deny,manual,0.00,,true,true,,https://irishfamilysurnames.com/wp-content/uploads/2021/04/meehan-B-H.jpg,1,Meehan,false,Meehan,Imported product — review before publishing.,g,,unlisted
molloy,Molloy,<p>Product details coming soon.</p>,Irish Family Surnames,,General,"imported, unlisted",false,Title,Default Title,,,,,IMP-MOLLOY,0,shopify,0,deny,manual,0.00,,true,true,,https://irishfamilysurnames.com/wp-content/uploads/2021/04/molloy-B-H.jpg,1,Molloy,false,Molloy,Imported product — review before publishing.,g,,unlisted
moloney,Moloney,<p>Product details coming soon.</p>,Irish Family Surnames,,General,"imported, unlisted",false,Title,Default Title,,,,,IMP-MOLONEY,0,shopify,0,deny,manual,0.00,,true,true,,https://irishfamilysurnames.com/wp-content/uploads/2021/04/moloney-B-H.jpg,1,Moloney,false,Moloney,Imported product — review before publishing.,g,,unlisted
monahan,Monahan,<p>Product details coming soon.</p>,Irish Family Surnames,,General,"imported, unlisted",false,Title,Default Title,,,,,IMP-MONAHAN,0,shopify,0,deny,manual,0.00,,true,true,,https://irishfamilysurnames.com/wp-content/uploads/2021/04/monahan-B-H.jpg,1,Monahan,false,Monahan,Imported product — review before publishing.,g,,unlisted
mullen,Mullen,<p>Product details coming soon.</p>,Irish Family Surnames,,General,"imported, unlisted",false,Title,Default Title,,,,,IMP-MULLEN,0,shopify,0,deny,manual,0.00,,true,true,,https://irishfamilysurnames.com/wp-content/uploads/2021/04/mullen-B-H.jpg,1,Mullen,false,Mullen,Imported product — review before publishing.,g,,unlisted
mcauley,McAuley,<p>Product details coming soon.</p>,Irish Family Surnames,,General,"imported, unlisted",false,Title,Default Title,,,,,IMP-MCAULEY,0,shopify,0,deny,manual,0.00,,true,true,,https://irishfamilysurnames.com/wp-content/uploads/2021/04/mcauley-B-H.jpg,1,McAuley,false,McAuley,Imported product — review before publishing.,g,,unlisted
mccann,McCann,<p>Product details coming soon.</p>,Irish Family Surnames,,General,"imported, unlisted",false,Title,Default Title,,,,,IMP-MCCANN,0,shopify,0,deny,manual,0.00,,true,true,,https://irishfamilysurnames.com/wp-content/uploads/2021/04/mccann-BH.jpg,1,McCann,false,McCann,Imported product — review before publishing.,g,,unlisted
oboyle,Oboyle,<p>Product details coming soon.</p>,Irish Family Surnames,,General,"imported, unlisted",false,Title,Default Title,,,,,IMP-OBOYLE,0,shopify,0,deny,manual,0.00,,true,true,,https://irishfamilysurnames.com/wp-content/uploads/2021/04/o-boyle-B-H.jpg,1,Oboyle,false,Oboyle,Imported product — review before publishing.,g,,unlisted
odoherty,Odoherty,<p>Product details coming soon.</p>,Irish Family Surnames,,General,"imported, unlisted",false,Title,Default Title,,,,,IMP-ODOHERTY,0,shopify,0,deny,manual,0.00,,true,true,,https://irishfamilysurnames.com/wp-content/uploads/2021/04/o-doherty-B-H.jpg,1,Odoherty,false,Odoherty,Imported product — review before publishing.,g,,unlisted
odonohoe,Odonohoe,<p>Product details coming soon.</p>,Irish Family Surnames,,General,"imported, unlisted",false,Title,Default Title,,,,,IMP-ODONOHOE,0,shopify,0,deny,manual,0.00,,true,true,,https://irishfamilysurnames.com/wp-content/uploads/2021/04/odonohoe-B-H.jpg,1,Odonohoe,false,Odonohoe,Imported product — review before publishing.,g,,unlisted
oduffy,Oduffy,<p>Product details coming soon.</p>,Irish Family Surnames,,General,"imported, unlisted",false,Title,Default Title,,,,,IMP-ODUFFY,0,shopify,0,deny,manual,0.00,,true,true,,https://irishfamilysurnames.com/wp-content/uploads/2021/04/o-duffy-B-H.jpg,1,Oduffy,false,Oduffy,Imported product — review before publishing.,g,,unlisted
oriordan,Oriordan,<p>Product details coming soon.</p>,Irish Family Surnames,,General,"imported, unlisted",false,Title,Default Title,,,,,IMP-ORIORDAN,0,shopify,0,deny,manual,0.00,,true,true,,https://irishfamilysurnames.com/wp-content/uploads/2021/04/o-riordan-B-H.jpg,1,Oriordan,false,Oriordan,Imported product — review before publishing.,g,,unlisted
reid,Reid,<p>Product details coming soon.</p>,Irish Family Surnames,,General,"imported, unlisted",false,Title,Default Title,,,,,IMP-REID,0,shopify,0,deny,manual,0.00,,true,true,,https://irishfamilysurnames.com/wp-content/uploads/2021/04/reid-B-H.jpg,1,Reid,false,Reid,Imported product — review before publishing.,g,,unlisted
reilly,Reilly,<p>Product details coming soon.</p>,Irish Family Surnames,,General,"imported, unlisted",false,Title,Default Title,,,,,IMP-REILLY,0,shopify,0,deny,manual,0.00,,true,true,,https://irishfamilysurnames.com/wp-content/uploads/2021/04/reilly-B-H.jpg,1,Reilly,false,Reilly,Imported product — review before publishing.,g,,unlisted
riordan,Riordan,<p>Product details coming soon.</p>,Irish Family Surnames,,General,"imported, unlisted",false,Title,Default Title,,,,,IMP-RIORDAN,0,shopify,0,deny,manual,0.00,,true,true,,https://irishfamilysurnames.com/wp-content/uploads/2021/04/riordan-B-H.jpg,1,Riordan,false,Riordan,Imported product — review before publishing.,g,,unlisted
roach,Roach,<p>Product details coming soon.</p>,Irish Family Surnames,,General,"imported, unlisted",false,Title,Default Title,,,,,IMP-ROACH,0,shopify,0,deny,manual,0.00,,true,true,,https://irishfamilysurnames.com/wp-content/uploads/2021/04/roach-B-H.jpg,1,Roach,false,Roach,Imported product — review before publishing.,g,,unlisted
stapleton,Stapleton,<p>Product details coming soon.</p>,Irish Family Surnames,,General,"imported, unlisted",false,Title,Default Title,,,,,IMP-STAPLETON,0,shopify,0,deny,manual,0.00,,true,true,,https://irishfamilysurnames.com/wp-content/uploads/2021/04/stapleton-B-H.jpg,1,Stapleton,false,Stapleton,Imported product — review before publishing.,g,,unlisted
sullivan,Sullivan,<p>Product details coming soon.</p>,Irish Family Surnames,,General,"imported, unlisted",false,Title,Default Title,,,,,IMP-SULLIVAN,0,shopify,0,deny,manual,0.00,,true,true,,https://irishfamilysurnames.com/wp-content/uploads/2021/04/sullivan-B-H.jpg,1,Sullivan,false,Sullivan,Imported product — review before publishing.,g,,unlisted
sweeney,Sweeney,<p>Product details coming soon.</p>,Irish Family Surnames,,General,"imported, unlisted",false,Title,Default Title,,,,,IMP-SWEENEY,0,shopify,0,deny,manual,0.00,,true,true,,https://irishfamilysurnames.com/wp-content/uploads/2021/04/sweeney-B-H.jpg,1,Sweeney,false,Sweeney,Imported product — review before publishing.,g,,unlisted
tobin,Tobin,<p>Product details coming soon.</p>,Irish Family Surnames,,General,"imported, unlisted",false,Title,Default Title,,,,,IMP-TOBIN,0,shopify,0,deny,manual,0.00,,true,true,,https://irishfamilysurnames.com/wp-content/uploads/2021/04/tobin-B-H.jpg,1,Tobin,false,Tobin,Imported product — review before publishing.,g,,unlisted
toole,Toole,<p>Product details coming soon.</p>,Irish Family Surnames,,General,"imported, unlisted",false,Title,Default Title,,,,,IMP-TOOLE,0,shopify,0,deny,manual,0.00,,true,true,,https://irishfamilysurnames.com/wp-content/uploads/2021/04/toole-B-H.jpg,1,Toole,false,Toole,Imported product — review before publishing.,g,,unlisted
white,White,<p>Product details coming soon.</p>,Irish Family Surnames,,General,"imported, unlisted",false,Title,Default Title,,,,,IMP-WHITE,0,shopify,0,deny,manual,0.00,,true,true,,https://irishfamilysurnames.com/wp-content/uploads/2021/04/white-B-H.jpg,1,White,false,White,Imported product — review before publishing.,g,,unlisted
williams,Williams,<p>Product details coming soon.</p>,Irish Family Surnames,,General,"imported, unlisted",false,Title,Default Title,,,,,IMP-WILLIAMS,0,shopify,0,deny,manual,0.00,,true,true,,https://irishfamilysurnames.com/wp-content/uploads/2021/04/williams-B-H.jpg,1,Williams,false,Williams,Imported product — review before publishing.,g,,unlisted
wilson,Wilson,<p>Product details coming soon.</p>,Irish Family Surnames,,General,"imported, unlisted",false,Title,Default Title,,,,,IMP-WILSON,0,shopify,0,deny,manual,0.00,,true,true,,https://irishfamilysurnames.com/wp-content/uploads/2021/04/wilson-B-H.jpg,1,Wilson,false,Wilson,Imported product — review before publishing.,g,,unlisted
woods,Woods,<p>Product details coming soon.</p>,Irish Family Surnames,,General,"imported, unlisted",false,Title,Default Title,,,,,IMP-WOODS,0,shopify,0,deny,manual,0.00,,true,true,,https://irishfamilysurnames.com/wp-content/uploads/2021/04/woods-B-H.jpg,1,Woods,false,Woods,Imported product — review before publishing.,g,,unlisted
young,Young,<p>Product details coming soon.</p>,Irish Family Surnames,,General,"imported, unlisted",false,Title,Default Title,,,,,IMP-YOUNG,0,shopify,0,deny,manual,0.00,,true,true,,https://irishfamilysurnames.com/wp-content/uploads/2021/04/young-B-H.jpg,1,Young,false,Young,Imported product — review before publishing.,g,,unlisted
