Handle,Title,Body (HTML),Vendor,Product Category,Type,Tags,Published,Option1 Name,Option1 Value,Option2 Name,Option2 Value,Option3 Name,Option3 Value,Variant SKU,Variant Grams,Variant Inventory Tracker,Variant Inventory Qty,Variant Inventory Policy,Variant Fulfillment Service,Variant Price,Variant Compare At Price,Variant Requires Shipping,Variant Taxable,Variant Barcode,Image Src,Image Position,Image Alt Text,Gift Card,SEO Title,SEO Description,Google Shopping / Google Product Category,Google Shopping / Gender,Google Shopping / Age Group,Google Shopping / MPN,Google Shopping / Condition,Google Shopping / Custom Product,Google Shopping / Custom Label 0,Google Shopping / Custom Label 1,Google Shopping / Custom Label 2,Google Shopping / Custom Label 3,Google Shopping / Custom Label 4,Variant Image,Variant Weight Unit,Variant Tax Code,Cost per item,Included / United States,Included / International,Price / International,Compare At Price / International,Status
decanter-presentation-box-with-4-glasses,Crystal and Pewter Decanter presentation box set with 4 glasses,"<h3>Product Code: P375</h3>
<p><strong>Crystal and Pewter Decanter Presentation Box Set with 4 Glasses</strong></p>
<ul>
<li>
<p><strong>Description</strong>: This exquisite presentation box set from Mullingar Pewter is the perfect gift for any occasion, from retirements and competitions to celebrations for the whiskey connoisseur in your life. The set includes a stylish crystal decanter and four matching glasses, all elegantly embellished with pewter designs.</p>
</li>
<li>
<p><strong>Features</strong>:</p>
<ul>
<li>
<strong>Decanter</strong>:
<ul>
<li>
<strong>Material</strong>: Made from lead-free crystal glass, ensuring a safe and clear display for your favorite spirits.</li>
<li>
<strong>Design</strong>: Embellished with Mullingar Pewter accents, adding a touch of elegance and sophistication.</li>
</ul>
</li>
<li>
<strong>Glasses</strong>:
<ul>
<li>
<strong>Quantity</strong>: Set of 4 glasses.</li>
<li>
<strong>Material</strong>: Also crafted from lead-free crystal glass and embellished with matching Mullingar Pewter details.</li>
</ul>
</li>
<li>
<strong>Presentation Box</strong>:
<ul>
<li>
<strong>Design</strong>: Comes in a distressed wood-effect box, enhancing its rustic charm and making it a beautiful keepsake.</li>
</ul>
</li>
<li>
<strong>Variations</strong>: Available in 4 different designs, offering a selection to match any taste or occasion.</li>
</ul>
</li>
<li>
<p><strong>Ideal for</strong>:</p>
<ul>
<li>
<strong>Retirements</strong>: A distinguished gift to honor years of dedication and hard work.</li>
<li>
<strong>Competitions</strong>: A prestigious award for winners and participants.</li>
<li>
<strong>Whiskey Lovers</strong>: Perfect for anyone who appreciates fine spirits and elegant presentation.</li>
</ul>
</li>
<li>
<p><strong>Handmade in Ireland</strong>: Each piece is crafted with care by skilled artisans, ensuring the highest quality and authenticity.</p>
</li>
<li>
<p><strong>Price</strong>: Includes shipping, making it a hassle-free and valuable gift option.</p>
</li>
<li>
<p><strong>Occasions</strong>: This set is ideal for a variety of special occasions and celebrations, adding a touch of Irish craftsmanship and elegance to any setting.</p>
</li>
</ul>
<hr>
<p>This Crystal and Pewter Decanter Presentation Box Set is more than just a gift; it’s a testament to quality craftsmanship and a stylish addition to any home or bar. Choose from four beautiful variations to find the perfect match for the special recipient.</p>
<p> </p>
<p><br></p>",Mullingar Pewter,,Drinkware,"brandy, celtic whisky, claddagh whiskey glass, decanter, general gift, gift, glass set, irish, Irish claddagh, irish gift, irish heritage, irish whiskey, irish whisky, jameson, pewter decanter, pewter whiskey flask, pewter whiskey measure, scottish, whiskey, whiskey set, WHISKEY SHOT, whisky, whisky glass, wine decanter, imported, unlisted",false,Style,Claddagh,,,,,P375 Claddagh,0,shopify,0,deny,manual,239.95,,true,false,,https://cdn.shopify.com/s/files/1/1565/2549/files/1687190758572.jpg?v=1691077363,1,Crystal and Pewter Decanter presentation box set with 4 glasses,false,Crystal and Pewter Decanter presentation box set with 4 glasses,"Product Code: P375 Crystal and Pewter Decanter Presentation Box Set with 4 Glasses Description: This exquisite presentation box set from Mullingar Pewter is the perfect gift for any occasion, from retirements and competitions to celebrations for the whiskey connoisseur in your life. The set includes a stylish crystal d",,,,,,,,,,,,,g,,,true,true,,,unlisted
decanter-presentation-box-with-4-glasses,,,,,,,false,,Shamrock,,,,,P375 Shamrock,0,shopify,0,deny,manual,239.95,,true,false,,,,,,,,,,,,,,,,,,,,g,,,,,,,unlisted
decanter-presentation-box-with-4-glasses,,,,,,,false,,T4,,,,,P375 T4,0,shopify,0,deny,manual,239.95,,true,false,,,,,,,,,,,,,,,,,,,,g,,,,,,,unlisted
decanter-presentation-box-with-4-glasses,,,,,,,false,,Celtic A Lg no.7,,,,,P375 Celtic A No. 7,0,shopify,0,deny,manual,239.95,,true,false,,,,,,,,,,,,,,,,,,,,g,,,,,,,unlisted
decanter-presentation-box-with-4-glasses,,,,,,,false,,,,,,,,,,,,,,,,,,https://cdn.shopify.com/s/files/1/1565/2549/files/1687190758465.jpg?v=1691076030,2,Crystal and Pewter Decanter presentation box set with 4 glasses,,,,,,,,,,,,,,,,,,,,,,,unlisted
decanter-presentation-box-with-4-glasses,,,,,,,false,,,,,,,,,,,,,,,,,,https://cdn.shopify.com/s/files/1/1565/2549/files/1687190758486.jpg?v=1691076030,3,Crystal and Pewter Decanter presentation box set with 4 glasses,,,,,,,,,,,,,,,,,,,,,,,unlisted
decanter-presentation-box-with-4-glasses,,,,,,,false,,,,,,,,,,,,,,,,,,https://cdn.shopify.com/s/files/1/1565/2549/files/1687190758594.jpg?v=1687191770,4,Crystal and Pewter Decanter presentation box set with 4 glasses,,,,,,,,,,,,,,,,,,,,,,,unlisted
decanter-presentation-box-with-4-glasses,,,,,,,false,,,,,,,,,,,,,,,,,,https://cdn.shopify.com/s/files/1/1565/2549/files/1691074057302.jpg?v=1691074980,5,Crystal and Pewter Decanter presentation box set with 4 glasses,,,,,,,,,,,,,,,,,,,,,,,unlisted
claddagh-gents-quartz-pocket-watch-and-cufflinks-set-price-includes-shipping,Claddagh Gents Quartz Pewter Pocket watch & Cufflinks set,"<p data-start=""148"" data-end=""236""><strong data-start=""148"" data-end=""236"">Product Code P370: Irish Claddagh Gents Quartz Pocket Watch &amp; Cufflinks Set – Pewter</strong></p>
<p data-start=""238"" data-end=""526"">Mark life’s special moments with this <strong data-start=""276"" data-end=""326"">Claddagh Pocket Watch &amp; Matching Cufflinks Set</strong>, a timeless Irish gift rich in meaning and tradition. Featuring the iconic <strong data-start=""402"" data-end=""453"">Claddagh symbol of love, loyalty and friendship</strong>, this elegant set is designed for the modern gentleman with Irish roots.</p>
<p data-start=""528"" data-end=""544""><strong data-start=""528"" data-end=""544"">Pocket Watch</strong></p>
<ul data-start=""545"" data-end=""738"">
<li data-start=""545"" data-end=""608"">
<p data-start=""547"" data-end=""608"">Features a finely embossed <strong data-start=""574"" data-end=""593"">Claddagh emblem</strong> on the cover</p>
</li>
<li data-start=""609"" data-end=""667"">
<p data-start=""611"" data-end=""667""><strong data-start=""611"" data-end=""630"">Quartz movement</strong> for accurate, reliable timekeeping</p>
</li>
<li data-start=""668"" data-end=""738"">
<p data-start=""670"" data-end=""738"">Crafted from premium <strong data-start=""691"" data-end=""707"">Irish pewter</strong> with a classic silver finish</p>
</li>
</ul>
<p data-start=""740"" data-end=""753""><strong data-start=""740"" data-end=""753"">Cufflinks</strong></p>
<ul data-start=""754"" data-end=""887"">
<li data-start=""754"" data-end=""812"">
<p data-start=""756"" data-end=""812"">Matching Claddagh design for a coordinated formal look</p>
</li>
<li data-start=""813"" data-end=""887"">
<p data-start=""815"" data-end=""887"">Made from high-quality pewter to complement the pocket watch perfectly</p>
</li>
</ul>
<p data-start=""889"" data-end=""1044""><strong data-start=""889"" data-end=""909"">Why it’s special</strong><br>The Claddagh is one of Ireland’s most enduring symbols, making this set a meaningful <strong data-start=""995"" data-end=""1015"">Irish men’s gift</strong> for someone truly important.</p>
<p data-start=""1046"" data-end=""1059""><strong data-start=""1046"" data-end=""1059"">Ideal for</strong></p>
<ul data-start=""1060"" data-end=""1228"">
<li data-start=""1060"" data-end=""1132"">
<p data-start=""1062"" data-end=""1132""><strong data-start=""1062"" data-end=""1074"">Weddings</strong> – Groom, Best Man, Groomsmen, Father of the Bride/Groom</p>
</li>
<li data-start=""1133"" data-end=""1153"">
<p data-start=""1135"" data-end=""1153""><strong data-start=""1135"" data-end=""1151"">Father’s Day</strong></p>
</li>
<li data-start=""1154"" data-end=""1193"">
<p data-start=""1156"" data-end=""1193""><strong data-start=""1156"" data-end=""1191"">Birthdays &amp; milestone occasions</strong></p>
</li>
<li data-start=""1194"" data-end=""1228"">
<p data-start=""1196"" data-end=""1228""><strong data-start=""1196"" data-end=""1228"">Graduations &amp; service awards</strong></p>
</li>
</ul>
<p data-start=""1230"" data-end=""1324""><strong data-start=""1230"" data-end=""1253"">Handmade in Ireland</strong> by skilled craftspeople<br data-start=""1277"" data-end=""1280""><strong data-start=""1280"" data-end=""1324"">Worldwide shipping included in the price</strong></p>
<p data-start=""1326"" data-end=""1455"">A refined and symbolic gift that blends <strong data-start=""1366"" data-end=""1418"">Irish heritage, craftsmanship and timeless style</strong> — a piece to be treasured for years.</p>",Mullingar Pewter,,Gifts for Men,"21st, 40th, 50th, best man, birthday, celtic, claddagh, cufflinks, fathers day, general gift, general gifts, gents pewter cufflinks, gents pewter pocket watch, gents pewter watch, gift, groomsman, Heritage, irish, mechanical watch, men, pewter, pewter celtic watch, pewter pocket watch, pewter quartz watch, pewter silver, pewter silver cufflinks, pewter silver pocket watch, pewter silver watch, pocket watch, pocket watches, sports, watch, watches, wedding, wedding gifts, imported, unlisted",false,Title,Default Title,,,,,P370 Claddagh with cufflinks,0,shopify,0,deny,manual,71.95,,true,false,,https://cdn.shopify.com/s/files/1/1565/2549/products/IMG_20210621_092539.jpg?v=1642690257,1,Claddagh Gents Quartz Pewter Pocket watch & Cufflinks set,false,Claddagh Gents Quartz Pewter Pocket watch & Cufflinks set,"Product Code P370: Irish Claddagh Gents Quartz Pocket Watch & Cufflinks Set – Pewter Mark life’s special moments with this Claddagh Pocket Watch & Matching Cufflinks Set, a timeless Irish gift rich in meaning and tradition. Featuring the iconic Claddagh symbol of love, loyalty and friendship, this elegant set is design",,,,,,,,,,,,,g,,,true,true,,,unlisted
claddagh-gents-quartz-pocket-watch-and-cufflinks-set-price-includes-shipping,,,,,,,false,,,,,,,,,,,,,,,,,,https://cdn.shopify.com/s/files/1/1565/2549/products/CLADDAGHQUARTZGENTSPOCKETWATCHANDCUFFLINKSSET.jpg?v=1624446202,2,Claddagh Gents Quartz Pewter Pocket watch & Cufflinks set,,,,,,,,,,,,,,,,,,,,,,,unlisted
gents-quartz-watch-and-cufflinks-set-price-includes-shipping,Gents Shamrock Pewter Quartz Pocket Watch & Cufflinks set,"<p data-start=""160"" data-end=""246""><strong data-start=""160"" data-end=""246"">Product Code P370: Irish Gents Shamrock Pewter Quartz Pocket Watch &amp; Cufflinks Set</strong></p>
<p data-start=""248"" data-end=""519"">A timeless Irish gift set featuring a <strong data-start=""286"" data-end=""330"">Quartz Pocket Watch &amp; Matching Cufflinks</strong>, beautifully crafted in pewter with traditional <strong data-start=""379"" data-end=""399"">Celtic detailing</strong>. Available in <strong data-start=""414"" data-end=""446"">Shamrock or Claddagh designs</strong>, this elegant set is ideal for celebrating the special man in your life.</p>
<p data-start=""521"" data-end=""537""><strong data-start=""521"" data-end=""537"">Pocket Watch</strong></p>
<ul data-start=""538"" data-end=""672"">
<li data-start=""538"" data-end=""595"">
<p data-start=""540"" data-end=""595"">Reliable <strong data-start=""549"" data-end=""568"">quartz movement</strong> for accurate timekeeping</p>
</li>
<li data-start=""596"" data-end=""672"">
<p data-start=""598"" data-end=""672"">Crafted from high-quality <strong data-start=""624"" data-end=""640"">Irish pewter</strong> with a polished silver finish</p>
</li>
</ul>
<p data-start=""674"" data-end=""687""><strong data-start=""674"" data-end=""687"">Cufflinks</strong></p>
<ul data-start=""688"" data-end=""794"">
<li data-start=""688"" data-end=""740"">
<p data-start=""690"" data-end=""740"">Coordinated <strong data-start=""702"" data-end=""738"">Celtic-inspired pewter cufflinks</strong></p>
</li>
<li data-start=""741"" data-end=""794"">
<p data-start=""743"" data-end=""794"">Designed to complement the pocket watch perfectly</p>
</li>
</ul>
<p data-start=""796"" data-end=""814""><strong data-start=""796"" data-end=""814"">Design Options</strong></p>
<ul data-start=""815"" data-end=""938"">
<li data-start=""815"" data-end=""877"">
<p data-start=""817"" data-end=""877""><strong data-start=""817"" data-end=""829"">Shamrock</strong> – a symbol of Irish heritage and good fortune</p>
</li>
<li data-start=""878"" data-end=""938"">
<p data-start=""880"" data-end=""938""><strong data-start=""880"" data-end=""892"">Claddagh</strong> – representing love, loyalty and friendship</p>
</li>
</ul>
<p data-start=""940"" data-end=""955""><strong data-start=""940"" data-end=""955"">Perfect for</strong></p>
<ul data-start=""956"" data-end=""1043"">
<li data-start=""956"" data-end=""990"">
<p data-start=""958"" data-end=""990""><strong data-start=""958"" data-end=""988"">Best Man &amp; Groomsmen gifts</strong></p>
</li>
<li data-start=""991"" data-end=""1011"">
<p data-start=""993"" data-end=""1011""><strong data-start=""993"" data-end=""1009"">Father’s Day</strong></p>
</li>
<li data-start=""1012"" data-end=""1043"">
<p data-start=""1014"" data-end=""1043""><strong data-start=""1014"" data-end=""1043"">Birthdays &amp; Anniversaries</strong></p>
</li>
</ul>
<p data-start=""1045"" data-end=""1140"">A meaningful <strong data-start=""1058"" data-end=""1078"">Irish men’s gift</strong> that combines tradition, craftsmanship and everyday elegance.</p>
<p data-start=""1142"" data-end=""1202""><strong data-start=""1142"" data-end=""1165"">Handmade in Ireland</strong><br data-start=""1165"" data-end=""1168""><strong data-start=""1168"" data-end=""1202"">Shipping included in the price</strong></p>",Mullingar Pewter,,Gifts for Men,"21st, 40th, 50th, birthday, bronze, celtic, claddagh, cufflinks, general gift, general gifts, gift, Heritage, irish, men, mens, pewter, pewter silver, shamrock, sports, watch, wedding, wedding gifts, imported, unlisted",false,Title,Default Title,,,,,P370 Shamrock,0,shopify,0,deny,manual,71.95,,true,false,,https://cdn.shopify.com/s/files/1/1565/2549/products/IMG_20210621_095103.jpg?v=1642690797,1,Gents Shamrock Pewter Quartz Pocket Watch & Cufflinks set,false,Gents Shamrock Pewter Quartz Pocket Watch & Cufflinks set,"Product Code P370: Irish Gents Shamrock Pewter Quartz Pocket Watch & Cufflinks Set A timeless Irish gift set featuring a Quartz Pocket Watch & Matching Cufflinks, beautifully crafted in pewter with traditional Celtic detailing. Available in Shamrock or Claddagh designs, this elegant set is ideal for celebrating the spe",,,,,,,,,,,,,g,,,true,true,,,unlisted
a-pewter-tea-coffee-set,Mullingar Pewter Exclusive Limited Edition Irish Pewter Tea & Coffee Set,"<style type=""text/css""><!--
td {border: 1px solid #ccc;}br {mso-data-placement:same-cell;}
--></style>
<p><strong>Product code D11 Mullingar Pewter Exclusive Irish Pewter Tea &amp; Coffee Set</strong></p>
<p data-start=""77"" data-end=""398"">An heirloom of exceptional Irish craftsmanship, our Limited Edition all-pewter Tea &amp; Coffee Set is created for those who appreciate true distinction. Handcrafted in Mullingar, this elite collection includes a tea pot, coffee pot, creamer, sugar bowl and matching serving tray, each adorned with refined Celtic engraving.</p>
<p data-start=""400"" data-end=""557"">Impressive in weight and presence, this is more than a serving set — it is a legacy piece, designed to be treasured, admired and passed down for generations.</p>
<p data-start=""400"" data-end=""557"">Please allow extra time for delivery on this amazing and unique product</p>
<p><span style=""text-decoration: underline;""><strong>About out Pewter Tea Pots, Coffee Pots, Jugs and Steins.</strong></span></p>
<p>Our metal content in all of the above is 92-95% tin with a balance of Copper and Antimony.</p>
<p>Our metal is Lead free and complies with EU, FDA,BS and Proposition 65 standards.</p>
<p>Our items are generally packaged in Brown Card Board boxes as they are part of a set, or they need additional packaging.</p>",Mullingar Pewter,,Gift,"antique, beverage set, canister, coffee, coffee pot, exquisite, irish, Irish american, irish gift, irish heritage, Irish History, Irish pewter, jug, limited edition, luck of the irish, pewter beverage set, pewter coffee set, pewter milk jug, pewter pot, pewter sugar bowl, pewter tea set, pewter tray, set, tea, tea pot, unique, unique tea and coffee set, vintage, imported, unlisted",false,Title,Default Title,,,,,D11,0,shopify,0,deny,manual,1100.00,,true,false,,https://cdn.shopify.com/s/files/1/1565/2549/products/TEA_AND_COFFEE_SET.jpg?v=1772639156,1,Mullingar Pewter Exclusive Limited Edition Irish Pewter Tea & Coffee Set,false,Mullingar Pewter Exclusive Limited Edition Irish Pewter Tea & Coffee S,"Product code D11 Mullingar Pewter Exclusive Irish Pewter Tea & Coffee Set An heirloom of exceptional Irish craftsmanship, our Limited Edition all-pewter Tea & Coffee Set is created for those who appreciate true distinction. Handcrafted in Mullingar, this elite collection includes a tea pot, coffee pot, creamer, sugar b",,,,,,,,,,,,,g,,,true,true,,,unlisted
kells-candlesticks-set-of-two-with-candles,Mullingar Pewter Kells Pewter Candle Holders with candles,"<p><strong>Product Code: P145 Mullingar Pewter Kells Candle Holders (with Candles)</strong></p>
<p>Mark special moments with this stunning set of Mullingar Pewter Irish candlesticks. Featuring an intricate Trinity Knot design, inspired by the Celtic Cross of Clonard, these candle holders reflect the artistry of Ireland’s ancient monastic settlements that thrived before the 10th century.</p>
<p><strong>Product Details:</strong></p>
<ul>
<li>
<strong>Height:</strong> 4.5 inches</li>
<li>
<strong>Design:</strong> Trinity Knot inspired by the Celtic Cross of Clonard.</li>
<li>
<strong>Includes:</strong> Two white candles and a presentation box, perfect for gifting.</li>
</ul>
<p>A timeless gift to celebrate weddings, anniversaries, or other special occasions.</p>
<p><strong>Handmade in Ireland</strong> with exceptional craftsmanship.<br><strong>Price Includes Worldwide Shipping.</strong></p>
<p><br></p>",Mullingar Pewter,,Homeware,"candle, candlestick, celtic candleholders, Celtic design, pewter, pewter candleholder, pewter candlestick, pewter silver, pewter silver wedding, pewter triskele, set of 2 candleholder, set of 2 candlesticks, silver wedding, triskel, triskele, Triskeles, wedding, wedding gifts, imported, unlisted",false,Title,Default Title,,,,,P145,0,shopify,0,deny,manual,119.95,,true,false,,https://cdn.shopify.com/s/files/1/1565/2549/products/squarekellscandle.jpg?v=1625657740,1,Mullingar Pewter Kells Pewter Candle Holders with candles,false,Mullingar Pewter Kells Pewter Candle Holders with candles,"Product Code: P145 Mullingar Pewter Kells Candle Holders (with Candles) Mark special moments with this stunning set of Mullingar Pewter Irish candlesticks. Featuring an intricate Trinity Knot design, inspired by the Celtic Cross of Clonard, these candle holders reflect the artistry of Ireland’s ancient monastic settlem",,,,,,,,,,,,,g,,,true,true,,,unlisted
kells-candlesticks-set-of-two-with-candles,,,,,,,false,,,,,,,,,,,,,,,,,,https://cdn.shopify.com/s/files/1/1565/2549/products/CANDLEHOLDERSETP145.jpg?v=1625657902,2,Mullingar Pewter Kells Pewter Candle Holders with candles,,,,,,,,,,,,,,,,,,,,,,,unlisted
pewter-whiskey-measures-shots,Mullingar Pewter Measure & Shots Collection,"<h2>
<strong>Mullingar Pewter Measure &amp; Shots Collection </strong><strong>Handmade Pewter Shot Measures with Iconic Celtic and Whiskey Designs</strong>
</h2>
<hr>
<p>Discover our exquisite collection of pewter shot measures, each meticulously handcrafted and adorned with traditional Celtic motifs and renowned whiskey brand logos. Perfect for any aspiring bartender or whiskey enthusiast, these measures combine function with a touch of Irish heritage and elegance.</p>
<hr>
<h3><strong>Product Details</strong></h3>
<ul>
<li>
<strong>Material:</strong> Premium Irish pewter</li>
<li>
<strong>Capacity:</strong> Standard 1 oz (1/4 jigger)</li>
<li>
<strong>Design:</strong> Celtic patterns and branded whiskey emblems</li>
<li>
<strong>Finish:</strong> Polished to a fine silver sheen</li>
</ul>
<hr>
<h3><strong>Product Range</strong></h3>
<hr>
<p><strong>### A18 IW - Irish Whisky Pewter Measure</strong></p>
<p><strong>Ideal for the budding bartender.</strong> This beautifully crafted shot measure holds 1 oz (or 1/4 jigger) and is embellished with intricate Celtic designs on two sides, inspired by the historic Bealin Cross near Mullingar. The third side features a symbol of a whiskey still, representing the rich tradition of Irish whiskey making. Each design connects you to Ireland’s storied past and cultural heritage.</p>
<p><strong>Key Features:</strong></p>
<ul>
<li>
<strong>Capacity:</strong> 1 oz (1/4 jigger)</li>
<li>
<strong>Design:</strong> Celtic motifs inspired by Bealin Cross and whiskey still emblem</li>
<li>
<strong>Usage:</strong> Ideal for measuring spirits or enjoying a shot</li>
</ul>
<p><strong>HANDMADE IN IRELAND | PRICE INCLUDES SHIPPING</strong></p>
<hr>
<p><strong>### A18T - Teachers Whisky Pewter Measure</strong></p>
<p><strong>A piece of Scottish heritage.</strong> This measure celebrates Teachers Scotch Whisky, a brand established in Glasgow in 1830. Featuring a capacity of 1 oz (1/4 jigger), this measure is perfect for both bartending and as a unique collectible. The sides display intricate Celtic designs while the logo of Teachers Whisky adds a distinctive touch.</p>
<p><strong>Key Features:</strong></p>
<ul>
<li>
<strong>Capacity:</strong> 1 oz (1/4 jigger)</li>
<li>
<strong>Design:</strong> Celtic patterns with Teachers Whisky logo</li>
<li>
<strong>Background:</strong> Honors the heritage of Teachers Scotch Whisky, a brand with a rich history dating back to the 19th century</li>
</ul>
<p><strong>HANDMADE IN IRELAND | PRICE INCLUDES SHIPPING</strong></p>
<hr>
<p><strong>### A18 TD - Tullamore Dew Whisky Pewter Measure</strong></p>
<p><strong>Celebrate Irish whiskey tradition.</strong> This traditional pewter shot measure is crafted with fine detail, featuring 1 oz (1/4 jigger) capacity. The measure is decorated with Celtic designs inspired by the Bealin Cross, and the Tullamore Dew logo, highlighting the whiskey’s rich history dating back to 1829 in Tullamore, Co. Offaly.</p>
<p><strong>Key Features:</strong></p>
<ul>
<li>
<strong>Capacity:</strong> 1 oz (1/4 jigger)</li>
<li>
<strong>Design:</strong> Celtic motifs and Tullamore Dew logo</li>
<li>
<strong>Heritage:</strong> Reflects the legacy of Tullamore Dew, the second most popular Irish whiskey worldwide</li>
</ul>
<p><strong>HANDMADE IN IRELAND | PRICE INCLUDES SHIPPING</strong></p>
<hr>
<h3><strong>Cultural Significance</strong></h3>
<p>The Celtic designs on our shot measures draw from the ancient Bealin Cross near Mullingar, which, like many Celtic crosses, tells stories from historic manuscripts. These symbols are a vital part of Ireland’s rich cultural heritage, linking the present to the ancient traditions of Ogham stones and monastic manuscripts created by monks across Ireland.</p>
<h3><strong>Why Choose Mullingar Pewter?</strong></h3>
<ul>
<li>
<strong>Authentic Craftsmanship:</strong> Each piece is handcrafted in Mullingar, Ireland, by skilled artisans committed to preserving the rich tradition of pewter work.</li>
<li>
<strong>Cultural Connection:</strong> Our designs are inspired by significant Irish historical artifacts, providing not just a practical bar tool but a piece of Irish art with deep cultural roots.</li>
<li>
<strong>Perfect Gift:</strong> These shot measures make excellent gifts for birthdays, weddings, or any special occasion, especially for those with a love for whiskey and Irish heritage.</li>
</ul>
<h3>
<strong>HANDMADE IN IRELAND</strong> | <strong>PRICE INCLUDES SHIPPING</strong>
</h3>
<p data-mce-fragment=""1""><span style=""text-decoration: underline;"" data-mce-fragment=""1"" data-mce-style=""text-decoration: underline;""><strong data-mce-fragment=""1"">About our Pewter Measures</strong></span></p>
<p data-mce-fragment=""1"">Our metal content in all of the above is 92-95% tin with a balance of Copper and Antimony.</p>
<p data-mce-fragment=""1"">Our metal is Lead free and complies with EU, FDA,BS and Proposition 65 standards.</p>
<p data-mce-fragment=""1"">Our items are packaged in Black and Silver Mullingar Pewter Packaging where possible.</p>
<p> </p>",Mullingar Pewter,,Drinkware,"21st, 40th, CELTIC, celtic shot, celtic tot, groomsman, ireland, irish, Irish Whiskey, jameson, measure, pewter celtic measure, pewter celtic shot, pewter measue, pewter shot, pewter silver shot, pewter silver tot, pewter spirit, pewter spirit measure, pewter tot, pewter whiskey measure, scotland, SHOT, spirit, spirit measure, Teachers, TOT, TULLAMORE DEW, whiskey, WHISKY, imported, unlisted",false,Choose Design,Tullamore Dew Measure,,,,,A18TD,0,shopify,0,deny,manual,57.95,,true,false,,https://cdn.shopify.com/s/files/1/1565/2549/products/WHISKEYSHOTS1OZ.jpg?v=1661502497,1,Mullingar Pewter Measure & Shots Collection,false,Mullingar Pewter Measure & Shots Collection,"Mullingar Pewter Measure & Shots Collection Handmade Pewter Shot Measures with Iconic Celtic and Whiskey Designs Discover our exquisite collection of pewter shot measures, each meticulously handcrafted and adorned with traditional Celtic motifs and renowned whiskey brand logos. Perfect for any aspiring bartender or whi",,,,,,,,,,,,,g,,,true,true,,,unlisted
pewter-whiskey-measures-shots,,,,,,,false,,Teachers Whiskey Measure,,,,,A18T,0,shopify,0,deny,manual,57.95,,true,false,,,,,,,,,,,,,,,,,,,,g,,,,,,,unlisted
pewter-whiskey-measures-shots,,,,,,,false,,Irish Whiskey,,,,,A18IW Irish Whiskey,0,shopify,0,deny,manual,57.95,,true,false,,,,,,,,,,,,,,,,,,,,g,,,,,,,unlisted
pewter-whiskey-measures-shots,,,,,,,false,,SET OF THREE WHISKEY MEASURES,,,,,3 measures,0,shopify,0,deny,manual,159.95,,true,false,,,,,,,,,,,,,,,,,,,,g,,,,,,,unlisted
pewter-whiskey-measures-shots,,,,,,,false,,,,,,,,,,,,,,,,,,https://cdn.shopify.com/s/files/1/1565/2549/products/IRISHWHISKEY1OZSHOT.jpg?v=1661502497,2,Mullingar Pewter Measure & Shots Collection,,,,,,,,,,,,,,,,,,,,,,,unlisted
pewter-whiskey-measures-shots,,,,,,,false,,,,,,,,,,,,,,,,,,https://cdn.shopify.com/s/files/1/1565/2549/products/1OZTEACHERSWHISKYSHOT.jpg?v=1661502497,3,Mullingar Pewter Measure & Shots Collection,,,,,,,,,,,,,,,,,,,,,,,unlisted
pewter-whiskey-measures-shots,,,,,,,false,,,,,,,,,,,,,,,,,,https://cdn.shopify.com/s/files/1/1565/2549/products/TULLAMOREDEWWHISKEYSHOT1OZ.jpg?v=1661502497,4,Mullingar Pewter Measure & Shots Collection,,,,,,,,,,,,,,,,,,,,,,,unlisted
pewter-whiskey-measures-shots,,,,,,,false,,,,,,,,,,,,,,,,,,https://cdn.shopify.com/s/files/1/1565/2549/products/CELTICSHOT1OZ.jpg?v=1661502497,5,Mullingar Pewter Measure & Shots Collection,,,,,,,,,,,,,,,,,,,,,,,unlisted
celtic-shot-measure-with-handle,Mullingar Pewter Celtic Irish Pewter Shot Measure,"<h2><strong>Mullingar Pewter Celtic Irish Pewter Shot Measure</strong></h2>
<hr>
<h3><strong>Product Code: A18H</strong></h3>
<hr>
<h3><strong>Description</strong></h3>
<p>Elevate your barware collection with the <strong>Mullingar Pewter Celtic Irish Pewter Shot Measure</strong>, a stunning blend of traditional Irish craftsmanship and modern utility. Meticulously handcrafted, this shot measure showcases intricate Celtic designs and features a unique Celtic dragon handle, making it a beautiful and functional piece for any home bar.</p>
<hr>
<h3><strong>Product Details</strong></h3>
<ul>
<li>
<strong>Material:</strong> Finest Irish pewter</li>
<li>
<strong>Capacity:</strong> 1 oz (approximately 30 ml)</li>
<li>
<strong>Design:</strong> Celtic motifs with a dragon handle</li>
<li>
<strong>Finish:</strong> Polished to a brilliant silver sheen</li>
</ul>
<h3><strong>Key Features</strong></h3>
<ul>
<li>
<strong>Exquisite Craftsmanship:</strong> Each shot measure is crafted with precision, highlighting the intricate Celtic designs that wrap around the body of the measure and extend into the uniquely designed dragon handle.</li>
<li>
<strong>Functional and Decorative:</strong> Whether used for accurately measuring spirits or enjoyed as a miniature drinking vessel, this shot measure adds a touch of elegance and tradition to your drinkware.</li>
<li>
<strong>Celtic Tradition:</strong> The detailed Celtic patterns pay homage to Ireland’s rich cultural heritage, making it a meaningful addition to any collection.</li>
<li>
<strong>Perfect Gift:</strong> Ideal for birthdays, weddings, or any special occasion, this shot measure makes a thoughtful gift for those who appreciate fine craftsmanship and Irish tradition.</li>
</ul>
<h3><strong>Why Choose Mullingar Pewter Celtic Shot Measure?</strong></h3>
<ul>
<li>
<strong>Authentic Irish Craftsmanship:</strong> Handcrafted in Mullingar, Ireland, by skilled artisans who ensure every piece meets the highest standards of quality and design.</li>
<li>
<strong>Unique Design:</strong> The Celtic dragon handle adds a distinctive touch that sets this shot measure apart from ordinary barware.</li>
<li>
<strong>Versatile Use:</strong> Perfect for home bars, this shot measure can be used for precise measurements or as a unique conversation piece during gatherings.</li>
</ul>
<h3><strong>Ordering Information</strong></h3>
<ul>
<li>
<strong>Handmade in Ireland:</strong> Proudly crafted in Mullingar, ensuring authenticity and unmatched quality.</li>
<li>
<strong>Price Includes Shipping:</strong> All our pricing includes worldwide shipping, making it convenient and cost-effective to add this beautiful piece to your collection.</li>
</ul>
<p><strong>Add a touch of Irish heritage to your barware collection with the Mullingar Pewter Celtic Irish Pewter Shot Measure. Order now and enjoy the perfect blend of tradition and elegance.</strong></p>
<hr>
<p><strong>HANDMADE IN IRELAND</strong> | <strong>PRICE INCLUDES SHIPPING</strong></p>
<p><span style=""text-decoration: underline;""><strong>About our Pewter Measures</strong></span></p>
<p>Our metal content in all of the above is 92-95% tin with a balance of Copper and Antimony.</p>
<p>Our metal is Lead free and complies with EU, FDA,BS and Proposition 65 standards.</p>
<p>Our items are packaged in Black and Silver Mullingar Pewter Packaging where possible.</p>",Mullingar Pewter,,MEASURE,"21st, birthday, bronze, celtic, general gift, general gifts, gift, Heritage, irish, irish whiskey, men, pewter, pewter silver, pewter spirit, spirit, sports, whiskey, whisky, imported, unlisted",false,Title,Default Title,,,,,A18H,0,shopify,0,deny,manual,59.95,,true,false,,https://cdn.shopify.com/s/files/1/1565/2549/products/CELTICSHOTMEASURE1OZWITHHANDLE.jpg?v=1642504205,1,Mullingar Pewter Celtic Irish Pewter Shot Measure,false,Mullingar Pewter Celtic Irish Pewter Shot Measure,"Mullingar Pewter Celtic Irish Pewter Shot Measure Product Code: A18H Description Elevate your barware collection with the Mullingar Pewter Celtic Irish Pewter Shot Measure, a stunning blend of traditional Irish craftsmanship and modern utility. Meticulously handcrafted, this shot measure showcases intricate Celtic desi",,,,,,,,,,,,,g,,,true,true,,,unlisted
plain-pewter-pint-tankard,Mullingar Pewter Plain Pint Tankard,"<p><strong>Mullingar Pewter Traditional Plain Tankard</strong><br><strong>Product Code: G7</strong></p>
<p>Handcrafted by skilled pewter artisans, this <strong>plain traditional style pewter tankard</strong> is an excellent gift for any occasion, including birthdays, graduations, groomsmen gifts, and awards. It’s the perfect choice for the discerning drinker who appreciates fine Irish craftsmanship.</p>
<p><strong>Personalization Available</strong><br>Add a personal touch to commemorate a special moment.</p>
<p><strong>Specifications:</strong></p>
<ul>
<li>
<strong>Capacity:</strong> 1 pint</li>
<li>
<strong>Height:</strong> 4.5 inches</li>
<li>
<strong>Diameter at top:</strong> 3.25 inches</li>
<li>
<strong>Base:</strong> 4 inches</li>
</ul>
<p>Also available with <strong>Irish and American flags</strong> for a unique, patriotic touch.</p>
<p><strong>Handmade in Ireland</strong><br><strong>Price includes shipping.</strong></p>
<p><span style=""text-decoration: underline;""><strong>About our Pewter Tankards</strong></span></p>
<p>Our metal content in all of the above is 92-95% tin with a balance of Copper and Antimony.</p>
<p>Our metal is Lead free and complies with EU, FDA,BS and Proposition 65 standards.</p>
<p>Our items are packaged in Black and Silver Mullingar Pewter Packaging where possible.</p>",Mullingar Pewter,,Tankard,"18th, 21st, 25th, 30th, 40th, 70 years, 70th, anniversary, anniversary gift for him, best man, bestman, budweiser, carlsberg, celtic, cheers, cider, dad, dads gift, drink, drinking cup, drinks, drinkware, engraving, father, fathers day, fathersday, gift, irish, pewter silver, pint, tankard, imported, unlisted",false,PINT TANKARD,PLAIN PINT TANKARD,,,,,G7,0,shopify,0,deny,manual,114.95,,true,false,,https://cdn.shopify.com/s/files/1/1565/2549/products/PINTTANKARD_d5926ab8-0f5e-4000-99a6-493377e750b3.jpg?v=1642587894,1,Mullingar Pewter Plain Pint Tankard,false,Mullingar Pewter Plain Pint Tankard,"Mullingar Pewter Traditional Plain TankardProduct Code: G7 Handcrafted by skilled pewter artisans, this plain traditional style pewter tankard is an excellent gift for any occasion, including birthdays, graduations, groomsmen gifts, and awards. It’s the perfect choice for the discerning drinker who appreciates fine Iri",,,,,,,,,,,,,g,,,true,true,,,unlisted
plain-pewter-pint-tankard,,,,,,,false,,CROSS FLAGS TANKARD,,,,,G7 with Flags crossed,0,shopify,0,deny,manual,114.95,,true,false,,,,,,,,,,,,,,,,,,,,g,,,,,,,unlisted
plain-pewter-pint-tankard,,,,,,,false,,,,,,,,,,,,,,,,,,https://cdn.shopify.com/s/files/1/1565/2549/products/TANKARDS.jpg?v=1622763767,2,Mullingar Pewter Plain Pint Tankard,,,,,,,,,,,,,,,,,,,,,,,unlisted
kells-goblet,Mullingar Pewter Goblets depicting Letters from the Book of Kells,"<h2><strong>EXCLUSIVE PRODUCT: Mullingar Pewter Goblets depicting Letters from the Book of Kells</strong></h2>
<h3><strong>Product Code: B01</strong></h3>
<hr>
<h3><strong>Description</strong></h3>
<p>Introducing our exquisite Kells Pewter Goblets, a unique addition to any drinkware collection, exclusively available from Mullingar Pewter. These goblets are adorned with intricate designs inspired by the famous Book of Kells, specifically featuring the principal letters that begin each of the four Gospels. Choose from letters Z, IP, ET, and T, or opt for a complete set to own a piece of Irish heritage.</p>
<hr>
<h3><strong>Product Details</strong></h3>
<ul>
<li>
<strong>Product Code:</strong> B01</li>
<li>
<strong>Material:</strong> Premium-grade pewter</li>
<li>
<strong>Design:</strong> Inspired by the Book of Kells, featuring the letters Z, IP, ET, and T</li>
<li>
<strong>Availability:</strong> Individual letters or as a set of four</li>
<li>
<strong>Handcrafted:</strong> Each goblet is meticulously crafted by hand in Ireland</li>
<li>
<strong>Finish:</strong> Polished to a beautiful silver sheen</li>
</ul>
<h3><strong>Key Features</strong></h3>
<ul>
<li>
<strong>Book of Kells Inspiration:</strong> The letters Z, IP, ET, and T are intricately designed to mirror the principal letters in the illuminated manuscripts of the four Gospels in the Book of Kells.</li>
<li>
<strong>Exclusive Design:</strong> These goblets are a unique and exclusive offering from Mullingar Pewter, showcasing the finest craftsmanship.</li>
<li>
<strong>Collectible Set:</strong> Purchase individually or as a complete set of four, perfect for collectors and those who appreciate fine Irish craftsmanship.</li>
</ul>
<h3><strong>Why Choose Kells Goblets?</strong></h3>
<ul>
<li>
<strong>Cultural Significance:</strong> These goblets not only serve as functional drinkware but also as a celebration of Irish history and art.</li>
<li>
<strong>Perfect Gift:</strong> Ideal for weddings, anniversaries, birthdays, or any special occasion for someone who appreciates Celtic design and heritage.</li>
<li>
<strong>Elegant Display:</strong> Makes a stunning addition to any dining setting or display cabinet.</li>
</ul>
<h3><strong>Ordering Information</strong></h3>
<ul>
<li>
<strong>Price:</strong> Each goblet or the complete set is priced to include worldwide shipping.</li>
<li>
<strong>Handmade in Ireland:</strong> Proudly crafted in Mullingar, Ireland, ensuring authenticity and quality.</li>
</ul>
<p><strong>Order today to bring a piece of Ireland’s artistic heritage into your home.</strong></p>
<hr>
<p><strong>EXCLUSIVE PRODUCT</strong> | <strong>HANDMADE IN IRELAND</strong> | <strong>PRICE INCLUDES SHIPPING</strong></p>
<p><span style=""text-decoration: underline;""><strong>About our Pewter Goblets</strong></span></p>
<p>Our metal content in all of the above is 92-95% tin with a balance of Copper and Antimony.</p>
<p>Our metal is Lead free and complies with EU, FDA,BS and Proposition 65 standards.</p>
<p>Our items are packaged in Black and Silver Mullingar Pewter Packaging where possible.</p>",Mullingar Pewter,,Drinkware,"book of kells, goblet, irish, Irish american, irish gift, irish heritage, Irish pewter, kells, kells design, pewter goblet, trinity college, imported, unlisted",false,Kells Gobets,"SET OF FOUR BEER GOBLETS, ONE OF EACH DESIGN.",,,,,B01 set of 4,0,shopify,0,deny,manual,499.95,,true,false,,https://cdn.shopify.com/s/files/1/1565/2549/products/BEERGOBLETSBOOKOFKELLSLETTERSET_Z_IP_T.jpg?v=1683118702,1,Mullingar Pewter Goblets depicting Letters from the Book of Kells,false,Mullingar Pewter Goblets depicting Letters from the Book of Kells,"EXCLUSIVE PRODUCT: Mullingar Pewter Goblets depicting Letters from the Book of Kells Product Code: B01 Description Introducing our exquisite Kells Pewter Goblets, a unique addition to any drinkware collection, exclusively available from Mullingar Pewter. These goblets are adorned with intricate designs inspired by the ",,,,,,,,,,,,,g,,,true,true,,,unlisted
kells-goblet,,,,,,,false,,Z,,,,,B01Z,0,shopify,0,deny,manual,131.95,,true,false,,,,,,,,,,,,,,,,,,,,g,,,,,,,unlisted
kells-goblet,,,,,,,false,,T,,,,,B01T,0,shopify,0,deny,manual,131.95,,true,false,,,,,,,,,,,,,,,,,,,,g,,,,,,,unlisted
kells-goblet,,,,,,,false,,IP,,,,,B01IP,0,shopify,0,deny,manual,131.95,,true,false,,,,,,,,,,,,,,,,,,,,g,,,,,,,unlisted
kells-goblet,,,,,,,false,,ET,,,,,B01ET,0,shopify,0,deny,manual,131.95,,true,false,,,,,,,,,,,,,,,,,,,,g,,,,,,,unlisted
kells-goblet,,,,,,,false,,,,,,,,,,,,,,,,,,https://cdn.shopify.com/s/files/1/1565/2549/products/BEERGOBLETBOOKOFKELLSLETTERZ.jpg?v=1683118702,2,Mullingar Pewter Goblets depicting Letters from the Book of Kells,,,,,,,,,,,,,,,,,,,,,,,unlisted
kells-goblet,,,,,,,false,,,,,,,,,,,,,,,,,,https://cdn.shopify.com/s/files/1/1565/2549/products/BEERGOBLETBOOKOFKELLSLETTERT.jpg?v=1683118702,3,Mullingar Pewter Goblets depicting Letters from the Book of Kells,,,,,,,,,,,,,,,,,,,,,,,unlisted
kells-goblet,,,,,,,false,,,,,,,,,,,,,,,,,,https://cdn.shopify.com/s/files/1/1565/2549/products/BEERGOBLETBOOKOFKELLSLETTERSIP.jpg?v=1683118702,4,Mullingar Pewter Goblets depicting Letters from the Book of Kells,,,,,,,,,,,,,,,,,,,,,,,unlisted
kells-goblet,,,,,,,false,,,,,,,,,,,,,,,,,,https://cdn.shopify.com/s/files/1/1565/2549/products/BEERGOBLETBOOKOFKELLSLETTERSET.jpg?v=1683118702,5,Mullingar Pewter Goblets depicting Letters from the Book of Kells,,,,,,,,,,,,,,,,,,,,,,,unlisted
irish-legends-pewter-goblet,Mullingar Pewter Exclusive - Irish Legends Pewter Goblet,"<h3>Product Details: Irish Legends Pewter Goblet (12oz) - Mullingar Pewter Exclusive</h3>
<p><strong>Product Code:</strong> P62</p>
<p><strong>Description:</strong> This stunning 12oz Irish Legends Pewter Goblet is part of our exclusive Mullingar Pewter collection. Each goblet is adorned with intricate designs that bring to life the captivating tales of Ireland's rich heritage.</p>
<p><strong>Available Designs:</strong></p>
<ul>
<li>
<strong>Cuchulainn &amp; Ferdia:</strong> Celebrating the heroic saga of Cuchulainn and his close companion, Ferdia.</li>
<li>
<strong>The Salmon of Knowledge:</strong> Featuring the legendary fish that bestowed wisdom upon the deserving.</li>
<li>
<strong>The Children of Lir:</strong> Depicting the heart-wrenching story of the four children transformed into swans.</li>
<li>
<strong>The Hound of Culainn:</strong> Illustrating the tale of the mighty warrior's loyal hound.</li>
</ul>
<p><strong>Special Feature:</strong> Each goblet comes with a detailed booklet that narrates all four of these legendary Irish stories, making it not just a drinkware piece but a gateway to ancient Irish lore.</p>
<p><strong>Handcrafted in Ireland:</strong> Each goblet is meticulously handcrafted by skilled artisans, ensuring a unique and high-quality piece that embodies traditional Irish craftsmanship.</p>
<p><strong>Price:</strong> The listed price includes shipping, delivering this exquisite piece of Irish culture directly to your door.</p>
<p><strong>Perfect For:</strong> Ideal as a unique gift, a collector's item, or a cherished addition to your home, bringing a touch of Irish legend and artistry to any setting.</p>
<p><span style=""text-decoration: underline;""><strong>About our Goblets</strong></span></p>
<p>Our metal content in all of the above is 92-95% tin with a balance of Copper and Antimony.</p>
<p>Our metal is Lead free and complies with EU, FDA,BS and Proposition 65 standards.</p>
<p>Our items are packaged in Black and Silver Mullingar Pewter Packaging where possible.</p>",Mullingar Pewter,,GOBLETS,"children of lir, cuchulainn, ferdia, general gift, gift, goblet, goblets, hound of culainn, irish, legends, pewter goblet, pewter goblets, pewter silver, pewter silver goblet, pewter silver goblets, salmon of knowledge, imported, unlisted",false,Legends Goblet,Salmon of Knowledge Goblet,,,,,P62 S,0,shopify,0,deny,manual,119.95,,true,false,,https://cdn.shopify.com/s/files/1/1565/2549/products/1644930985772.jpg?v=1644932427,1,Mullingar Pewter Exclusive - Irish Legends Pewter Goblet,false,Mullingar Pewter Exclusive,Product Details: Irish Legends Pewter Goblet (12oz) - Mullingar Pewter Exclusive Product Code: P62 Description: This stunning 12oz Irish Legends Pewter Goblet is part of our exclusive Mullingar Pewter collection. Each goblet is adorned with intricate designs that bring to life the captivating tales of Ireland's rich he,,,,,,,,,,,,,g,,,true,true,,,unlisted
irish-legends-pewter-goblet,,,,,,,false,,Cuchulainn & Ferdia Goblet,,,,,P62 C,0,shopify,0,deny,manual,119.95,,true,false,,,,,,,,,,,,,,,,,,,,g,,,,,,,unlisted
irish-legends-pewter-goblet,,,,,,,false,,Children of Lir Goblet,,,,,P62 L,0,shopify,0,deny,manual,119.95,,true,false,,,,,,,,,,,,,,,,,,,,g,,,,,,,unlisted
irish-legends-pewter-goblet,,,,,,,false,,Hound of Culainn,,,,,P62 H,0,shopify,0,deny,manual,119.95,,true,false,,,,,,,,,,,,,,,,,,,,g,,,,,,,unlisted
irish-legends-pewter-goblet,,,,,,,false,,Set of 4 Legends Goblets,,,,,P62 Set of 4,0,shopify,0,deny,manual,449.95,,true,false,,,,,,,,,,,,,,,,,,,,g,,,,,,,unlisted
irish-legends-pewter-goblet,,,,,,,false,,,,,,,,,,,,,,,,,,https://cdn.shopify.com/s/files/1/1565/2549/products/1644930985796.jpg?v=1644932480,2,Mullingar Pewter Exclusive - Irish Legends Pewter Goblet,,,,,,,,,,,,,,,,,,,,,,,unlisted
irish-legends-pewter-goblet,,,,,,,false,,,,,,,,,,,,,,,,,,https://cdn.shopify.com/s/files/1/1565/2549/products/1644930985819.jpg?v=1644932522,3,Mullingar Pewter Exclusive - Irish Legends Pewter Goblet,,,,,,,,,,,,,,,,,,,,,,,unlisted
irish-legends-pewter-goblet,,,,,,,false,,,,,,,,,,,,,,,,,,https://cdn.shopify.com/s/files/1/1565/2549/products/1644930985841.jpg?v=1644932598,4,Mullingar Pewter Exclusive - Irish Legends Pewter Goblet,,,,,,,,,,,,,,,,,,,,,,,unlisted
irish-legends-pewter-goblet,,,,,,,false,,,,,,,,,,,,,,,,,,https://cdn.shopify.com/s/files/1/1565/2549/products/1644930985863.jpg?v=1644931561,5,Mullingar Pewter Exclusive - Irish Legends Pewter Goblet,,,,,,,,,,,,,,,,,,,,,,,unlisted
irish-legends-pewter-tankard,Mullingar Pewter Irish Legends Pewter Tankard,"<p><strong>Product Code: P61 Mullingar Pewter Irish Legends Pewter Tankard</strong></p>
<p><strong>Exclusive Product</strong></p>
<p>Experience the charm of Irish mythology with our exclusive Mullingar Pewter Irish Legends Pewter Tankard. Crafted from high-quality pewter metal, this 10oz tankard is available in four unique designs:</p>
<ul>
<li><strong>Cuchulainn &amp; Ferdia</strong></li>
<li><strong>The Salmon of Knowledge</strong></li>
<li><strong>The Children of Lir</strong></li>
<li><strong>The Hound of Culainn</strong></li>
</ul>
<p>Each tankard comes with a beautifully illustrated booklet detailing all four legendary stories, adding a rich narrative to your collection.</p>
<p><strong>Key Features:</strong></p>
<ul>
<li>
<strong>Handmade in Ireland:</strong> Each tankard is meticulously crafted by skilled artisans.</li>
<li>
<strong>High-Quality Pewter:</strong> Durable and elegant, ensuring longevity and a timeless appearance.</li>
<li>
<strong>Exclusive Designs:</strong> Features intricate artwork depicting iconic Irish legends.</li>
<li>
<strong>Comprehensive Booklet:</strong> Includes stories of all four legends, enhancing the cultural value of your tankard.</li>
<li>
<strong>Perfect Size:</strong> 10oz capacity, ideal for enjoying your favorite beverages.</li>
<li>
<strong>Price Includes Shipping:</strong> Enjoy the convenience of free shipping with your purchase.</li>
</ul>
<p><strong>HANDMADE IN IRELAND</strong></p>
<p><strong>PRICE INCLUDES SHIPPING</strong></p>
<p><span style=""text-decoration: underline;""><strong>About our Pewter Tankards</strong></span></p>
<p>Our metal content in all of the above is 92-95% tin with a balance of Copper and Antimony.</p>
<p>Our metal is Lead free and complies with EU, FDA,BS and Proposition 65 standards.</p>
<p>Our items are packaged in Black and Silver Mullingar Pewter Packaging where possible.</p>",Mullingar Pewter,,Tankard,"children of lir, cuchulainn, ferdia, Heritage, hound, hound of culainn, irish heritage, irish legends, lir, pewter silver tankard, Pewter tankard, salmon, salmon of knowledge, tankard, imported, unlisted",false,Legends Tankard,Set of 4 Legends Tankard,,,,,P61 Set of 4,0,shopify,0,deny,manual,354.95,,true,false,,https://cdn.shopify.com/s/files/1/1565/2549/products/1644934719375.jpg?v=1683117249,1,Mullingar Pewter Irish Legends Pewter Tankard,false,Mullingar Pewter Irish Legends Pewter Tankard,"Product Code: P61 Mullingar Pewter Irish Legends Pewter Tankard Exclusive Product Experience the charm of Irish mythology with our exclusive Mullingar Pewter Irish Legends Pewter Tankard. Crafted from high-quality pewter metal, this 10oz tankard is available in four unique designs: Cuchulainn & Ferdia The Salmon of Kno",,,,,,,,,,,,,g,,,true,true,,,unlisted
irish-legends-pewter-tankard,,,,,,,false,,Salmon of Knowledge,,,,,P61 S,0,shopify,0,deny,manual,93.95,,true,false,,,,,,,,,,,,,,,,,,,,g,,,,,,,unlisted
irish-legends-pewter-tankard,,,,,,,false,,Cuchulainn & Ferdia,,,,,P61 C,0,shopify,0,deny,manual,93.95,,true,false,,,,,,,,,,,,,,,,,,,,g,,,,,,,unlisted
irish-legends-pewter-tankard,,,,,,,false,,Children of Lir,,,,,P61 L,0,shopify,0,deny,manual,93.95,,true,false,,,,,,,,,,,,,,,,,,,,g,,,,,,,unlisted
irish-legends-pewter-tankard,,,,,,,false,,Hound of Culainn,,,,,P61 H,0,shopify,0,deny,manual,93.95,,true,false,,,,,,,,,,,,,,,,,,,,g,,,,,,,unlisted
irish-legends-pewter-tankard,,,,,,,false,,,,,,,,,,,,,,,,,,https://cdn.shopify.com/s/files/1/1565/2549/products/1644934719297.jpg?v=1683117249,2,Mullingar Pewter Irish Legends Pewter Tankard,,,,,,,,,,,,,,,,,,,,,,,unlisted
irish-legends-pewter-tankard,,,,,,,false,,,,,,,,,,,,,,,,,,https://cdn.shopify.com/s/files/1/1565/2549/products/1644934719317.jpg?v=1683117249,3,Mullingar Pewter Irish Legends Pewter Tankard,,,,,,,,,,,,,,,,,,,,,,,unlisted
irish-legends-pewter-tankard,,,,,,,false,,,,,,,,,,,,,,,,,,https://cdn.shopify.com/s/files/1/1565/2549/products/1644934719336.jpg?v=1683117249,4,Mullingar Pewter Irish Legends Pewter Tankard,,,,,,,,,,,,,,,,,,,,,,,unlisted
irish-legends-pewter-tankard,,,,,,,false,,,,,,,,,,,,,,,,,,https://cdn.shopify.com/s/files/1/1565/2549/products/1644934719356.jpg?v=1683117249,5,Mullingar Pewter Irish Legends Pewter Tankard,,,,,,,,,,,,,,,,,,,,,,,unlisted
exclusive-irish-legends-beaker,Mullingar Pewter Exclusive Irish Legends Beaker,"<p><strong>Exclusive Product: Mullingar Pewter Irish Legends Beaker</strong></p>
<p><strong>Product Code: P60</strong></p>
<p>Celebrate Ireland’s legendary tales with our handcrafted <strong>Irish Legends Pewter Beaker (10oz)</strong>.</p>
<p><strong>Available Designs:</strong><br>🍀 <strong>Cuchulainn &amp; Ferdia</strong><br>🍀 <strong>The Salmon of Knowledge</strong><br>🍀 <strong>The Children of Lir</strong><br>🍀 <strong>The Hound of Culainn</strong></p>
<p>Each beaker comes with a beautifully detailed booklet, bringing the stories behind these legends to life. A perfect keepsake or gift for lovers of Irish heritage.</p>
<p><strong>HANDMADE IN IRELAND   PRICE INCLUDES SHIPPING</strong></p>
<p><span style=""text-decoration: underline;""><strong>About our Beakers</strong></span></p>
<p>Our metal content in all of the above is 92-95% tin with a balance of Copper and Antimony.</p>
<p>Our metal is Lead free and complies with EU, FDA,BS and Proposition 65 standards.</p>
<p>Our items are packaged in Black and Silver Mullingar Pewter Packaging where possible.</p>",Mullingar Pewter,,Drinkware,"Beaker, children of lir, cuchulainn, ferdia, general gift, gift, hound, hound of culainn, irish, legend, legends, pewter beaker, Pewter beakers, pewter silver, salmon of knowledge, imported, unlisted",false,Legends Beaker,Salmon of Knowledge,,,,,P60 S,0,shopify,0,deny,manual,87.95,,true,false,,https://cdn.shopify.com/s/files/1/1565/2549/products/1644934884267.jpg?v=1644938852,1,Mullingar Pewter Exclusive Irish Legends Beaker,false,Mullingar Pewter Exclusive Irish Legends Beaker,Exclusive Product: Mullingar Pewter Irish Legends Beaker Product Code: P60 Celebrate Ireland’s legendary tales with our handcrafted Irish Legends Pewter Beaker (10oz). Available Designs:🍀 Cuchulainn & Ferdia🍀 The Salmon of Knowledge🍀 The Children of Lir🍀 The Hound of Culainn Each beaker comes with a beautifully detaile,,,,,,,,,,,,,g,,,true,true,,,unlisted
exclusive-irish-legends-beaker,,,,,,,false,,Cuchulainn & Ferdia,,,,,P60 C,0,shopify,0,deny,manual,87.95,,true,false,,,,,,,,,,,,,,,,,,,,g,,,,,,,unlisted
exclusive-irish-legends-beaker,,,,,,,false,,Children of Lir,,,,,P60 L,0,shopify,0,deny,manual,87.95,,true,false,,,,,,,,,,,,,,,,,,,,g,,,,,,,unlisted
exclusive-irish-legends-beaker,,,,,,,false,,Hound of Culainn,,,,,P60 H,0,shopify,0,deny,manual,87.95,,true,false,,,,,,,,,,,,,,,,,,,,g,,,,,,,unlisted
exclusive-irish-legends-beaker,,,,,,,false,,Set of 4 Legends Beakers,,,,,P60 Set of 4,0,shopify,0,deny,manual,334.95,,true,false,,,,,,,,,,,,,,,,,,,,g,,,,,,,unlisted
exclusive-irish-legends-beaker,,,,,,,false,,,,,,,,,,,,,,,,,,https://cdn.shopify.com/s/files/1/1565/2549/products/1644934884184.jpg?v=1644938852,2,Mullingar Pewter Exclusive Irish Legends Beaker,,,,,,,,,,,,,,,,,,,,,,,unlisted
exclusive-irish-legends-beaker,,,,,,,false,,,,,,,,,,,,,,,,,,https://cdn.shopify.com/s/files/1/1565/2549/products/1644934884205.jpg?v=1644938852,3,Mullingar Pewter Exclusive Irish Legends Beaker,,,,,,,,,,,,,,,,,,,,,,,unlisted
exclusive-irish-legends-beaker,,,,,,,false,,,,,,,,,,,,,,,,,,https://cdn.shopify.com/s/files/1/1565/2549/products/1644934884225.jpg?v=1644938852,4,Mullingar Pewter Exclusive Irish Legends Beaker,,,,,,,,,,,,,,,,,,,,,,,unlisted
exclusive-irish-legends-beaker,,,,,,,false,,,,,,,,,,,,,,,,,,https://cdn.shopify.com/s/files/1/1565/2549/products/1644934884246.jpg?v=1644938850,5,Mullingar Pewter Exclusive Irish Legends Beaker,,,,,,,,,,,,,,,,,,,,,,,unlisted
silver-coloured-tankard-with-pewter-base-and-irish-designs,Silver Coloured Tankard with Pewter Base and Irish Designs,"<p data-end=""234"" data-start=""150""><strong data-end=""232"" data-start=""150"">P391B: Silver-Coloured Irish Tankard with Pewter Base &amp; Celtic Pewter Designs – 500ml</strong></p>
<p data-end=""497"" data-start=""236"">Enjoy a true taste of Ireland with our <strong data-end=""302"" data-start=""275"">silver-coloured tankard</strong>, handcrafted with a <strong data-end=""344"" data-start=""323"">solid pewter base</strong> and a striking <strong data-end=""377"" data-start=""360"">pewter emblem</strong> at the centre. Made in <strong data-end=""423"" data-start=""401"">Mullingar, Ireland</strong>, this elegant tankard blends modern shine with traditional Celtic design.</p>
<p data-end=""551"" data-start=""499"">Choose from two distinctive Irish pewter motifs:</p>
<ul data-end=""748"" data-start=""552"">
<li data-end=""612"" data-start=""552"">
<p data-end=""612"" data-start=""554"">🍀 <strong data-end=""569"" data-start=""557"">Shamrock-Trinity</strong> – symbol of Irish pride and good fortune<br></p>
</li>
<li data-end=""748"" data-start=""682"">
<p data-end=""748"" data-start=""684"">☘️ <strong data-end=""705"" data-start=""687"">Trinity Knot</strong> – a classic design of eternity and unity</p>
</li>
</ul>
<p data-end=""908"" data-start=""750"">This tankard stands <strong data-end=""783"" data-start=""770"">12cm high</strong>, with a <strong data-end=""821"" data-start=""792"">9cm top and 8cm base diameter</strong>, and holds <strong data-end=""842"" data-start=""833"">500ml</strong>, making it ideal for serving beer, cider, or any favourite drink.</p>
<p data-end=""1071"" data-start=""910"">Whether it’s for <strong data-end=""974"" data-start=""927"">groomsmen, birthdays, retirements, weddings</strong>, or just to raise a proper pint, this tankard is a timeless piece of <strong data-end=""1070"" data-start=""1044"">Irish pewter drinkware</strong>.</p>
<p data-end=""1232"" data-start=""1073"">✔️ Silver-coloured finish with pewter detailing<br data-end=""1123"" data-start=""1120"">✔️ Handmade in Ireland<br data-end=""1148"" data-start=""1145"">✔️ Features iconic Irish and Celtic symbols<br data-end=""1194"" data-start=""1191"">✔️ Great gift for men and collectors</p>
<p data-end=""1232"" data-start=""1073"">✔️ Price includes worldwide shipping</p>",Mullingar Pewter,,Tankard,"21st, 40th, best man, bestman, celtic, dad, dads gift, friend, friendship, general gift, gift, gifts for him, grand dad, grandad, granddad, groom, groomsman, groomsman gift, him, irish, pewter, pewter pint tankard, pewter silver, pewter silver tankard, Pewter tankard, pint tankard, shamrock, tankard, trinity, Trinity design, Trinity knot, Trinity knot design, imported, unlisted",false,Style,Shamrock Trinity,,,,,P391B Shamrock/Trinity,0,shopify,0,deny,manual,59.95,,true,false,,https://cdn.shopify.com/s/files/1/1565/2549/files/Silver_Tankard_with_pewter_Shamrock_and_Trinity_design.png?v=1765974742,1,Silver Coloured Tankard with Pewter Base and Irish Designs,false,Silver Coloured Tankard with Pewter Base and Irish Designs,"P391B: Silver-Coloured Irish Tankard with Pewter Base & Celtic Pewter Designs – 500ml Enjoy a true taste of Ireland with our silver-coloured tankard, handcrafted with a solid pewter base and a striking pewter emblem at the centre. Made in Mullingar, Ireland, this elegant tankard blends modern shine with traditional Cel",,,,,,,,,,,,,g,,,true,true,,,unlisted
silver-coloured-tankard-with-pewter-base-and-irish-designs,,,,,,,false,,Trinity,,,,,P391B Trinity,0,shopify,0,deny,manual,59.95,,true,false,,,,,,,,,,,,,,,,,,,,g,,,,,,,unlisted
silver-coloured-tankard-with-pewter-base-and-irish-designs,,,,,,,false,,,,,,,,,,,,,,,,,,https://cdn.shopify.com/s/files/1/1565/2549/files/Silver_Tankard_with_pewter_Trinity_design.png?v=1765974790,2,Silver Coloured Tankard with Pewter Base and Irish Designs,,,,,,,,,,,,,,,,,,,,,,,unlisted
men-of-aran-sculpture-in-irish-pewter,Mullingar Pewter Men Of Aran Pewter Sculpture.,"<style type=""text/css""><!--
td {border: 1px solid #ccc;}br {mso-data-placement:same-cell;}
--></style>
<p><strong>Exclusive Product</strong></p>
<p><strong>Mullingar Pewter Men of Aran Sculpture</strong><br><strong>Product Code: S13</strong></p>
<p>Celebrate the rich heritage of the Aran Islands with our beautifully handcrafted <em>Men of Aran</em> sculpture. This captivating piece pays tribute to the resilient fishermen of the Aran Islands, known for their bravery and deep connection to the sea.</p>
<p>Crafted from the finest pewter, this sculpture vividly portrays islanders in their iconic currach (or <em>naomhóg</em>, meaning ""little saint""), the traditional fishing boat of the west of Ireland. Measuring 16 inches long, the detailed design reflects the rugged beauty and indomitable spirit of the islanders, whose lives were intricately tied to the sea.</p>
<p><strong>Features:</strong></p>
<ul>
<li>
<strong>Material:</strong> Handcrafted high-quality pewter</li>
<li>
<strong>Dimensions:</strong> 16 inches long</li>
<li>
<strong>Design:</strong> Traditional Aran fishermen in a currach</li>
<li>
<strong>Lore:</strong> Symbolizes the danger and reliance on the sea, where fishermen braved wild currents to provide for their families</li>
<li><strong>Handmade in Ireland</strong></li>
<li>
<strong>Shipping:</strong> Price includes worldwide delivery</li>
</ul>
<p>This sculpture is an ideal gift for fishing enthusiasts or anyone with an appreciation for Irish culture and history. A timeless keepsake, it beautifully captures the spirit of Ireland’s maritime heritage.</p>",Mullingar Pewter,,Sculpture,"aran, boat, bronze, fish, fisherman, fishing, galway, men, men of aran, mens gifts, pewter, sculpture, sculptures, sports, imported, unlisted",false,Title,Default Title,,,,,S13,0,shopify,0,deny,manual,419.95,,true,false,,https://cdn.shopify.com/s/files/1/1565/2549/products/menofaran_53da68c9-a26d-4922-965b-0ff4c149bc81.jpg?v=1629113349,1,Mullingar Pewter Men Of Aran Pewter Sculpture.,false,Mullingar Pewter Men Of Aran Pewter Sculpture.,"Exclusive Product Mullingar Pewter Men of Aran SculptureProduct Code: S13 Celebrate the rich heritage of the Aran Islands with our beautifully handcrafted Men of Aran sculpture. This captivating piece pays tribute to the resilient fishermen of the Aran Islands, known for their bravery and deep connection to the sea. Cr",,,,,,,,,,,,,g,,,true,true,,,unlisted
men-of-aran-sculpture-in-irish-pewter,,,,,,,false,,,,,,,,,,,,,,,,,,https://cdn.shopify.com/s/files/1/1565/2549/products/MENOFARAN.jpg?v=1629113349,2,Mullingar Pewter Men Of Aran Pewter Sculpture.,,,,,,,,,,,,,,,,,,,,,,,unlisted
mullingar-pewter-irish-engravable-birth-plaque,Mullingar Pewter Irish Engravable Pewter Birth Plaque,"<p><strong>Product Code: C1</strong></p>
<p><strong>Mullingar Pewter Irish Engravable Birth Plaque – A Unique Baby Keepsake (6” Diameter)</strong></p>
<p><strong>Description:</strong><br>Welcome a new baby with this beautifully crafted Irish Pewter Birth Plaque from Mullingar Pewter. Measuring 6 inches in diameter, this exquisite plaque is a timeless keepsake, personalized with the baby’s details to commemorate their arrival in a truly special way.</p>
<p><strong>Personalization Options:</strong><br>Make this plaque uniquely theirs with personalized engravings:</p>
<ul>
<li>
<strong>Crib:</strong> Engrave the baby’s weight.</li>
<li>
<strong>Clock:</strong> Add the time of birth.</li>
<li>
<strong>Scroll:</strong> Include the baby’s name.</li>
<li>
<strong>Cushion:</strong> Record the date of birth.</li>
</ul>
<p><strong>How to Personalize:</strong><br>Provide the following details at checkout in the notes section:</p>
<ul>
<li>Baby’s weight</li>
<li>Time of birth</li>
<li>Baby’s name</li>
<li>Date of birth</li>
</ul>
<p><strong>Key Features:</strong></p>
<ul>
<li>
<strong>Size:</strong> 6-inch diameter, perfect for display in a nursery or keepsake collection.</li>
<li>
<strong>Material:</strong> Made from premium pewter, offering durability and a polished, elegant finish.</li>
<li>
<strong>Packaging:</strong> Presented in a beautiful gift box (stand not included), making it ready for gifting.</li>
</ul>
<p><strong>Handcrafted in Ireland:</strong><br>This birth plaque is lovingly handmade by skilled Irish artisans, blending tradition and quality craftsmanship.</p>
<p><strong>Perfect For:</strong></p>
<ul>
<li>
<strong>New Parents:</strong> A thoughtful and unique gift to celebrate a baby’s arrival.</li>
<li>
<strong>Christenings:</strong> A memorable keepsake to mark this special milestone.</li>
<li>
<strong>Baby Showers:</strong> A meaningful and personal gift for expecting families.</li>
</ul>
<p><strong>Shipping Included:</strong><br>The price includes worldwide shipping, ensuring a hassle-free delivery for you or as a gift to loved ones.</p>
<p><strong>Why Choose This Birth Plaque?</strong><br>The <em>Mullingar Pewter Irish Engravable Birth Plaque</em> is more than a keepsake—it’s a celebration of life’s most precious moments. With its elegant design and personalized engravings, it’s a cherished gift that will be treasured for years to come.</p>",Mullingar Pewter,,Baby Gifts,"baby, baby christening plate, baby plaque, birth, birth plaque, christening, christening plaque, christening plate, engravable birth plate, engraving plate, love, loved one, newborn, pewter baby palque, pewter baby plate, pewter birth plaque, pewter birth plate, pewter engravable plaque, pewter plate, plate, silver pewter plate, imported, unlisted",false,Title,Default Title,,,,,C1,0,shopify,0,deny,manual,83.95,,true,false,,https://cdn.shopify.com/s/files/1/1565/2549/products/Babypewterplaquw.jpg?v=1680688394,1,Mullingar Pewter Irish Engravable Pewter Birth Plaque,false,Mullingar Pewter Irish Engravable Pewter Birth Plaque,"Product Code: C1 Mullingar Pewter Irish Engravable Birth Plaque – A Unique Baby Keepsake (6” Diameter) Description:Welcome a new baby with this beautifully crafted Irish Pewter Birth Plaque from Mullingar Pewter. Measuring 6 inches in diameter, this exquisite plaque is a timeless keepsake, personalized with the baby’s ",,,,,,,,,,,,,g,,,true,true,,,unlisted
mullingar-pewter-irish-engravable-birth-plaque,,,,,,,false,,,,,,,,,,,,,,,,,,https://cdn.shopify.com/s/files/1/1565/2549/products/mullingar_pewter_birth_plaque_christening_gift.jpg?v=1680688394,2,Mullingar Pewter Irish Engravable Pewter Birth Plaque,,,,,,,,,,,,,,,,,,,,,,,unlisted
christening-cup,Mullingar Pewter Irish Baby Christening Cup Collection.,"<p data-start=""234"" data-end=""341""><strong data-start=""234"" data-end=""339"">Irish Pewter Baby Cup – 3” High | Personalised Christening Gift Handmade in Ireland (Product Code C2)</strong></p>
<p data-start=""343"" data-end=""657"">Celebrate a new arrival with our <strong data-start=""376"" data-end=""413"">handcrafted Irish Pewter Baby Cup</strong>, a meaningful <strong data-start=""428"" data-end=""448"">Christening gift</strong> made in the heart of Ireland. Each 3-inch baby cup is individually cast and polished by skilled Irish craftspeople, creating a lasting keepsake that can be <strong data-start=""605"" data-end=""634"">engraved and personalised</strong> for your little one.</p>
<p data-start=""659"" data-end=""818"">A beautiful choice for <strong data-start=""682"" data-end=""732"">Christenings, baby showers, or first birthdays</strong>, this classic <strong data-start=""747"" data-end=""768"">engraved baby cup</strong> is available in five traditional Irish designs.</p>
<p data-start=""820"" data-end=""844""><strong data-start=""820"" data-end=""842"">Choose Your Style:</strong></p>
<ul data-start=""845"" data-end=""1593"">
<li data-start=""845"" data-end=""1013"">
<p data-start=""847"" data-end=""1013""><strong data-start=""847"" data-end=""868"">Shamrock (C2Sham)</strong> – A symbol of luck and Irish heritage. Saint Patrick used the shamrock to explain the Holy Trinity – The Father, The Son, and The Holy Spirit.</p>
</li>
<li data-start=""1014"" data-end=""1168"">
<p data-start=""1016"" data-end=""1168""><strong data-start=""1016"" data-end=""1034"">Celtic (C2Cel)</strong> – Inspired by ancient Irish art and the timeless patterns found in the Book of Kells. A tribute to Irish craftsmanship and culture.</p>
</li>
<li data-start=""1169"" data-end=""1312"">
<p data-start=""1171"" data-end=""1312""><strong data-start=""1171"" data-end=""1190"">Teddy (C2Teddy)</strong> – A sweet design inspired by the much-loved teddy bear, perfect for a <strong data-start=""1261"" data-end=""1282"">newborn baby gift</strong> or <strong data-start=""1286"" data-end=""1309"">Christening present</strong>.</p>
</li>
<li data-start=""1313"" data-end=""1450"">
<p data-start=""1315"" data-end=""1450""><strong data-start=""1315"" data-end=""1336"">Claddagh (C2Clad)</strong> – The classic Irish symbol of <strong data-start=""1367"" data-end=""1400"">Love, Loyalty, and Friendship</strong>, first created in Claddagh, Co. Galway in 1689.</p>
</li>
<li data-start=""1451"" data-end=""1593"">
<p data-start=""1453"" data-end=""1593""><strong data-start=""1453"" data-end=""1472"">Plain (C2Plain)</strong> – Simple and elegant, ideal for engraving a name, date, or message to create a truly <strong data-start=""1558"" data-end=""1590"">personalised Irish baby gift</strong>.</p>
</li>
</ul>
<p data-start=""1595"" data-end=""1669""><strong data-start=""1595"" data-end=""1667"">Handmade in Ireland | Lead-Free Pewter | Worldwide Shipping Included</strong></p>
<p data-start=""1671"" data-end=""1883"">Each baby cup is made from premium pewter containing <strong data-start=""1724"" data-end=""1738"">92–95% tin</strong> with copper and antimony for durability and shine. Our pewter is <strong data-start=""1804"" data-end=""1817"">lead-free</strong> and meets <strong data-start=""1828"" data-end=""1880"">EU, FDA, BS, and Proposition 65 safety standards</strong>.</p>
<p data-start=""1885"" data-end=""2029"">All <strong data-start=""1889"" data-end=""1915"">Mullingar Pewter gifts</strong> are beautifully presented in our signature <strong data-start=""1959"" data-end=""1994"">black and silver gift packaging</strong>, ready to gift for any occasion.</p>
<p data-start=""2031"" data-end=""2166""><strong data-start=""2031"" data-end=""2047"">Perfect for:</strong><br data-start=""2047"" data-end=""2050"">Christening gifts • Newborn baby keepsakes • Irish baby gifts • Engraved pewter cups • Handmade gifts from Ireland</p>",Mullingar Pewter,,Baby Gifts,"baby, baby christening cup, baby gifts, baptism, beloved, christening, christening cup, claddagh, cup, forever loved, Irish claddagh, leaf design, love, loved one, naming day, personalized, pewter christening cup, pewter silver christening cup, shamrock, teddy, imported, unlisted",false,Style,Claddagh,,,,,C2 Claddagh,0,shopify,0,deny,manual,83.95,,true,false,,https://cdn.shopify.com/s/files/1/1565/2549/products/CHRISTENINGBABYCUPS.jpg?v=1626080054,1,Mullingar Pewter Irish Baby Christening Cup Collection.,false,Mullingar Pewter Irish Baby Christening Cup Collection.,"Irish Pewter Baby Cup – 3” High | Personalised Christening Gift Handmade in Ireland (Product Code C2) Celebrate a new arrival with our handcrafted Irish Pewter Baby Cup, a meaningful Christening gift made in the heart of Ireland. Each 3-inch baby cup is individually cast and polished by skilled Irish craftspeople, crea",,,,,,,,,,,,,g,,,true,true,,,unlisted
christening-cup,,,,,,,false,,Leaf,,,,,C2 Leaf,0,shopify,0,deny,manual,83.95,,true,false,,,,,,,,,,,,,,,,,,,,g,,,,,,,unlisted
christening-cup,,,,,,,false,,Shamrock,,,,,C2 Shamrock,0,shopify,0,deny,manual,83.95,,true,false,,,,,,,,,,,,,,,,,,,,g,,,,,,,unlisted
christening-cup,,,,,,,false,,Teddy,,,,,C2 Teddy,0,shopify,0,deny,manual,83.95,,true,false,,,,,,,,,,,,,,,,,,,,g,,,,,,,unlisted
christening-cup,,,,,,,false,,,,,,,,,,,,,,,,,,https://cdn.shopify.com/s/files/1/1565/2549/products/BABYCUPCLADDAGH.jpg?v=1622765942,2,Mullingar Pewter Irish Baby Christening Cup Collection.,,,,,,,,,,,,,,,,,,,,,,,unlisted
christening-cup,,,,,,,false,,,,,,,,,,,,,,,,,,https://cdn.shopify.com/s/files/1/1565/2549/products/BABYCUPLEAFPATTERN.jpg?v=1622765962,3,Mullingar Pewter Irish Baby Christening Cup Collection.,,,,,,,,,,,,,,,,,,,,,,,unlisted
christening-cup,,,,,,,false,,,,,,,,,,,,,,,,,,https://cdn.shopify.com/s/files/1/1565/2549/products/BABYCUPSHAMROCK.jpg?v=1622765982,4,Mullingar Pewter Irish Baby Christening Cup Collection.,,,,,,,,,,,,,,,,,,,,,,,unlisted
christening-cup,,,,,,,false,,,,,,,,,,,,,,,,,,https://cdn.shopify.com/s/files/1/1565/2549/products/BABYCUPTEDDY.jpg?v=1622765997,5,Mullingar Pewter Irish Baby Christening Cup Collection.,,,,,,,,,,,,,,,,,,,,,,,unlisted
engravable-pewter-award-service-plate,Mullingar Pewter Service/Award Engravable Plate.,"<p><strong>Mullingar Pewter Service/Award Engravable Plate</strong><br><strong>Product Code: P109</strong></p>
<p>This <strong>12"" Engravable Plate</strong> is the perfect choice for commemorating a special occasion. Whether it’s a presentation, retirement, wedding, anniversary, or birthday, this plate can be customized with your engraving requirements.</p>
<p>Ideal for personalization, the plate can be engraved and embellished to your specifications. For large orders or specific requests, please contact us directly. Each plate is individually crafted to ensure a unique and lasting gift.</p>
<p><strong>Contact us for more details or to discuss engraving:</strong><br>+353 44 9348791<br><strong>Handmade in Ireland</strong><br><strong>Price includes shipping.</strong></p>",Mullingar Pewter,,Religious,"award, awards, engraving, engraving plate, irish, pewter engravable plaque, pewter silver, plate, service, trophies and awards, imported, unlisted",false,Title,Default Title,,,,,P109,0,shopify,0,deny,manual,229.95,,true,false,,https://cdn.shopify.com/s/files/1/1565/2549/products/SERVICEPLATE11INCH.jpg?v=1632129122,1,Mullingar Pewter Service/Award Engravable Plate.,false,Mullingar Pewter Service/Award Engravable Plate.,"Mullingar Pewter Service/Award Engravable PlateProduct Code: P109 This 12"" Engravable Plate is the perfect choice for commemorating a special occasion. Whether it’s a presentation, retirement, wedding, anniversary, or birthday, this plate can be customized with your engraving requirements. Ideal for personalization, th",,,,,,,,,,,,,g,,,true,true,,,unlisted
pewter-emblem-stainless-steel-army-pocket-penknife,Pewter Emblem Stainless Steel Army Pocket Penknife,"<p><strong>Pewter Emblem Stainless Steel Army Pocket Penknife</strong></p>
<p><strong>Product Code: P283 </strong>  A Pewter Penknife. A unique gift, this is the perfect piece for any gentleman.</p>
<p> <strong>-Shamrock</strong></p>
<p>A classic Irish motif, the Shamrock has been recognized as the symbol of Ireland for centuries. It is said that Saint Patrick, Ireland's patron saint, used the shamrock to describe the Holy Trinity - The Father, The Son, and The Holy Spirit - each represented by a leaf.</p>
<p><strong>-Claddagh</strong></p>
<p>The design is that of the Claddagh taken from the famous love symbol designed in the town of Claddagh, Co. Galway by Richard Joyce back in the year 1689. The design is often used for wedding rings as it is based on the ring that Richard made for his bride to be. The symbolism's are ""hands for friendship"", ""heart for love"" and ""crown for loyalty"".</p>
<p><strong>-Celtic</strong></p>
<p>The Celtic designs seen on our products are taken from the Kells manuscripts, the most famous Irish artifact. Celtic symbols and designs have been around for centuries, and were first found on Ogham stones, in manuscripts drawn/written by the monks or in old monasteries around Ireland.</p>
<p>-<strong>Ireland</strong></p>
<p>'Ireland' embossed motif on our penknife.</p>
<p> </p>",Mullingar Pewter,,Gifts for Men,"camping, ireland, ireland penknife, irish, penknife, pewter, pewter silver, shamrock penknife, imported, unlisted",false,Design,Shamrock,,,,,P283 Shamrock,0,shopify,0,deny,manual,39.95,,true,false,,https://cdn.shopify.com/s/files/1/1565/2549/products/ARMYKNIFESHAMROCKDESIGN.jpg?v=1624018816,1,Pewter Emblem Stainless Steel Army Pocket Penknife,false,Pewter Emblem Stainless Steel Army Pocket Penknife,"Pewter Emblem Stainless Steel Army Pocket Penknife Product Code: P283 A Pewter Penknife. A unique gift, this is the perfect piece for any gentleman. -Shamrock A classic Irish motif, the Shamrock has been recognized as the symbol of Ireland for centuries. It is said that Saint Patrick, Ireland's patron saint, used the s",,,,,,,,,,,,,g,,,true,true,,,unlisted
pewter-emblem-stainless-steel-army-pocket-penknife,,,,,,,false,,Irish,,,,,P283 Irish,0,shopify,0,deny,manual,39.95,,true,false,,,,,,,,,,,,,,,,,,,,g,,,,,,,unlisted
pewter-emblem-stainless-steel-army-pocket-penknife,,,,,,,false,,Ireland,,,,,P283 Ireland,0,shopify,0,deny,manual,39.95,,true,false,,,,,,,,,,,,,,,,,,,,g,,,,,,,unlisted
pewter-emblem-stainless-steel-army-pocket-penknife,,,,,,,false,,Celtic,,,,,P283 Celtic,0,shopify,0,deny,manual,39.95,,true,false,,,,,,,,,,,,,,,,,,,,g,,,,,,,unlisted
pewter-emblem-stainless-steel-army-pocket-penknife,,,,,,,false,,Claddagh,,,,,P283 Claddagh,0,shopify,0,deny,manual,39.95,,true,false,,,,,,,,,,,,,,,,,,,,g,,,,,,,unlisted
pewter-emblem-stainless-steel-army-pocket-penknife,,,,,,,false,,,,,,,,,,,,,,,,,,https://cdn.shopify.com/s/files/1/1565/2549/products/ARMYKNIFEIRISHDESIGN.jpg?v=1624018857,2,Pewter Emblem Stainless Steel Army Pocket Penknife,,,,,,,,,,,,,,,,,,,,,,,unlisted
pewter-emblem-stainless-steel-army-pocket-penknife,,,,,,,false,,,,,,,,,,,,,,,,,,https://cdn.shopify.com/s/files/1/1565/2549/products/ARMYKNIFEIRELAND.jpg?v=1624018889,3,Pewter Emblem Stainless Steel Army Pocket Penknife,,,,,,,,,,,,,,,,,,,,,,,unlisted
pewter-emblem-stainless-steel-army-pocket-penknife,,,,,,,false,,,,,,,,,,,,,,,,,,https://cdn.shopify.com/s/files/1/1565/2549/products/ARMYKNIFECELTICDESIGN.jpg?v=1624018948,4,Pewter Emblem Stainless Steel Army Pocket Penknife,,,,,,,,,,,,,,,,,,,,,,,unlisted
pewter-emblem-stainless-steel-army-pocket-penknife,,,,,,,false,,,,,,,,,,,,,,,,,,https://cdn.shopify.com/s/files/1/1565/2549/products/ARMYKNIFECLADDAGHDESIGN.jpg?v=1624018981,5,Pewter Emblem Stainless Steel Army Pocket Penknife,,,,,,,,,,,,,,,,,,,,,,,unlisted
celtic-pewter-whiskey-measure,Mullingar Pewter Celtic Pewter Whiskey Shot/Measure,"<h2><strong>Mullingar Pewter Celtic Pewter Whiskey Shot/Measure</strong></h2>
<hr>
<h3><strong>Product Code: A18</strong></h3>
<hr>
<h3><strong>Description</strong></h3>
<p>Enhance your bar collection with the <strong>Mullingar Pewter Celtic Pewter Whiskey Shot/Measure</strong>. This elegant shot measure holds 1 oz (or 1/4 jigger), making it an essential tool for any aspiring bartender or whiskey enthusiast. Adorned with intricate Celtic designs inspired by the ancient Bealin Cross near Mullingar, this measure not only serves a practical purpose but also connects you to the rich heritage of Ireland.</p>
<hr>
<h3><strong>Product Details</strong></h3>
<ul>
<li>
<strong>Product Code:</strong> A18</li>
<li>
<strong>Material:</strong> Finest Irish pewter</li>
<li>
<strong>Capacity:</strong> 1 oz (approx. 30 ml)</li>
<li>
<strong>Design:</strong> Intricate Celtic motifs inspired by the Bealin Cross</li>
<li>
<strong>Finish:</strong> Polished to a fine silver sheen</li>
</ul>
<h3><strong>Key Features</strong></h3>
<ul>
<li>
<strong>Rich Heritage:</strong> The Celtic designs on this whiskey measure are inspired by the ancient Bealin Cross, a remarkable symbol of Ireland’s rich historical and cultural heritage. Located near Mullingar, the Bealin Cross, like many Celtic crosses, tells stories from ancient manuscripts.</li>
<li>
<strong>Authentic Craftsmanship:</strong> Handcrafted in Ireland, each measure embodies the time-honored tradition of pewter craftsmanship, ensuring both beauty and durability.</li>
<li>
<strong>Versatile Use:</strong> Ideal for measuring whiskey or other spirits, this shot measure is both a practical tool for bartending and a beautiful keepsake for those who appreciate Celtic art.</li>
<li>
<strong>Cultural Connection:</strong> The Celtic symbols on this measure are reminiscent of Ireland’s historical Ogham stones and the beautifully detailed manuscripts created by monks in ancient monasteries, offering a tangible connection to Ireland’s storied past.</li>
<li>
<strong>Perfect Gift:</strong> This shot measure makes an excellent gift for birthdays, weddings, or any special occasion, particularly for those who hold a special affinity for Ireland and its traditions.</li>
</ul>
<h3><strong>Why Choose Mullingar Pewter Celtic Whiskey Measure?</strong></h3>
<ul>
<li>
<strong>Authentic Irish Craftsmanship:</strong> Each piece is crafted in Mullingar, Ireland, by skilled artisans who are dedicated to preserving the integrity and beauty of traditional pewter work.</li>
<li>
<strong>Cultural Significance:</strong> The designs are inspired by significant Irish historical artifacts, providing not just a tool for measuring spirits but a piece of art with deep cultural roots.</li>
<li>
<strong>Elegant Design:</strong> The polished pewter finish and detailed Celtic motifs make this measure a standout piece in any bar collection.</li>
</ul>
<h3><strong>Ordering Information</strong></h3>
<ul>
<li>
<strong>Handmade in Ireland:</strong> Each measure is proudly crafted in Mullingar, reflecting the finest in Irish artisanal craftsmanship.</li>
<li>
<strong>Price Includes Shipping:</strong> We offer worldwide shipping included in the price, making it easy to bring a piece of Ireland to your home no matter where you are.</li>
</ul>
<p><strong>Add a touch of Irish tradition to your barware collection with the Mullingar Pewter Celtic Pewter Whiskey Shot/Measure. Order now and enjoy a perfect blend of functionality and heritage.</strong></p>
<hr>
<p><strong>HANDMADE IN IRELAND</strong> | <strong>PRICE INCLUDES SHIPPING</strong></p>
<p><span style=""text-decoration: underline;""><strong>About our Pewter Measures</strong></span></p>
<p>Our metal content in all of the above is 92-95% tin with a balance of Copper and Antimony.</p>
<p>Our metal is Lead free and complies with EU, FDA,BS and Proposition 65 standards.</p>
<p>Our items are packaged in Black and Silver Mullingar Pewter Packaging where possible.</p>",Mullingar Pewter,,Drinkware,"celtic, celtic whiskey shot, celtic whiskey tot, celtic whisky, DRINKS MEASURE, gift, irish, irish whiskey, irish whisky, measure, Pewter measure, pewter silver, pewter spirit measure, pewter whiskey flask, pewter whiskey measure, spirit measure, whiskey, whisky, imported, unlisted",false,Title,Default Title,,,,,A18,0,shopify,0,deny,manual,57.95,,true,false,,https://cdn.shopify.com/s/files/1/1565/2549/products/1676043991344.jpg?v=1676044770,1,Mullingar Pewter Celtic Pewter Whiskey Shot/Measure,false,Mullingar Pewter Celtic Pewter Whiskey Shot/Measure,"Mullingar Pewter Celtic Pewter Whiskey Shot/Measure Product Code: A18 Description Enhance your bar collection with the Mullingar Pewter Celtic Pewter Whiskey Shot/Measure. This elegant shot measure holds 1 oz (or 1/4 jigger), making it an essential tool for any aspiring bartender or whiskey enthusiast. Adorned with int",,,,,,,,,,,,,g,,,true,true,,,unlisted
ladies-pendant-watch-irish-designs,Mullingar Pewter Ladies Pendant Watches – Irish & Celtic Designs,"<p data-end=""171"" data-start=""118""><strong data-end=""171"" data-start=""118"">Mullingar Pewter Ladies Necklace Watch Collection</strong></p>
<p data-end=""506"" data-start=""173"">Discover a beautiful blend of elegance, Irish heritage, and timeless design. Our ladies’ pendant watches make a thoughtful gift for birthdays, anniversaries, Valentine’s Day, Mother’s Day, or any special occasion. Each piece is handcrafted in Ireland and features reliable quartz movement (battery included) with a classic 22"" chain.</p>
<p data-end=""541"" data-start=""508""><strong data-end=""541"" data-start=""508"">Irish &amp; Celtic Design Options</strong></p>
<ul data-end=""1296"" data-start=""543"">
<li data-end=""680"" data-start=""543"">
<p data-end=""680"" data-start=""545""><strong data-end=""564"" data-start=""545"">Claddagh (P286)</strong> – The beloved Irish symbol of love, loyalty, and friendship, inspired by the original 17th-century Galway design.</p>
</li>
<li data-end=""792"" data-start=""681"">
<p data-end=""792"" data-start=""683""><strong data-end=""698"" data-start=""683"">Harp (P286)</strong> – Ireland’s national emblem, found on the Euro, Irish passports, and the Presidential Seal.</p>
</li>
<li data-end=""902"" data-start=""793"">
<p data-end=""902"" data-start=""795""><strong data-end=""814"" data-start=""795"">Shamrock (P286)</strong> – The iconic Irish symbol linked to St. Patrick and the teaching of the Holy Trinity.</p>
</li>
<li data-end=""1035"" data-start=""903"">
<p data-end=""1035"" data-start=""905""><strong data-end=""922"" data-start=""905"">Spiral (P286)</strong> – A Neolithic Celtic motif representing life, death, and rebirth, inspired by ancient sites such as Newgrange.</p>
</li>
<li data-end=""1172"" data-start=""1036"">
<p data-end=""1172"" data-start=""1038""><strong data-end=""1061"" data-start=""1038"">Trinity Knot (P286)</strong> – A Celtic knot symbolising faith, nature, and life's interconnected journey, featured in the Book of Kells.</p>
</li>
<li data-end=""1296"" data-start=""1173"">
<p data-end=""1296"" data-start=""1175""><strong data-end=""1193"" data-start=""1175"">Triskle (P286)</strong> – A sacred Celtic symbol representing the divine trinity, often seen on Irish crosses and manuscripts.</p>
</li>
</ul>
<p data-end=""1310"" data-start=""1298""><strong data-end=""1310"" data-start=""1298"">Features</strong></p>
<ul data-end=""1457"" data-start=""1312"">
<li data-end=""1340"" data-start=""1312"">
<p data-end=""1340"" data-start=""1314"">Accurate quartz movement</p>
</li>
<li data-end=""1373"" data-start=""1341"">
<p data-end=""1373"" data-start=""1343"">Includes a durable 22"" chain</p>
</li>
<li data-end=""1425"" data-start=""1374"">
<p data-end=""1425"" data-start=""1376"">Handcrafted in Ireland by skilled pewter makers</p>
</li>
<li data-end=""1457"" data-start=""1426"">
<p data-end=""1457"" data-start=""1428"">Worldwide shipping included</p>
</li>
</ul>
<p data-is-only-node="""" data-is-last-node="""" data-end=""1599"" data-start=""1459"">A meaningful Irish gift that combines craftsmanship, culture, and everyday practicality. Let her carry a piece of Ireland wherever she goes.</p>
<p> </p>
<p> </p>
<p> </p>
<p> </p>",Mullingar Pewter,,GIFTS FOR HER,"18th, 21st, 25th, 30th, 40th, 50th, 60th, Archimedean, birthday, celtic, celtic design, claddagh, fob, harp, ladies fob, ladies fob watch, ladies gift, ladies pendant watch, ladies pewter fob, ladies pewter pendant watch, ladies pewter watch, ladies watch, lady, Mothers day, necklace watch, pendant watch, spiral, spiral motif, Trilateral, trinity, Triple Spiral, Triquertra, triskel, triskele, Triskeles, Valentines, wedding, Wiccan, imported, unlisted",false,Choose Design,Claddagh,,,,,P286 CL,0,shopify,0,deny,manual,47.95,,true,false,,https://cdn.shopify.com/s/files/1/1565/2549/products/1643795504334.jpg?v=1643797241,1,Mullingar Pewter Ladies Pendant Watches – Irish & Celtic Designs,false,Mullingar Pewter Ladies Pendant Watches,"Mullingar Pewter Ladies Necklace Watch Collection Discover a beautiful blend of elegance, Irish heritage, and timeless design. Our ladies’ pendant watches make a thoughtful gift for birthdays, anniversaries, Valentine’s Day, Mother’s Day, or any special occasion. Each piece is handcrafted in Ireland and features reliab",,,,,,,,,,,,,g,,,true,true,,,unlisted
ladies-pendant-watch-irish-designs,,,,,,,false,,Harp,,,,,P286 H,0,shopify,0,deny,manual,47.95,,true,false,,,,,,,,,,,,,,,,,,,,g,,,,,,,unlisted
ladies-pendant-watch-irish-designs,,,,,,,false,,Shamrock,,,,,P286 SH,0,shopify,0,deny,manual,47.95,,true,false,,,,,,,,,,,,,,,,,,,,g,,,,,,,unlisted
ladies-pendant-watch-irish-designs,,,,,,,false,,Spiral,,,,,P286 SP,0,shopify,0,deny,manual,47.95,,true,false,,,,,,,,,,,,,,,,,,,,g,,,,,,,unlisted
ladies-pendant-watch-irish-designs,,,,,,,false,,Trinity,,,,,P286 TR,0,shopify,0,deny,manual,47.95,,true,false,,,,,,,,,,,,,,,,,,,,g,,,,,,,unlisted
ladies-pendant-watch-irish-designs,,,,,,,false,,Celtic A,,,,,P286 CEL A,0,shopify,0,deny,manual,47.95,,true,false,,,,,,,,,,,,,,,,,,,,g,,,,,,,unlisted
ladies-pendant-watch-irish-designs,,,,,,,false,,,,,,,,,,,,,,,,,,https://cdn.shopify.com/s/files/1/1565/2549/products/1643795504307.jpg?v=1643797241,2,Mullingar Pewter Ladies Pendant Watches – Irish & Celtic Designs,,,,,,,,,,,,,,,,,,,,,,,unlisted
ladies-pendant-watch-irish-designs,,,,,,,false,,,,,,,,,,,,,,,,,,https://cdn.shopify.com/s/files/1/1565/2549/products/LADIESPENDENTWATCHCLADDAGH.jpg?v=1643797241,3,Mullingar Pewter Ladies Pendant Watches – Irish & Celtic Designs,,,,,,,,,,,,,,,,,,,,,,,unlisted
ladies-pendant-watch-irish-designs,,,,,,,false,,,,,,,,,,,,,,,,,,https://cdn.shopify.com/s/files/1/1565/2549/products/LADIESPENDENTHARP.jpg?v=1643797241,4,Mullingar Pewter Ladies Pendant Watches – Irish & Celtic Designs,,,,,,,,,,,,,,,,,,,,,,,unlisted
ladies-pendant-watch-irish-designs,,,,,,,false,,,,,,,,,,,,,,,,,,https://cdn.shopify.com/s/files/1/1565/2549/products/LADIESPENDENTSHAMROCK.jpg?v=1643797241,5,Mullingar Pewter Ladies Pendant Watches – Irish & Celtic Designs,,,,,,,,,,,,,,,,,,,,,,,unlisted
magnetic-leather-money-clip-shamrock,Magnetic Leather & Pewter Money Clip Collection,"<p><strong>Product Code P313: Magnetic Leather &amp; Pewter Money Clip Collection</strong></p>
<p>Stylish, practical, and uniquely Irish—our <strong>Magnetic Leather and Pewter Money Clip Collection</strong> is the perfect gift for him. Choose from <strong>three iconic designs</strong>:<br>☘️ <strong>Shamrock</strong><br>💛 <strong>Claddagh</strong><br>🔗 <strong>Trinity Knot</strong></p>
<p>✨ <strong>Features:</strong></p>
<ul>
<li>Crafted with durable leather and stainless steel/pewter accents</li>
<li>Strong hidden magnets securely hold both large and small amounts of cash</li>
<li>Slim and compact—fits perfectly in any pocket</li>
</ul>
<p>🎁 Ideal for gifting on special occasions like:</p>
<ul>
<li>Weddings (Best Man &amp; Groomsmen gifts)</li>
<li>Birthdays</li>
<li>Father’s Day</li>
<li>21st Celebrations</li>
</ul>
<p><strong>Handmade in Ireland</strong> | <strong>Price includes worldwide shipping</strong></p>
<p>A thoughtful and timeless gift for the modern gentleman. <strong>Order yours today!</strong></p>",Mullingar Pewter,,Gifts for Men,"18TH, 21st, 25TH, 30TH, 40TH, 50TH, 60TH, bestman, birthday, cash, celtic, claddagh, dollar, euro, general gift, general gifts, gift, groomsman, Heritage, irish, men, money, money clip, pewter silver, retirement, trinity, Trinity design, Trinity knot, Trinity knot design, wedding, wedding gifts, imported, unlisted",false,Choose Design,Claddagh,,,,,P313 Claddagh,0,shopify,0,deny,manual,29.95,,true,false,,https://cdn.shopify.com/s/files/1/1565/2549/products/1657800383796.jpg?v=1662565379,1,Magnetic Leather & Pewter Money Clip Collection,false,Magnetic Leather & Pewter Money Clip Collection,"Product Code P313: Magnetic Leather & Pewter Money Clip Collection Stylish, practical, and uniquely Irish—our Magnetic Leather and Pewter Money Clip Collection is the perfect gift for him. Choose from three iconic designs:☘️ Shamrock💛 Claddagh🔗 Trinity Knot ✨ Features: Crafted with durable leather and stainless steel/p",,,,,,,,,,,,,g,,,true,true,,,unlisted
magnetic-leather-money-clip-shamrock,,,,,,,false,,Trinity Knot,,,,,P313 Trinity Knot,0,shopify,0,deny,manual,29.95,,true,false,,,,,,,,,,,,,,,,,,,,g,,,,,,,unlisted
magnetic-leather-money-clip-shamrock,,,,,,,false,,Celtic Horse,,,,,P313 Celtic Horse,0,shopify,0,deny,manual,29.95,,true,false,,,,,,,,,,,,,,,,,,,,g,,,,,,,unlisted
magnetic-leather-money-clip-shamrock,,,,,,,false,,Celtic Swan,,,,,P313 Celtic Swan,0,shopify,0,deny,manual,29.95,,true,false,,,,,,,,,,,,,,,,,,,,g,,,,,,,unlisted
magnetic-leather-money-clip-shamrock,,,,,,,false,,HARP,,,,,P313 Harp,0,shopify,0,deny,manual,29.95,,true,false,,,,,,,,,,,,,,,,,,,,g,,,,,,,unlisted
magnetic-leather-money-clip-shamrock,,,,,,,false,,,,,,,,,,,,,,,,,,https://cdn.shopify.com/s/files/1/1565/2549/products/1662564495425.jpg?v=1662565379,2,Magnetic Leather & Pewter Money Clip Collection,,,,,,,,,,,,,,,,,,,,,,,unlisted
magnetic-leather-money-clip-shamrock,,,,,,,false,,,,,,,,,,,,,,,,,,https://cdn.shopify.com/s/files/1/1565/2549/products/1662564495453.jpg?v=1662565379,3,Magnetic Leather & Pewter Money Clip Collection,,,,,,,,,,,,,,,,,,,,,,,unlisted
magnetic-leather-money-clip-shamrock,,,,,,,false,,,,,,,,,,,,,,,,,,https://cdn.shopify.com/s/files/1/1565/2549/products/1662564495480.jpg?v=1662565379,4,Magnetic Leather & Pewter Money Clip Collection,,,,,,,,,,,,,,,,,,,,,,,unlisted
magnetic-leather-money-clip-shamrock,,,,,,,false,,,,,,,,,,,,,,,,,,https://cdn.shopify.com/s/files/1/1565/2549/products/1662564495508.jpg?v=1662565379,5,Magnetic Leather & Pewter Money Clip Collection,,,,,,,,,,,,,,,,,,,,,,,unlisted
corkscrew-bottle-opener-collection,Mullingar Pewter Irish Wine Corkscrew Collection,"<p><strong>Mullingar Pewter Irish Wine Corkscrew Collection</strong></p>
<p>A necessity in every household, this bottle opener /corkscrew enables the removal of metal bottle caps from bottles and the removal of cork or plastic stopper from wine bottles.</p>
<p>A perfect piece to have or to give as a gift!</p>
<p><strong>Product Code P264 Shamrock/Irish </strong></p>
<p>A classic Irish motif, the Shamrock has been recognised as the symbol of Ireland for centuries. It is said that Saint Patrick, Ireland's patron saint, used the shamrock to describe the Holy Trinity - The Father, The Son, and The Holy Spirit - each represented by a leaf.</p>
<p><strong>Product Code P264 Shamrock/Trinity</strong></p>
<p>A classic Irish motif, the Shamrock has been recognised as the symbol of Ireland for centuries. It is said that Saint Patrick, Ireland's patron saint, used the shamrock to describe the Holy Trinity - The Father, The Son, and The Holy Spirit - each represented by a leaf.</p>
<p>‘Triquerta’ meaning three-cornered, is the latin word given to the Trinity knot. </p>
<p><strong>Product Code P264 T4</strong></p>
<p>‘Triquerta’ meaning three-cornered, is the latin word given to the Trinity knot. Found in the famous Kells manuscripts, it is believed that one of the many symbols of the Trinity knot is religious – representing the Father, the Son and the Holy Spirit.</p>
<p>MADE IN IRELAND</p>
<p><strong>Product Code P264 Harp 1</strong></p>
<p>The harp is another emblem of Ireland, and one of the oldest at that. The Irish harp dates back to centuries long gone, and is used as a representation symbol on many things in Ireland nowadays, the Euro, passports, and the Presidential Seal.</p>
<p><strong>Product Code P264 Trinity 1</strong></p>
<p>‘Triquerta’ meaning three-cornered, is the latin word given to the Trinity knot. Found in the famous Kells manuscripts, it is believed that one of the many symbols of the Trinity knot is religious – representing the Father, the Son and the Holy Spirit. </p>
<p><strong>Product Code P264 Shamrock 1</strong></p>
<p>A classic Irish motif, the Shamrock has been recognized as the symbol of Ireland for centuries. It is said that Saint Patrick, Ireland's patron saint, used the shamrock to describe the Holy Trinity - The Father, The Son, and The Holy Spirit - each represented by a leaf.</p>
<p><strong>Product Code P264 Claddagh 1</strong></p>
<p>The design is that of the Claddagh taken from the famous love symbol designed in the town of Claddagh, Co. Galway by Richard Joyce back in the year 1689. The design is often used for wedding rings as it is based on the ring that Richard made for his bride to be. The symbolisms are ""hands for friendship"", ""heart for love"" and ""crown for loyalty"".</p>
<p><strong>Product Code P264 Celtic A </strong></p>
<p>The Spiral Design is found on many High crosses in Ireland and on ancient artwork that dates back to Neolithic times as found at Newgrange. Like the Trinity Knot the Spiral design has a variety of meanings for examples life-death-rebirth, mother -father -child and past -present -future.</p>
<p><strong>Product Code P264 Celtic D</strong></p>
<p>This design depicts two entwined birds. When the Latin missionary monks brought Christianity to Ireland in early 400 A.D., they also brought a new way of teaching people Bible stories and prayers. As many people could not read, the monks used pictures and symbols in their writings, as can be seen in the Kells manuscript.</p>
<p><strong>Product Code P264 Celtic E</strong></p>
<p>In ancient times the  hound/dog were seen as a symbol of hunting, healing and bravery they were often given as gifts to royalty and warriors. Drawings of hounds are to be found in Kells manuscript and on paintings dating back to the 17th century. </p>
<p><strong>Product Code P264  Ireland/Map</strong></p>
<p>Ireland is known worldwide for it’s beautiful scenery and it’s friendly people. Our small island of 6.3 million is a very popular tourist attraction, especially for Americans as so many Irish emigrated there during the Great Famine 1845-1852. </p>
<p><strong>Product Code P264 Scotland Map </strong></p>
<p> Scotland is the most northern of the constituent of the United Kingdom. Known for its beautiful scenery of mountains, lakes, valleys and rugged coastline. </p>
<p> </p>
<p>HAND MADE IN IRELAND</p>
<p>PRICE INCLUDES SHIPPING</p>",Mullingar Pewter,,Wine,"21st, 40th, 50th, birthday, book of kells, bottle, bronze, cap, celtic, Celtic design corkscrew, claddagh, coiled, coiling, corkscrew, curled, curling, French style corkscrew, general gift, general gifts, gift, Heritage, involute, irish, kells, kells design, men, pewter, Pewter corkscrew, pewter silver, pull, puller, screwlike, shamrock, shamrock trellis, spiral, spiral motif, trinity, Trinity design, Trinity knot, Trinity knot design, twisting, winding, wine, imported, unlisted",false,Choose Design,IRISH,,,,,P264 Irish,0,shopify,0,deny,manual,32.95,,true,false,,https://cdn.shopify.com/s/files/1/1565/2549/products/CORKSCREWIRISH.jpg?v=1642601250,1,Mullingar Pewter Irish Wine Corkscrew Collection,false,Mullingar Pewter Irish Wine Corkscrew Collection,"Mullingar Pewter Irish Wine Corkscrew Collection A necessity in every household, this bottle opener /corkscrew enables the removal of metal bottle caps from bottles and the removal of cork or plastic stopper from wine bottles. A perfect piece to have or to give as a gift! Product Code P264 Shamrock/Irish A classic Iris",,,,,,,,,,,,,g,,,true,true,,,unlisted
corkscrew-bottle-opener-collection,,,,,,,false,,SHAMROCK/TRINITY,,,,,P264 Sh/Tr,0,shopify,0,deny,manual,32.95,,true,false,,,,,,,,,,,,,,,,,,,,g,,,,,,,unlisted
corkscrew-bottle-opener-collection,,,,,,,false,,T4,,,,,P264 T4,0,shopify,0,deny,manual,32.95,,true,false,,,,,,,,,,,,,,,,,,,,g,,,,,,,unlisted
corkscrew-bottle-opener-collection,,,,,,,false,,HARP1,,,,,P264 Harp1,0,shopify,0,deny,manual,32.95,,true,false,,,,,,,,,,,,,,,,,,,,g,,,,,,,unlisted
corkscrew-bottle-opener-collection,,,,,,,false,,TRINITY1,,,,,P264 Trinity 1,0,shopify,0,deny,manual,32.95,,true,false,,,,,,,,,,,,,,,,,,,,g,,,,,,,unlisted
corkscrew-bottle-opener-collection,,,,,,,false,,SHAMROCK1,,,,,P264 Shamrock 1,0,shopify,0,deny,manual,32.95,,true,false,,,,,,,,,,,,,,,,,,,,g,,,,,,,unlisted
corkscrew-bottle-opener-collection,,,,,,,false,,CLADDAGH1,,,,,P264 Claddagh 1,0,shopify,0,deny,manual,32.95,,true,false,,,,,,,,,,,,,,,,,,,,g,,,,,,,unlisted
corkscrew-bottle-opener-collection,,,,,,,false,,CELTIC A,,,,,P264 Cel A,0,shopify,0,deny,manual,32.95,,true,false,,,,,,,,,,,,,,,,,,,,g,,,,,,,unlisted
corkscrew-bottle-opener-collection,,,,,,,false,,CELTIC C,,,,,P264 Cel C,0,shopify,0,deny,manual,32.95,,true,false,,,,,,,,,,,,,,,,,,,,g,,,,,,,unlisted
corkscrew-bottle-opener-collection,,,,,,,false,,CELTIC D,,,,,P264 Cel D,0,shopify,0,deny,manual,32.95,,true,false,,,,,,,,,,,,,,,,,,,,g,,,,,,,unlisted
corkscrew-bottle-opener-collection,,,,,,,false,,CELTIC E,,,,,P264 Cel E,0,shopify,0,deny,manual,32.95,,true,false,,,,,,,,,,,,,,,,,,,,g,,,,,,,unlisted
corkscrew-bottle-opener-collection,,,,,,,false,,IRELAND MAP,,,,,P264 Irl Map,0,shopify,0,deny,manual,32.95,,true,false,,,,,,,,,,,,,,,,,,,,g,,,,,,,unlisted
corkscrew-bottle-opener-collection,,,,,,,false,,SCOTLAND MAP,,,,,P264 Scot Map,0,shopify,0,deny,manual,32.95,,true,false,,,,,,,,,,,,,,,,,,,,g,,,,,,,unlisted
corkscrew-bottle-opener-collection,,,,,,,false,,HAPENNY BRIDGE,,,,,P264 Hapenny,0,shopify,0,deny,manual,32.95,,true,false,,,,,,,,,,,,,,,,,,,,g,,,,,,,unlisted
corkscrew-bottle-opener-collection,,,,,,,false,,,,,,,,,,,,,,,,,,https://cdn.shopify.com/s/files/1/1565/2549/products/CORKSCREWSHAMROCKTRINITY.jpg?v=1642601264,2,Mullingar Pewter Irish Wine Corkscrew Collection,,,,,,,,,,,,,,,,,,,,,,,unlisted
corkscrew-bottle-opener-collection,,,,,,,false,,,,,,,,,,,,,,,,,,https://cdn.shopify.com/s/files/1/1565/2549/products/CORKSCREWTRINITY4.jpg?v=1642601281,3,Mullingar Pewter Irish Wine Corkscrew Collection,,,,,,,,,,,,,,,,,,,,,,,unlisted
corkscrew-bottle-opener-collection,,,,,,,false,,,,,,,,,,,,,,,,,,https://cdn.shopify.com/s/files/1/1565/2549/products/CORKSCREWHARP1.jpg?v=1642601294,4,Mullingar Pewter Irish Wine Corkscrew Collection,,,,,,,,,,,,,,,,,,,,,,,unlisted
corkscrew-bottle-opener-collection,,,,,,,false,,,,,,,,,,,,,,,,,,https://cdn.shopify.com/s/files/1/1565/2549/products/CORKSCREWTRINITY1.jpg?v=1642601310,5,Mullingar Pewter Irish Wine Corkscrew Collection,,,,,,,,,,,,,,,,,,,,,,,unlisted
celtic-pocket-tool,Pewter Decorated Celtic Pocket Tool,"<p><strong>Product Code: P361  Pewter Decorated Celtic Pocket Tool</strong></p>
<p>Variations: Plain, Ireland, Dublin</p>
<p>The Mullingar Pewter Celtic Pocket Tool is a unique and practical gift. This handy tool is portable and stylish. </p>
<p>3 styles to choose from. </p>
<p>Beautiful gifts for the handy person.<strong> </strong></p>
<p><strong>Handmade in Ireland    Shipping Included</strong></p>",Mullingar Pewter,,CORK SCREW,"imported, unlisted",false,Style,Plain,,,,,P361 Plain,0,shopify,0,deny,manual,39.95,,true,false,,https://cdn.shopify.com/s/files/1/1565/2549/files/1686325350016.jpg?v=1686563135,1,Pewter Decorated Celtic Pocket Tool,false,Pewter Decorated Celtic Pocket Tool,"Product Code: P361 Pewter Decorated Celtic Pocket Tool Variations: Plain, Ireland, Dublin The Mullingar Pewter Celtic Pocket Tool is a unique and practical gift. This handy tool is portable and stylish. 3 styles to choose from. Beautiful gifts for the handy person. Handmade in Ireland Shipping Included",,,,,,,,,,,,,g,,,true,true,,,unlisted
celtic-pocket-tool,,,,,,,false,,Dublin,,,,,P361 Dublin,0,shopify,0,deny,manual,39.95,,true,false,,,,,,,,,,,,,,,,,,,,g,,,,,,,unlisted
celtic-pocket-tool,,,,,,,false,,Ireland,,,,,P361 Ireland,0,shopify,0,deny,manual,39.95,,true,false,,,,,,,,,,,,,,,,,,,,g,,,,,,,unlisted
celtic-pocket-tool,,,,,,,false,,,,,,,,,,,,,,,,,,https://cdn.shopify.com/s/files/1/1565/2549/files/1686325350047.jpg?v=1686563185,2,Pewter Decorated Celtic Pocket Tool,,,,,,,,,,,,,,,,,,,,,,,unlisted
celtic-pocket-tool,,,,,,,false,,,,,,,,,,,,,,,,,,https://cdn.shopify.com/s/files/1/1565/2549/files/1686325350070.jpg?v=1686563233,3,Pewter Decorated Celtic Pocket Tool,,,,,,,,,,,,,,,,,,,,,,,unlisted
celtic-pocket-tool,,,,,,,false,,,,,,,,,,,,,,,,,,https://cdn.shopify.com/s/files/1/1565/2549/files/1686325350096.jpg?v=1686563292,4,Pewter Decorated Celtic Pocket Tool,,,,,,,,,,,,,,,,,,,,,,,unlisted
celtic-pocket-tool,,,,,,,false,,,,,,,,,,,,,,,,,,https://cdn.shopify.com/s/files/1/1565/2549/files/1686325350120.jpg?v=1686562795,5,Pewter Decorated Celtic Pocket Tool,,,,,,,,,,,,,,,,,,,,,,,unlisted
mullingar-pewter-antique-finish-tankard,Mullingar Pewter Antique Finish Tankard,"<p data-start=""85"" data-end=""169""><strong data-start=""85"" data-end=""167"">P383: Mullingar Pewter Antique Tankard – Celtic &amp; Irish Symbol Designs – 400ml</strong></p>
<p data-start=""171"" data-end=""408"">Celebrate Irish tradition with our <strong data-start=""206"" data-end=""238"">Antique-Style Pewter Tankard</strong>, handcrafted in <strong data-start=""255"" data-end=""277"">Mullingar, Ireland</strong>. This beautifully made 400ml tankard features intricate <strong data-start=""334"" data-end=""352"">Celtic designs</strong>, combining old-world charm with timeless craftsmanship.</p>
<p data-start=""410"" data-end=""449""><strong data-start=""410"" data-end=""447"">Choose from four classic designs:</strong></p>
<ul data-start=""450"" data-end=""822"">
<li data-start=""450"" data-end=""546"">
<p data-start=""452"" data-end=""546""><strong data-start=""452"" data-end=""471"">T4 Trinity Knot Tankard</strong> – featuring the traditional Trinity Knot, symbolising eternity and unity</p>
</li>
<li data-start=""547"" data-end=""641"">
<p data-start=""549"" data-end=""641""><strong data-start=""549"" data-end=""569"">Shamrock Tankard</strong> – showcasing Ireland’s iconic shamrock, a symbol of luck and heritage</p>
</li>
<li data-start=""642"" data-end=""716"">
<p data-start=""644"" data-end=""716""><strong data-start=""644"" data-end=""662"">Celtic Tankard</strong> – adorned with detailed interlacing Celtic knotwork</p>
</li>
<li data-start=""717"" data-end=""822"">
<p data-start=""719"" data-end=""822""><strong data-start=""719"" data-end=""744"">Celtic Dragon Tankard</strong> – with a powerful Celtic Dragon design representing strength and protection</p>
</li>
</ul>
<p data-start=""824"" data-end=""1052"">Perfect for enjoying a proper beer or gifting on special occasions like <strong data-start=""896"" data-end=""932"">weddings, birthdays, retirements</strong>, or <strong data-start=""937"" data-end=""953"">Father’s Day</strong>. A meaningful <strong data-start=""968"" data-end=""982"">Irish gift</strong> and a standout piece for any <strong data-start=""1012"" data-end=""1051"">collector of traditional pewterware</strong>.</p>
<p data-start=""1054"" data-end=""1238"">✔️ Handcrafted in Ireland<br data-start=""1079"" data-end=""1082"">✔️ Made from high-quality pewter<br data-start=""1114"" data-end=""1117"">✔️ Unique Irish &amp; Celtic symbol designs<br data-start=""1156"" data-end=""1159"">✔️ Ideal for gifting or personal use<br data-start=""1195"" data-end=""1198"">✔️ <strong data-start=""1201"" data-end=""1238"">Price includes worldwide shipping</strong></p>",Mullingar Pewter,,Tankard,"celtic, Celtic design, pewter celtic, pewter pint tankard, pewter silver tankard, Pewter tankard, pint tankard, shamrock, tankard, trinity, Trinity design, Trinity knot, imported, unlisted",false,Style,T4 Large,,,,,P383 T4 Lg,454,shopify,0,deny,manual,69.95,,true,false,,https://cdn.shopify.com/s/files/1/1565/2549/files/Antique_Pewter_Finish_Tankard_with_Trinity_Design.png?v=1765975289,1,Mullingar Pewter Antique Finish Tankard,false,Mullingar Pewter Antique Finish Tankard,"P383: Mullingar Pewter Antique Tankard – Celtic & Irish Symbol Designs – 400ml Celebrate Irish tradition with our Antique-Style Pewter Tankard, handcrafted in Mullingar, Ireland. This beautifully made 400ml tankard features intricate Celtic designs, combining old-world charm with timeless craftsmanship. Choose from fou",,,,,,,,,,,,,g,,,true,true,,,unlisted
mullingar-pewter-antique-finish-tankard,,,,,,,false,,Shamrock Lg,,,,,P383 Sham Lg,454,shopify,0,deny,manual,69.95,,true,false,,,,,,,,,,,,,,,,,,,,g,,,,,,,unlisted
mullingar-pewter-antique-finish-tankard,,,,,,,false,,Celtic,,,,,P383 Celtic,454,shopify,0,deny,manual,69.95,,true,false,,,,,,,,,,,,,,,,,,,,g,,,,,,,unlisted
mullingar-pewter-antique-finish-tankard,,,,,,,false,,Celtic Dragon,,,,,P383 Cel Dragon,454,shopify,0,deny,manual,69.95,,true,false,,,,,,,,,,,,,,,,,,,,g,,,,,,,unlisted
mullingar-pewter-antique-finish-tankard,,,,,,,false,,,,,,,,,,,,,,,,,,https://cdn.shopify.com/s/files/1/1565/2549/files/Antique_Pewter_Finish_Tankard_with_Shamrock_Design.png?v=1765975325,2,Mullingar Pewter Antique Finish Tankard,,,,,,,,,,,,,,,,,,,,,,,unlisted
mullingar-pewter-antique-finish-tankard,,,,,,,false,,,,,,,,,,,,,,,,,,https://cdn.shopify.com/s/files/1/1565/2549/files/Antique_Pewter_Finish_Tankard_with_Celtic_Design.png?v=1765975356,3,Mullingar Pewter Antique Finish Tankard,,,,,,,,,,,,,,,,,,,,,,,unlisted
mullingar-pewter-antique-finish-tankard,,,,,,,false,,,,,,,,,,,,,,,,,,https://cdn.shopify.com/s/files/1/1565/2549/files/Antique_Pewter_Finish_Tankard_with_Large_Celtic_Design.png?v=1765975396,4,Mullingar Pewter Antique Finish Tankard,,,,,,,,,,,,,,,,,,,,,,,unlisted
battle-of-the-boyne-irish-pewter-chess-set,Battle of the Boyne Irish Pewter Chess Set,"<p data-start=""159"" data-end=""233""><strong data-start=""159"" data-end=""233"">P392: Battle of the Boyne Irish Pewter Chess Set – Handmade in Ireland</strong></p>
<p data-start=""235"" data-end=""644"">Honor Irish history and heritage with our <strong data-start=""277"" data-end=""317"">Battle of the Boyne Pewter Chess Set</strong>, a premium <strong data-start=""329"" data-end=""365"">Irish-made collector’s chess set</strong> handcrafted by <strong data-start=""381"" data-end=""412"">Mullingar Pewter in Ireland</strong>. This unique set commemorates the historic <strong data-start=""456"" data-end=""484"">1690 Battle of the Boyne</strong>, featuring finely detailed pewter chess pieces representing <strong data-start=""545"" data-end=""580"">King William III, King James II</strong>, and key figures from one of Ireland’s most significant events.</p>
<p data-start=""646"" data-end=""934"">Paired with a <strong data-start=""660"" data-end=""695"">high-quality wooden chess board</strong> and presented in a <strong data-start=""715"" data-end=""742"">luxury presentation box</strong>, this Irish pewter chess set is designed for both play and display. A meaningful <strong data-start=""824"" data-end=""867"">Irish heritage gift for Irish Americans</strong>, it’s ideal for celebrating ancestry, history, and cultural pride.</p>
<p data-start=""936"" data-end=""1018"">Perfect as a <strong data-start=""949"" data-end=""981"">gift from Ireland to the USA</strong>, this set is especially popular for:</p>
<ul data-start=""1019"" data-end=""1205"">
<li data-start=""1019"" data-end=""1050"">
<p data-start=""1021"" data-end=""1050"">Irish-American family gifts</p>
</li>
<li data-start=""1051"" data-end=""1103"">
<p data-start=""1053"" data-end=""1103"">Retirement, milestone birthdays &amp; commemorations</p>
</li>
<li data-start=""1104"" data-end=""1158"">
<p data-start=""1106"" data-end=""1158"">Collectors of Irish history &amp; military memorabilia</p>
</li>
<li data-start=""1159"" data-end=""1205"">
<p data-start=""1161"" data-end=""1205"">St. Patrick’s Day or heritage celebrations</p>
</li>
</ul>
<p data-start=""1207"" data-end=""1228""><strong data-start=""1207"" data-end=""1228"">Product Features:</strong></p>
<ul data-start=""1229"" data-end=""1531"">
<li data-start=""1229"" data-end=""1274"">
<p data-start=""1231"" data-end=""1274"">Handcrafted <strong data-start=""1243"" data-end=""1272"">solid pewter chess pieces</strong></p>
</li>
<li data-start=""1275"" data-end=""1325"">
<p data-start=""1277"" data-end=""1325""><strong data-start=""1277"" data-end=""1323"">Battle of the Boyne themed Irish chess set</strong></p>
</li>
<li data-start=""1326"" data-end=""1385"">
<p data-start=""1328"" data-end=""1385"">Includes <strong data-start=""1337"" data-end=""1383"">wooden chess board &amp; presentation gift box</strong></p>
</li>
<li data-start=""1386"" data-end=""1424"">
<p data-start=""1388"" data-end=""1424"">Handmade in <strong data-start=""1400"" data-end=""1422"">Mullingar, Ireland</strong></p>
</li>
<li data-start=""1425"" data-end=""1482"">
<p data-start=""1427"" data-end=""1482"">Authentic <strong data-start=""1437"" data-end=""1480"">Irish heritage gift for Irish Americans</strong></p>
</li>
<li data-start=""1483"" data-end=""1531"">
<p data-start=""1485"" data-end=""1531""><strong data-start=""1485"" data-end=""1531"">Worldwide shipping included (USA-friendly)</strong></p>
</li>
</ul>
<p data-start=""1533"" data-end=""1693"">A timeless <strong data-start=""1544"" data-end=""1576"">Irish chess set from Ireland</strong>, combining history, craftsmanship and tradition — a standout heirloom gift for Irish Americans proud of their roots.</p>",Mullingar Pewter,,CHESS SET,"battle of the boyne, chess, CHESS LOVER, chess set, chessboard, chessman, chessmen, gambit, general gift, gift, gifts for her, gifts for him, irish, king, kings and queens, pawn, pewter chess set, pewter chess setroman, queen, Queens Gambit, queens_gambit, imported, unlisted",false,Title,Default Title,,,,,P392,0,shopify,0,deny,manual,399.95,,true,false,,https://cdn.shopify.com/s/files/1/1565/2549/files/Battle_of_the_Boyle_pewter_Chess_Set_on_wood_board.jpg?v=1765974208,1,Battle of the Boyne Irish Pewter Chess Set,false,Battle of the Boyne Irish Pewter Chess Set,"P392: Battle of the Boyne Irish Pewter Chess Set – Handmade in Ireland Honor Irish history and heritage with our Battle of the Boyne Pewter Chess Set, a premium Irish-made collector’s chess set handcrafted by Mullingar Pewter in Ireland. This unique set commemorates the historic 1690 Battle of the Boyne, featuring fine",,,,,,,,,,,,,g,,,true,true,,,unlisted
battle-of-the-boyne-irish-pewter-chess-set,,,,,,,false,,,,,,,,,,,,,,,,,,https://cdn.shopify.com/s/files/1/1565/2549/files/Battle_of_the_Boyle_Pewter_Chess_set_on_wooden_board.jpg?v=1765974273,2,Battle of the Boyne Irish Pewter Chess Set,,,,,,,,,,,,,,,,,,,,,,,unlisted
battle-of-the-boyne-irish-pewter-chess-set,,,,,,,false,,,,,,,,,,,,,,,,,,https://cdn.shopify.com/s/files/1/1565/2549/files/Battle_of_The_Boyle_Pewter_Chess_set_wooden_board.jpg?v=1765974343,3,Battle of the Boyne Irish Pewter Chess Set,,,,,,,,,,,,,,,,,,,,,,,unlisted
battle-of-the-boyne-irish-pewter-chess-set,,,,,,,false,,,,,,,,,,,,,,,,,,https://cdn.shopify.com/s/files/1/1565/2549/files/close_up_of_Battle_of_the_Boyle_Pewter_Chess_set_on_wooden_board.jpg?v=1765974380,4,Battle of the Boyne Irish Pewter Chess Set,,,,,,,,,,,,,,,,,,,,,,,unlisted
battle-of-the-boyne-irish-pewter-chess-set,,,,,,,false,,,,,,,,,,,,,,,,,,https://cdn.shopify.com/s/files/1/1565/2549/files/Battle_of_the_Boyle_Pewter_Chess_set_on_wooden_board_close_up.jpg?v=1765974415,5,Battle of the Boyne Irish Pewter Chess Set,,,,,,,,,,,,,,,,,,,,,,,unlisted
silver-coloured-tankard-with-pewter-base-and-irish-pewter-designs,Silver Coloured Tankard with Pewter Base and Irish Pewter Designs,"<p data-end=""234"" data-start=""150""><strong data-end=""232"" data-start=""150"">P 390: Silver-Coloured Irish Tankard with Pewter Base &amp; Irish Pewter Designs – 500ml</strong></p>
<p data-end=""497"" data-start=""236"">Enjoy a true taste of Ireland with our <strong data-end=""302"" data-start=""275"">silver-coloured tankard</strong>, handcrafted with a <strong data-end=""344"" data-start=""323"">solid pewter base</strong> and a striking <strong data-end=""377"" data-start=""360"">pewter emblem</strong> at the centre. Made in <strong data-end=""423"" data-start=""401"">Mullingar, Ireland</strong>, this elegant tankard blends modern shine with traditional Celtic design.</p>
<p data-end=""551"" data-start=""499"">Choose from two distinctive Irish pewter motifs:</p>
<ul data-end=""748"" data-start=""552"">
<li data-end=""612"" data-start=""552"">
<p data-end=""612"" data-start=""554"">🍀 <strong data-end=""569"" data-start=""557"">Shamrock-Trinity</strong> – symbol of Irish pride and good fortune<br></p>
</li>
<li data-end=""748"" data-start=""682"">
<p data-end=""748"" data-start=""684"">☘️ <strong>T4 </strong><strong data-end=""705"" data-start=""687"">Trinity Knot</strong> – a classic design of eternity and unity</p>
</li>
</ul>
<p data-end=""908"" data-start=""750"">This tankard stands <strong data-end=""783"" data-start=""770"">11cm high</strong>, with a <strong data-end=""821"" data-start=""792"">9cm top and base diameter</strong>, and holds <strong data-end=""842"" data-start=""833"">500ml</strong>, making it ideal for serving beer, cider, or any favourite drink.</p>
<p data-end=""1071"" data-start=""910"">Whether it’s for <strong data-end=""974"" data-start=""927"">groomsmen, birthdays, retirements, weddings</strong>, or just to raise a proper pint, this tankard is a timeless piece of <strong data-end=""1070"" data-start=""1044"">Irish pewter drinkware</strong>.</p>
<p data-end=""1232"" data-start=""1073"">✔️ Silver-coloured finish with pewter detailing<br data-end=""1123"" data-start=""1120"">✔️ Handmade in Ireland<br data-end=""1148"" data-start=""1145"">✔️ Features iconic Irish and Celtic symbols<br data-end=""1194"" data-start=""1191"">✔️ Great gift for men and collectors</p>
<p data-end=""1232"" data-start=""1073"">✔️ Price includes worldwide shipping</p>",Mullingar Pewter,,Tankard,"best man, bestman, celtic, dad, dads gift, friend, friendship, general gift, gift, grandad, granddad, groomsman, groomsman gift, irish, pewter pint tankard, pewter silver tankard, Pewter tankard, shamrock, tankard, trinity, Trinity design, Trinity knot, Trinity knot design, imported, unlisted",false,Style,Shamrock-Trinity,,,,,P390 Sham/Trin,0,shopify,0,deny,manual,59.95,,true,false,,https://cdn.shopify.com/s/files/1/1565/2549/files/Silver_Tankard_with_pewter_Trinity_and_Shamrock_design.png?v=1765974875,1,Silver Coloured Tankard with Pewter Base and Irish Pewter Designs,false,Silver Coloured Tankard with Pewter Base and Irish Pewter Designs,"P 390: Silver-Coloured Irish Tankard with Pewter Base & Irish Pewter Designs – 500ml Enjoy a true taste of Ireland with our silver-coloured tankard, handcrafted with a solid pewter base and a striking pewter emblem at the centre. Made in Mullingar, Ireland, this elegant tankard blends modern shine with traditional Celt",,,,,,,,,,,,,g,,,true,true,,,unlisted
silver-coloured-tankard-with-pewter-base-and-irish-pewter-designs,,,,,,,false,,T4,,,,,P390 T4,0,shopify,0,deny,manual,59.95,,true,false,,,,,,,,,,,,,,,,,,,,g,,,,,,,unlisted
silver-coloured-tankard-with-pewter-base-and-irish-pewter-designs,,,,,,,false,,,,,,,,,,,,,,,,,,https://cdn.shopify.com/s/files/1/1565/2549/files/Silver_Tankard_with_pewter_Trinity_T4_design.png?v=1765974924,2,Silver Coloured Tankard with Pewter Base and Irish Pewter Designs,,,,,,,,,,,,,,,,,,,,,,,unlisted
copper-coloured-tankard-with-pewter-base-and-irish-design-1,Copper Coloured Tankard with Pewter Base and Irish Design,"<p data-start=""107"" data-end=""184""><strong data-start=""107"" data-end=""182"">P389B:  Copper-Coloured Irish Tankard with Pewter Base &amp; Celtic Designs – 500ml</strong></p>
<p data-start=""186"" data-end=""463"">Add warmth and tradition to your drinkware with our striking <strong data-start=""247"" data-end=""280"">copper-coloured Irish tankard</strong>, handcrafted with a solid <strong data-start=""307"" data-end=""322"">pewter base</strong> and detailed <strong data-start=""336"" data-end=""353"">pewter emblem</strong> at the centre. A perfect blend of rustic charm and timeless craftsmanship from <strong data-start=""433"" data-end=""453"">Mullingar Pewter</strong>, Ireland.</p>
<p data-start=""465"" data-end=""507"">Available in two unique Irish designs:</p>
<ul data-start=""508"" data-end=""702"">
<li data-start=""508"" data-end=""566"">
<p data-start=""510"" data-end=""566"">🍀 <strong data-start=""513"" data-end=""525"">Shamrock-Trinity</strong> – representing Irish luck and heritage<br></p>
</li>
<li data-start=""635"" data-end=""702"">
<p data-start=""637"" data-end=""702"">☘️ <strong data-start=""640"" data-end=""658"">Trinity Knot</strong> – a timeless symbol of unity and eternity</p>
</li>
</ul>
<p data-start=""704"" data-end=""865"">Each tankard stands <strong data-start=""724"" data-end=""737"">12cm tall</strong>, with a <strong>8</strong><strong data-start=""746"" data-end=""762"">cm diameter</strong> top and base, and holds a generous <strong data-start=""798"" data-end=""807"">500ml</strong> – ideal for a proper pint or as a distinctive Irish gift.</p>
<p data-start=""867"" data-end=""1004"">Perfect for <strong data-start=""879"" data-end=""932"">birthdays, weddings, groomsmen gifts, retirements</strong>, or anyone who loves authentic <strong data-start=""964"" data-end=""983"">Irish drinkware</strong> with a modern twist.</p>
<p data-start=""1006"" data-end=""1142"">✔️ Copper-coloured finish with pewter detailing<br data-start=""1053"" data-end=""1056"">✔️ Handcrafted in Ireland<br data-start=""1081"" data-end=""1084"">✔️ Unique Celtic &amp; Irish symbols<br data-start=""1116"" data-end=""1119"">✔️ Great gift for him</p>
<p data-start=""1006"" data-end=""1142"">✔️ Price includes worldwide shipping</p>",Mullingar Pewter,,Tankard,"18th, 21st, 40th, best man, bestman, celtic, copper, dad, dads gift, father, fathers day, fathersday, general gift, gift, gifts for him, grand dad, grandad, granddad, grandfather, groom, groomsman, groomsman gift, him, irish, pewter pint tankard, pewter silver tankard, Pewter tankard, pint tankard, shamrock, tankard, trinity, Trinity design, Trinity knot, Trinity knot design, imported, unlisted",false,Style,Shamrock-Trinity,,,,,P389B Shamrock Trinity,0,shopify,0,deny,manual,59.95,,true,false,,https://cdn.shopify.com/s/files/1/1565/2549/files/Copper_Coloured_Tankard_with_Pewter_Base_and_Shamrock_Trinity_Design.png?v=1765975010,1,Copper Coloured Tankard with Pewter Base and Irish Design,false,Copper Coloured Tankard with Pewter Base and Irish Design,"P389B: Copper-Coloured Irish Tankard with Pewter Base & Celtic Designs – 500ml Add warmth and tradition to your drinkware with our striking copper-coloured Irish tankard, handcrafted with a solid pewter base and detailed pewter emblem at the centre. A perfect blend of rustic charm and timeless craftsmanship from Mullin",,,,,,,,,,,,,g,,,true,true,,,unlisted
copper-coloured-tankard-with-pewter-base-and-irish-design-1,,,,,,,false,,Trinity,,,,,P389B Trinity,0,shopify,0,deny,manual,59.95,,true,false,,,,,,,,,,,,,,,,,,,,g,,,,,,,unlisted
copper-coloured-tankard-with-pewter-base-and-irish-design-1,,,,,,,false,,,,,,,,,,,,,,,,,,https://cdn.shopify.com/s/files/1/1565/2549/files/Copper_Coloured_Tankard_with_Pewter_Base_and_Trinity_Design.png?v=1765975044,2,Copper Coloured Tankard with Pewter Base and Irish Design,,,,,,,,,,,,,,,,,,,,,,,unlisted
copper-coloured-tankard-with-pewter-base-and-irish-design,Copper Coloured Tankard with Pewter Base and Irish Design,"<p data-start=""107"" data-end=""184""><strong data-start=""107"" data-end=""182"">P388: Copper-Coloured Irish Tankard with Pewter Base &amp; Irish Designs – 500ml</strong></p>
<p data-start=""186"" data-end=""463"">Add warmth and tradition to your drinkware with our striking <strong data-start=""247"" data-end=""280"">copper-coloured Irish tankard</strong>, handcrafted with a solid <strong data-start=""307"" data-end=""322"">pewter base</strong> and detailed <strong data-start=""336"" data-end=""353"">pewter emblem</strong> at the centre. A perfect blend of rustic charm and timeless craftsmanship from <strong data-start=""433"" data-end=""453"">Mullingar Pewter</strong>, Ireland.</p>
<p data-start=""465"" data-end=""507"">Available in three unique Irish designs:</p>
<ul data-start=""508"" data-end=""702"">
<li data-start=""508"" data-end=""566"">
<p data-start=""510"" data-end=""566"">🍀 <strong data-start=""513"" data-end=""525"">Shamrock</strong> – representing Irish luck and heritage</p>
</li>
<li data-start=""567"" data-end=""634"">
<p data-start=""569"" data-end=""634"">🦌 <strong data-start=""572"" data-end=""580"">Stag</strong> – symbolising strength and the wild Irish landscape</p>
</li>
<li data-start=""635"" data-end=""702"">
<p data-start=""637"" data-end=""702"">☘️ <strong data-start=""640"" data-end=""658"">T4 Celtic Knot</strong> – a timeless symbol of unity and eternity</p>
</li>
</ul>
<p data-start=""704"" data-end=""865"">Each tankard stands <strong data-start=""724"" data-end=""737"">11cm tall</strong>, with a <strong data-start=""746"" data-end=""762"">9cm diameter</strong> top and base, and holds a generous <strong data-start=""798"" data-end=""807"">500ml</strong> – ideal for a proper pint or as a distinctive Irish gift.</p>
<p data-start=""867"" data-end=""1004"">Perfect for <strong data-start=""879"" data-end=""932"">birthdays, weddings, groomsmen gifts, retirements</strong>, or anyone who loves authentic <strong data-start=""964"" data-end=""983"">Irish drinkware</strong> with a modern twist.</p>
<p data-start=""1006"" data-end=""1142"">✔️ Copper-coloured finish with pewter detailing<br data-start=""1053"" data-end=""1056"">✔️ Handcrafted in Ireland<br data-start=""1081"" data-end=""1084"">✔️ Unique Celtic &amp; Irish symbols<br data-start=""1116"" data-end=""1119"">✔️ Great gift for him</p>
<p data-start=""1006"" data-end=""1142"">✔️ Price includes worldwide shipping</p>",Mullingar Pewter,,Tankard,"21st, best man, bestman, celtic, copper, father, fathers day, fathersday, general gift, general gifts, gift, grandfather, groom, groomsman, groomsman gift, Heritage, irish, pewter, pewter pint tankard, pewter silver, pint tankard, shamrock, stag, tankard, trinity, Trinity design, Trinity knot, Trinity knot design, wedding, imported, unlisted",false,Style,Shamrock,,,,,P388 Shamrock,0,shopify,0,deny,manual,59.95,,true,false,,https://cdn.shopify.com/s/files/1/1565/2549/files/Copper_Coloured_Tankard_with_Pewter_Base_and_Shamrock_Design.png?v=1765975095,1,Copper Coloured Tankard with Pewter Base and Irish Design,false,Copper Coloured Tankard with Pewter Base and Irish Design,"P388: Copper-Coloured Irish Tankard with Pewter Base & Irish Designs – 500ml Add warmth and tradition to your drinkware with our striking copper-coloured Irish tankard, handcrafted with a solid pewter base and detailed pewter emblem at the centre. A perfect blend of rustic charm and timeless craftsmanship from Mullinga",,,,,,,,,,,,,g,,,true,true,,,unlisted
copper-coloured-tankard-with-pewter-base-and-irish-design,,,,,,,false,,Stag,,,,,P388 Stag,0,shopify,0,deny,manual,59.95,,true,false,,,,,,,,,,,,,,,,,,,,g,,,,,,,unlisted
copper-coloured-tankard-with-pewter-base-and-irish-design,,,,,,,false,,T4,,,,,P388 T4,0,shopify,0,deny,manual,59.95,,true,false,,,,,,,,,,,,,,,,,,,,g,,,,,,,unlisted
copper-coloured-tankard-with-pewter-base-and-irish-design,,,,,,,false,,,,,,,,,,,,,,,,,,https://cdn.shopify.com/s/files/1/1565/2549/files/Copper_Coloured_Tankard_with_Pewter_Base_and_Stag_Design.png?v=1765975136,2,Copper Coloured Tankard with Pewter Base and Irish Design,,,,,,,,,,,,,,,,,,,,,,,unlisted
copper-coloured-tankard-with-pewter-base-and-irish-design,,,,,,,false,,,,,,,,,,,,,,,,,,https://cdn.shopify.com/s/files/1/1565/2549/files/Copper_Coloured_Tankard_with_Pewter_Base_and_Trinity_T4_Design.png?v=1765975168,3,Copper Coloured Tankard with Pewter Base and Irish Design,,,,,,,,,,,,,,,,,,,,,,,unlisted
unisex-leather-like-wristband-with-irish-pewter-design,Unisex Leather-like Wristband with Irish Pewter Design,"<p data-end=""248"" data-start=""160""><strong data-end=""246"" data-start=""160"">Unisex Leather-like Wristband with Irish Pewter Design – Handcrafted in Mullingar, Ireland</strong></p>
<p data-end=""596"" data-start=""250"">Product code: P394</p>
<p data-start=""250"" data-end=""596"">Discover a unique blend of rugged style and traditional Irish craftsmanship with our <strong data-start=""335"" data-end=""370"">Men’s Bracelets</strong>. Handcrafted in Mullingar, Co. Westmeath, this piece features a solid pewter accent, expertly detailed with Celtic patterns and symbols that represent Irish heritage, strength, and connection.</p>
<p data-start=""598"" data-end=""877"">The pewter centrepiece is cast using traditional methods passed down through generations, making each bracelet a true expression of Irish artistry. The sleek, masculine design makes it suitable for everyday wear, while the heritage-inspired detail makes it a meaningful keepsake.</p>
<p data-start=""879"" data-end=""1105"">Whether you're searching for a<span> </span><strong data-start=""910"" data-end=""937"">thoughtful gift for him</strong><span> </span>– a<span> </span><strong data-start=""942"" data-end=""966"">Father’s Day present</strong>,<span> </span><strong data-start=""968"" data-end=""986"">groomsman gift</strong>, or a<span> </span><strong data-start=""993"" data-end=""1014"">birthday surprise</strong><span> </span>– this bracelet is a timeless piece that combines modern fashion with deep cultural roots.</p>
<p data-end=""877"" data-start=""598"">The pewter centrepiece is cast using traditional methods passed down through generations, making each bracelet a true expression of Irish artistry. The sleek, masculine design makes it suitable for everyday wear, while the heritage-inspired detail makes it a meaningful keepsake.</p>
<p data-end=""1105"" data-start=""879"">Whether you're searching for a <strong data-end=""937"" data-start=""910"">thoughtful gift for him</strong> – a <strong data-end=""966"" data-start=""942"">Father’s Day present</strong>, <strong data-end=""986"" data-start=""968"">groomsman gift</strong>, or a <strong data-end=""1014"" data-start=""993"">birthday surprise</strong> – this bracelet is a timeless piece that combines modern fashion with deep cultural roots.</p>
<p data-end=""1122"" data-start=""1107""><strong data-end=""1120"" data-start=""1107"">Features:</strong></p>
<ul data-end=""1312"" data-start=""1123"">
<li data-end=""1161"" data-start=""1123"">
<p data-end=""1161"" data-start=""1125"">Handcrafted Irish Pewter detailing</p>
</li>
<li data-end=""1201"" data-start=""1162"">
<p data-end=""1201"" data-start=""1164"">Premium quality black leather strap</p>
</li>
<li data-end=""1228"" data-start=""1202"">
<p data-end=""1228"" data-start=""1204"">Secure clasp fastening</p>
</li>
<li data-end=""1279"" data-start=""1229"">
<p data-end=""1279"" data-start=""1231"">Inspired by Celtic symbols and Irish tradition</p>
</li>
<li data-end=""1312"" data-start=""1280"">
<p data-end=""1312"" data-start=""1282"">Designed and made in Ireland</p>
</li>
<li data-end=""1312"" data-start=""1280"">✔️ Price includes worldwide shipping</li>
</ul>
<p data-end=""1402"" data-start=""1314"">Celebrate Irish identity in style – this is more than a bracelet; it’s a story you wear.</p>",Mullingar Pewter,,Gifts for Men,"21st, best man, bestman, bracelet, brother, celtic, Celtic design, claddagh, dad, dads gift, friend, friendship, general gift, general gifts, gift, gifts for him, grand dad, grandad, granddad, groom, groomsman, groomsman gift, Heritage, him, irish, Irish claddagh, jewelry for him, jewelry for men, leather wristband, men, mens accessories, mens gifts, pewter, pewter celtic, shamrock, shamrock trellis, sports, uncle, unisex, watch, wristband, imported, unlisted",false,Size,Small 20cm,Style,Shamrock,,,P394-02 Shamrock,28,shopify,0,deny,manual,26.95,,true,false,,https://cdn.shopify.com/s/files/1/1565/2549/files/Bracelets_for_Men_with_Pewter_accent.png?v=1765976251,1,Unisex Leather-like Wristband with Irish Pewter Design,false,Unisex Leather-like Wristband with Irish Pewter Design,"Unisex Leather-like Wristband with Irish Pewter Design – Handcrafted in Mullingar, Ireland Product code: P394 Discover a unique blend of rugged style and traditional Irish craftsmanship with our Men’s Bracelets. Handcrafted in Mullingar, Co. Westmeath, this piece features a solid pewter accent, expertly detailed with C",,,,,,,,,,,,,g,,,true,true,,,unlisted
unisex-leather-like-wristband-with-irish-pewter-design,,,,,,,false,,Small 20cm,,Shamrock Trellis,,,P394-14 Shamrock Trellis,28,shopify,0,deny,manual,26.95,,true,false,,,,,,,,,,,,,,,,,,,,g,,,,,,,unlisted
unisex-leather-like-wristband-with-irish-pewter-design,,,,,,,false,,Small 20cm,,T4,,,P394-07 T4,0,shopify,0,deny,manual,26.95,,false,false,,,,,,,,,,,,,,,,,,,,g,,,,,,,unlisted
unisex-leather-like-wristband-with-irish-pewter-design,,,,,,,false,,Small 20cm,,Cross 1,,,P394-03 Cross1,28,shopify,0,deny,manual,26.95,,true,false,,,,,,,,,,,,,,,,,,,,g,,,,,,,unlisted
unisex-leather-like-wristband-with-irish-pewter-design,,,,,,,false,,Small 20cm,,Cross 2,,,P394-04 Cross2,28,shopify,0,deny,manual,26.95,,true,false,,,,,,,,,,,,,,,,,,,,g,,,,,,,unlisted
unisex-leather-like-wristband-with-irish-pewter-design,,,,,,,false,,Small 20cm,,Kells Serpent and Bird,,,P394-05 Kells Serpent & Bird,0,shopify,0,deny,manual,26.95,,true,false,,,,,,,,,,,,,,,,,,,,g,,,,,,,unlisted
unisex-leather-like-wristband-with-irish-pewter-design,,,,,,,false,,Small 20cm,,St Benedict,,,P394-21 St Benedict,28,shopify,0,deny,manual,26.95,,true,false,,,,,,,,,,,,,,,,,,,,g,,,,,,,unlisted
unisex-leather-like-wristband-with-irish-pewter-design,,,,,,,false,,Small 20cm,,Ireland,,,P394-10 Ireland,28,shopify,0,deny,manual,26.95,,true,false,,,,,,,,,,,,,,,,,,,,g,,,,,,,unlisted
unisex-leather-like-wristband-with-irish-pewter-design,,,,,,,false,,Small 20cm,,Shamrock Trinity,,,P394-13 Shamrock Trinity,28,shopify,0,deny,manual,26.95,,true,false,,,,,,,,,,,,,,,,,,,,g,,,,,,,unlisted
unisex-leather-like-wristband-with-irish-pewter-design,,,,,,,false,,Small 20cm,,Celtic,,,P394-16 Celtic,28,shopify,0,deny,manual,26.95,,true,false,,,,,,,,,,,,,,,,,,,,g,,,,,,,unlisted
unisex-leather-like-wristband-with-irish-pewter-design,,,,,,,false,,Medium 21cm,,Shamrock,,,P394-02 Shamrock,28,shopify,0,deny,manual,26.95,,true,false,,,,,,,,,,,,,,,,,,,,g,,,,,,,unlisted
unisex-leather-like-wristband-with-irish-pewter-design,,,,,,,false,,Medium 21cm,,Shamrock Trellis,,,P394-14 Shamrock Trellis,28,shopify,0,deny,manual,26.95,,true,false,,,,,,,,,,,,,,,,,,,,g,,,,,,,unlisted
unisex-leather-like-wristband-with-irish-pewter-design,,,,,,,false,,Medium 21cm,,T4,,,P394-07 T4,28,shopify,0,deny,manual,26.95,,true,false,,,,,,,,,,,,,,,,,,,,g,,,,,,,unlisted
unisex-leather-like-wristband-with-irish-pewter-design,,,,,,,false,,Medium 21cm,,Cross 1,,,P394-03 Cross 1,28,shopify,0,deny,manual,26.95,,true,false,,,,,,,,,,,,,,,,,,,,g,,,,,,,unlisted
unisex-leather-like-wristband-with-irish-pewter-design,,,,,,,false,,Medium 21cm,,Cross 2,,,P394-04 Cross 2,28,shopify,0,deny,manual,26.95,,true,false,,,,,,,,,,,,,,,,,,,,g,,,,,,,unlisted
unisex-leather-like-wristband-with-irish-pewter-design,,,,,,,false,,Medium 21cm,,Kells Serpent and Bird,,,P394-05 Kells Serpent and Bird,28,shopify,0,deny,manual,26.95,,true,false,,,,,,,,,,,,,,,,,,,,g,,,,,,,unlisted
unisex-leather-like-wristband-with-irish-pewter-design,,,,,,,false,,Medium 21cm,,St Benedict,,,P394-21 St Benedict,28,shopify,0,deny,manual,26.95,,true,false,,,,,,,,,,,,,,,,,,,,g,,,,,,,unlisted
unisex-leather-like-wristband-with-irish-pewter-design,,,,,,,false,,Medium 21cm,,Ireland,,,P394-10 Ireland,28,shopify,0,deny,manual,26.95,,true,false,,,,,,,,,,,,,,,,,,,,g,,,,,,,unlisted
unisex-leather-like-wristband-with-irish-pewter-design,,,,,,,false,,Medium 21cm,,Shamrock Trinity,,,P394-13 Shamrock Trinity,28,shopify,0,deny,manual,26.95,,true,false,,,,,,,,,,,,,,,,,,,,g,,,,,,,unlisted
unisex-leather-like-wristband-with-irish-pewter-design,,,,,,,false,,Medium 21cm,,Celtic,,,P394-16 Celtic,28,shopify,0,deny,manual,26.95,,true,false,,,,,,,,,,,,,,,,,,,,g,,,,,,,unlisted
unisex-leather-like-wristband-with-irish-pewter-design,,,,,,,false,,Large 22cm,,Shamrock,,,P394-02 Shamrock,28,shopify,0,deny,manual,26.95,,true,false,,,,,,,,,,,,,,,,,,,,g,,,,,,,unlisted
unisex-leather-like-wristband-with-irish-pewter-design,,,,,,,false,,Large 22cm,,Shamrock Trellis,,,P394-14 Shamrock Trellis,28,shopify,0,deny,manual,26.95,,true,false,,,,,,,,,,,,,,,,,,,,g,,,,,,,unlisted
unisex-leather-like-wristband-with-irish-pewter-design,,,,,,,false,,Large 22cm,,T4,,,P394-07 T4,28,shopify,0,deny,manual,26.95,,true,false,,,,,,,,,,,,,,,,,,,,g,,,,,,,unlisted
unisex-leather-like-wristband-with-irish-pewter-design,,,,,,,false,,Large 22cm,,Cross 1,,,P394-03 Cross 1,28,shopify,0,deny,manual,26.95,,true,false,,,,,,,,,,,,,,,,,,,,g,,,,,,,unlisted
unisex-leather-like-wristband-with-irish-pewter-design,,,,,,,false,,Large 22cm,,Cross 2,,,P394-04 Cross 2,28,shopify,0,deny,manual,26.95,,true,false,,,,,,,,,,,,,,,,,,,,g,,,,,,,unlisted
unisex-leather-like-wristband-with-irish-pewter-design,,,,,,,false,,Large 22cm,,Kells Serpent and Bird,,,P394-05 Kells Serpent and Bird,28,shopify,0,deny,manual,26.95,,true,false,,,,,,,,,,,,,,,,,,,,g,,,,,,,unlisted
unisex-leather-like-wristband-with-irish-pewter-design,,,,,,,false,,Large 22cm,,St Benedict,,,P394-21 St Benedict,28,shopify,0,deny,manual,26.95,,true,false,,,,,,,,,,,,,,,,,,,,g,,,,,,,unlisted
unisex-leather-like-wristband-with-irish-pewter-design,,,,,,,false,,Large 22cm,,Ireland,,,P394-10 Ireland,28,shopify,0,deny,manual,26.95,,true,false,,,,,,,,,,,,,,,,,,,,g,,,,,,,unlisted
unisex-leather-like-wristband-with-irish-pewter-design,,,,,,,false,,Large 22cm,,Shamrock Trinity,,,P394-13 Shamrock Trinity,28,shopify,0,deny,manual,26.95,,true,false,,,,,,,,,,,,,,,,,,,,g,,,,,,,unlisted
unisex-leather-like-wristband-with-irish-pewter-design,,,,,,,false,,Large 22cm,,Celtic,,,P394-16 Celtic,28,shopify,0,deny,manual,26.95,,true,false,,,,,,,,,,,,,,,,,,,,g,,,,,,,unlisted
unisex-leather-like-wristband-with-irish-pewter-design,,,,,,,false,,,,,,,,,,,,,,,,,,https://cdn.shopify.com/s/files/1/1565/2549/files/Bracelets_for_Men_with_Pewter_shamrock_design.jpg?v=1765976302,2,Unisex Leather-like Wristband with Irish Pewter Design,,,,,,,,,,,,,,,,,,,,,,,unlisted
unisex-leather-like-wristband-with-irish-pewter-design,,,,,,,false,,,,,,,,,,,,,,,,,,https://cdn.shopify.com/s/files/1/1565/2549/files/Bracelets_for_Men_with_Pewter_shamrock_trellis_design.jpg?v=1772630871,3,Unisex Leather-like Wristband with Irish Pewter Design,,,,,,,,,,,,,,,,,,,,,,,unlisted
unisex-leather-like-wristband-with-irish-pewter-design,,,,,,,false,,,,,,,,,,,,,,,,,,https://cdn.shopify.com/s/files/1/1565/2549/files/Bracelets_for_Men_with_Pewter_Trinity_T4_design.jpg?v=1765976412,4,Unisex Leather-like Wristband with Irish Pewter Design,,,,,,,,,,,,,,,,,,,,,,,unlisted
unisex-leather-like-wristband-with-irish-pewter-design,,,,,,,false,,,,,,,,,,,,,,,,,,https://cdn.shopify.com/s/files/1/1565/2549/files/Bracelets_for_Men_with_Pewter_cross_design.jpg?v=1765976439,5,Unisex Leather-like Wristband with Irish Pewter Design,,,,,,,,,,,,,,,,,,,,,,,unlisted
irish-pewter-jewelry-boxes-mom-design-claddagh-or-plain,"Irish Pewter Jewellery Boxes - Mom Design, Claddagh or Plain","<p data-start=""115"" data-end=""203""><strong data-start=""115"" data-end=""201"">Handcrafted Irish Pewter Jewellery Boxes – Celtic Design, Claddagh or ‘Mom’ Insignia</strong></p>
<p data-start=""205"" data-end=""497"">Choose from three elegant sizes of our handcrafted <strong data-start=""256"" data-end=""286"">Irish Pewter Jewellery Boxes</strong>, perfect for storing treasured keepsakes. Expertly cast in Ireland, each box features intricate <strong data-start=""383"" data-end=""412"">Celtic knotwork detailing</strong> embossed on all sides and the lid, celebrating Ireland’s rich heritage and artistry.</p>
<p data-start=""499"" data-end=""538"">The lid comes in three style options:</p>
<ul data-start=""539"" data-end=""706"">
<li data-start=""539"" data-end=""593"">
<p data-start=""541"" data-end=""593""><strong data-start=""541"" data-end=""550"">Plain</strong> (ideal for engraving a personal message)</p>
</li>
<li data-start=""594"" data-end=""658"">
<p data-start=""596"" data-end=""658""><strong data-start=""596"" data-end=""615"">Claddagh design</strong> (symbolizing love, loyalty &amp; friendship)</p>
</li>
<li data-start=""659"" data-end=""706"">
<p data-start=""661"" data-end=""706""><strong data-start=""661"" data-end=""675"">Mom design</strong> (a heartfelt gift for mothers)</p>
</li>
</ul>
<p data-start=""708"" data-end=""975"">Each box includes a compartment for rings, earrings, or other precious jewellery. Whether you're gifting for <strong data-start=""853"" data-end=""869"">Mother’s Day</strong>, <strong data-start=""871"" data-end=""884"">birthdays</strong>, <strong data-start=""886"" data-end=""903"">anniversaries</strong>, or treating yourself, this is a timeless piece of Irish craftsmanship.</p>
<p data-start=""977"" data-end=""999""><strong data-start=""977"" data-end=""997"">Available Sizes:</strong></p>
<ul data-start=""1000"" data-end=""1104"">
<li data-start=""1000"" data-end=""1036"">
<p data-start=""1002"" data-end=""1036""><strong data-start=""1002"" data-end=""1012"">Small:</strong> 8.5cm x 5.5cm x 4.5cm</p>
</li>
<li data-start=""1037"" data-end=""1071"">
<p data-start=""1039"" data-end=""1071""><strong data-start=""1039"" data-end=""1050"">Medium:</strong> 13cm x 7.5cm x 6cm</p>
</li>
<li data-start=""1072"" data-end=""1104"">
<p data-start=""1074"" data-end=""1104""><strong data-start=""1074"" data-end=""1084"">Large:</strong> 17cm x 10cm x 8cm</p>
</li>
</ul>
<p data-start=""1106"" data-end=""1200"">✅ <strong data-start=""1108"" data-end=""1127"">Made in Ireland</strong><br data-start=""1127"" data-end=""1130"">✅ <strong data-start=""1132"" data-end=""1169"">High-Quality Pewter Craftsmanship</strong><br data-start=""1169"" data-end=""1172"">✅ <strong data-start=""1174"" data-end=""1200"">Free Shipping Included</strong></p>",Mullingar Pewter,,GIFTS FOR HER,"21st, 40th, 50th, birthday, claddagh, jewellery, jewellry, ladies gift, ladies jewellery box, mother, Mothers, mothers day, wedding, wedding gifts, womens_gifts, imported, unlisted",false,Size,Small Jewellery box,Style,Plain,,,MD17S Plain,184,shopify,0,deny,manual,47.95,,true,false,,https://cdn.shopify.com/s/files/1/1565/2549/products/JEWELLERYBOXCLADDAGHMD17La.jpg?v=1752752076,1,"Irish Pewter Jewellery Boxes - Mom Design, Claddagh or Plain",false,Irish Pewter Jewellery Boxes,"Handcrafted Irish Pewter Jewellery Boxes – Celtic Design, Claddagh or ‘Mom’ Insignia Choose from three elegant sizes of our handcrafted Irish Pewter Jewellery Boxes, perfect for storing treasured keepsakes. Expertly cast in Ireland, each box features intricate Celtic knotwork detailing embossed on all sides and the lid",,,,,,,,,,,,,g,,,true,true,,,unlisted
irish-pewter-jewelry-boxes-mom-design-claddagh-or-plain,,,,,,,false,,Small Jewellery box,,Claddagh,,,MD17S Claddagh,0,shopify,0,deny,manual,47.95,,true,false,,,,,,,,,,,,,,,,,,,,g,,,,,,,unlisted
irish-pewter-jewelry-boxes-mom-design-claddagh-or-plain,,,,,,,false,,Small Jewellery box,,Mom,,,MD17S Mom,184,shopify,0,deny,manual,47.95,,true,false,,,,,,,,,,,,,,,,,,,,g,,,,,,,unlisted
irish-pewter-jewelry-boxes-mom-design-claddagh-or-plain,,,,,,,false,,Medium Jewellery box,,Plain,,,,368,shopify,0,deny,manual,65.95,,true,false,,,,,,,,,,,,,,,,,,,,g,,,,,,,unlisted
irish-pewter-jewelry-boxes-mom-design-claddagh-or-plain,,,,,,,false,,Medium Jewellery box,,Claddagh,,,MD17M Claddagh,0,shopify,0,deny,manual,65.95,,true,false,,,,,,,,,,,,,,,,,,,,g,,,,,,,unlisted
irish-pewter-jewelry-boxes-mom-design-claddagh-or-plain,,,,,,,false,,Medium Jewellery box,,Mom,,,MD17M Mom,184,shopify,0,deny,manual,65.95,,true,false,,,,,,,,,,,,,,,,,,,,g,,,,,,,unlisted
irish-pewter-jewelry-boxes-mom-design-claddagh-or-plain,,,,,,,false,,Large Jewellery box,,Plain,,,MD17L Plain,184,shopify,0,deny,manual,89.95,,true,false,,,,,,,,,,,,,,,,,,,,g,,,,,,,unlisted
irish-pewter-jewelry-boxes-mom-design-claddagh-or-plain,,,,,,,false,,Large Jewellery box,,Claddagh,,,MD17L Claddagh,184,shopify,0,deny,manual,89.95,,true,false,,,,,,,,,,,,,,,,,,,,g,,,,,,,unlisted
irish-pewter-jewelry-boxes-mom-design-claddagh-or-plain,,,,,,,false,,Large Jewellery box,,Mom,,,MD17L Mom,184,shopify,0,deny,manual,89.95,,true,false,,,,,,,,,,,,,,,,,,,,g,,,,,,,unlisted
irish-pewter-jewelry-boxes-mom-design-claddagh-or-plain,,,,,,,false,,,,,,,,,,,,,,,,,,https://cdn.shopify.com/s/files/1/1565/2549/products/MEDIUMJEWELRYBOXMOM_f12fdec4-9df7-4243-b20c-4ac51827c14f.jpg?v=1752752076,2,"Irish Pewter Jewellery Boxes - Mom Design, Claddagh or Plain",,,,,,,,,,,,,,,,,,,,,,,unlisted
irish-pewter-jewelry-boxes-mom-design-claddagh-or-plain,,,,,,,false,,,,,,,,,,,,,,,,,,https://cdn.shopify.com/s/files/1/1565/2549/products/MEDIUMJEWELRYBOXMOM_f778b581-05b2-4260-8f90-90869b08ad2d.jpg?v=1752752076,3,"Irish Pewter Jewellery Boxes - Mom Design, Claddagh or Plain",,,,,,,,,,,,,,,,,,,,,,,unlisted
irish-pewter-jewelry-boxes-mom-design-claddagh-or-plain,,,,,,,false,,,,,,,,,,,,,,,,,,https://cdn.shopify.com/s/files/1/1565/2549/products/SMALLJEWELRYBOXMOM_322ddf1c-1765-443b-95e7-337af0d08df1.jpg?v=1752752076,4,"Irish Pewter Jewellery Boxes - Mom Design, Claddagh or Plain",,,,,,,,,,,,,,,,,,,,,,,unlisted
irish-pewter-jewelry-boxes-mom-design-claddagh-or-plain,,,,,,,false,,,,,,,,,,,,,,,,,,https://cdn.shopify.com/s/files/1/1565/2549/products/SMALLPLAINJEWELLERYBOX_29e46741-ebd4-4aea-b86d-06d7df50ca68.jpg?v=1752752076,5,"Irish Pewter Jewellery Boxes - Mom Design, Claddagh or Plain",,,,,,,,,,,,,,,,,,,,,,,unlisted
mullingar-pewter-evangelists-goblets-special-offer-set-of-4,Mullingar Pewter Irish Evangelist Goblets,"<p><strong><span style=""font-size: 7.0pt; font-family: 'Segoe UI','sans-serif'; color: #212b36;"" data-mce-style=""font-size: 7.0pt; font-family: 'Segoe UI','sans-serif'; color: #212b36;"">Set of 4 Goblets - Product Code B10 Set of 4 Mullingar Pewter Irish Evangelist Goblets</span></strong></p>
<p><strong><span style=""font-size: 7.0pt; font-family: 'Segoe UI','sans-serif'; color: #212b36;"" data-mce-style=""font-size: 7.0pt; font-family: 'Segoe UI','sans-serif'; color: #212b36;"">Product Code B10 John ""The Eagle""</span></strong></p>
<p>Emblazoned with a stylized Celtic eagle and icovellavna design, this pewter goblet (8 oz, 5 1/4"" tall) celebrates John the Evangelist (meaning 'writer of a gospel'), the mysterious author of the Gospel of John (who may have also written the Book of Revelation, according to some scholars) who could either have been John the Apostle, John the Presbyter, or John of Patmos, and who is traditionally symbolized as an eagle.</p>
<p style=""margin: 0cm 0cm 12.0pt 0cm;"" data-mce-style=""margin: 0cm 0cm 12.0pt 0cm;""><strong><span style=""font-size: 7.0pt; font-family: 'Segoe UI','sans-serif'; color: #212b36;"" data-mce-style=""font-size: 7.0pt; font-family: 'Segoe UI','sans-serif'; color: #212b36;"">Product Code: B10 Luke "" The Ox""</span></strong><span style=""font-size: 7.0pt; font-family: 'Segoe UI','sans-serif'; color: #212b36;"" data-mce-style=""font-size: 7.0pt; font-family: 'Segoe UI','sans-serif'; color: #212b36;""></span></p>
<p>Emblazoned with a stylized Celtic eagle and icovellavna design, this pewter goblet (8 oz, 5 1/4"" tall) celebrates St. Luke ""The Ox"". St. Luke is often seen as the patron saint of students, artists, physicians, surgeons, students and butchers. He was a historian and an artist.</p>
<p><span style=""font-size: 7pt;""><strong><span style=""font-size: 7.0pt; font-family: 'Segoe UI','sans-serif'; color: #212b36;"" data-mce-style=""font-size: 7.0pt; font-family: 'Segoe UI','sans-serif'; color: #212b36;"">Product Code: B10 Mathew ""The Man""</span></strong></span></p>
<p>Part of the Mullingar Pewter Evangelist goblet collection, this pewter goblet depicts Saint Matthew of the Evangelists, the tax collector who became a disciple of Jesus and witnessed his resurrection. This 8 oz goblet is beautifully adorned from base to top with Celtic filigree, while Matthew's design is directly inspired by the angelic depiction from the Book of Kells, based on the representation of Matthew as the 'winged man' from the Book of Revelations. </p>
<p style=""margin: 0cm 0cm 12.0pt 0cm;"" data-mce-style=""margin: 0cm 0cm 12.0pt 0cm;""><strong><span style=""font-size: 7.0pt; font-family: 'Segoe UI','sans-serif'; color: #212b36;"" data-mce-style=""font-size: 7.0pt; font-family: 'Segoe UI','sans-serif'; color: #212b36;"">Product Code: B10 Mark ""The Lion""</span></strong><span style=""font-size: 7.0pt; font-family: 'Segoe UI','sans-serif'; color: #212b36;"" data-mce-style=""font-size: 7.0pt; font-family: 'Segoe UI','sans-serif'; color: #212b36;""></span></p>
<p>Emblazoned with a stylized Celtic Lion and icovellavna design, this pewter goblet (8 oz, 5 1/4"" tall) celebrates one of the four Evangelists, Mark.</p>
<p>The lion is a symbol of power, strength, courage, and assertiveness, and often referred to as the king of beasts. The winged lion used to represent St. Mark is often winged, occasionally crowned with a halo. It is the symbol of the city of Venice and can be seen at the entrance to the famous St Marks Square. Other depictions may include the lion with a sword or a bible at it's paws.</p>
<p>These beautiful Irish Pewter Goblets are a perfect gift, or why not treat yourself to one or all 4 designs.</p>
<p><span style=""font-size: 7.0pt; font-family: 'Segoe UI','sans-serif'; color: #212b36;"" data-mce-style=""font-size: 7.0pt; font-family: 'Segoe UI','sans-serif'; color: #212b36;""><strong>ALL GOBLETS ARE AVAILABLE SINGLY ALSO</strong>.</span></p>
<p><strong>HANDMADE IN IRELAND   PRICE INCLUDES SHIPPING</strong></p>
<p><span style=""text-decoration: underline;""><strong>About our Pewter Goblets</strong></span></p>
<p>Our metal content in all of the above is 92-95% tin with a balance of Copper and Antimony.</p>
<p>Our metal is Lead free and complies with EU, FDA,BS and Proposition 65 standards.</p>
<p>Our items are packaged in Black and Silver Mullingar Pewter Packaging where possible.</p>",Mullingar Pewter,,Drinkware,"bible, book of kells, book of kells goblet, kells, kells design, Matthew Mark Luke John, St John, St Luke, St Mark, St Matthew, trinity college, imported, unlisted",false,Title,Default Title,,,,,B10 Set of 4,0,shopify,0,deny,manual,379.95,,true,false,,https://cdn.shopify.com/s/files/1/1565/2549/files/1_d5751e97-84cd-46f0-8143-5b4395cc5638.png?v=1693400629,1,Mullingar Pewter Irish Evangelist Goblets,false,Mullingar Pewter Irish Evangelist Goblets,"Set of 4 Goblets - Product Code B10 Set of 4 Mullingar Pewter Irish Evangelist Goblets Product Code B10 John ""The Eagle"" Emblazoned with a stylized Celtic eagle and icovellavna design, this pewter goblet (8 oz, 5 1/4"" tall) celebrates John the Evangelist (meaning 'writer of a gospel'), the mysterious author of the Gosp",,,,,,,,,,,,,g,,,true,true,,,unlisted
round-pocket-whiskey-flask-with-expandable-cup,Mullingar Pewter Round Pocket Whiskey Flask with Expandable Cup.,"<p><strong>Product Code: P242 - Mullingar Pewter Round Pocket Whiskey Flask with Expandable Cup (6 oz)</strong></p>
<p>This whiskey flask makes a truly special gift. Featuring an innovative design, the center of the flask pops out to create a convenient measure or cup. The flask is beautifully embellished with a pewter disc showcasing a traditional Spiral and Celtic design, reminiscent of motifs found in ancient manuscripts and Celtic stone carvings.</p>
<p><strong>Key Features:</strong></p>
<ul>
<li>
<strong>Innovative Design:</strong> The center of the flask can be removed to serve as an expandable measure or cup, making it perfect for enjoying your favorite spirits on the go.</li>
<li>
<strong>Celtic Craftsmanship:</strong> The flask is adorned with a pewter disc featuring a Spiral and Celtic design, reflecting Ireland's rich heritage and artistry.</li>
<li>
<strong>Handcrafted Excellence:</strong> Each flask is meticulously crafted by hand in Ireland, ensuring exceptional quality and attention to detail.</li>
<li>
<strong>Ideal Capacity:</strong> Holds 6 oz of your preferred spirit, making it both practical and stylish.</li>
</ul>
<p><strong>Additional Information:</strong></p>
<ul>
<li>
<strong>Handmade in Ireland:</strong> This flask is a product of traditional Irish craftsmanship, made with pride and precision.</li>
<li>
<strong>Inclusive Pricing:</strong> The price includes worldwide shipping, so there are no additional postage costs at checkout.</li>
</ul>
<p><strong>HANDMADE IN IRELAND</strong></p>
<p><strong>Price includes worldwide shipping by post</strong></p>
<p><strong style=""font-size: 0.875rem;"">About our Stainless Steel Flasks</strong><br></p>
<p class=""MsoNormal"">All our stainless steel flasks are made from food and drink grade stainless steel and are drink safe.</p>
<p class=""MsoNormal"">The pewter decorations we add to our flasks are made from a lead free pewter alloy of 92-95% tin with a balance of Copper and Antimony.</p>
<p class=""MsoNormal"">All our flasks are packaged with a Mullingar Pewter card, box or wrapped as gift presentable.</p>
<p> </p>",Mullingar Pewter,,Drinkware,"celtic, flask, general gift, general gifts, gift, Heritage, irish, pewter flask, Pewter flask with measure, pewter silver, PEWTER SILVER FLASK, pewter silver gifts, pewter silver measure, pewter silver tot, pewter spirit, pewter spirit measure, pewter whiskey flask, pewter whiskey measure, spirit, spirit measure, sports, wedding, wedding gifts, whiskey, whisky, imported, unlisted",false,Style,Celtic A,,,,,P242 Celtic A-1,0,shopify,0,deny,manual,59.95,,true,false,,https://cdn.shopify.com/s/files/1/1565/2549/products/IMG_20210518_133959.jpg?v=1633343951,1,Mullingar Pewter Round Pocket Whiskey Flask with Expandable Cup.,false,Mullingar Pewter Round Pocket Whiskey Flask with Expandable Cup.,"Product Code: P242 - Mullingar Pewter Round Pocket Whiskey Flask with Expandable Cup (6 oz) This whiskey flask makes a truly special gift. Featuring an innovative design, the center of the flask pops out to create a convenient measure or cup. The flask is beautifully embellished with a pewter disc showcasing a traditio",,,,,,,,,,,,,g,,,true,true,,,unlisted
round-pocket-whiskey-flask-with-expandable-cup,,,,,,,false,,Claddagh 1,,,,,P242 Claddagh 1,0,shopify,0,deny,manual,59.95,,true,false,,,,,,,,,,,,,,,,,,,,g,,,,,,,unlisted
round-pocket-whiskey-flask-with-expandable-cup,,,,,,,false,,,,,,,,,,,,,,,,,,https://cdn.shopify.com/s/files/1/1565/2549/products/1633432868021.jpg?v=1633434530,2,Mullingar Pewter Round Pocket Whiskey Flask with Expandable Cup.,,,,,,,,,,,,,,,,,,,,,,,unlisted
round-pocket-whiskey-flask-with-expandable-cup,,,,,,,false,,,,,,,,,,,,,,,,,,https://cdn.shopify.com/s/files/1/1565/2549/products/WHISKEYFLASKWITHWHISKEYCUPINCENTRE.jpg?v=1633434549,3,Mullingar Pewter Round Pocket Whiskey Flask with Expandable Cup.,,,,,,,,,,,,,,,,,,,,,,,unlisted
celtic-measure-handle-2oz,Mullingar Irish Pewter Celtic Double Shot Measure with Handle,"<h2><strong>Product Code: A3</strong></h2>
<p><strong>Mullingar Irish Pewter Celtic Double Shot Measure with Handle</strong></p>
<hr>
<h3><strong>Product Description</strong></h3>
<p>Enhance your barware collection with our exquisite Mullingar Irish Pewter Celtic Double Shot Measure. Featuring intricate Celtic designs inspired by the historic Bealin Cross near Mullingar, this measure is a celebration of Ireland’s rich cultural heritage. Ideal for accurately measuring spirits, this 2 oz double shot measure is not only functional but also adds a touch of elegance to any setting.</p>
<hr>
<h3><strong>Key Features</strong></h3>
<ul>
<li>
<strong>Material:</strong> Finest quality pewter</li>
<li>
<strong>Capacity:</strong> 2 oz (double shot)</li>
<li>
<strong>Design:</strong> Celtic motifs inspired by the Bealin Cross</li>
<li>
<strong>Handle:</strong> Easy-to-hold pewter handle</li>
<li>
<strong>Origin:</strong> Handmade in Ireland</li>
<li>
<strong>Dimensions:</strong> Size: 2 oz capacity</li>
</ul>
<hr>
<h3><strong>Design and Inspiration</strong></h3>
<p>The detailed Celtic designs on our pewter shot measure draw inspiration from the Bealin Cross, a historic High Cross located near Mullingar in County Westmeath. The Bealin Cross, like many Celtic crosses, features intricate patterns and depictions from ancient manuscripts, reflecting Ireland’s rich monastic heritage.</p>
<p>Celtic symbols have a long-standing association with Ireland and can be found on Ogham stones, in medieval manuscripts, and throughout historical monasteries. Our designs pay homage to these timeless symbols, connecting you with centuries of Irish history and tradition.</p>
<hr>
<h3><strong>Functional and Decorative</strong></h3>
<ul>
<li>
<strong>Perfect for Whiskey Enthusiasts:</strong> This measure is ideal for precisely measuring 2 oz of your favorite whiskey or other spirits. Its Celtic design makes it a unique addition to any barware collection.</li>
<li>
<strong>Elegant Handle:</strong> The handle provides a comfortable grip, making it easy to pour your favorite drinks.</li>
<li>
<strong>Versatile Gift:</strong> Whether for a wedding, anniversary, birthday, or any special occasion, this Celtic double shot measure makes a thoughtful and unique gift.</li>
</ul>
<hr>
<h3><strong>Why Choose Mullingar Pewter?</strong></h3>
<ul>
<li>
<strong>Authentic Craftsmanship:</strong> Each piece is handcrafted by skilled artisans in Mullingar, Ireland, ensuring the highest quality and attention to detail.</li>
<li>
<strong>Cultural Heritage:</strong> Owning this measure not only adds a practical tool to your barware but also a piece of Irish history and culture.</li>
<li>
<strong>Inclusive Pricing:</strong> The price includes shipping, so you can enjoy the convenience of having this beautiful measure delivered directly to your door without any additional costs.</li>
</ul>
<hr>
<h3><strong>Ordering Information</strong></h3>
<p><strong>HANDMADE IN IRELAND</strong> | <strong>PRICE INCLUDES SHIPPING</strong></p>
<p>For more details or to place an order, please visit our <a rel=""noreferrer"" href=""#"">website</a> </p>
<hr>
<h3><strong>Additional Information</strong></h3>
<p>Add a touch of Irish tradition to your drinkware with our Mullingar Irish Pewter Celtic Double Shot Measure. Whether for personal use or as a gift, this measure embodies the elegance and heritage of Ireland. Order yours today and enjoy the perfect blend of functionality and timeless design.</p>
<p><span style=""text-decoration: underline;""><strong>About our Measures</strong></span></p>
<p>Our metal content in all of the above is 92-95% tin with a balance of Copper and Antimony.</p>
<p>Our metal is Lead free and complies with EU, FDA,BS and Proposition 65 standards.</p>
<p>Our items are packaged in Black and Silver Mullingar Pewter Packaging where possible.</p>",Mullingar Pewter,,Measure,"celtic, celtic whiskey shot, celtic whiskey tot, celtic whisky, Irish History, Irish pewter, Irish Whiskey, jameson, measure, measure with handle, middleton, pewter celtic measure, pewter celtic shot, pewter celtic tot, pewter shot, pewter silver shot, pewter silver tot, pewter spirit, pewter spirit measure, pewter whiskey measure, shot, spirit, spirit measure, tot, tullamore dew, whiskey, imported, unlisted",false,Title,Default Title,,,,,A3 with handle,0,shopify,0,deny,manual,71.95,,true,false,,https://cdn.shopify.com/s/files/1/1565/2549/products/CELTICWHISKEYSHOTWITHHANDLE1OZ.jpg?v=1632214342,1,Mullingar Irish Pewter Celtic Double Shot Measure with Handle,false,Mullingar Irish Pewter Celtic Double Shot Measure with Handle,"Product Code: A3 Mullingar Irish Pewter Celtic Double Shot Measure with Handle Product Description Enhance your barware collection with our exquisite Mullingar Irish Pewter Celtic Double Shot Measure. Featuring intricate Celtic designs inspired by the historic Bealin Cross near Mullingar, this measure is a celebration ",,,,,,,,,,,,,g,,,true,true,,,unlisted
mechanical-pocket-watch-cufflinks-set-large-shamrock1-price-includes-shipping,Mechanical Pocket Watch & Cufflinks Set - Large Shamrock,"<p data-start=""204"" data-end=""296""><strong data-start=""204"" data-end=""296"">Product Code P371: Irish Mechanical Pocket Watch &amp; Cufflinks Set – Large Shamrock Design</strong></p>
<p data-start=""298"" data-end=""583"">Celebrate Irish heritage in timeless style with this <strong data-start=""351"" data-end=""403"">Mechanical Pocket Watch &amp; Matching Cufflinks Set</strong>, featuring a bold <strong data-start=""422"" data-end=""446"">large Shamrock motif</strong> framed by an intricate <strong data-start=""470"" data-end=""487"">Celtic border</strong>. A classic gentleman’s gift that blends traditional Irish symbolism with refined craftsmanship.</p>
<p data-start=""585"" data-end=""602""><strong data-start=""585"" data-end=""602"">Key Features:</strong></p>
<ul data-start=""603"" data-end=""941"">
<li data-start=""603"" data-end=""651"">
<p data-start=""605"" data-end=""651"">Handcrafted from high-quality <strong data-start=""635"" data-end=""651"">Irish pewter</strong></p>
</li>
<li data-start=""652"" data-end=""720"">
<p data-start=""654"" data-end=""720""><strong data-start=""654"" data-end=""681"">Mechanical pocket watch</strong> with detailed Shamrock &amp; Celtic design</p>
</li>
<li data-start=""721"" data-end=""783"">
<p data-start=""723"" data-end=""783"">Matching pewter <strong data-start=""739"" data-end=""752"">cufflinks</strong> for a coordinated, formal look</p>
</li>
<li data-start=""784"" data-end=""902"">
<p data-start=""786"" data-end=""902"">Ideal Irish gift for <strong data-start=""807"" data-end=""902"">Groomsmen, Weddings, Father of the Bride/Groom, Father’s Day, Birthdays &amp; Special Occasions</strong></p>
</li>
<li data-start=""903"" data-end=""941"">
<p data-start=""905"" data-end=""941"">Designed and <strong data-start=""918"" data-end=""941"">handmade in Ireland</strong></p>
</li>
</ul>
<p data-start=""943"" data-end=""1058"">A meaningful <strong data-start=""956"" data-end=""976"">Irish men’s gift</strong> that will be treasured for years.<br data-start=""1010"" data-end=""1013""><strong data-start=""1013"" data-end=""1058"">Worldwide shipping included in the price.</strong></p>",Mullingar Pewter,,watch set,"imported, unlisted",false,Title,Default Title,,,,,P371 Large Shamrock,0,shopify,0,deny,manual,83.95,,true,false,,https://cdn.shopify.com/s/files/1/1565/2549/products/IMG_20210623_100122.jpg?v=1642691297,1,Mechanical Pocket Watch & Cufflinks Set - Large Shamrock,false,Mechanical Pocket Watch & Cufflinks Set,"Product Code P371: Irish Mechanical Pocket Watch & Cufflinks Set – Large Shamrock Design Celebrate Irish heritage in timeless style with this Mechanical Pocket Watch & Matching Cufflinks Set, featuring a bold large Shamrock motif framed by an intricate Celtic border. A classic gentleman’s gift that blends traditional I",,,,,,,,,,,,,g,,,true,true,,,unlisted
mechanical-pocket-watch-cufflinks-set-large-shamrock1-price-includes-shipping,,,,,,,false,,,,,,,,,,,,,,,,,,https://cdn.shopify.com/s/files/1/1565/2549/products/IMG_20210623_124902a.jpg?v=1642691297,2,Mechanical Pocket Watch & Cufflinks Set - Large Shamrock,,,,,,,,,,,,,,,,,,,,,,,unlisted
mechanical-pocket-watch-cufflinks-set-large-shamrock1-price-includes-shipping,,,,,,,false,,,,,,,,,,,,,,,,,,https://cdn.shopify.com/s/files/1/1565/2549/products/IMG_20210623_102343.jpg?v=1624451136,3,Mechanical Pocket Watch & Cufflinks Set - Large Shamrock,,,,,,,,,,,,,,,,,,,,,,,unlisted
mechanical-pocket-watch-cufflinks-large-claddagh-1-price-includes-shipping,Mechanical Pocket Watch & Cufflinks - Large Claddagh,"<p><strong>Product Code P371: Mechanical Pocket Watch &amp; Cufflinks – Large Claddagh Design</strong></p>
<p>Give the gift of timeless Irish tradition with our <strong>Mechanical Pocket Watch &amp; Cufflinks Set</strong>. Featuring a bold <strong>Claddagh design</strong> encircled with an intricate Celtic border, this set is a symbol of love, loyalty, and friendship—perfect for marking special moments.</p>
<p>✨ <strong>Features:</strong></p>
<ul>
<li>High-quality pewter metal with detailed craftsmanship</li>
<li>Coordinating cufflinks with matching Claddagh design</li>
<li>A thoughtful gift for <strong>Groomsmen</strong>, <strong>Father of the Bride/Groom</strong>, <strong>Father’s Day</strong>, <strong>Birthdays</strong>, or any special occasion</li>
</ul>
<p><strong>Handmade in Ireland</strong> | <strong>Price includes worldwide shipping</strong></p>
<p>Celebrate life’s milestones with this elegant and meaningful set. <strong>Order now!</strong></p>",Mullingar Pewter,,watch set,"imported, unlisted",false,Title,Default Title,,,,,P371 Large Claddagh  watch cufflink set,0,shopify,0,deny,manual,83.95,,true,false,,https://cdn.shopify.com/s/files/1/1565/2549/products/IMG_20210623_100533.jpg?v=1642691097,1,Mechanical Pocket Watch & Cufflinks - Large Claddagh,false,Mechanical Pocket Watch & Cufflinks,"Product Code P371: Mechanical Pocket Watch & Cufflinks – Large Claddagh Design Give the gift of timeless Irish tradition with our Mechanical Pocket Watch & Cufflinks Set. Featuring a bold Claddagh design encircled with an intricate Celtic border, this set is a symbol of love, loyalty, and friendship—perfect for marking",,,,,,,,,,,,,g,,,true,true,,,unlisted
mechanical-pocket-watch-cufflinks-large-claddagh-1-price-includes-shipping,,,,,,,false,,,,,,,,,,,,,,,,,,https://cdn.shopify.com/s/files/1/1565/2549/products/IMG_20210623_125013a.jpg?v=1642691170,2,Mechanical Pocket Watch & Cufflinks - Large Claddagh,,,,,,,,,,,,,,,,,,,,,,,unlisted
mechanical-pocket-watch-cufflinks-large-claddagh-1-price-includes-shipping,,,,,,,false,,,,,,,,,,,,,,,,,,https://cdn.shopify.com/s/files/1/1565/2549/products/IMG_20210623_102239.jpg?v=1642691198,3,Mechanical Pocket Watch & Cufflinks - Large Claddagh,,,,,,,,,,,,,,,,,,,,,,,unlisted
irish-celtic-hair-clasps-mullingar-pewter-handmade-in-ireland,Irish Celtic Hair Clasps – Mullingar Pewter | Handmade in Ireland,"<h2 data-start=""265"" data-end=""341""><strong data-start=""268"" data-end=""341"">P337 – Set of 2 Irish Celtic Pewter Hair Clasps | Handmade in Ireland</strong></h2>
<p data-start=""343"" data-end=""628"">Celebrate your Irish heritage with this elegant set of two Celtic hair clasps, handcrafted in Ireland. Each clasp features traditional Celtic designs in a silver-finished Irish pewter, making them a meaningful gift for daughters, mothers, dancers, or anyone proud of their Irish roots.</p>
<p data-start=""630"" data-end=""745"">Perfect for everyday wear, Irish festivals, St. Patrick’s Day celebrations, or as a thoughtful Irish-American gift.</p>
<p data-start=""747"" data-end=""817"">Approx. 4cm x 4cm each<br data-start=""769"" data-end=""772"">Handmade in Ireland<br data-start=""791"" data-end=""794"">Price includes shipping</p>
<hr data-start=""819"" data-end=""822"">
<h2 data-start=""824"" data-end=""896""><strong data-start=""827"" data-end=""896"">P338 – Large Irish Pewter Celtic Hair Clasp | Handmade in Ireland</strong></h2>
<p data-start=""898"" data-end=""1102"">Make a statement with this beautifully crafted large Celtic hair clasp, handmade in Ireland from silver-finished pewter. Featuring timeless Irish design, it’s ideal for thicker hair and special occasions.</p>
<p data-start=""1104"" data-end=""1237"">A meaningful Irish gift for women who cherish their heritage — perfect for Irish-American celebrations, weddings, or cultural events.</p>
<p data-start=""1239"" data-end=""1304"">Approx. 9cm x 4cm<br data-start=""1256"" data-end=""1259"">Handmade in Ireland<br data-start=""1278"" data-end=""1281"">Price includes shipping</p>",Mullingar Pewter,,Gift,"21st, 40th, 50th, accessories, birthday, bronze, celtic, clasp, clip, general gift, general gifts, gift, gifts for her, hair, her, Heritage, irish, ladies, pewter silver, wedding, imported, unlisted",false,Choose Type,Set of 2 Small Hair Clasps,,,,,P337 Set of 2 Hair Clasps,0,shopify,0,deny,manual,23.95,,true,false,,https://cdn.shopify.com/s/files/1/1565/2549/products/HAIRCLASPCELTICSETOF2.jpg?v=1632750999,1,Irish Celtic Hair Clasps – Mullingar Pewter | Handmade in Ireland,false,Irish Celtic Hair Clasps,"P337 – Set of 2 Irish Celtic Pewter Hair Clasps | Handmade in Ireland Celebrate your Irish heritage with this elegant set of two Celtic hair clasps, handcrafted in Ireland. Each clasp features traditional Celtic designs in a silver-finished Irish pewter, making them a meaningful gift for daughters, mothers, dancers, or",,,,,,,,,,,,,g,,,true,true,,,unlisted
irish-celtic-hair-clasps-mullingar-pewter-handmade-in-ireland,,,,,,,false,,Large Hair Clasp,,,,,P338 Large Hair Clasp,0,shopify,0,deny,manual,23.95,,true,false,,,,,,,,,,,,,,,,,,,,g,,,,,,,unlisted
irish-celtic-hair-clasps-mullingar-pewter-handmade-in-ireland,,,,,,,false,,,,,,,,,,,,,,,,,,https://cdn.shopify.com/s/files/1/1565/2549/products/HAIRCLASPLG..jpg?v=1632751047,2,Irish Celtic Hair Clasps – Mullingar Pewter | Handmade in Ireland,,,,,,,,,,,,,,,,,,,,,,,unlisted
irish-celtic-hair-clasps-mullingar-pewter-handmade-in-ireland,,,,,,,false,,,,,,,,,,,,,,,,,,https://cdn.shopify.com/s/files/1/1565/2549/products/HAIRCLASPLG._2.jpg?v=1632751076,3,Irish Celtic Hair Clasps – Mullingar Pewter | Handmade in Ireland,,,,,,,,,,,,,,,,,,,,,,,unlisted
irish-celtic-hair-clasps-mullingar-pewter-handmade-in-ireland,,,,,,,false,,,,,,,,,,,,,,,,,,https://cdn.shopify.com/s/files/1/1565/2549/files/IMG_20210405_154445.jpg?v=1772624897,4,Irish Celtic Hair Clasps – Mullingar Pewter | Handmade in Ireland,,,,,,,,,,,,,,,,,,,,,,,unlisted
celtic-pewter-measure-2oz,Mullingar Pewter Irish Celtic Double Shot/Measure,"<h2><strong>Product Code: A6</strong></h2>
<p><strong>Mullingar Pewter Irish Celtic Double Shot/Measure</strong></p>
<hr>
<h3><strong>Product Description</strong></h3>
<p>Immerse yourself in Irish heritage with our Mullingar Pewter Irish Celtic Double Shot Measure. Crafted with intricate Celtic designs, this traditional shot measure is a perfect blend of functionality and cultural significance. Holding 2 oz of your favorite spirit, it is an elegant and meaningful addition to any barware collection.</p>
<hr>
<h3><strong>Key Features</strong></h3>
<ul>
<li>
<strong>Material:</strong> Premium quality pewter</li>
<li>
<strong>Capacity:</strong> 2 oz (double shot)</li>
<li>
<strong>Design:</strong> Detailed Celtic motifs inspired by the historic Bealin Cross</li>
<li>
<strong>Origin:</strong> Handmade in Mullingar, Ireland</li>
<li>
<strong>Usage:</strong> Ideal for measuring whiskey or other spirits</li>
</ul>
<hr>
<h3><strong>Design and Inspiration</strong></h3>
<p>The Celtic designs that adorn our shot measure are inspired by the Bealin Cross, an ancient High Cross located near Mullingar, County Westmeath. This cross, like many Celtic crosses, showcases intricate patterns and storytelling through its carvings, reminiscent of the ancient manuscripts and Ogham stones that have defined Irish art and history.</p>
<p>These symbols and designs have been cherished for centuries, representing Ireland’s rich monastic heritage and cultural legacy. The Bealin Cross itself is a testament to the craftsmanship and artistry of early Irish monks, who meticulously documented stories and legends through their intricate work.</p>
<hr>
<h3><strong>Functional and Decorative</strong></h3>
<ul>
<li>
<strong>Perfect for Whiskey Enthusiasts:</strong> This 2 oz measure is perfect for bartenders or anyone who appreciates a good whiskey. Its Celtic design adds a touch of elegance to the practical aspect of measuring your spirits.</li>
<li>
<strong>Versatile Gift:</strong> An ideal gift for any occasion—be it for a wedding, birthday, or a special present for someone who loves whiskey or appreciates Irish culture.</li>
<li>
<strong>Intricate Craftsmanship:</strong> Each measure is carefully handcrafted to reflect the highest standards of Mullingar Pewter, ensuring a piece that is both beautiful and durable.</li>
</ul>
<hr>
<h3><strong>Why Choose Mullingar Pewter?</strong></h3>
<ul>
<li>
<strong>Authentic Irish Craftsmanship:</strong> Every piece is handcrafted by skilled artisans in Ireland, ensuring authenticity and superior quality.</li>
<li>
<strong>Cultural Significance:</strong> Owning this shot measure not only gives you a functional tool but also a piece of Irish heritage and history.</li>
<li>
<strong>Inclusive Pricing:</strong> The price includes shipping, making it convenient and cost-effective to add this exquisite measure to your collection.</li>
</ul>
<hr>
<h3>
<strong>HANDMADE IN IRELAND</strong> | <strong>PRICE INCLUDES SHIPPING</strong>
</h3>
<hr>
<h3><strong>Additional Information</strong></h3>
<p>Add a touch of Irish tradition and elegance to your barware with the Mullingar Pewter Irish Celtic Double Shot Measure. Perfect as a gift or for personal use, this measure combines functionality with cultural richness, making it a must-have for any whiskey lover or collector of fine pewter.</p>
<p><span style=""text-decoration: underline;""><strong>About our Measures</strong></span></p>
<p>Our metal content in all of the above is 92-95% tin with a balance of Copper and Antimony.</p>
<p>Our metal is Lead free and complies with EU, FDA,BS and Proposition 65 standards.</p>
<p>Our items are packaged in Black and Silver Mullingar Pewter Packaging where possible.</p>
<p> </p>",Mullingar Pewter,,Measure,"celtic, celtic whisky, irish, Irish american, irish gift, irish heritage, Irish pewter, irish whiskey, jameson, measure, middleton, pewter celtic shot, pewter celtic tot, Pewter measure, pewter shot, pewter silver measure, pewter spirit, pewter spirit measure, pewter tot, spirit, spirit measure, tullamore dew, whisky, imported, unlisted",false,Title,Default Title,,,,,A6,0,shopify,0,deny,manual,64.95,,true,false,,https://cdn.shopify.com/s/files/1/1565/2549/products/CELTICWHISKEYSHOT2OZ.jpg?v=1642502777,1,Mullingar Pewter Irish Celtic Double Shot/Measure,false,Mullingar Pewter Irish Celtic Double Shot/Measure,"Product Code: A6 Mullingar Pewter Irish Celtic Double Shot/Measure Product Description Immerse yourself in Irish heritage with our Mullingar Pewter Irish Celtic Double Shot Measure. Crafted with intricate Celtic designs, this traditional shot measure is a perfect blend of functionality and cultural significance. Holdin",,,,,,,,,,,,,g,,,true,true,,,unlisted
glass-shot-glasses-with-pewter-embellishment,Mullingar Pewter Glass Shot with Irish Pewter Embellishment,"<p data-mce-fragment=""1""><strong data-mce-fragment=""1"">Product Code P238 Mullingar Pewter Glass Shot with Irish Pewter Embellishment</strong></p>
<p data-mce-fragment=""1"">Shot Glasses with a handcrafted Irish pewter embellishment. A wide choice of embellishment to choose from. </p>
<p data-mce-fragment=""1"">Great for any social occasion with family and friends. Ideal for that quick whiskey, or liqueur shot.  </p>
<p><strong>HANDMADE IN IRELAND   PRICE INCLUDES SHIPPING</strong></p>
<p><span style=""text-decoration: underline;""><strong>About our Glass Measures</strong></span></p>
<p>The metal content in the Pewter emblem of the above is 92-95% tin with a balance of Copper and Antimony.</p>
<p>Our metal is Lead free and complies with EU, FDA,BS and Proposition 65 standards.</p>
<p>Our items are packaged in Black and Silver Mullingar Pewter Packaging where possible.</p>",Mullingar Pewter,,Drinkware,"celtic, celtic shot, celtic whiskey shot, general gift, gift, pewter, pewter celtic shot, pewter spirit, SHOT GLASS, SHOTS, WHISKEY SHOT, imported, unlisted",false,Style,Celtic A,,,,,P238 CEL A,0,shopify,0,deny,manual,19.95,,true,false,,https://cdn.shopify.com/s/files/1/1565/2549/products/IMG_20210719_154215.jpg?v=1626795869,1,Mullingar Pewter Glass Shot with Irish Pewter Embellishment,false,Mullingar Pewter Glass Shot with Irish Pewter Embellishment,"Product Code P238 Mullingar Pewter Glass Shot with Irish Pewter Embellishment Shot Glasses with a handcrafted Irish pewter embellishment. A wide choice of embellishment to choose from. Great for any social occasion with family and friends. Ideal for that quick whiskey, or liqueur shot. HANDMADE IN IRELAND PRICE INCLUDE",,,,,,,,,,,,,g,,,true,true,,,unlisted
glass-shot-glasses-with-pewter-embellishment,,,,,,,false,,Celtic D,,,,,P238 CEL D,0,shopify,0,deny,manual,19.95,,true,false,,,,,,,,,,,,,,,,,,,,g,,,,,,,unlisted
glass-shot-glasses-with-pewter-embellishment,,,,,,,false,,Celtic E,,,,,P238 CEL E,0,shopify,0,deny,manual,19.95,,true,false,,,,,,,,,,,,,,,,,,,,g,,,,,,,unlisted
glass-shot-glasses-with-pewter-embellishment,,,,,,,false,,Claddagh,,,,,P238 CLADD,0,shopify,0,deny,manual,19.95,,true,false,,,,,,,,,,,,,,,,,,,,g,,,,,,,unlisted
glass-shot-glasses-with-pewter-embellishment,,,,,,,false,,Dad,,,,,P238 DAD,0,shopify,0,deny,manual,19.95,,true,false,,,,,,,,,,,,,,,,,,,,g,,,,,,,unlisted
glass-shot-glasses-with-pewter-embellishment,,,,,,,false,,Mum,,,,,P238 MUM,0,shopify,0,deny,manual,19.95,,true,false,,,,,,,,,,,,,,,,,,,,g,,,,,,,unlisted
glass-shot-glasses-with-pewter-embellishment,,,,,,,false,,Shamrock,,,,,P238 SHAM,0,shopify,0,deny,manual,19.95,,true,false,,,,,,,,,,,,,,,,,,,,g,,,,,,,unlisted
glass-shot-glasses-with-pewter-embellishment,,,,,,,false,,Shamrock Trinity,,,,,P238 SHAM TRIN,0,shopify,0,deny,manual,19.95,,true,false,,,,,,,,,,,,,,,,,,,,g,,,,,,,unlisted
glass-shot-glasses-with-pewter-embellishment,,,,,,,false,,T4,,,,,P238 T4,0,shopify,0,deny,manual,19.95,,true,false,,,,,,,,,,,,,,,,,,,,g,,,,,,,unlisted
glass-shot-glasses-with-pewter-embellishment,,,,,,,false,,Harp 1,,,,,P238 HARP1,0,shopify,0,deny,manual,19.95,,true,false,,,,,,,,,,,,,,,,,,,,g,,,,,,,unlisted
glass-shot-glasses-with-pewter-embellishment,,,,,,,false,,Spiral,,,,,P238 SPIRAL,0,shopify,0,deny,manual,19.95,,true,false,,,,,,,,,,,,,,,,,,,,g,,,,,,,unlisted
glass-shot-glasses-with-pewter-embellishment,,,,,,,false,,Tree of Life,,,,,P238 TOL,0,shopify,0,deny,manual,19.95,,true,false,,,,,,,,,,,,,,,,,,,,g,,,,,,,unlisted
glass-shot-glasses-with-pewter-embellishment,,,,,,,false,,Trinity,,,,,P238 TRIN,0,shopify,0,deny,manual,19.95,,true,false,,,,,,,,,,,,,,,,,,,,g,,,,,,,unlisted
glass-shot-glasses-with-pewter-embellishment,,,,,,,false,,,,,,,,,,,,,,,,,,https://cdn.shopify.com/s/files/1/1565/2549/products/2shots.jpg?v=1626795869,2,Mullingar Pewter Glass Shot with Irish Pewter Embellishment,,,,,,,,,,,,,,,,,,,,,,,unlisted
glass-shot-glasses-with-pewter-embellishment,,,,,,,false,,,,,,,,,,,,,,,,,,https://cdn.shopify.com/s/files/1/1565/2549/products/4shots.jpg?v=1626795867,3,Mullingar Pewter Glass Shot with Irish Pewter Embellishment,,,,,,,,,,,,,,,,,,,,,,,unlisted
glass-shot-glasses-with-pewter-embellishment,,,,,,,false,,,,,,,,,,,,,,,,,,https://cdn.shopify.com/s/files/1/1565/2549/products/6shots.jpg?v=1626795867,4,Mullingar Pewter Glass Shot with Irish Pewter Embellishment,,,,,,,,,,,,,,,,,,,,,,,unlisted
glass-shot-glasses-with-pewter-embellishment,,,,,,,false,,,,,,,,,,,,,,,,,,https://cdn.shopify.com/s/files/1/1565/2549/products/CelticAshot.jpg?v=1626795867,5,Mullingar Pewter Glass Shot with Irish Pewter Embellishment,,,,,,,,,,,,,,,,,,,,,,,unlisted
usa-theme-gents-mechanical-pewter-pocket-watch,USA Theme Gents Mechanical Pewter Pocket Watch.,"<div class=""flex flex-grow flex-col max-w-full"">
<div data-message-author-role=""assistant"" data-message-id=""76ee7b91-c0ba-45a7-bd66-6c9cace7b845"" dir=""auto"" class=""min-h-[20px] text-message flex flex-col items-start whitespace-pre-wrap break-words [.text-message+&amp;]:mt-5 juice:w-full juice:items-end overflow-x-auto gap-2"">
<div class=""flex w-full flex-col gap-1 juice:empty:hidden juice:first:pt-[3px]"">
<div class=""markdown prose w-full break-words dark:prose-invert light"">
<h3>P294 USA Theme Gents Mechanical Pewter Pocket Watch</h3>
<p>Our Gents Mechanical Pewter Pocket Watch, adorned with the American flag, is designed to capture the elegance of early Victorian style as worn by gentlemen of that era. This manual wind-up watch allows you to view its intricate workings from both the front face and the back.</p>
<p><strong>Features:</strong></p>
<ul>
<li>
<strong>Victorian Style:</strong> Evokes the charm of the 19th century.</li>
<li>
<strong>Mechanical Wind-Up:</strong> Traditional manual winding mechanism.</li>
<li>
<strong>Visible Workings:</strong> Transparent design showcasing the inner mechanics.</li>
<li>
<strong>12"" Chain with Pocket Clip:</strong> Designed to attach securely to a pocket cuff.</li>
<li>
<strong>Limited Engraving Space:</strong> Option for personalized engraving.</li>
</ul>
<p><strong>Perfect for:</strong></p>
<ul>
<li>Independence Day gifts</li>
<li>Birthdays</li>
</ul>
<p><strong>Price includes shipping</strong></p>
<p>Gift this beautifully crafted pocket watch to someone special and let them carry a piece of American heritage with them.</p>
</div>
</div>
</div>
</div>",Mullingar Pewter,,Gifts for Men,"18th, 21st, 40th, 60th, anniversary, anniversary gift for him, pewter silver pocket watch, pocket watch, pocket watches, watches, imported, unlisted",false,Title,Default Title,,,,,P294 USA,0,shopify,0,deny,manual,71.95,,true,false,,https://cdn.shopify.com/s/files/1/1565/2549/products/usapocketwatchfinal_d9b5fbf1-afc4-4eeb-a2b6-683368fad844.jpg?v=1623151612,1,USA Theme Gents Mechanical Pewter Pocket Watch.,false,USA Theme Gents Mechanical Pewter Pocket Watch.,"P294 USA Theme Gents Mechanical Pewter Pocket Watch Our Gents Mechanical Pewter Pocket Watch, adorned with the American flag, is designed to capture the elegance of early Victorian style as worn by gentlemen of that era. This manual wind-up watch allows you to view its intricate workings from both the front face and th",,,,,,,,,,,,,g,,,true,true,,,unlisted
rose-heart-shaped-jewellery-box,Mullingar Pewter Rose/Heart Shaped Jewellery Box in Claddagh or Mom.,"<p><strong>Mullingar Pewter Rose/Heart Shaped Jewellery Box</strong><br><strong>Product Code: 2099</strong></p>
<p>This <strong>heart-shaped, rose-embossed jewellery box</strong> is a beautiful, romantic gift for someone special. Featuring a <strong>Claddagh</strong> or <strong>Mom</strong> design, it’s raised by three cherubs and lined with luxurious felt interior. Measuring 3.75"" wide, it's a perfect choice for Valentine's Day, engagements, or Mother's Day.</p>
<p>The <strong>Claddagh design</strong> symbolizes ""hands for friendship,"" ""heart for love,"" and ""crown for loyalty,"" making it an ideal gift to express love and commitment. The design dates back to 1689, created by Richard Joyce in Claddagh, Co. Galway.</p>
<p><strong>Handmade in Ireland</strong><br><strong>Price includes shipping.</strong></p>",Mullingar Pewter,,Jewellery,"box, claddagh, engagement, heart, Irish claddagh, jewellery, jewelry, jewelry_box, mom, mother, Mothers, mothers day, pewter silver wedding, rose, silver wedding, wedding, wedding gifts, imported, unlisted",false,Title,Plain,,,,,2099 Plain,0,shopify,0,deny,manual,47.95,,true,false,,https://cdn.shopify.com/s/files/1/1565/2549/products/JEWELLERYBOXHEARTSHAPECLADDAGH2099.jpg?v=1642694367,1,Mullingar Pewter Rose/Heart Shaped Jewellery Box in Claddagh or Mom.,false,Mullingar Pewter Rose/Heart Shaped Jewellery Box in Claddagh or Mom.,"Mullingar Pewter Rose/Heart Shaped Jewellery BoxProduct Code: 2099 This heart-shaped, rose-embossed jewellery box is a beautiful, romantic gift for someone special. Featuring a Claddagh or Mom design, it’s raised by three cherubs and lined with luxurious felt interior. Measuring 3.75"" wide, it's a perfect choice for Va",,,,,,,,,,,,,g,,,true,true,,,unlisted
rose-heart-shaped-jewellery-box,,,,,,,false,,Claddagh,,,,,2099 Claddagh,0,shopify,0,deny,manual,47.95,,true,false,,,,,,,,,,,,,,,,,,,,g,,,,,,,unlisted
rose-heart-shaped-jewellery-box,,,,,,,false,,Mom,,,,,2099 Mom,0,shopify,0,deny,manual,47.95,,true,false,,,,,,,,,,,,,,,,,,,,g,,,,,,,unlisted
rose-heart-shaped-jewellery-box,,,,,,,false,,,,,,,,,,,,,,,,,,https://cdn.shopify.com/s/files/1/1565/2549/products/HEARTSHAPEJEWELLERYBOXPLAINLID.jpg?v=1642694382,2,Mullingar Pewter Rose/Heart Shaped Jewellery Box in Claddagh or Mom.,,,,,,,,,,,,,,,,,,,,,,,unlisted
rose-heart-shaped-jewellery-box,,,,,,,false,,,,,,,,,,,,,,,,,,https://cdn.shopify.com/s/files/1/1565/2549/products/HEARTJEWELRYBOXMOM.jpg?v=1622763390,3,Mullingar Pewter Rose/Heart Shaped Jewellery Box in Claddagh or Mom.,,,,,,,,,,,,,,,,,,,,,,,unlisted
barrette-hair-clip-celtic-2-types,Pewter Barrette Hair Clip Celtic or Kells.,"<p><strong>Product Codes: P341 &amp; P342 – Barrette Hair Clips (Celtic Dragon and Kells Designs)</strong></p>
<p>Add a touch of Celtic elegance to your look with these beautifully crafted Barrette Hair Clips. Featuring intricate designs of entwined dragon heads and interlaced Celtic and Kells patterns, these clips are a striking accessory for anyone with long, flowing hair.</p>
<p><strong>Why Choose These Hair Clips?</strong></p>
<ul>
<li>
<strong>Exquisite Craftsmanship</strong>: Each clip is meticulously designed with rich Celtic and Kells-inspired details.</li>
<li>
<strong>Unique and Timeless</strong>: The Celtic dragon motif symbolizes strength and protection, while Kells patterns pay homage to Ireland's artistic heritage.</li>
<li>
<strong>Versatile Gift</strong>: Perfect for birthdays, Mother’s Day, or simply as a thoughtful gift for anyone who loves Irish culture and unique accessories.</li>
<li>
<strong>Functional Elegance</strong>: Adds both style and practicality to everyday or special-occasion hairstyles.</li>
</ul>
<p><strong>Handmade in Ireland</strong><br><strong>Price includes shipping</strong></p>",Mullingar Pewter,,gifts for her,"21st, 40th, 50th, beloved, birthday, celtic, forever loved, general gift, general gifts, gift, hair, her, Heritage, irish, kells, love, loved one, pewter, pewter silver, imported, unlisted",false,Choose Type,Barrette Hair clip Celtic Dragon,,,,,P341 Celtic,0,shopify,0,deny,manual,19.95,,true,false,,https://cdn.shopify.com/s/files/1/1565/2549/products/BARETTEHAIRCLIPCELTIC_310d200c-75eb-48fd-a250-4b2294f4b1b5.jpg?v=1622765843,1,Pewter Barrette Hair Clip Celtic or Kells.,false,Pewter Barrette Hair Clip Celtic or Kells.,"Product Codes: P341 & P342 – Barrette Hair Clips (Celtic Dragon and Kells Designs) Add a touch of Celtic elegance to your look with these beautifully crafted Barrette Hair Clips. Featuring intricate designs of entwined dragon heads and interlaced Celtic and Kells patterns, these clips are a striking accessory for anyon",,,,,,,,,,,,,g,,,true,true,,,unlisted
barrette-hair-clip-celtic-2-types,,,,,,,false,,Barrette Hair Clip Kells,,,,,P342 Kells,0,shopify,0,deny,manual,19.95,,true,false,,,,,,,,,,,,,,,,,,,,g,,,,,,,unlisted
barrette-hair-clip-celtic-2-types,,,,,,,false,,,,,,,,,,,,,,,,,,https://cdn.shopify.com/s/files/1/1565/2549/products/BARETTEHAIRCLIPKELLS_50f902d2-191f-4d19-a011-d030ae692d1d.jpg?v=1622765859,2,Pewter Barrette Hair Clip Celtic or Kells.,,,,,,,,,,,,,,,,,,,,,,,unlisted
jewelry-box,Mullingar Pewter Irish Jewellery Box with choice of design,"<p><strong>Mullingar Pewter Irish Jewellery Box with choice of design</strong></p>
<p><strong>Products Code P2025 Small</strong></p>
<p>Dim: 8.5cm x 6cm x 3.5 cm</p>
<p><strong>Product Code P2025 Large</strong></p>
<p>Dim: 12cm x 9cm x 4.5cm</p>
<p>Need a beautiful gift for a birthday or special occasion? Then this may be just what you want. This elegant Irish Pewter Jewellery Box comes with or without the Claddagh Symbol or with a MOM motif. The inside of the box is lined in a deep red felt.</p>
<p>The design is that of the Claddagh taken from the famous love symbol designed in the town of Claddagh, Co. Galway by Richard Joyce back in the year 1689. The design is often used for wedding rings as it is based on the ring that Richard made for his bride to be. The symbolisms are ""hands for friendship"", ""heart for love"" and ""crown for loyalty"".</p>
<p><strong>HANDMADE IN IRELAND   PRICE INCLUDES SHIPPING</strong></p>",Mullingar Pewter,,gifts for her,"gift ideas, gifts for her, jewellery, jewellery box, jewelry, mom, Mother, Mothers, Mothers day, pewter silver, trinket, imported, unlisted",false,Size,Large Claddagh,,,,,2025L claddagh,0,shopify,0,deny,manual,65.95,,true,false,,https://cdn.shopify.com/s/files/1/1565/2549/products/JEWELLERYBOXCLADDAGH2025L.jpg?v=1624031297,1,Mullingar Pewter Irish Jewellery Box with choice of design,false,Mullingar Pewter Irish Jewellery Box with choice of design,Mullingar Pewter Irish Jewellery Box with choice of design Products Code P2025 Small Dim: 8.5cm x 6cm x 3.5 cm Product Code P2025 Large Dim: 12cm x 9cm x 4.5cm Need a beautiful gift for a birthday or special occasion? Then this may be just what you want. This elegant Irish Pewter Jewellery Box comes with or without the,,,,,,,,,,,,,g,,,true,true,,,unlisted
jewelry-box,,,,,,,false,,Small Claddagh,,,,,2025S claddagh,0,shopify,0,deny,manual,47.95,,true,false,,,,,,,,,,,,,,,,,,,,g,,,,,,,unlisted
jewelry-box,,,,,,,false,,Large MOM,,,,,2025L Mom,0,shopify,0,deny,manual,65.95,,true,false,,,,,,,,,,,,,,,,,,,,g,,,,,,,unlisted
jewelry-box,,,,,,,false,,Small MOM,,,,,2025S Mom,0,shopify,0,deny,manual,47.95,,true,false,,,,,,,,,,,,,,,,,,,,g,,,,,,,unlisted
jewelry-box,,,,,,,false,,Large  Plain,,,,,2025L Plain,0,shopify,0,deny,manual,65.95,,true,false,,,,,,,,,,,,,,,,,,,,g,,,,,,,unlisted
jewelry-box,,,,,,,false,,Small Plain,,,,,2025S Plain,0,shopify,0,deny,manual,47.95,,true,false,,,,,,,,,,,,,,,,,,,,g,,,,,,,unlisted
jewelry-box,,,,,,,false,,,,,,,,,,,,,,,,,,https://cdn.shopify.com/s/files/1/1565/2549/products/MOMSLGJEWELRYBOX.jpg?v=1632753214,2,Mullingar Pewter Irish Jewellery Box with choice of design,,,,,,,,,,,,,,,,,,,,,,,unlisted
jewelry-box,,,,,,,false,,,,,,,,,,,,,,,,,,https://cdn.shopify.com/s/files/1/1565/2549/products/JEWELLERYBOXCLADDAGH2025S.jpg?v=1624031343,3,Mullingar Pewter Irish Jewellery Box with choice of design,,,,,,,,,,,,,,,,,,,,,,,unlisted
jewelry-box,,,,,,,false,,,,,,,,,,,,,,,,,,https://cdn.shopify.com/s/files/1/1565/2549/products/MOMJEWELRYBOXSMALL.jpg?v=1632753242,4,Mullingar Pewter Irish Jewellery Box with choice of design,,,,,,,,,,,,,,,,,,,,,,,unlisted
jewelry-box,,,,,,,false,,,,,,,,,,,,,,,,,,https://cdn.shopify.com/s/files/1/1565/2549/products/P2025.jpg?v=1682086143,5,Mullingar Pewter Irish Jewellery Box with choice of design,,,,,,,,,,,,,,,,,,,,,,,unlisted
claddagh-1-gents-mechanical-pocket-watch-and-cufflinks-set-price-includes-shipping,Mechanical Pewter pocket watch and cufflinks set  in a Claddagh design.,"<p data-start=""156"" data-end=""240""><strong data-start=""156"" data-end=""240"">Product Code P371: Irish Claddagh Mechanical Pewter Pocket Watch &amp; Cufflinks Set</strong></p>
<p data-start=""242"" data-end=""495"">Timeless style meets Irish heritage with this <strong data-start=""288"" data-end=""347"">Mechanical Pewter Pocket Watch &amp; Matching Cufflinks Set</strong>, featuring the iconic <strong data-start=""370"" data-end=""421"">Claddagh symbol of love, loyalty and friendship</strong>. A classic gentleman’s gift designed to be both meaningful and practical.</p>
<p data-start=""497"" data-end=""513""><strong data-start=""497"" data-end=""513"">Key Features</strong></p>
<ul data-start=""514"" data-end=""821"">
<li data-start=""514"" data-end=""580"">
<p data-start=""516"" data-end=""580""><strong data-start=""516"" data-end=""543"">Mechanical pocket watch</strong> crafted from polished Irish pewter</p>
</li>
<li data-start=""581"" data-end=""642"">
<p data-start=""583"" data-end=""642"">Detailed <strong data-start=""592"" data-end=""611"">Claddagh design</strong> with a refined silver finish</p>
</li>
<li data-start=""643"" data-end=""715"">
<p data-start=""645"" data-end=""715"">Matching <strong data-start=""654"" data-end=""683"">Claddagh pewter cufflinks</strong> for a coordinated formal look</p>
</li>
<li data-start=""716"" data-end=""821"">
<p data-start=""718"" data-end=""821"">Ideal Irish gift for <strong data-start=""739"" data-end=""821"">Weddings (Best Man &amp; Groomsmen), Father’s Day, Birthdays &amp; Milestone Occasions</strong></p>
</li>
</ul>
<p data-start=""823"" data-end=""911"">A refined <strong data-start=""833"" data-end=""853"">Irish men’s gift</strong> that blends tradition, craftsmanship and timeless design.</p>
<p data-start=""913"" data-end=""976""><strong data-start=""913"" data-end=""936"">Handmade in Ireland</strong><br data-start=""936"" data-end=""939""><strong data-start=""939"" data-end=""976"">Price includes worldwide shipping</strong></p>",Mullingar Pewter,,MENS GIFTS,"21st, 40th, 50th, bestman, birthday, celtic, claddagh, general gift, general gifts, gents pewter cufflinks, gift, groomsman, groomsman gift, irish, men, pewter, pewter silver, pewter silver cufflinks, sports, watch, wedding, wedding gifts, imported, unlisted",false,Title,Default Title,,,,,P371 CLADDAGH 1 WATCH AND CUFFS,0,shopify,0,deny,manual,83.95,,true,false,,https://cdn.shopify.com/s/files/1/1565/2549/products/clad2cuff.jpg?v=1632129692,1,Mechanical Pewter pocket watch and cufflinks set  in a Claddagh design.,false,Mechanical Pewter pocket watch and cufflinks set  in a Claddagh design,"Product Code P371: Irish Claddagh Mechanical Pewter Pocket Watch & Cufflinks Set Timeless style meets Irish heritage with this Mechanical Pewter Pocket Watch & Matching Cufflinks Set, featuring the iconic Claddagh symbol of love, loyalty and friendship. A classic gentleman’s gift designed to be both meaningful and prac",,,,,,,,,,,,,g,,,true,true,,,unlisted
claddagh-1-gents-mechanical-pocket-watch-and-cufflinks-set-price-includes-shipping,,,,,,,false,,,,,,,,,,,,,,,,,,https://cdn.shopify.com/s/files/1/1565/2549/products/IMG_20210621_103733b.jpg?v=1632129794,2,Mechanical Pewter pocket watch and cufflinks set  in a Claddagh design.,,,,,,,,,,,,,,,,,,,,,,,unlisted
gents-mechanical-watch-and-cufflinks-set,Gents Shamrock Pewter Mechanical Open Face Pocket Watch and Cufflinks Set,"<p data-start=""165"" data-end=""265""><strong data-start=""165"" data-end=""265"">Product Code P371: Irish Gents Shamrock Open Face Mechanical Pewter Pocket Watch &amp; Cufflinks Set</strong></p>
<p data-start=""267"" data-end=""569"">A timeless Irish gift set featuring an <strong data-start=""306"" data-end=""373"">open face mechanical pocket watch and matching pewter cufflinks</strong>, crafted with traditional detail and rich symbolism. Available in <strong data-start=""440"" data-end=""472"">Shamrock or Claddagh designs</strong>, this elegant set is ideal for the modern gentleman with an appreciation for heritage and style.</p>
<p data-start=""571"" data-end=""587""><strong data-start=""571"" data-end=""587"">Pocket Watch</strong></p>
<ul data-start=""588"" data-end=""706"">
<li data-start=""588"" data-end=""631"">
<p data-start=""590"" data-end=""631"">Classic <strong data-start=""598"" data-end=""631"">open face mechanical movement</strong></p>
</li>
<li data-start=""632"" data-end=""706"">
<p data-start=""634"" data-end=""706"">Finely detailed <strong data-start=""650"" data-end=""674"">pewter craftsmanship</strong> with a polished silver finish</p>
</li>
</ul>
<p data-start=""708"" data-end=""721""><strong data-start=""708"" data-end=""721"">Cufflinks</strong></p>
<ul data-start=""722"" data-end=""795"">
<li data-start=""722"" data-end=""795"">
<p data-start=""724"" data-end=""795"">Matching <strong data-start=""733"" data-end=""753"">pewter cufflinks</strong> designed to complement the pocket watch</p>
</li>
</ul>
<p data-start=""797"" data-end=""815""><strong data-start=""797"" data-end=""815"">Design Options</strong></p>
<ul data-start=""816"" data-end=""930"">
<li data-start=""816"" data-end=""869"">
<p data-start=""818"" data-end=""869""><strong data-start=""818"" data-end=""830"">Shamrock</strong> – symbol of Ireland and good fortune</p>
</li>
<li data-start=""870"" data-end=""930"">
<p data-start=""872"" data-end=""930""><strong data-start=""872"" data-end=""884"">Claddagh</strong> – representing love, loyalty and friendship</p>
</li>
</ul>
<p data-start=""932"" data-end=""947""><strong data-start=""932"" data-end=""947"">Perfect for</strong></p>
<ul data-start=""948"" data-end=""1035"">
<li data-start=""948"" data-end=""982"">
<p data-start=""950"" data-end=""982""><strong data-start=""950"" data-end=""980"">Best Man &amp; Groomsmen gifts</strong></p>
</li>
<li data-start=""983"" data-end=""1003"">
<p data-start=""985"" data-end=""1003""><strong data-start=""985"" data-end=""1001"">Father’s Day</strong></p>
</li>
<li data-start=""1004"" data-end=""1035"">
<p data-start=""1006"" data-end=""1035""><strong data-start=""1006"" data-end=""1035"">Birthdays &amp; Anniversaries</strong></p>
</li>
</ul>
<p data-start=""1037"" data-end=""1130"">A meaningful <strong data-start=""1050"" data-end=""1070"">Irish men’s gift</strong> that blends tradition, craftsmanship and timeless elegance.</p>
<p data-start=""1132"" data-end=""1195""><strong data-start=""1132"" data-end=""1158"">Handcrafted in Ireland</strong><br data-start=""1158"" data-end=""1161""><strong data-start=""1161"" data-end=""1195"">Shipping included in the price</strong></p>",Mullingar Pewter,,Gifts for Men,"18th, 21st, 25th, 30th, 40th, 50th, 60th, 65th, 70th, accessories, celtic, general gift, general gifts, Gents pewter gift, gift, groomsman, Heritage, Ireland, irish, men, pewter, pewter silver, triskele, wedding gifts, imported, unlisted",false,Title,Default Title,,,,,P371 Shamrock Open Face,0,shopify,0,deny,manual,83.95,,true,false,,https://cdn.shopify.com/s/files/1/1565/2549/products/IMG_20210621_093954.jpg?v=1642690965,1,Gents Shamrock Pewter Mechanical Open Face Pocket Watch and Cufflinks Set,false,Gents Shamrock Pewter Mechanical Open Face Pocket Watch and Cufflinks ,"Product Code P371: Irish Gents Shamrock Open Face Mechanical Pewter Pocket Watch & Cufflinks Set A timeless Irish gift set featuring an open face mechanical pocket watch and matching pewter cufflinks, crafted with traditional detail and rich symbolism. Available in Shamrock or Claddagh designs, this elegant set is idea",,,,,,,,,,,,,g,,,true,true,,,unlisted
gents-mechanical-watch-and-cufflinks-set,,,,,,,false,,,,,,,,,,,,,,,,,,https://cdn.shopify.com/s/files/1/1565/2549/products/IMG_20210223_135834.jpg?v=1642690987,2,Gents Shamrock Pewter Mechanical Open Face Pocket Watch and Cufflinks Set,,,,,,,,,,,,,,,,,,,,,,,unlisted
gents-mechanical-pocket-watch-collection,Gents Mechanical Pewter Pocket Watch Collection,"<h3>Gents Mechanical Pewter Pocket Watch Collection</h3>
<p><strong>Special Offer:</strong><br>10% off when you purchase 6 or more watches! Use discount code <strong>""multitime""</strong> at checkout.</p>
<p><strong>Description:</strong><br>Our Gents Mechanical Pocket Watches are designed to evoke the elegance of early Victorian style, often associated with the gentlemen of that era. These manual wind-up watches feature visible mechanisms through both the front and back, adding a timeless charm.</p>
<ul>
<li>
<strong>Chain:</strong> 12"" in length with a pocket clip for secure attachment.</li>
<li>
<strong>Engraving:</strong> Limited space available.</li>
</ul>
<p><strong>Product Highlights:</strong></p>
<ul>
<li>
<p><strong>Celtic O.F. (Code: P294 Celtic O.F):</strong><br>Features a design inspired by Celtic High Crosses, iconic symbols of Irish heritage.</p>
</li>
<li>
<p><strong>Celtic A (Code: P294 Celtic A):</strong><br>Showcases spiral patterns from Neolithic artwork, such as the famous Newgrange carvings.</p>
</li>
<li>
<p><strong>Celtic D (Code: P294 Celtic D):</strong><br>Depicts entwined birds in a stunning Celtic lace motif, reminiscent of crane imagery in ancient art.</p>
</li>
<li>
<p><strong>Kells Series (Codes: P294 Kells 2–6 O.F):</strong><br>Designs based on the illuminated Book of Kells, featuring intricate depictions of mythical animals, Celtic dragons, and ornate knotwork.</p>
</li>
<li>
<p><strong>Claddagh (Code: P294 Claddagh 1 LG):</strong><br>The iconic Claddagh symbol, representing love, loyalty, and friendship, originates from Galway’s Claddagh town.</p>
</li>
<li>
<p><strong>Harp (Code: P294 Harp 1 LG):</strong><br>The harp, one of Ireland’s oldest and most enduring emblems, is beautifully featured.</p>
</li>
<li>
<p><strong>Shamrock (Codes: P294 Shamrock 1 LG &amp; O.F.):</strong><br>The shamrock, a national symbol, is said to have been used by Saint Patrick to explain the Holy Trinity.</p>
</li>
<li>
<p><strong>Trinity Knot (Codes: P294 Trinity 1 LG &amp; T4):</strong><br>The timeless Trinity Knot, or Triquetra, represents the Holy Trinity and features prominently in Irish art.</p>
</li>
<li>
<p><strong>Claddagh/Ireland O.F. (Code: P294 Claddagh/Ireland O.F):</strong><br>Combines the open-face design with the Claddagh’s iconic meaning of love, friendship, and loyalty.</p>
</li>
<li>
<p><strong>Ireland/Shamrock O.F. (Code: P294 Ireland/Shamrock O.F):</strong><br>Encircled by shamrocks and inscribed with “Ireland,” this elegant open-face design is a celebration of Irish heritage.</p>
</li>
<li>
<p><strong>Ireland Map (Code: P294 Ireland Map):</strong><br>Features the iconic map of Ireland, paying homage to its scenic beauty and warm culture.</p>
</li>
<li>
<p><strong>Dad &amp; Grandad (Codes: P294 Dad, P294 Grandad):</strong><br>Timeless and heartfelt gifts, perfect for fathers and grandfathers.</p>
</li>
<li>
<p><strong>USA Flag (Code: P294 USA Flag):</strong><br>A patriotic gift for Independence Day, Father’s Day, Christmas, or birthdays.</p>
</li>
</ul>
<p><strong>Key Features:</strong></p>
<ul>
<li><strong>Handmade in Ireland</strong></li>
<li><strong>Shipping Included</strong></li>
</ul>
<p>Discover the craftsmanship and heritage of our stunning pewter pocket watch collection.</p>
<p> </p>
<p> </p>",Mullingar Pewter,,Watch,"book of kells watch, celtic, claddagh watch, fob, ireland, irish, mechanical watch, pewter celtic watch, pewter mechanical fob, pewter mechanical watch, pewter pocket watch, pewter silver fob, pewter silver pocket watch, pewter silver watch, pocket watch, shamrock watch, trinity watch, triskele, imported, unlisted",false,Choose Design,CEL O.F.,,,,,P294 CEL OF,0,shopify,0,deny,manual,71.95,,true,false,,https://cdn.shopify.com/s/files/1/1565/2549/products/MECHANICALPOCKETWATCHCELTICO.F..jpg?v=1642613155,1,Gents Mechanical Pewter Pocket Watch Collection,false,Gents Mechanical Pewter Pocket Watch Collection,"Gents Mechanical Pewter Pocket Watch Collection Special Offer:10% off when you purchase 6 or more watches! Use discount code ""multitime"" at checkout. Description:Our Gents Mechanical Pocket Watches are designed to evoke the elegance of early Victorian style, often associated with the gentlemen of that era. These manual",,,,,,,,,,,,,g,,,true,true,,,unlisted
gents-mechanical-pocket-watch-collection,,,,,,,false,,CEL A,,,,,P294 CELA,0,shopify,0,deny,manual,71.95,,true,false,,,,,,,,,,,,,,,,,,,,g,,,,,,,unlisted
gents-mechanical-pocket-watch-collection,,,,,,,false,,CEL D,,,,,P294 CELD,0,shopify,0,deny,manual,71.95,,true,false,,,,,,,,,,,,,,,,,,,,g,,,,,,,unlisted
gents-mechanical-pocket-watch-collection,,,,,,,false,,IR/KELL O.F,,,,,P294 IR/KELLS,0,shopify,0,deny,manual,71.95,,true,false,,,,,,,,,,,,,,,,,,,,g,,,,,,,unlisted
gents-mechanical-pocket-watch-collection,,,,,,,false,,KELLS1 O.F.,,,,,P294 KELLS1,0,shopify,0,deny,manual,71.95,,true,false,,,,,,,,,,,,,,,,,,,,g,,,,,,,unlisted
gents-mechanical-pocket-watch-collection,,,,,,,false,,KELLS 2 OF,,,,,P294 KELLS2,0,shopify,0,deny,manual,71.95,,true,false,,,,,,,,,,,,,,,,,,,,g,,,,,,,unlisted
gents-mechanical-pocket-watch-collection,,,,,,,false,,KELLS3 O.F.,,,,,P294 KELLS3,0,shopify,0,deny,manual,71.95,,true,false,,,,,,,,,,,,,,,,,,,,g,,,,,,,unlisted
gents-mechanical-pocket-watch-collection,,,,,,,false,,KELLS4 O.F.,,,,,P294 KELLS4,0,shopify,0,deny,manual,71.95,,true,false,,,,,,,,,,,,,,,,,,,,g,,,,,,,unlisted
gents-mechanical-pocket-watch-collection,,,,,,,false,,KELLS5 O.F.,,,,,P294 KELLS5,0,shopify,0,deny,manual,71.95,,true,false,,,,,,,,,,,,,,,,,,,,g,,,,,,,unlisted
gents-mechanical-pocket-watch-collection,,,,,,,false,,KELLS6 O.F.,,,,,P294 KELLS6,0,shopify,0,deny,manual,71.95,,true,false,,,,,,,,,,,,,,,,,,,,g,,,,,,,unlisted
gents-mechanical-pocket-watch-collection,,,,,,,false,,CLAD LG,,,,,P294 CLAD LG,0,shopify,0,deny,manual,71.95,,true,false,,,,,,,,,,,,,,,,,,,,g,,,,,,,unlisted
gents-mechanical-pocket-watch-collection,,,,,,,false,,HARP LG,,,,,P294 HARP LG,0,shopify,0,deny,manual,71.95,,true,false,,,,,,,,,,,,,,,,,,,,g,,,,,,,unlisted
gents-mechanical-pocket-watch-collection,,,,,,,false,,SHAM LG,,,,,P294 SHAM LG,0,shopify,0,deny,manual,71.95,,true,false,,,,,,,,,,,,,,,,,,,,g,,,,,,,unlisted
gents-mechanical-pocket-watch-collection,,,,,,,false,,TRIN LG,,,,,P294 TRIN LG,0,shopify,0,deny,manual,71.95,,true,false,,,,,,,,,,,,,,,,,,,,g,,,,,,,unlisted
gents-mechanical-pocket-watch-collection,,,,,,,false,,IRISH,,,,,P294 IRISH,0,shopify,0,deny,manual,71.95,,true,false,,,,,,,,,,,,,,,,,,,,g,,,,,,,unlisted
gents-mechanical-pocket-watch-collection,,,,,,,false,,IRL MAP,,,,,P294 IRL/MAP,0,shopify,0,deny,manual,71.95,,true,false,,,,,,,,,,,,,,,,,,,,g,,,,,,,unlisted
gents-mechanical-pocket-watch-collection,,,,,,,false,,IR/CL O.F.,,,,,P294 IR/CL OF,0,shopify,0,deny,manual,71.95,,true,false,,,,,,,,,,,,,,,,,,,,g,,,,,,,unlisted
gents-mechanical-pocket-watch-collection,,,,,,,false,,IR/SH O.F.,,,,,P294 IR/SH OF,0,shopify,0,deny,manual,71.95,,true,false,,,,,,,,,,,,,,,,,,,,g,,,,,,,unlisted
gents-mechanical-pocket-watch-collection,,,,,,,false,,SHAM O.F.,,,,,P294 SHAM OF,0,shopify,0,deny,manual,71.95,,true,false,,,,,,,,,,,,,,,,,,,,g,,,,,,,unlisted
gents-mechanical-pocket-watch-collection,,,,,,,false,,T4,,,,,P294 T4,0,shopify,0,deny,manual,71.95,,true,false,,,,,,,,,,,,,,,,,,,,g,,,,,,,unlisted
gents-mechanical-pocket-watch-collection,,,,,,,false,,DAD,,,,,P294 DAD,0,shopify,0,deny,manual,71.95,,true,false,,,,,,,,,,,,,,,,,,,,g,,,,,,,unlisted
gents-mechanical-pocket-watch-collection,,,,,,,false,,GRANDAD,,,,,P294 GRANDAD,0,shopify,0,deny,manual,71.95,,true,false,,,,,,,,,,,,,,,,,,,,g,,,,,,,unlisted
gents-mechanical-pocket-watch-collection,,,,,,,false,,USA FLAG,,,,,P294 USA FLAG,0,shopify,0,deny,manual,71.95,,true,false,,,,,,,,,,,,,,,,,,,,g,,,,,,,unlisted
gents-mechanical-pocket-watch-collection,,,,,,,false,,,,,,,,,,,,,,,,,,https://cdn.shopify.com/s/files/1/1565/2549/products/MECHANICALPOCKETWATCHCELTICA.jpg?v=1642613201,2,Gents Mechanical Pewter Pocket Watch Collection,,,,,,,,,,,,,,,,,,,,,,,unlisted
gents-mechanical-pocket-watch-collection,,,,,,,false,,,,,,,,,,,,,,,,,,https://cdn.shopify.com/s/files/1/1565/2549/products/MECHANICALPOCKETWATCHCELTICD.jpg?v=1642613237,3,Gents Mechanical Pewter Pocket Watch Collection,,,,,,,,,,,,,,,,,,,,,,,unlisted
gents-mechanical-pocket-watch-collection,,,,,,,false,,,,,,,,,,,,,,,,,,https://cdn.shopify.com/s/files/1/1565/2549/products/MECHANICALPOCKETWATCHIRELANDKELLS.jpg?v=1642613268,4,Gents Mechanical Pewter Pocket Watch Collection,,,,,,,,,,,,,,,,,,,,,,,unlisted
gents-mechanical-pocket-watch-collection,,,,,,,false,,,,,,,,,,,,,,,,,,https://cdn.shopify.com/s/files/1/1565/2549/products/MECHANICALPOCKETWATCHKELLS1O.F..jpg?v=1642613298,5,Gents Mechanical Pewter Pocket Watch Collection,,,,,,,,,,,,,,,,,,,,,,,unlisted
claddagh-open-face-gents-mechanical-watch-and-cufflinks-price-includes-shipping,Claddagh Open Face Gents Mechanical Pocket Watch and Cufflinks.,"<p data-start=""161"" data-end=""254""><strong data-start=""161"" data-end=""254"">Product Code P371: Irish Claddagh Open Face Gents Mechanical Pocket Watch &amp; Cufflinks Set</strong></p>
<p data-start=""256"" data-end=""467"">Celebrate Irish tradition with this <strong data-start=""292"" data-end=""363"">Claddagh Open Face Mechanical Pocket Watch &amp; Matching Cufflinks Set</strong>, a timeless gift designed for the modern gentleman with an appreciation for heritage and craftsmanship.</p>
<p data-start=""469"" data-end=""485""><strong data-start=""469"" data-end=""485"">Pocket Watch</strong></p>
<ul data-start=""486"" data-end=""735"">
<li data-start=""486"" data-end=""533"">
<p data-start=""488"" data-end=""533"">Classic <strong data-start=""496"" data-end=""533"">open face mechanical pocket watch</strong></p>
</li>
<li data-start=""534"" data-end=""609"">
<p data-start=""536"" data-end=""609"">Engraved <strong data-start=""545"" data-end=""564"">Claddagh symbol</strong>, representing love, loyalty and friendship</p>
</li>
<li data-start=""610"" data-end=""681"">
<p data-start=""612"" data-end=""681"">Traditional <strong data-start=""624"" data-end=""647"">mechanical movement</strong> inspired by vintage watchmaking</p>
</li>
<li data-start=""682"" data-end=""735"">
<p data-start=""684"" data-end=""735"">Polished pewter finish with a refined silver tone</p>
</li>
</ul>
<p data-start=""737"" data-end=""750""><strong data-start=""737"" data-end=""750"">Cufflinks</strong></p>
<ul data-start=""751"" data-end=""867"">
<li data-start=""751"" data-end=""793"">
<p data-start=""753"" data-end=""793"">Matching <strong data-start=""762"" data-end=""791"">Claddagh pewter cufflinks</strong></p>
</li>
<li data-start=""794"" data-end=""867"">
<p data-start=""796"" data-end=""867"">Designed to complement the pocket watch for a coordinated formal look</p>
</li>
</ul>
<p data-start=""869"" data-end=""919"">This meaningful <strong data-start=""885"" data-end=""905"">Irish men’s gift</strong> is ideal for:</p>
<ul data-start=""920"" data-end=""1091"">
<li data-start=""920"" data-end=""992"">
<p data-start=""922"" data-end=""992""><strong data-start=""922"" data-end=""934"">Weddings</strong> – Groom, Best Man, Groomsmen, Father of the Bride/Groom</p>
</li>
<li data-start=""993"" data-end=""1013"">
<p data-start=""995"" data-end=""1013""><strong data-start=""995"" data-end=""1011"">Father’s Day</strong></p>
</li>
<li data-start=""1014"" data-end=""1056"">
<p data-start=""1016"" data-end=""1056""><strong data-start=""1016"" data-end=""1054"">Birthdays &amp; milestone celebrations</strong></p>
</li>
<li data-start=""1057"" data-end=""1091"">
<p data-start=""1059"" data-end=""1091""><strong data-start=""1059"" data-end=""1091"">Graduations &amp; service awards</strong></p>
</li>
</ul>
<p data-start=""1093"" data-end=""1192"">Handcrafted with care, this set blends <strong data-start=""1132"" data-end=""1191"">Irish symbolism, timeless style and functional elegance</strong>.</p>
<p data-start=""1194"" data-end=""1257""><strong data-start=""1194"" data-end=""1217"">HANDMADE IN IRELAND</strong><br data-start=""1217"" data-end=""1220""><strong data-start=""1220"" data-end=""1257"">PRICE INCLUDES WORLDWIDE SHIPPING</strong></p>",Mullingar Pewter,,watch set,"21st, 40th, 50th, best man, birthday, celtic, claddagh, cufflinks, fathersday, general gift, general gifts, gift, graduation, groomsman, Heritage, irish, men, pewter, pewter silver, sports, watch, wedding, wedding gifts, imported, unlisted",false,Title,Default Title,,,,,P371 Claddagh O.F. and Cuffs set,0,shopify,0,deny,manual,83.95,,true,false,,https://cdn.shopify.com/s/files/1/1565/2549/products/IMG_20210621_093236.jpg?v=1642690876,1,Claddagh Open Face Gents Mechanical Pocket Watch and Cufflinks.,false,Claddagh Open Face Gents Mechanical Pocket Watch and Cufflinks.,"Product Code P371: Irish Claddagh Open Face Gents Mechanical Pocket Watch & Cufflinks Set Celebrate Irish tradition with this Claddagh Open Face Mechanical Pocket Watch & Matching Cufflinks Set, a timeless gift designed for the modern gentleman with an appreciation for heritage and craftsmanship. Pocket Watch Classic o",,,,,,,,,,,,,g,,,true,true,,,unlisted
claddagh-open-face-gents-mechanical-watch-and-cufflinks-price-includes-shipping,,,,,,,false,,,,,,,,,,,,,,,,,,https://cdn.shopify.com/s/files/1/1565/2549/products/CLADDAGHO.F.MECHANICALWATCHANDCUFFLINKSSET.jpg?v=1624445688,2,Claddagh Open Face Gents Mechanical Pocket Watch and Cufflinks.,,,,,,,,,,,,,,,,,,,,,,,unlisted
usa-flag-money-clip,Mullingar Pewter USA Flag Money Clip.,"<h3>P103 Old Style - Mullingar Pewter USA Flag Money Clip</h3>
<p>Our Mullingar Pewter Money Clip featuring the USA flag is the perfect gift for the proud American. Lightweight and secure, this money clip is an ideal way to keep your US dollars safe and organized.</p>
<p><strong>Features:</strong></p>
<ul>
<li>
<strong>USA Flag Design:</strong> Showcases patriotic pride.</li>
<li>
<strong>Lightweight and Secure:</strong> Easy to carry and reliable for holding money.</li>
<li>
<strong>Versatile Gift:</strong> Suitable for any occasion, from birthdays to celebrations of American pride.</li>
</ul>
<p><strong>Price includes delivery</strong></p>
<p>Celebrate American pride with this elegant and practical money clip, combining functionality with a patriotic touch.</p>",Mullingar Pewter,,Gifts for Men,"american, general gift, gift, irish, Irish american, patriotic, pewter silver, usa, usa flag, imported, unlisted",false,Title,Default Title,,,,,P103 old style - usa,0,shopify,0,deny,manual,23.95,,true,false,,https://cdn.shopify.com/s/files/1/1565/2549/products/moneyclip.jpg?v=1623152037,1,Mullingar Pewter USA Flag Money Clip.,false,Mullingar Pewter USA Flag Money Clip.,"P103 Old Style - Mullingar Pewter USA Flag Money Clip Our Mullingar Pewter Money Clip featuring the USA flag is the perfect gift for the proud American. Lightweight and secure, this money clip is an ideal way to keep your US dollars safe and organized. Features: USA Flag Design: Showcases patriotic pride. Lightweight a",,,,,,,,,,,,,g,,,true,true,,,unlisted
money-clip-easter-rising-centenary,Mullingar Pewter Irish Money Clip Collection.,"<h3>P103 Mullingar Pewter Irish Money Clip Collection</h3>
<p>Discover our Mullingar Pewter Irish Money Clip Collection, featuring a variety of beautiful designs that make the perfect gift for any occasion. Ideal for keeping money secure and organized, these clips are a thoughtful and practical gift for the man in your life.</p>
<p><strong>Features:</strong></p>
<ul>
<li>
<strong>Strong Spring-Loaded Clips:</strong> Ensures durability and functionality.</li>
<li>
<strong>Unique Designs:</strong> Showcases iconic Irish motifs.</li>
<li>
<strong>Versatile Gift:</strong> Suitable for birthdays, Groomsmen, Father’s Day, milestone birthdays (21st, 18th), or simply as a thoughtful present.</li>
</ul>
<p><strong>Handmade in Ireland</strong><br><strong>Price includes shipping</strong></p>
<p>Choose an Irish pewter money clip to add a touch of elegance and heritage to everyday essentials.</p>",Mullingar Pewter,,gift,"18th, 21st, 25th, 30th, 40th, 50th, 60th, birthday, bronze, celtic, Celtic design, claddagh, favors, general gift, gift, Heritage, irish, pewter celtic, pewter silver, shamrock, sports, trinity, Trinity design, Trinity knot, Trinity knot design, wedding gifts, imported, unlisted",false,Choose Design,Claddagh 1,,,,,P103 Claddagh,0,shopify,0,deny,manual,19.95,,true,false,,https://cdn.shopify.com/s/files/1/1565/2549/products/P103T4.jpg?v=1661950761,1,Mullingar Pewter Irish Money Clip Collection.,false,Mullingar Pewter Irish Money Clip Collection.,"P103 Mullingar Pewter Irish Money Clip Collection Discover our Mullingar Pewter Irish Money Clip Collection, featuring a variety of beautiful designs that make the perfect gift for any occasion. Ideal for keeping money secure and organized, these clips are a thoughtful and practical gift for the man in your life. Featu",,,,,,,,,,,,,g,,,true,true,,,unlisted
money-clip-easter-rising-centenary,,,,,,,false,,Trinity 1,,,,,P103 Trinity Knot,0,shopify,0,deny,manual,19.95,,true,false,,,,,,,,,,,,,,,,,,,,g,,,,,,,unlisted
money-clip-easter-rising-centenary,,,,,,,false,,T4,,,,,P103 T4,0,shopify,0,deny,manual,19.95,,true,false,,,,,,,,,,,,,,,,,,,,g,,,,,,,unlisted
money-clip-easter-rising-centenary,,,,,,,false,,Celtic A,,,,,P103 Celtic A,0,shopify,0,deny,manual,19.95,,true,false,,,,,,,,,,,,,,,,,,,,g,,,,,,,unlisted
money-clip-easter-rising-centenary,,,,,,,false,,Celtic D,,,,,P103 Celtic D,0,shopify,0,deny,manual,19.95,,true,false,,,,,,,,,,,,,,,,,,,,g,,,,,,,unlisted
money-clip-easter-rising-centenary,,,,,,,false,,Celtic E,,,,,P103 Celtic E,0,shopify,0,deny,manual,19.95,,true,false,,,,,,,,,,,,,,,,,,,,g,,,,,,,unlisted
money-clip-easter-rising-centenary,,,,,,,false,,Shamrock/trinity,,,,,P103 Shamrock/Trinity,0,shopify,0,deny,manual,19.95,,true,false,,,,,,,,,,,,,,,,,,,,g,,,,,,,unlisted
money-clip-easter-rising-centenary,,,,,,,false,,Dad,,,,,P103 Dad,0,shopify,0,deny,manual,19.95,,true,false,,,,,,,,,,,,,,,,,,,,g,,,,,,,unlisted
money-clip-easter-rising-centenary,,,,,,,false,,,,,,,,,,,,,,,,,,https://cdn.shopify.com/s/files/1/1565/2549/products/P103Treeoflife.jpg?v=1661950643,2,Mullingar Pewter Irish Money Clip Collection.,,,,,,,,,,,,,,,,,,,,,,,unlisted
money-clip-easter-rising-centenary,,,,,,,false,,,,,,,,,,,,,,,,,,https://cdn.shopify.com/s/files/1/1565/2549/products/p103trinity.jpg?v=1661950846,3,Mullingar Pewter Irish Money Clip Collection.,,,,,,,,,,,,,,,,,,,,,,,unlisted
money-clip-easter-rising-centenary,,,,,,,false,,,,,,,,,,,,,,,,,,https://cdn.shopify.com/s/files/1/1565/2549/products/P103.jpg?v=1661950895,4,Mullingar Pewter Irish Money Clip Collection.,,,,,,,,,,,,,,,,,,,,,,,unlisted
money-clip-easter-rising-centenary,,,,,,,false,,,,,,,,,,,,,,,,,,https://cdn.shopify.com/s/files/1/1565/2549/products/P103Clad.jpg?v=1661958346,5,Mullingar Pewter Irish Money Clip Collection.,,,,,,,,,,,,,,,,,,,,,,,unlisted
set-of-4-mythical-ireland-pewter-tumblers,Mullingar Pewter Set of 4 Mythical Ireland Celtic Wine Beakers.,"<p>The <strong>Mullingar Pewter Set of 4 Mythical Ireland Celtic Wine Beakers</strong> is a captivating collection that brings the legends of Ireland to your table. Each of these pewter beakers narrates a unique story from Ireland's rich mythological tapestry, making them not only functional drinkware but also storytelling artifacts.</p>
<h3>Set Highlights:</h3>
<ol>
<li>
<h3>Beaker Highlights:</h3>
<ol>
<li>
<p><strong>Na Fianna (Product Code: P142 Na Fianna)</strong>: <a href=""https://en.wikipedia.org/wiki/Fianna"">Fianna - Wikipedia</a> </p>
<ul>
<li>Celebrates the legendary warrior band led by Fionn mac Cumhaill. <a href=""https://en.wikipedia.org/wiki/Fionn_mac_Cumhaill"">Fionn mac Cumhaill - Wikipedia</a>
</li>
<li>Intricate designs that reflect the bravery and heroism of these ancient Irish warriors.</li>
</ul>
</li>
<li>
<p><strong>King Lugh (Product Code: P142 King Lugh)</strong>: <a href=""https://en.wikipedia.org/wiki/Lugh"">Lugh - Wikipedia</a></p>
<ul>
<li>Depicts Lugh, the king of the magical Tuatha Dé Danann.</li>
<li>Exquisite craftsmanship that brings to life the tales of Lugh’s wisdom and prowess.</li>
</ul>
</li>
<li>
<p><strong>Queen Maeve</strong>: <strong>(Product Code: P142 Queen Maeve)</strong>: <a href=""https://en.wikipedia.org/wiki/Medb"">Medb - Wikipedia</a></p>
<ul>
<li>
<strong>Design</strong>: Includes intricate artwork representing Queen Maeve of Connacht, known for her role in the epic Táin Bó Cúailnge (Cattle Raid of Cooley).</li>
<li>
<strong>Symbolism</strong>: Embodies strength and leadership, reflecting Maeve’s storied legacy as a powerful warrior queen.</li>
</ul>
</li>
<li>
<p><b>The Lion of Ireland: <strong>(Product Code: P142 The Lion of Ireland)</strong>: <a href=""https://en.wikipedia.org/wiki/Brian_Boru"">Brian Boru - Wikipedia</a></b></p>
</li>
</ol>
</li>
</ol>
<h3>Key Features:</h3>
<ul>
<li>
<strong>Material</strong>: Crafted from high-quality pewter, these beakers are both durable and visually striking with a timeless, silver-toned finish.</li>
<li>
<strong>Craftsmanship</strong>: Handcrafted in Ireland, each beaker showcases meticulous attention to detail, ensuring authenticity and uniqueness.</li>
<li>
<strong>Story Cards</strong>: Each beaker comes with a story card that provides an engaging narrative of the character or tale depicted, adding an educational and cultural dimension.</li>
</ul>
<h3>Purchase Details:</h3>
<ul>
<li>
<strong>Set</strong>: Includes 4 beakers, each representing a different mythological figure or story.</li>
<li>
<strong>Handmade</strong>: Proudly crafted by skilled artisans in Ireland.</li>
<li>
<strong>Price</strong>: Includes shipping, offering a convenient and valuable addition to your collection or as a meaningful gift.</li>
</ul>
<p>These mythical beakers are perfect for those who appreciate fine craftsmanship and the rich folklore of Ireland, making them a standout piece for any home or a thoughtful gift for a lover of Irish culture.</p>
<hr>
<p>This set not only serves as an exquisite collection of drinkware but also as a gateway to the enchanting myths and legends that define Ireland's cultural heritage.</p>
<p><span style=""text-decoration: underline;""><strong>About our Pewter Beakers</strong></span></p>
<p>Our metal content in all of the above is 92-95% tin with a balance of Copper and Antimony.</p>
<p>Our metal is Lead free and complies with EU, FDA,BS and Proposition 65 standards.</p>",Mullingar Pewter,,TUMBLERS,"21st, 40th, 50th, birthday, Brian Boru, Brian Boru Goblet, bronze, celtic, general gift, general gifts, gift, Heritage, irish, irish whiskey, King Brian Boru, kings and queens, Lion of Ireland, men, na fianna, pewter, pewter silver, pewter spirit, queen maeve, spirit, The Lion, the lion of ireland, TUMBLERS, wedding, wedding gifts, whiskey, whisky, imported, unlisted",false,Title,Default Title,,,,,P142 SET OF 4,0,shopify,0,deny,manual,459.95,,true,false,,https://cdn.shopify.com/s/files/1/1565/2549/products/MYTHICALIRISHTUMBLERS.jpg?v=1622762996,1,Mullingar Pewter Set of 4 Mythical Ireland Celtic Wine Beakers.,false,Mullingar Pewter Set of 4 Mythical Ireland Celtic Wine Beakers.,"The Mullingar Pewter Set of 4 Mythical Ireland Celtic Wine Beakers is a captivating collection that brings the legends of Ireland to your table. Each of these pewter beakers narrates a unique story from Ireland's rich mythological tapestry, making them not only functional drinkware but also storytelling artifacts. Set ",,,,,,,,,,,,,g,,,true,true,,,unlisted
miniature-pewter-harp-ornament,Miniature Pewter Harp Ornament by Mullingar Pewter,"<h3>Product Code: P292 - Miniature Pewter Harp Ornament by Mullingar Pewter</h3>
<p><strong>Description:</strong></p>
<p>The harp, a symbol with deep roots in Irish heritage, is beautifully captured in our Miniature Pewter Harp Ornament. Standing approximately 13 cm tall, this exquisite piece is handcrafted from the finest pewter right here in Ireland.</p>
<p><strong>Historical Significance:</strong></p>
<p>The harp has long been associated with Ireland, embodying both cultural pride and national identity. Its legacy is evident today as it adorns Irish euro coins, passports, and the presidential seal. The emblem of the Irish Free State, the harp has also been featured on flags across the country and graces the logos of iconic Irish brands such as Guinness and Ryanair.</p>
<p>Brian Boru, Ireland’s last High King, who perished in the Battle of Clontarf in 1014 AD, was renowned for his harp playing skills (Explore more about Brian Boru in our exclusive Chess Set collection).</p>
<p>During the medieval period, as British rule encroached on Celtic traditions, the harp became a symbol of resistance against the Crown. Unfortunately, the instrument and its music were suppressed and nearly vanished from Ireland by the end of this period.</p>
<p><strong>Cultural Revival:</strong></p>
<p>The traditional Irish harp saw a resurgence following the Belfast Harp Festival in 1792, thanks to music collector Edward Bunting. Bunting meticulously documented the music and terminology of harpists, preserving a vital part of Ireland’s musical heritage. His work is now considered one of the most comprehensive collections of harp music globally.</p>
<p>Today, the harp is experiencing a renaissance in popularity. Harpists are a common sight on the streets of Dublin, and Irish Harp Festivals are held throughout the country. The instrument is also a staple at the All Ireland Fleadh Cheoil na hEireann, which will take place this year in Mullingar, Ireland (Explore more about Fleadh Cheoil <a rel=""noreferrer"" href=""#"">here</a>).</p>
<p><strong>Why Choose This Harp Ornament:</strong></p>
<ul>
<li>
<strong>Handcrafted Excellence:</strong> Each harp is meticulously crafted by skilled artisans in Ireland, ensuring a high-quality, unique piece.</li>
<li>
<strong>Cultural Heritage:</strong> Owning this harp is not just about possessing a beautiful ornament; it’s about connecting with a rich cultural heritage.</li>
<li>
<strong>Versatile Gift:</strong> Perfect for any occasion—whether it's a gift for a loved one or a cherished addition to your own collection.</li>
<li>
<strong>Symbol of Ireland:</strong> This harp captures the spirit of Ireland, making it an ideal memento for anyone who holds a special place in their heart for Irish culture.</li>
</ul>
<p><strong>Practical Information:</strong></p>
<ul>
<li>
<strong>Height:</strong> Approximately 13 cm</li>
<li>
<strong>Material:</strong> Finest Pewter</li>
<li>
<strong>Origin:</strong> Handcrafted in Ireland</li>
<li>
<strong>Shipping:</strong> All prices include postage.</li>
</ul>
<p>Celebrate Ireland's rich musical tradition and cultural heritage with this stunning miniature harp ornament from Mullingar Pewter.</p>
<hr>
<p><strong>Discover more Irish treasures in our store or on our website. Each piece carries a piece of Ireland’s soul, handcrafted with care and a deep respect for our cultural legacy.</strong></p>
<p><span style=""text-decoration: underline;""><strong>About our Pewter Statues</strong></span></p>
<p>This item is cast using 92% Tin with a balance alloy mix.</p>
<p>To enhance the design contrast, we colour the design and lacquer finish this item.  </p>
<p>These Items are packaged in Black and Silver boxes or Brown Card board boxes.</p>
<p> </p>",Mullingar Pewter,,ORNAMENT,"fleadh, general gift, gift, harp, irish, irish gift, Irish harp, irish heritage, Irish History, Irish pewter, music, Pewter harp, pewter silver, imported, unlisted",false,Title,Default Title,,,,,P292,0,shopify,0,deny,manual,63.95,,true,false,,https://cdn.shopify.com/s/files/1/1565/2549/products/Harp.jpg?v=1644837151,1,Miniature Pewter Harp Ornament by Mullingar Pewter,false,Miniature Pewter Harp Ornament by Mullingar Pewter,"Product Code: P292 - Miniature Pewter Harp Ornament by Mullingar Pewter Description: The harp, a symbol with deep roots in Irish heritage, is beautifully captured in our Miniature Pewter Harp Ornament. Standing approximately 13 cm tall, this exquisite piece is handcrafted from the finest pewter right here in Ireland. H",,,,,,,,,,,,,g,,,true,true,,,unlisted
miniature-pewter-harp-ornament,,,,,,,false,,,,,,,,,,,,,,,,,,https://cdn.shopify.com/s/files/1/1565/2549/products/Harp1.jpg?v=1644838983,2,Miniature Pewter Harp Ornament by Mullingar Pewter,,,,,,,,,,,,,,,,,,,,,,,unlisted
set-of-4-mythical-irish-wine-goblets-price-includes-shipping,Mullingar Pewter Set of 4 Mythical Irish Goblets.,"<p> </p>
<p><strong>Mullingar Pewter Set of 4 Mythical Irish Goblets.<iframe title=""YouTube video player"" src=""https://www.youtube.com/embed/krfnNdvdm84?si=H0c9-P17cjBDu4qZ"" height=""315"" width=""560"" allowfullscreen="""" allow=""accelerometer; autoplay; clipboard-write; encrypted-media; gyroscope; picture-in-picture; web-share"" frameborder=""0""></iframe></strong></p>
<p>The <strong>Mullingar Pewter Set of 4 Mythical Ireland Celtic Wine Goblets</strong> is a captivating collection that brings the legends of Ireland to your table. Each of these pewter goblets narrates a unique story from Ireland's rich mythological tapestry, making them not only functional drinkware but also storytelling artifacts.</p>
<h3>Set Highlights:</h3>
<ol>
<li>
<h3>Goblet Highlights:</h3>
<ol>
<li>
<p><strong>Na Fianna (Product Code: P140 Na Fianna)</strong>: <a href=""https://en.wikipedia.org/wiki/Fianna"">Fianna - Wikipedia</a> </p>
<ul>
<li>Celebrates the legendary warrior band led by Fionn mac Cumhaill. <a href=""https://en.wikipedia.org/wiki/Fionn_mac_Cumhaill"">Fionn mac Cumhaill - Wikipedia</a>
</li>
<li>Intricate designs that reflect the bravery and heroism of these ancient Irish warriors.</li>
</ul>
</li>
<li>
<p><strong>King Lugh (Product Code: P140 King Lugh)</strong>: <a href=""https://en.wikipedia.org/wiki/Lugh"">Lugh - Wikipedia</a></p>
<ul>
<li>Depicts Lugh, the king of the magical Tuatha Dé Danann.</li>
<li>Exquisite craftsmanship that brings to life the tales of Lugh’s wisdom and prowess.</li>
</ul>
</li>
<li>
<p><strong>Queen Maeve</strong>: <strong>(Product Code: P140 Queen Maeve)</strong>: <a href=""https://en.wikipedia.org/wiki/Medb"">Medb - Wikipedia</a></p>
<ul>
<li>
<strong>Design</strong>: Includes intricate artwork representing Queen Maeve of Connacht, known for her role in the epic Táin Bó Cúailnge (Cattle Raid of Cooley).</li>
<li>
<strong>Symbolism</strong>: Embodies strength and leadership, reflecting Maeve’s storied legacy as a powerful warrior queen.</li>
</ul>
</li>
<li>
<p><b>The Lion of Ireland: <strong>(Product Code: P140 The Lion of Ireland)</strong>: <a href=""https://en.wikipedia.org/wiki/Brian_Boru"">Brian Boru - Wikipedia</a></b></p>
</li>
</ol>
</li>
</ol>
<h3>Key Features:</h3>
<ul>
<li>
<strong>Material</strong>: Crafted from high-quality pewter, these goblets are both durable and visually striking with a timeless, silver-toned finish.</li>
<li>
<strong>Craftsmanship</strong>: Handcrafted in Ireland, each goblet showcases meticulous attention to detail, ensuring authenticity and uniqueness.</li>
<li>
<strong>Story Cards</strong>: Each goblet comes with a story card that provides an engaging narrative of the character or tale depicted, adding an educational and cultural dimension.</li>
</ul>
<h3>Purchase Details:</h3>
<ul>
<li>
<strong>Set</strong>: Includes 4 Goblets, each representing a different mythological figure or story.</li>
<li>
<strong>Handmade</strong>: Proudly crafted by skilled artisans in Ireland.</li>
<li>
<strong>Price</strong>: Includes shipping, offering a convenient and valuable addition to your collection or as a meaningful gift.</li>
</ul>
<p>These mythical goblets are perfect for those who appreciate fine craftsmanship and the rich folklore of Ireland, making them a standout piece for any home or a thoughtful gift for a lover of Irish culture.</p>
<hr>
<p>This set not only serves as an exquisite collection of drinkware but also as a gateway to the enchanting myths and legends that define Ireland's cultural heritage.</p>
<p><span style=""text-decoration: underline;""><strong>About our Pewter Goblets</strong></span></p>
<p>Our metal content in all of the above is 92-95% tin with a balance of Copper and Antimony.</p>
<p>Our metal is Lead free and complies with EU, FDA,BS and Proposition 65 standards.</p>",Mullingar Pewter,,GOBLETS,"21st, 40th, 50th, bronze, celtic, general gift, general gifts, gift, GOBLETS, Heritage, irish, men, pewter, pewter silver, sports, wedding gifts, WINE, imported, unlisted",false,Title,Default Title,,,,,SET OF P140 X 4,0,shopify,0,deny,manual,499.95,,true,false,,https://cdn.shopify.com/s/files/1/1565/2549/products/MYTHICALIRISHGOBLETS.jpg?v=1622762931,1,Mullingar Pewter Set of 4 Mythical Irish Goblets.,false,Mullingar Pewter Set of 4 Mythical Irish Goblets.,"Mullingar Pewter Set of 4 Mythical Irish Goblets. The Mullingar Pewter Set of 4 Mythical Ireland Celtic Wine Goblets is a captivating collection that brings the legends of Ireland to your table. Each of these pewter goblets narrates a unique story from Ireland's rich mythological tapestry, making them not only function",,,,,,,,,,,,,g,,,true,true,,,unlisted
glass-tumblers-with-ireland-usa-flags,Mullingar Pewter whiskey glass set with Irish/ American flags,"<h2><strong>Product Code: B11GS</strong></h2>
<p>Mullingar Pewter whiskey glass set with Irish/ American  flags</p>
<hr>
<h3><strong>Product Description</strong></h3>
<p>Celebrate the enduring bond between Ireland and the USA with our exquisite set of Drinks Tumblers. Adorned with a beautifully crafted pewter emblem featuring the crossed flags of Ireland and the United States, these tumblers are a perfect symbol of friendship and unity. Each glass is meticulously assembled in Mullingar, Ireland, ensuring both quality and authenticity.</p>
<hr>
<h3><strong>Key Features</strong></h3>
<ul>
<li>
<strong>Material:</strong> High-quality glass with a handcrafted pewter emblem</li>
<li>
<strong>Capacity:</strong> Each tumbler holds 7 fl oz</li>
<li>
<strong>Dimensions:</strong> Approx. 3.5 inches in height</li>
<li>
<strong>Design:</strong> Irish/American crossed flags pewter emblem</li>
<li>
<strong>Origin:</strong> Handmade in Mullingar, Ireland</li>
<li>
<strong>Set Includes:</strong> Two tumblers</li>
</ul>
<hr>
<h3><strong>Design and Inspiration</strong></h3>
<p>The pewter emblem on each tumbler showcases the crossed flags of Ireland and the USA, symbolizing the long-standing friendship and deep cultural ties between the two nations. This emblem is cast in our workshop in Mullingar, where traditional craftsmanship meets modern artistry.</p>
<p>The crossed flags design serves as a tribute to the shared history and the strong bond that continues to grow between Ireland and America. Whether you're toasting to new beginnings or reminiscing about shared memories, these tumblers provide a meaningful way to celebrate the connection.</p>
<hr>
<h3><strong>Functional and Decorative</strong></h3>
<ul>
<li>
<strong>Perfect for Celebrations:</strong> Ideal for any occasion, these tumblers make a wonderful addition to your barware collection. They’re perfect for toasting to special moments, whether you’re celebrating St. Patrick's Day, the 4th of July, or simply enjoying a casual drink with friends.</li>
<li>
<strong>Versatile Gift:</strong> A great gift choice for Irish-Americans, expatriates, or anyone who values the unique bond between Ireland and the USA. Perfect for weddings, anniversaries, birthdays, or as a thoughtful gesture to a friend.</li>
<li>
<strong>High-Quality Craftsmanship:</strong> Each tumbler is crafted with attention to detail, ensuring durability and a touch of elegance. The pewter emblem adds a unique and distinguished touch, making these glasses not just practical but also beautiful.</li>
</ul>
<hr>
<h3><strong>Why Choose Mullingar Pewter?</strong></h3>
<ul>
<li>
<strong>Authentic Irish Craftsmanship:</strong> Every product is handmade in Ireland by skilled artisans, reflecting the rich heritage and high standards of Mullingar Pewter.</li>
<li>
<strong>Cultural Significance:</strong> Our tumblers are more than just drinkware; they are a celebration of the lasting friendship between Ireland and the USA.</li>
<li>
<strong>Inclusive Pricing:</strong> The price includes shipping, so there are no additional costs at checkout, making your purchase straightforward and hassle-free.</li>
</ul>
<hr>
<h3>
<strong>HANDMADE IN IRELAND</strong> | <strong>PRICE INCLUDES SHIPPING</strong>
</h3>
<hr>
<h3><strong>Additional Information</strong></h3>
<p>Raise a glass to the friendship between Ireland and the USA with our set of Drinks Tumblers. Combining functionality with a meaningful emblem, these tumblers are a unique and thoughtful addition to any home or bar. Whether you’re gifting them to a friend or adding them to your own collection, they’re sure to bring joy and a sense of connection with every toast.</p>",Mullingar Pewter,,Drinkware,"21st, celtic, celtic whisky, general gift, general gifts, gift, Ireland, irish, irish whiskey, jameson, middleton, pewter, pewter silver, star spangled banner, tullamore dew, tumbler's, whiskey, imported, unlisted",false,Title,Default Title,,,,,B11GS,0,shopify,0,deny,manual,71.95,,true,false,,https://cdn.shopify.com/s/files/1/1565/2549/products/WHISKEYGLASSTUMBLERSWITHCROSSEDFLAGS.jpg?v=1621943711,1,Mullingar Pewter whiskey glass set with Irish/ American flags,false,Mullingar Pewter whiskey glass set with Irish/ American flags,"Product Code: B11GS Mullingar Pewter whiskey glass set with Irish/ American flags Product Description Celebrate the enduring bond between Ireland and the USA with our exquisite set of Drinks Tumblers. Adorned with a beautifully crafted pewter emblem featuring the crossed flags of Ireland and the United States, these tu",,,,,,,,,,,,,g,,,true,true,,,unlisted
heart-shaped-jewellery-box,Mullingar Pewter Heart Shaped Jewelry Box MOM. Claddagh or Plain,"<style type=""text/css""><!--
td {border: 1px solid #ccc;}br {mso-data-placement:same-cell;}
--></style>
<p><span data-sheets-value='{""1"":2,""2"":""This charming heart-shaped jewellery box is embossed with a\u00a0traditional Claddagh insignia, which signifies friendship (the hands), love (the heart), and loyalty (the crown), making it a wonderful gift and ideal for storing jewellery and trinkets. The interior is lined with black velvet, while the exterior is also available in plain design. Width 2.5\"".\u00a0""}' data-sheets-userformat='{""2"":513,""3"":{""1"":0},""12"":0}'><strong>Product Code 2028 : Mullingar Pewter Heart Shaped Jewelry Box MOM. Claddagh or Plain</strong><br></span></p>
<p>This charming heart-shaped Irish Pewter jewelry box is embossed with a traditional Claddagh insignia, making it a wonderful gift and ideal for storing jewelry and trinkets.</p>
<p>Present your Engagement ring in this box and she will be very impressed!</p>
<p><span data-sheets-value='{""1"":2,""2"":""This charming heart-shaped jewellery box is embossed with a\u00a0traditional Claddagh insignia, which signifies friendship (the hands), love (the heart), and loyalty (the crown), making it a wonderful gift and ideal for storing jewellery and trinkets. The interior is lined with black velvet, while the exterior is also available in plain design. Width 2.5\"".\u00a0""}' data-sheets-userformat='{""2"":513,""3"":{""1"":0},""12"":0}'>The design is that of the Claddagh taken from the famous love symbol designed in the town of Claddagh, Co. Galway by Richard Joyce back in the year 1689. The design is often used for wedding rings as it is based on the ring that Richard made for his bride to be. The symbolisms are ""hands for friendship"", ""heart for love"" and ""crown for loyalty"".</span></p>
<p><span data-sheets-value='{""1"":2,""2"":""This charming heart-shaped jewellery box is embossed with a\u00a0traditional Claddagh insignia, which signifies friendship (the hands), love (the heart), and loyalty (the crown), making it a wonderful gift and ideal for storing jewellery and trinkets. The interior is lined with black velvet, while the exterior is also available in plain design. Width 2.5\"".\u00a0""}' data-sheets-userformat='{""2"":513,""3"":{""1"":0},""12"":0}'>The interior is lined with black velvet, while the exterior is also available in plain design. Width 2.5"".  Plain box can be engraved with </span></p>
<p><strong> HANDMADE IN IRELAND    PRICE INCLUDES SHIPPING</strong></p>",Mullingar Pewter,,Jewellery,"BOX, claddagh, engagement, gift for her, Irish claddagh, JEWELLERY, jewelry, mom, mother, Mothers, Mothers day, imported, unlisted",false,Title,Claddagh,,,,,2028 Claddagh,0,shopify,0,deny,manual,39.95,,true,false,,https://cdn.shopify.com/s/files/1/1565/2549/products/IMG_20210415_130126.jpg?v=1628079459,1,Mullingar Pewter Heart Shaped Jewelry Box MOM. Claddagh or Plain,false,Mullingar Pewter Heart Shaped Jewelry Box MOM. Claddagh or Plain,"Product Code 2028 : Mullingar Pewter Heart Shaped Jewelry Box MOM. Claddagh or Plain This charming heart-shaped Irish Pewter jewelry box is embossed with a traditional Claddagh insignia, making it a wonderful gift and ideal for storing jewelry and trinkets. Present your Engagement ring in this box and she will be very ",,,,,,,,,,,,,g,,,true,true,,,unlisted
heart-shaped-jewellery-box,,,,,,,false,,Plain,,,,,2028 Plain,0,shopify,0,deny,manual,39.95,,true,false,,,,,,,,,,,,,,,,,,,,g,,,,,,,unlisted
heart-shaped-jewellery-box,,,,,,,false,,MOM,,,,,2028 Mom,0,shopify,0,deny,manual,39.95,,true,false,,,,,,,,,,,,,,,,,,,,g,,,,,,,unlisted
heart-shaped-jewellery-box,,,,,,,false,,,,,,,,,,,,,,,,,,https://cdn.shopify.com/s/files/1/1565/2549/products/jewellery_heart.jpg?v=1628079459,2,Mullingar Pewter Heart Shaped Jewelry Box MOM. Claddagh or Plain,,,,,,,,,,,,,,,,,,,,,,,unlisted
heart-shaped-jewellery-box,,,,,,,false,,,,,,,,,,,,,,,,,,https://cdn.shopify.com/s/files/1/1565/2549/products/SMALLHEARTRINGBOX.jpg?v=1628079459,3,Mullingar Pewter Heart Shaped Jewelry Box MOM. Claddagh or Plain,,,,,,,,,,,,,,,,,,,,,,,unlisted
battle-of-clontarf-pewter-chess-set,Mullingar Pewter Battle of Clontarf Pewter Chess Set,"<h3>Exclusive Product: Mullingar Pewter Battle of Clontarf Pewter Chess Set</h3>
<p><strong>Product Code: D17 Clontarf Irish Pewter Chess Set</strong></p>
<hr>
<h4>Available Exclusively from Mullingar Pewter</h4>
<ul>
<li>
<strong>Purchase Online or In-Store:</strong> This unique chess set is available only through our website or directly at our showroom in Mullingar Pewter, Ireland.</li>
</ul>
<hr>
<h3>Historical Significance: Battle of Clontarf (April 23, 1014 - Good Friday)</h3>
<p>The <strong>Battle of Clontarf</strong> marks a pivotal moment in Irish history. On Good Friday in 1014, Irish forces led by the High King Brian Boru clashed with Viking invaders, culminating in a bloody battle that altered the course of Irish history.</p>
<h4>Key Characters and Pieces:</h4>
<ul>
<li>
<p><strong>Irish Side:</strong></p>
<ul>
<li>
<strong>King: Brian Boru</strong>
<ul>
<li>Ireland's last High King. At 72 years old, Brian Boru did not fight on the front lines but instead stayed behind, praying for his warriors. He was ultimately slain by the Viking leader Brodir of Man.</li>
</ul>
</li>
<li>
<strong>Queen: Gormflaith</strong>
<ul>
<li>Brian’s fourth wife and a figure of betrayal. She was the daughter of Sigtrygg, the Viking ruler of Dublin.</li>
</ul>
</li>
<li>
<strong>Bishop: Murrough</strong>
<ul>
<li>The son of Brian Boru from his first marriage, Murrough was a devout Christian who perished in the battle.</li>
</ul>
</li>
<li>
<strong>Knight: Toirdelbach</strong>
<ul>
<li>Murrough’s son, a teenager who fought fiercely and also lost his life in the battle.</li>
</ul>
</li>
<li>
<strong>Rook: Traditional Irish Castle</strong>
<ul>
<li>Represents an 11th-century tower house like the one at the Rock of Cashel, the seat of the Irish High Kings.</li>
</ul>
</li>
<li>
<strong>Pawn: Irish Soldiers</strong>
<ul>
<li>Representing men from Munster and Leinster, the army numbered around 8,000.</li>
</ul>
</li>
</ul>
</li>
<li>
<p><strong>Viking Side:</strong></p>
<ul>
<li>
<strong>King: Máel-Mórda</strong>
<ul>
<li>The King of Leinster and leader of the Viking army, comprising Viking descendants from Ireland, Orkney, Scotland, and the Isle of Man.</li>
</ul>
</li>
<li>
<strong>Queen: Caillech</strong>
<ul>
<li>Máel-Mórda’s wife and the daughter of DúnLaing.</li>
</ul>
</li>
<li>
<strong>Bishop: Gilla Ciarain Mac Glún</strong>
<ul>
<li>Nephew of Sigtrygg, the ruler of Dublin.</li>
</ul>
</li>
<li>
<strong>Knight: Brodir of the Isle of Man</strong>
<ul>
<li>A Viking who killed Brian Boru while fleeing the battlefield.</li>
</ul>
</li>
<li>
<strong>Rook: Viking Longhouse</strong>
<ul>
<li>Symbolizes a typical Viking dwelling, primarily made from timber and dried mud.</li>
</ul>
</li>
<li>
<strong>Pawn: Viking Warriors</strong>
<ul>
<li>Known for their marauding and plundering, these fierce fighters were integral to the Viking army.</li>
</ul>
</li>
</ul>
</li>
</ul>
<h3>Detailed Craftsmanship:</h3>
<p>Each figurine in the set is crafted from the finest pewter, ensuring a robust, weighty feel and a high level of durability while retaining an elegant appearance. The pieces are detailed to reflect the historical significance and uniqueness of the Battle of Clontarf.</p>
<ul>
<li>
<strong>Irish Pieces:</strong>
<ul>
<li>
<strong>Half of the Set:</strong> Darkened and polished to a shiny finish.</li>
</ul>
</li>
<li>
<strong>Viking Pieces:</strong>
<ul>
<li>
<strong>Half of the Set:</strong> Darkened and brushed for a more matte finish, emphasizing intricate details.</li>
</ul>
</li>
</ul>
<h4>Chess Set Dimensions:</h4>
<ul>
<li>
<strong>King:</strong> 3.75 inches tall.</li>
<li>
<strong>Pawn:</strong> 2.5 inches tall.</li>
</ul>
<h4>Chess Board: Size 13""x13""</h4>
<p>The set includes a wooden chessboard with black and ivory squares, complementing the pewter pieces beautifully. The board serves not only as a functional game surface but also as an elegant display for your living room or study.</p>
<h3>The Historical Impact:</h3>
<p>The Viking army, initially 6,000 strong, was nearly decimated, with only 600 surviving to retreat. The battle resulted in heavy casualties on both sides, with estimates of 7,000 to 10,000 dead or wounded. Despite the bloodshed, Viking rule in Ireland was effectively ended, leading to a brief period of relative peace and the return to traditional Irish kingdoms until the Norman invasion 150 years later.</p>
<h3>Why Choose This Chess Set?</h3>
<ul>
<li>
<strong>Historical and Cultural Significance:</strong> This set not only provides a rich, immersive experience for chess enthusiasts but also serves as a tribute to an important historical event.</li>
<li>
<strong>Exquisite Craftsmanship:</strong> Each piece is a testament to the fine craftsmanship and attention to detail that Mullingar Pewter is known for.</li>
<li>
<strong>Exclusive Product:</strong> Available only from Mullingar Pewter, making it a unique and valuable addition to any collection.</li>
</ul>
<h3>Ideal For:</h3>
<ul>
<li>
<strong>History Buffs:</strong> Anyone with an interest in Irish history and the Viking era will appreciate the historical significance of this set.</li>
<li>
<strong>Chess Enthusiasts:</strong> Perfect for those who enjoy a game of chess with a touch of historical and cultural depth.</li>
<li>
<strong>Gift Givers:</strong> An excellent choice for significant occasions such as birthdays, anniversaries, or holidays.</li>
</ul>
<p data-mce-fragment=""1""><strong style=""font-size: 0.875rem;"">About Our Chess and Draught/Checkers sets,</strong><br></p>
<p class=""elementtoproof""><span>Our Chess and Draught Sets are made of a lead free Pewter and comply with EU, FDA, BS and Proposition 65 standards. The</span> Metal content is 92-95% Tin with the balance made of Copper and Antimony.</p>
<p class=""elementtoproof"">Our Chess and Draughts boards are made of Medium Density Fibre board.<br></p>
<p class=""elementtoproof""><span>Our Chess sets are packaged in a hard board presentation box with the pieces set in protective foam.</span></p>
<p class=""elementtoproof""><span>Our Draught/Checkers sets are boxed in brown card board and the pieces are wrapped in bubble. </span></p>
<p class=""elementtoproof""><span>Our Irish Pewter Chess and Draughts sets are all supplied with a Chess/ Draughts/Checkers Board</span></p>",Mullingar Pewter,,CHESS SET,"battle of clontarf, Brian Boru, chess, CHESS LOVER, chess set, chessboard, dad, dads gift, friend, gifts for him, grandad, granddad, irish, Irish pewter, king, knight, pawn, pewter chess set, pewter chess setroman, pewter silver, queen, Queens Gambit, rook, viking, imported, unlisted",false,Title,Default Title,,,,,D17Clontarf,0,shopify,0,deny,manual,490.00,,true,false,,https://cdn.shopify.com/s/files/1/1565/2549/files/Brian_Boru_Irish_Pewter_Chess_Set_in_B_W.jpg?v=1772631519,1,Mullingar Pewter Battle of Clontarf Pewter Chess Set,false,Mullingar Pewter Battle of Clontarf Pewter Chess Set,"Exclusive Product: Mullingar Pewter Battle of Clontarf Pewter Chess Set Product Code: D17 Clontarf Irish Pewter Chess Set Available Exclusively from Mullingar Pewter Purchase Online or In-Store: This unique chess set is available only through our website or directly at our showroom in Mullingar Pewter, Ireland. Histori",,,,,,,,,,,,,g,,,true,true,,,unlisted
battle-of-clontarf-pewter-chess-set,,,,,,,false,,,,,,,,,,,,,,,,,,https://cdn.shopify.com/s/files/1/1565/2549/files/Brian_Boru_chess_pieces_castle_and_horsemen.jpg?v=1772631587,2,Mullingar Pewter Battle of Clontarf Pewter Chess Set,,,,,,,,,,,,,,,,,,,,,,,unlisted
battle-of-clontarf-pewter-chess-set,,,,,,,false,,,,,,,,,,,,,,,,,,https://cdn.shopify.com/s/files/1/1565/2549/files/Brian_Boru_chess_piece.jpg?v=1772631642,3,Mullingar Pewter Battle of Clontarf Pewter Chess Set,,,,,,,,,,,,,,,,,,,,,,,unlisted
battle-of-clontarf-pewter-chess-set,,,,,,,false,,,,,,,,,,,,,,,,,,https://cdn.shopify.com/s/files/1/1565/2549/files/Viking_horse_and_pawn_chess_pieces.jpg?v=1772631693,4,Mullingar Pewter Battle of Clontarf Pewter Chess Set,,,,,,,,,,,,,,,,,,,,,,,unlisted
battle-of-clontarf-pewter-chess-set,,,,,,,false,,,,,,,,,,,,,,,,,,https://cdn.shopify.com/s/files/1/1565/2549/files/Pewter_Viking_figurine_piece.jpg?v=1772631736,5,Mullingar Pewter Battle of Clontarf Pewter Chess Set,,,,,,,,,,,,,,,,,,,,,,,unlisted
whiskey-glass-set-of-2,Mullingar Pewter set of crystal whiskey glasses with a pewter disc embossed,"<p><strong>Product Code: B11GS – Mullingar Pewter Crystal Whiskey Glasses Set</strong></p>
<p>Relax and savor your favorite whiskey with this elegant set of Mullingar Pewter crystal whiskey glasses. Each glass is adorned with a finely crafted Irish Pewter disc, featuring Celtic designs, including the Claddagh, Shamrock, and Trinity Knot.</p>
<p>Presented in a luxurious blue satin-lined gift box, this set makes a thoughtful and versatile gift for any occasion—perfect for weddings, Father’s Day, or simply as a special treat for a loved one.</p>
<p><strong>Why Choose This Set?</strong></p>
<ul>
<li>
<strong>Exquisite Craftsmanship</strong>: Combines premium crystal with intricate Irish Pewter designs.</li>
<li>
<strong>Symbolic &amp; Timeless</strong>: Showcases iconic Irish symbols with deep cultural meaning.</li>
<li>
<strong>Perfect Gift</strong>: Ideal for celebrating milestones or for whiskey enthusiasts.</li>
<li>
<strong>Conversation Starter</strong>: Unique Celtic designs add interest to any gathering.</li>
</ul>
<p><strong>Handmade in Ireland</strong><br><strong>Price includes shipping</strong></p>",Mullingar Pewter,,Drinkware,"18th, 21st, 25th, 30th, 40th, 50th, 60th, anniversary, birthday, book of kells, bronze, celtic, claddagh, dad, dads gift, general gift, general gifts, gift, grand dad, grandad, granddad, groomsman, Heritage, irish, irish whiskey, jameson, kells, kells design, men, middleton, pewter silver, pewter spirit, shamrock, spirit, sports, tullamore dew, wedding, wedding gifts, whiskey, whisky, imported, unlisted",false,Choose Design,CELTIC 7,,,,,B11GS CELTIC 7,0,shopify,0,deny,manual,71.95,,true,false,,https://cdn.shopify.com/s/files/1/1565/2549/files/B11GSCeltic7.png?v=1694617193,1,Mullingar Pewter set of crystal whiskey glasses with a pewter disc embossed,false,Mullingar Pewter set of crystal whiskey glasses with a pewter disc emb,"Product Code: B11GS – Mullingar Pewter Crystal Whiskey Glasses Set Relax and savor your favorite whiskey with this elegant set of Mullingar Pewter crystal whiskey glasses. Each glass is adorned with a finely crafted Irish Pewter disc, featuring Celtic designs, including the Claddagh, Shamrock, and Trinity Knot. Present",,,,,,,,,,,,,g,,,true,true,,,unlisted
whiskey-glass-set-of-2,,,,,,,false,,CLADDAGH,,,,,B11GS CLADDAGH,0,shopify,0,deny,manual,71.95,,true,false,,,,,,,,,,,,,,,,,,,,g,,,,,,,unlisted
whiskey-glass-set-of-2,,,,,,,false,,SHAMROCK,,,,,B11GS SHAMROCK,0,shopify,0,deny,manual,71.95,,true,false,,,,,,,,,,,,,,,,,,,,g,,,,,,,unlisted
whiskey-glass-set-of-2,,,,,,,false,,T4,,,,,B11GS T4,0,shopify,0,deny,manual,71.95,,true,false,,,,,,,,,,,,,,,,,,,,g,,,,,,,unlisted
whiskey-glass-set-of-2,,,,,,,false,,,,,,,,,,,,,,,,,,https://cdn.shopify.com/s/files/1/1565/2549/files/B11GST4.png?v=1694617194,2,Mullingar Pewter set of crystal whiskey glasses with a pewter disc embossed,,,,,,,,,,,,,,,,,,,,,,,unlisted
whiskey-glass-set-of-2,,,,,,,false,,,,,,,,,,,,,,,,,,https://cdn.shopify.com/s/files/1/1565/2549/files/B11GSCladdagh.png?v=1694617194,3,Mullingar Pewter set of crystal whiskey glasses with a pewter disc embossed,,,,,,,,,,,,,,,,,,,,,,,unlisted
whiskey-glass-set-of-2,,,,,,,false,,,,,,,,,,,,,,,,,,https://cdn.shopify.com/s/files/1/1565/2549/files/B11GSShamrock.png?v=1694617194,4,Mullingar Pewter set of crystal whiskey glasses with a pewter disc embossed,,,,,,,,,,,,,,,,,,,,,,,unlisted
mullingar-pewter-crystal-glasses-gift-set,Pewter and Crystal Glass Gift Set by Mullingar Pewter,"<p><strong>Product Code: P377 – Pewter and Crystal Glass Gift Set by Mullingar Pewter</strong></p>
<p>Introducing Mullingar Pewter’s latest gift set: a sophisticated collection featuring lead-free crystal whiskey glasses adorned with finely crafted Mullingar Pewter motifs. The set also includes reusable drink cubes and a tong, all elegantly presented in a wooden display box.</p>
<p>A perfect gift for whiskey enthusiasts, this set blends timeless design with practicality, making it ideal for any special occasion.</p>
<p><strong>Why Choose This Gift Set?</strong></p>
<ul>
<li>
<strong>Elegant Presentation</strong>: Comes in a beautifully crafted wooden display box.</li>
<li>
<strong>Exquisite Detail</strong>: Features whiskey glasses embellished with pewter motifs.</li>
<li>
<strong>Practical Touch</strong>: Includes drink cubes for an elevated whiskey experience.</li>
<li>
<strong>Perfect for Gifting</strong>: Ideal for whiskey lovers or as a standout present for any celebration.</li>
</ul>
<p><strong>Handmade in Ireland</strong><br><strong>Price includes shipping</strong></p>
<p data-mce-fragment=""1""> </p>",Mullingar Pewter,,Gifts for Men,"anniversary, anniversary gift for him, celtic, claddagh, claddagh whiskey glass, friend, friendship, general gift, gift, gifts for him, him, irish, Irish claddagh, irish whiskey, pewter whiskey flask, pewter whiskey measure, whiskey, whiskey set, imported, unlisted",false,Style,T4,,,,,P377 T4,0,shopify,0,deny,manual,107.95,,true,false,,https://cdn.shopify.com/s/files/1/1565/2549/files/Whiskey_glass_set_with_pewter_trinity_designice_cubes_and_a_thong.png?v=1772632150,1,Pewter and Crystal Glass Gift Set by Mullingar Pewter,false,Pewter and Crystal Glass Gift Set by Mullingar Pewter,"Product Code: P377 – Pewter and Crystal Glass Gift Set by Mullingar Pewter Introducing Mullingar Pewter’s latest gift set: a sophisticated collection featuring lead-free crystal whiskey glasses adorned with finely crafted Mullingar Pewter motifs. The set also includes reusable drink cubes and a tong, all elegantly pres",,,,,,,,,,,,,g,,,true,true,,,unlisted
mullingar-pewter-crystal-glasses-gift-set,,,,,,,false,,Claddagh,,,,,P377 Claddagh,0,shopify,0,deny,manual,107.95,,true,false,,,,,,,,,,,,,,,,,,,,g,,,,,,,unlisted
mullingar-pewter-crystal-glasses-gift-set,,,,,,,false,,Shamrock,,,,,P377 Shamrock,0,shopify,0,deny,manual,107.95,,true,false,,,,,,,,,,,,,,,,,,,,g,,,,,,,unlisted
mullingar-pewter-crystal-glasses-gift-set,,,,,,,false,,Triskel,,,,,P377 No. 8,0,shopify,0,deny,manual,107.95,,true,false,,,,,,,,,,,,,,,,,,,,g,,,,,,,unlisted
mullingar-pewter-crystal-glasses-gift-set,,,,,,,false,,,,,,,,,,,,,,,,,,https://cdn.shopify.com/s/files/1/1565/2549/files/Whiskey_glass_set_with_pewter_Claddagh_design.jpg?v=1772632209,2,Pewter and Crystal Glass Gift Set by Mullingar Pewter,,,,,,,,,,,,,,,,,,,,,,,unlisted
mullingar-pewter-crystal-glasses-gift-set,,,,,,,false,,,,,,,,,,,,,,,,,,https://cdn.shopify.com/s/files/1/1565/2549/files/Whiskey_glass_set_with_pewter_Shamrock_design.jpg?v=1772632317,3,Pewter and Crystal Glass Gift Set by Mullingar Pewter,,,,,,,,,,,,,,,,,,,,,,,unlisted
mullingar-pewter-crystal-glasses-gift-set,,,,,,,false,,,,,,,,,,,,,,,,,,https://cdn.shopify.com/s/files/1/1565/2549/files/Whiskey_glass_set_with_pewter_Celtic_design.png?v=1772632359,4,Pewter and Crystal Glass Gift Set by Mullingar Pewter,,,,,,,,,,,,,,,,,,,,,,,unlisted
mullingar-pewter-crystal-glasses-gift-set,,,,,,,false,,,,,,,,,,,,,,,,,,https://cdn.shopify.com/s/files/1/1565/2549/files/Wooden_presentation_box_for_whiskey_glass_set.png?v=1772632427,5,Pewter and Crystal Glass Gift Set by Mullingar Pewter,,,,,,,,,,,,,,,,,,,,,,,unlisted
mullingar-pewter-cut-whiskey-glass-gift-presentation,Mullingar Pewter Cut Whiskey Crystal Glass  Gift Presentation set.,"<p><strong>Product Code: P381 - Mullingar Pewter Cut Crystal Whiskey Glass Gift Set</strong></p>
<p>Elevate your gifting with our stunning <strong>Mullingar Pewter Cut Crystal Whiskey Glass Gift Set</strong>, a perfect addition to any whiskey lover's collection.</p>
<p>✨ <strong>What's Included:</strong></p>
<ul>
<li>
<strong>Two Lead-Free Cut Crystal Whiskey Glasses</strong> embellished with elegant Mullingar Pewter motifs.</li>
<li>
<strong>Reusable Ice Cubes</strong> to chill your drink without dilution.</li>
<li>
<strong>Tongs</strong> for easy handling of ice cubes.</li>
<li>
<strong>Premium Branded Wooden Box</strong> for a luxurious presentation.</li>
</ul>
<p><strong>Why Choose This Set?</strong></p>
<ul>
<li>
<strong>Perfect for Whiskey Lovers:</strong> A thoughtful and stylish gift for birthdays, anniversaries, weddings, or special occasions.</li>
<li>
<strong>Elegant and Functional:</strong> Combines classic Irish craftsmanship with practical accessories.</li>
<li>
<strong>Ready to Gift:</strong> Beautifully packaged in a branded wooden box for that wow factor.</li>
</ul>
<p><strong>Handmade in Ireland</strong> | <strong>Price includes worldwide shipping</strong></p>
<p>Celebrate with style—<strong>Order your gift set today!</strong></p>",Mullingar Pewter,,Drinkware,"40th, 50th, 60th, 65th, 70th, anniversary gift for him, best man, bestman, birthday, brother, celtic, Celtic design, celtic whisky, claddagh, claddagh whiskey glass, couples gifts, crystal pewter, father, fathers day, general gift, gift, gift ideas, gifts for him, him, irish, irish whiskey, irish whisky, whiskey, whiskey set, whisky, whisky glass, imported, unlisted",false,Style,Claddagh,,,,,P381 Claddagh,0,shopify,0,deny,manual,107.95,,true,false,,https://cdn.shopify.com/s/files/1/1565/2549/files/Cut_crystal_whiskey_glasses_with_a_Trinity_pewter_emblem_cubes_and_a_tong.png?v=1772633755,1,Mullingar Pewter Cut Whiskey Crystal Glass  Gift Presentation set.,false,Mullingar Pewter Cut Whiskey Crystal Glass  Gift Presentation set.,"Product Code: P381 - Mullingar Pewter Cut Crystal Whiskey Glass Gift Set Elevate your gifting with our stunning Mullingar Pewter Cut Crystal Whiskey Glass Gift Set, a perfect addition to any whiskey lover's collection. ✨ What's Included: Two Lead-Free Cut Crystal Whiskey Glasses embellished with elegant Mullingar Pewte",,,,,,,,,,,,,g,,,true,true,,,unlisted
mullingar-pewter-cut-whiskey-glass-gift-presentation,,,,,,,false,,Shamrock,,,,,P381 Shamrock,0,shopify,0,deny,manual,107.95,,true,false,,,,,,,,,,,,,,,,,,,,g,,,,,,,unlisted
mullingar-pewter-cut-whiskey-glass-gift-presentation,,,,,,,false,,T4,,,,,P381 T4,0,shopify,0,deny,manual,107.95,,true,false,,,,,,,,,,,,,,,,,,,,g,,,,,,,unlisted
mullingar-pewter-cut-whiskey-glass-gift-presentation,,,,,,,false,,,,,,,,,,,,,,,,,,https://cdn.shopify.com/s/files/1/1565/2549/files/Wooden_presentation_whiskey_set_gift_box.png?v=1772633797,2,Mullingar Pewter Cut Whiskey Crystal Glass  Gift Presentation set.,,,,,,,,,,,,,,,,,,,,,,,unlisted
mullingar-pewter-cut-whiskey-glass-gift-presentation,,,,,,,false,,,,,,,,,,,,,,,,,,https://cdn.shopify.com/s/files/1/1565/2549/files/Cut_crystal_whiskey_glasses_with_Claddagh_pewter_design_ice_cubes_and_tong.jpg?v=1772633867,3,Mullingar Pewter Cut Whiskey Crystal Glass  Gift Presentation set.,,,,,,,,,,,,,,,,,,,,,,,unlisted
mullingar-pewter-cut-whiskey-glass-gift-presentation,,,,,,,false,,,,,,,,,,,,,,,,,,https://cdn.shopify.com/s/files/1/1565/2549/files/Cut_crystal_whiskey_glasses_with_Shamrock_pewter_design_ice_cubes_and_tong.jpg?v=1772633906,4,Mullingar Pewter Cut Whiskey Crystal Glass  Gift Presentation set.,,,,,,,,,,,,,,,,,,,,,,,unlisted
pewter-tealight-holder,Celtic Design Tealight Holder by Mullingar Pewter,"<p><strong>Product Code: P373 - The Celtic Design Tealight Holder by Mullingar Pewter</strong></p>
<p>Illuminate your space with a touch of Irish heritage using the Celtic Design Tealight Holder by Mullingar Pewter. This exquisite piece blends traditional craftsmanship with timeless Celtic motifs, making it a versatile and elegant addition to any setting.</p>
<p><strong>Key Features:</strong></p>
<ul>
<li>
<p><strong>Intricate Celtic Knotwork:</strong> The holder features detailed Celtic knotwork, a symbol of continuity, interconnectedness, and the eternal cycle of life. These motifs are inspired by ancient Celtic designs, reflecting Ireland's rich cultural history.</p>
</li>
<li>
<p><strong>Fine Pewter Craftsmanship:</strong> Crafted from high-quality pewter, the tealight holder not only offers durability but also adds a touch of sophistication to your décor. Its polished finish enhances the intricate details of the Celtic designs, making it a standout piece.</p>
</li>
<li>
<p><strong>Versatile Tealight Holder:</strong> Included with the holder is a glass vase designed for tealights, providing both functionality and elegance. Whether used for creating a cozy ambiance or as a centerpiece, this tealight holder adapts beautifully to any space.</p>
</li>
<li>
<p><strong>Exclusive and Elegant:</strong> As seen in the renowned Myrtle Restaurant in London, this tealight holder is a testament to its elegance and appeal. It brings a touch of Irish charm to high-end dining experiences and can do the same for your home.</p>
</li>
<li>
<p><strong>Handmade in Ireland:</strong> Each tealight holder is handcrafted by skilled artisans in Mullingar, Ireland. This ensures that every piece is unique and made with the utmost care and attention to detail, embodying the quality and tradition of Irish craftsmanship.</p>
</li>
</ul>
<p><strong>Additional Information:</strong></p>
<ul>
<li>
<strong>Dimensions:</strong> Compact and elegant, the holder fits comfortably in any space, adding a warm, inviting glow.</li>
<li>
<strong>Shipping:</strong> The price includes worldwide shipping.</li>
</ul>",Mullingar Pewter,,CANDLE HOLDER,"candle, candle holder, CANDLEHOLDER, celtic candleholders, home, Homeware, homeware gifts, myrtle, new home, pewter candleholder, pewter candlestick, tealight, wedding candles, imported, unlisted",false,Target Gender,Female,,,,,P373,0,shopify,0,deny,manual,59.95,,true,false,,https://cdn.shopify.com/s/files/1/1565/2549/files/A_Celtic_knotwork_design_tea_light_holder_made_of_pewter_with_a_glass.png?v=1772634124,1,Celtic Design Tealight Holder by Mullingar Pewter,false,Celtic Design Tealight Holder by Mullingar Pewter,"Product Code: P373 - The Celtic Design Tealight Holder by Mullingar Pewter Illuminate your space with a touch of Irish heritage using the Celtic Design Tealight Holder by Mullingar Pewter. This exquisite piece blends traditional craftsmanship with timeless Celtic motifs, making it a versatile and elegant addition to an",,,,,,,,,,,,,g,,,true,true,,,unlisted
pewter-tealight-holder,,,,,,,false,,,,,,,,,,,,,,,,,,https://cdn.shopify.com/s/files/1/1565/2549/files/Celtic_knotwork_design_tea_light_holder_made_of_pewter_with_a_glass_insert.png?v=1772634187,2,Celtic Design Tealight Holder by Mullingar Pewter,,,,,,,,,,,,,,,,,,,,,,,unlisted
drink-flask-with-pewter-embellishment,Mullingar Pewter Drinks Flask with Irish Embellishment,"<p><strong>Product Code: P374 Mullingar Pewter 6oz Drinks Flask with Irish Embellishment</strong></p>
<p>Carry a touch of Ireland wherever you go with our <strong>6oz handcrafted pewter drinks flask</strong>. Designed with a secure screw-top lid and adorned with intricate Irish embellishments, this flask is both stylish and functional.</p>
<p><strong>Features:</strong></p>
<ul>
<li>
<strong>Premium Quality:</strong> Made with Mullingar Pewter's renowned craftsmanship.</li>
<li>
<strong>Elegant Design:</strong> Choose from a selection of beautifully handcrafted Irish motifs.</li>
<li>
<strong>Perfect Gift:</strong> Ideal for weddings, birthdays, or special occasions.</li>
</ul>
<p><strong>HANDMADE IN IRELAND | PRICE INCLUDES WORLDWIDE SHIPPING</strong></p>
<p><span style=""text-decoration: underline;""><strong>About our Flasks</strong></span></p>
<p class=""MsoNormal"">All our flasks are made from food and drink grade materials and are drink safe.</p>
<p class=""MsoNormal"">The pewter decorations we add to our flasks are made from a lead free pewter alloy with a minimum of 92-95% tin.</p>
<p class=""MsoNormal"">All our flasks are packaged with a Mullingar Pewter card, box or wrapped as gift presentable.</p>",Mullingar Pewter,,FLASK,"18th, 21st, 25th, 30th, 40th, 50th, 60th, 70th, anniversay, birthday, celtic, celtic whisky, general gift, gift, irish, irish whiskey, irish whisky, pewter celtic whiskey flask, pewter whiskey flask, pocket whiskey flask, whiskey, whiskey flask, whisky, imported, unlisted",false,Style,Celtic A,,,,,P374 Celtic A,0,shopify,0,deny,manual,47.95,,true,false,,https://cdn.shopify.com/s/files/1/1565/2549/files/P374CelticA.png?v=1686756069,1,Mullingar Pewter Drinks Flask with Irish Embellishment,false,Mullingar Pewter Drinks Flask with Irish Embellishment,"Product Code: P374 Mullingar Pewter 6oz Drinks Flask with Irish Embellishment Carry a touch of Ireland wherever you go with our 6oz handcrafted pewter drinks flask. Designed with a secure screw-top lid and adorned with intricate Irish embellishments, this flask is both stylish and functional. Features: Premium Quality:",,,,,,,,,,,,,g,,,true,true,,,unlisted
drink-flask-with-pewter-embellishment,,,,,,,false,,Celtic D,,,,,P374 Celtic D,0,shopify,0,deny,manual,47.95,,true,false,,,,,,,,,,,,,,,,,,,,g,,,,,,,unlisted
drink-flask-with-pewter-embellishment,,,,,,,false,,Spiral,,,,,P374 Spiral,0,shopify,0,deny,manual,47.95,,true,false,,,,,,,,,,,,,,,,,,,,g,,,,,,,unlisted
drink-flask-with-pewter-embellishment,,,,,,,false,,T4,,,,,P374 T4,0,shopify,0,deny,manual,47.95,,true,false,,,,,,,,,,,,,,,,,,,,g,,,,,,,unlisted
drink-flask-with-pewter-embellishment,,,,,,,false,,Claddagh,,,,,P374 Claddagh1,0,shopify,0,deny,manual,47.95,,true,false,,,,,,,,,,,,,,,,,,,,g,,,,,,,unlisted
drink-flask-with-pewter-embellishment,,,,,,,false,,Dad,,,,,P374 Dad,0,shopify,0,deny,manual,47.95,,true,false,,,,,,,,,,,,,,,,,,,,g,,,,,,,unlisted
drink-flask-with-pewter-embellishment,,,,,,,false,,Grandad,,,,,P374 Grandad,0,shopify,0,deny,manual,47.95,,true,false,,,,,,,,,,,,,,,,,,,,g,,,,,,,unlisted
drink-flask-with-pewter-embellishment,,,,,,,false,,,,,,,,,,,,,,,,,,https://cdn.shopify.com/s/files/1/1565/2549/files/P374Claddagh1.png?v=1686756070,2,Mullingar Pewter Drinks Flask with Irish Embellishment,,,,,,,,,,,,,,,,,,,,,,,unlisted
drink-flask-with-pewter-embellishment,,,,,,,false,,,,,,,,,,,,,,,,,,https://cdn.shopify.com/s/files/1/1565/2549/files/P374Dad.png?v=1686756069,3,Mullingar Pewter Drinks Flask with Irish Embellishment,,,,,,,,,,,,,,,,,,,,,,,unlisted
drink-flask-with-pewter-embellishment,,,,,,,false,,,,,,,,,,,,,,,,,,https://cdn.shopify.com/s/files/1/1565/2549/files/P374Grandad.png?v=1686756070,4,Mullingar Pewter Drinks Flask with Irish Embellishment,,,,,,,,,,,,,,,,,,,,,,,unlisted
drink-flask-with-pewter-embellishment,,,,,,,false,,,,,,,,,,,,,,,,,,https://cdn.shopify.com/s/files/1/1565/2549/files/P374Spiral.png?v=1686756070,5,Mullingar Pewter Drinks Flask with Irish Embellishment,,,,,,,,,,,,,,,,,,,,,,,unlisted
engravable-pewter-baby-shoe,Mullingar Pewter Irish Engravable Baby Shoe,"<h3>Mullingar Pewter Irish Engravable Baby Shoe</h3>
<p><strong>Product Code:</strong> B83002</p>
<p><strong>Description:</strong> Celebrate the arrival of a new baby with the timeless charm of Mullingar Pewter's handcrafted Irish baby shoe ornament. This elegant keepsake is made from high-quality pewter and is designed to be a cherished memento that can be personalized with details to commemorate a child’s birth.</p>
<p><strong>Features:</strong></p>
<ul>
<li>
<strong>Material:</strong> High-quality, handcrafted pewter</li>
<li>
<strong>Size:</strong> Approximately 11 cm long and 4 cm high</li>
<li>
<strong>Customization:</strong> Engravable with the baby’s weight, height, time of birth, date, and name</li>
<li>
<strong>Engraving Details:</strong> Can be specified in the info box during checkout</li>
<li>
<strong>Purchase:</strong> Sold individually</li>
<li>
<strong>Shipping:</strong> Price includes free shipping with no additional charges at checkout</li>
</ul>
<p><strong>Ideal For:</strong></p>
<ul>
<li>Newborn gifts</li>
<li>Baby showers</li>
<li>Christening or baptism gifts</li>
<li>Family heirlooms</li>
</ul>
<p><strong>Details:</strong> This exquisite baby shoe is more than just a decoration; it’s a personalized keepsake that captures the precious details of a newborn’s arrival. Each shoe is a symbol of love and joy, meticulously crafted in Mullingar, Ireland, reflecting the heritage and quality synonymous with Irish craftsmanship.</p>",Mullingar Pewter,,Baby Gifts,"baby gifts, baby keepsake, engraved baby shoe, general gift, gift, irish, keepsake, Pewter baby gifts, pewter silver, imported, unlisted",false,Title,Default Title,,,,,B83002,0,shopify,0,deny,manual,59.95,,true,false,,https://cdn.shopify.com/s/files/1/1565/2549/products/1_19bfa0a4-74b3-490d-8a81-60b14a9b7562.png?v=1681295398,1,Mullingar Pewter Irish Engravable Baby Shoe,false,Mullingar Pewter Irish Engravable Baby Shoe,Mullingar Pewter Irish Engravable Baby Shoe Product Code: B83002 Description: Celebrate the arrival of a new baby with the timeless charm of Mullingar Pewter's handcrafted Irish baby shoe ornament. This elegant keepsake is made from high-quality pewter and is designed to be a cherished memento that can be personalized ,,,,,,,,,,,,,g,,,true,true,,,unlisted
engravable-pewter-baby-shoe,,,,,,,false,,,,,,,,,,,,,,,,,,https://cdn.shopify.com/s/files/1/1565/2549/products/2_d0382c7e-a622-4603-8cc8-41e059e225c6.png?v=1681295398,2,Mullingar Pewter Irish Engravable Baby Shoe,,,,,,,,,,,,,,,,,,,,,,,unlisted
engravable-pewter-baby-shoe,,,,,,,false,,,,,,,,,,,,,,,,,,https://cdn.shopify.com/s/files/1/1565/2549/products/3.png?v=1681295398,3,Mullingar Pewter Irish Engravable Baby Shoe,,,,,,,,,,,,,,,,,,,,,,,unlisted
corkscrew-wine-opener,Corkscrew Wine Opener with Pewter Celtic Irish  Design,"<h3>Product Code: ZR520</h3>
<p><strong>Corkscrew Wine Opener with Pewter Celtic Irish  Design</strong></p>
<ul>
<li>
<p><strong>Description</strong>: Elevate your wine experience with the Traditional French Style Waiter's Corkscrew Wine Knife. This versatile tool is not just a kitchen necessity but also a beautiful piece of craftsmanship, adorned with a detailed Celtic design in pewter.</p>
</li>
<li>
<p><strong>Features</strong>:</p>
<ul>
<li>
<strong>Design</strong>: Elegant pewter Celtic motif that adds a touch of Irish heritage and sophistication.</li>
<li>
<strong>Material</strong>:
<ul>
<li>
<strong>Blade</strong>: High-quality stainless steel for durability and precision.</li>
<li>
<strong>Handle</strong>: Embellished with pewter, offering a polished silver finish that enhances its aesthetic appeal.</li>
</ul>
</li>
<li>
<strong>Functionality</strong>: Combines a corkscrew, foil cutter, and bottle opener, making it a versatile tool for all your wine needs.</li>
</ul>
</li>
<li>
<p><strong>Ideal for</strong>:</p>
<ul>
<li>
<strong>Home Use</strong>: A sturdy and reliable addition to your kitchen or home bar.</li>
<li>
<strong>Gifts</strong>: Perfect as a thank-you gift or a practical present for wine lovers and hosts.</li>
</ul>
</li>
<li>
<p><strong>Handmade in Ireland</strong>: Each piece is crafted with care by skilled artisans, ensuring a high-quality and unique product.</p>
</li>
<li>
<p><strong>Price</strong>: Includes shipping, providing great value for a beautifully designed and functional wine accessory.</p>
</li>
<li>
<p><strong>Occasions</strong>: Ideal for party nights, gatherings, or any occasion where a bottle of wine is a guest of honor. Don’t forget to bring along this stylish corkscrew for effortless bottle opening</p>
</li>
</ul>",Mullingar Pewter,,drinkware,"BARWARE, Celtic design corkscrew, corkscrew, French style corkscrew, Pewter corkscrew, pewter wine, wine, imported, unlisted",false,Title,Default Title,,,,,ZR520 Celtic,0,shopify,0,deny,manual,26.95,,true,false,,https://cdn.shopify.com/s/files/1/1565/2549/products/WINECORKSCREWKNIFE_2.jpg?v=1642698813,1,Corkscrew Wine Opener with Pewter Celtic Irish  Design,false,Corkscrew Wine Opener with Pewter Celtic Irish  Design,"Product Code: ZR520 Corkscrew Wine Opener with Pewter Celtic Irish Design Description: Elevate your wine experience with the Traditional French Style Waiter's Corkscrew Wine Knife. This versatile tool is not just a kitchen necessity but also a beautiful piece of craftsmanship, adorned with a detailed Celtic design in p",,,,,,,,,,,,,g,,,true,true,,,unlisted
corkscrew-wine-opener,,,,,,,false,,,,,,,,,,,,,,,,,,https://cdn.shopify.com/s/files/1/1565/2549/products/ZR520OPEN.jpg?v=1642698900,2,Corkscrew Wine Opener with Pewter Celtic Irish  Design,,,,,,,,,,,,,,,,,,,,,,,unlisted
dublin-measure,Mullingar Pewter Dublin Measure,"<p><strong>Product Code P237  Mullingar Pewter Dublin Measure</strong></p>
<p>Dublin Measure <span style=""font-size: 14px;"">depicting</span> scenes from Dublin city such as Ha'penny Bridge, College Green &amp; Christ Church. A great measure for the home. Perfect for whiskey lovers</p>
<p><strong>HANDMADE IN IRELAND   PRICE INCLUDES SHIPPING</strong></p>
<p><span style=""text-decoration: underline;""><strong>About our Pewter Measures</strong></span></p>
<p>Our metal content in all of the above is 92-95% tin with a balance of Copper and Antimony.</p>
<p>Our metal is Lead free and complies with EU, FDA,BS and Proposition 65 standards.</p>
<p>Our items are packaged in Black and Silver Mullingar Pewter Packaging where possible.</p>",Mullingar Pewter,,Drinkware,"christ church, college green, Dear old Dublin, Dublin, Dublin scenes, general gift, general gifts, hapenny bridge, irish, men, Pewter measure, pewter silver measure, pewter spirit, pewter spirit measure, pewter whiskey measure, spirit, spirit measure, trinity college, whiskey, imported, unlisted",false,Title,Default Title,,,,,P237,0,shopify,0,deny,manual,47.95,,true,false,,https://cdn.shopify.com/s/files/1/1565/2549/products/DUBLINWHISKEYSHOTMEASURE_3.jpg?v=1642598546,1,Mullingar Pewter Dublin Measure,false,Mullingar Pewter Dublin Measure,"Product Code P237 Mullingar Pewter Dublin Measure Dublin Measure depicting scenes from Dublin city such as Ha'penny Bridge, College Green & Christ Church. A great measure for the home. Perfect for whiskey lovers HANDMADE IN IRELAND PRICE INCLUDES SHIPPING About our Pewter Measures Our metal content in all of the above ",,,,,,,,,,,,,g,,,true,true,,,unlisted
dublin-measure,,,,,,,false,,,,,,,,,,,,,,,,,,https://cdn.shopify.com/s/files/1/1565/2549/products/DUBLINWHISKEYSHOTMEASURE_2.jpg?v=1642598581,2,Mullingar Pewter Dublin Measure,,,,,,,,,,,,,,,,,,,,,,,unlisted
dublin-measure,,,,,,,false,,,,,,,,,,,,,,,,,,https://cdn.shopify.com/s/files/1/1565/2549/products/DUBLINWHISKEYSHOTMEASURE.jpg?v=1642598606,3,Mullingar Pewter Dublin Measure,,,,,,,,,,,,,,,,,,,,,,,unlisted
whiskey-flask-glass-center-collection-6oz,Mullingar Pewter Whiskey Flask with Glass Center Collection.,"<p><strong>Mullingar Pewter Whiskey Flask with Glass Center Collection</strong></p>
<p>A beautifully crafted round polished stainless steel 5oz whiskey flask with a glass center, surrounded by detailed pewter designs, allowing you to view its contents. Its compact size makes it perfect for a handbag or pocket, offering a touch of elegance and practicality. An excellent gift for both him and her, with designs inspired by Irish heritage and history.</p>
<h3><strong>Available Designs</strong></h3>
<p><strong>Product Code: P269 Kells 3</strong><br>Featuring entwined hounds, this design is inspired by the Book of Kells, where hounds symbolize bravery and courage. These intricate motifs, rooted in Irish legend, reflect the artistic mastery of the missionary monks who brought Christianity to Ireland.</p>
<p><strong>Product Code: P269 Kells 4</strong><br>This imaginative design, possibly a lion, is inspired by St. Mark's Gospel in the Book of Kells. The artwork highlights the monks’ creativity, using animals to illustrate biblical teachings, making it a meaningful and unique piece.</p>
<p><strong>Product Code: P269 Kells 1</strong><br>Showcasing two entwined birds, resembling peacocks, this design celebrates themes of immortality and nobility. Inspired by the Kells manuscript, this intricate Celtic knot symbolizes protection and timeless beauty.</p>
<p><strong>Product Code: P269 Shamrock</strong><br>The shamrock, a classic Irish symbol, represents the Holy Trinity as taught by Saint Patrick. This timeless design captures Ireland’s heritage and deep spiritual roots.</p>
<p><strong>Product Code: P269 Celtic 9</strong><br>Intricate Celtic birds, intertwined within a traditional Celtic knot, pay homage to the rich artistry of the Book of Kells.</p>
<p><strong>Product Code: P269 Celtic 10</strong><br>A series of ten unique Celtic knot designs featuring stylized birds, showcasing the skill and creativity of ancient Irish craftsmanship.</p>
<p><strong>Why Choose These Flasks?</strong></p>
<ul>
<li>
<strong>Authentic Irish Craftsmanship</strong>: Handmade with care and precision in Ireland.</li>
<li>
<strong>Unique Designs</strong>: Inspired by the Book of Kells and Irish heritage.</li>
<li>
<strong>Perfect Gift</strong>: Ideal for special occasions or for those who appreciate Irish culture.</li>
<li>
<strong>Compact &amp; Practical</strong>: Stylish and convenient for on-the-go use.</li>
</ul>
<p><strong>Handmade in Ireland</strong><br><strong>Price includes shipping</strong></p>
<p><span style=""text-decoration: underline;""><strong>About our Stainless Steel Flasks</strong></span></p>
<p class=""MsoNormal"">All our stainless steel flasks are made from food and drink grade stainless steel and are drink safe.</p>
<p class=""MsoNormal"">The pewter decorations we add to our flasks are made from a lead free pewter alloy of 92-95% tin with a balance of Copper and Antimony.</p>
<p class=""MsoNormal"">All our flasks are packaged with a Mullingar Pewter card, box or wrapped as gift presentable.</p>",Mullingar Pewter,,Drinkware,"18th, 21st, 25th, 30th, 40th, 50th, 60th, birthday, bronze, celtic, celtic whisky, flask, general gift, general gifts, Gents pewter gift, gift, groomsman, Heritage, horse racing, irish, irish whiskey, jameson, men, middleton, pewter, pewter celtic, pewter celtic flask, pewter flask, pewter ireland, pewter silver, shamrock, shamrock trellis, sports, triskele, tullamore dew, wedding, wedding gifts, whiskey, whisky, imported, unlisted",false,Choose Design,Kells 3,,,,,P269 Kells 3,0,shopify,0,deny,manual,47.95,,true,false,,https://cdn.shopify.com/s/files/1/1565/2549/products/WHISKEYFLASKGLASSCENTREKELLS25OZ.jpg?v=1633344820,1,Mullingar Pewter Whiskey Flask with Glass Center Collection.,false,Mullingar Pewter Whiskey Flask with Glass Center Collection.,"Mullingar Pewter Whiskey Flask with Glass Center Collection A beautifully crafted round polished stainless steel 5oz whiskey flask with a glass center, surrounded by detailed pewter designs, allowing you to view its contents. Its compact size makes it perfect for a handbag or pocket, offering a touch of elegance and pr",,,,,,,,,,,,,g,,,true,true,,,unlisted
whiskey-flask-glass-center-collection-6oz,,,,,,,false,,Kells 4,,,,,P269 Kells 4,0,shopify,0,deny,manual,47.95,,true,false,,,,,,,,,,,,,,,,,,,,g,,,,,,,unlisted
whiskey-flask-glass-center-collection-6oz,,,,,,,false,,Kells 1,,,,,P269 Kells 1,0,shopify,0,deny,manual,47.95,,true,false,,,,,,,,,,,,,,,,,,,,g,,,,,,,unlisted
whiskey-flask-glass-center-collection-6oz,,,,,,,false,,Shamrock,,,,,P269 Shamrock,0,shopify,0,deny,manual,47.95,,true,false,,,,,,,,,,,,,,,,,,,,g,,,,,,,unlisted
whiskey-flask-glass-center-collection-6oz,,,,,,,false,,Celtic 9,,,,,P269 Celtic 9,0,shopify,0,deny,manual,47.95,,true,false,,,,,,,,,,,,,,,,,,,,g,,,,,,,unlisted
whiskey-flask-glass-center-collection-6oz,,,,,,,false,,Celtic 10,,,,,P269 Celti 10,0,shopify,0,deny,manual,47.95,,true,false,,,,,,,,,,,,,,,,,,,,g,,,,,,,unlisted
whiskey-flask-glass-center-collection-6oz,,,,,,,false,,,,,,,,,,,,,,,,,,https://cdn.shopify.com/s/files/1/1565/2549/products/WHISKEYFLASKGLASSCENTREKELLS45OZ.jpg?v=1633344838,2,Mullingar Pewter Whiskey Flask with Glass Center Collection.,,,,,,,,,,,,,,,,,,,,,,,unlisted
whiskey-flask-glass-center-collection-6oz,,,,,,,false,,,,,,,,,,,,,,,,,,https://cdn.shopify.com/s/files/1/1565/2549/products/WHISKEYFLASKGLASSCENTREKELLS15OZ.jpg?v=1633344858,3,Mullingar Pewter Whiskey Flask with Glass Center Collection.,,,,,,,,,,,,,,,,,,,,,,,unlisted
whiskey-flask-glass-center-collection-6oz,,,,,,,false,,,,,,,,,,,,,,,,,,https://cdn.shopify.com/s/files/1/1565/2549/products/WHISKEYFLASKGLASSCENTRESHAMROCK5OZ.jpg?v=1633344873,4,Mullingar Pewter Whiskey Flask with Glass Center Collection.,,,,,,,,,,,,,,,,,,,,,,,unlisted
whiskey-flask-glass-center-collection-6oz,,,,,,,false,,,,,,,,,,,,,,,,,,https://cdn.shopify.com/s/files/1/1565/2549/products/WHISKEYFLASKGLASSCENTRECELTICBIRDS5OZ.jpg?v=1633344897,5,Mullingar Pewter Whiskey Flask with Glass Center Collection.,,,,,,,,,,,,,,,,,,,,,,,unlisted
queen-elizabeth-pewter-bookmark,Queen Elizabeth Platinum Commemorative Pewter Bookmark,"<h3>Exclusive Product: Queen Elizabeth Platinum Commemorative Pewter Bookmark</h3>
<p><strong>Product Code:</strong> P357</p>
<p><strong>Description:</strong> This exclusive Queen Elizabeth Platinum Commemorative Pewter Bookmark honors Her Majesty Queen Elizabeth II, who was born in 1926 and passed away in 2022. Known for her remarkable achievements, Queen Elizabeth II was the first monarch to celebrate a Platinum Jubilee, marking 70 years of unwavering service to the people of the United Kingdom, the Realms, and the Commonwealth.</p>
<p><strong>Historical Significance:</strong> Ascending to the throne at the age of 25, Queen Elizabeth II dedicated her life to serving the United Kingdom and its associated nations, making her reign a symbol of enduring commitment and legacy.</p>
<p><strong>Craftsmanship:</strong> Each bookmark is meticulously handcrafted from the finest Mullingar Pewter, reflecting exceptional craftsmanship and attention to detail. The bookmark is adorned with a royal maroon tassel, adding a touch of elegance and regality.</p>
<p><strong>Collector’s Item:</strong> This bookmark is not just a functional piece but a cherished collectible that celebrates the life and legacy of a beloved monarch. It is an ideal gift for monarchy enthusiasts or anyone who appreciates historical memorabilia.</p>
<p><strong>Price:</strong> The price displayed includes shipping.  </p>
<p><strong>Perfect For:</strong> Whether for personal use, as a unique gift, or as part of a collection, this bookmark is a beautiful tribute to Queen Elizabeth II’s remarkable reign and a timeless keepsake.</p>",Mullingar Pewter,,Bookmarks,"70 years, Bookmark, Metal Bookmark, Mullingar Pewter Bookmark, Pewter Bookmark, Platinum Jubilee, Queen Elizabeth, Royal celebrations, Sovereignty, imported, unlisted",false,Title,Default Title,,,,,P357 Queen Elizabeth,0,shopify,0,deny,manual,23.95,,true,false,,https://cdn.shopify.com/s/files/1/1565/2549/products/1643639559985.jpg?v=1643643319,1,Queen Elizabeth Platinum Commemorative Pewter Bookmark,false,Queen Elizabeth Platinum Commemorative Pewter Bookmark,"Exclusive Product: Queen Elizabeth Platinum Commemorative Pewter Bookmark Product Code: P357 Description: This exclusive Queen Elizabeth Platinum Commemorative Pewter Bookmark honors Her Majesty Queen Elizabeth II, who was born in 1926 and passed away in 2022. Known for her remarkable achievements, Queen Elizabeth II w",,,,,,,,,,,,,g,,,true,true,,,unlisted
queen-elizabeth-pewter-bookmark,,,,,,,false,,,,,,,,,,,,,,,,,,https://cdn.shopify.com/s/files/1/1565/2549/products/Bookmark.jpg?v=1643643694,2,Queen Elizabeth Platinum Commemorative Pewter Bookmark,,,,,,,,,,,,,,,,,,,,,,,unlisted
celtic-frames,Celtic Irish Pewter Picture Photo Frames,"<p><strong>Celtic Irish Pewter Picture Photo Frames</strong></p>
<p>Discover the timeless elegance of our <strong>Mullingar Pewter Celtic Irish Pewter Picture Photo Frames</strong>. Each frame is meticulously handcrafted in Ireland, featuring intricate Celtic designs that embody the rich heritage and artistry of the Emerald Isle.</p>
<p>These frames are not just photo holders; they are pieces of art that add a touch of Irish charm to your home. The Celtic motifs are beautifully etched in pewter, creating a striking contrast that highlights your cherished photos. Perfect for wedding photos, family portraits, or any special memory, these frames offer a sophisticated way to display your most treasured moments.</p>
<p>Whether you're looking for a meaningful gift or a unique addition to your home décor, our Celtic Irish Pewter Picture Photo Frames provide the perfect blend of traditional craftsmanship and modern elegance. Bring a piece of Ireland into your home today with these exquisite frames from Mullingar Pewter.</p>
<p><strong>HANDMADE IN IRELAND.  Shipping included in price</strong></p>
<p><strong>Product Code: P93  Size 7"" x 5""</strong></p>
<p><strong>Product Code: P92  Size 6""X 4""</strong></p>",Mullingar Pewter,,Picture Frame,"celtic pewter frame, celtic pewter picture frame, homeware gifts, pewter picture frame, picture frames, wedding gifts, imported, unlisted",false,Choose Size (Inches),7X5,,,,,P93,0,shopify,0,deny,manual,77.95,,true,false,,https://cdn.shopify.com/s/files/1/1565/2549/products/CELTICPICTUREFRAME5X7P93.jpg?v=1628596281,1,Celtic Irish Pewter Picture Photo Frames,false,Celtic Irish Pewter Picture Photo Frames,"Celtic Irish Pewter Picture Photo Frames Discover the timeless elegance of our Mullingar Pewter Celtic Irish Pewter Picture Photo Frames. Each frame is meticulously handcrafted in Ireland, featuring intricate Celtic designs that embody the rich heritage and artistry of the Emerald Isle. These frames are not just photo ",,,,,,,,,,,,,g,,,true,true,,,unlisted
celtic-frames,,,,,,,false,,6X4,,,,,P92,0,shopify,0,deny,manual,71.95,,true,false,,,,,,,,,,,,,,,,,,,,g,,,,,,,unlisted
celtic-frames,,,,,,,false,,,,,,,,,,,,,,,,,,https://cdn.shopify.com/s/files/1/1565/2549/products/CELTICPICTUREFRAME4X6P92.jpg?v=1680101589,2,Celtic Irish Pewter Picture Photo Frames,,,,,,,,,,,,,,,,,,,,,,,unlisted
celtic-frames,,,,,,,false,,,,,,,,,,,,,,,,,,https://cdn.shopify.com/s/files/1/1565/2549/products/CELTICPICTUREFRAMES4X4AND5X7.jpg?v=1680101655,3,Celtic Irish Pewter Picture Photo Frames,,,,,,,,,,,,,,,,,,,,,,,unlisted
traditional-christmas-decoration-collection,Mullingar Pewter Christmas Tree Decoration - Traditional Collection,"<p data-end=""142"" data-start=""62""><strong data-end=""140"" data-start=""62"">Mullingar Pewter Christmas Tree Decoration – Traditional Collection (P138)</strong></p>
<p data-end=""380"" data-start=""144"">Add timeless charm to your festive season with our <strong data-end=""254"" data-start=""195"">handcrafted Mullingar Pewter Christmas Tree Decorations</strong>. Part of our <strong data-end=""294"" data-start=""268"">Traditional Collection</strong>, these beautifully detailed ornaments are designed to be cherished year after year.</p>
<p data-end=""400"" data-start=""382"">🎄 <strong data-end=""398"" data-start=""385"">Features:</strong></p>
<ul data-end=""628"" data-start=""401"">
<li data-end=""461"" data-start=""401"">
<p data-end=""461"" data-start=""403"">Handmade in Ireland from sustainable, unbreakable pewter</p>
</li>
<li data-end=""530"" data-start=""462"">
<p data-end=""530"" data-start=""464"">Long-lasting keepsakes, perfect to pass down as family heirlooms</p>
</li>
<li data-end=""574"" data-start=""531"">
<p data-end=""574"" data-start=""533"">Each piece comes in an elegant gift box</p>
</li>
<li data-end=""628"" data-start=""575"">
<p data-end=""628"" data-start=""577"">Available <strong data-end=""603"" data-start=""587"">individually</strong> or as a <strong data-end=""626"" data-start=""612"">set of six</strong></p>
</li>
</ul>
<p data-start=""655"" data-end=""701"">✨ <strong data-start=""657"" data-end=""699"">Designs in the Traditional Collection:</strong></p>
<ul data-start=""702"" data-end=""802"">
<li data-start=""702"" data-end=""720"">
<p data-start=""704"" data-end=""720"">Christmas Bell</p>
</li>
<li data-start=""721"" data-end=""734"">
<p data-start=""723"" data-end=""734"">Baby Fawn</p>
</li>
<li data-start=""735"" data-end=""753"">
<p data-start=""737"" data-end=""753"">Festive Wreath</p>
</li>
<li data-start=""754"" data-end=""774"">
<p data-start=""756"" data-end=""774"">Cats in a Sleigh</p>
</li>
<li data-start=""775"" data-end=""793"">
<p data-start=""777"" data-end=""793"">Christmas Tree</p>
</li>
<li data-start=""794"" data-end=""802"">
<p data-start=""796"" data-end=""802"">Star</p>
</li>
</ul>
<p data-end=""944"" data-start=""779"">🎁 Ideal as a gift or as a special addition to your own Christmas tree. Explore our <strong data-end=""874"" data-start=""863"">Classic</strong> and <strong data-end=""900"" data-start=""879"">Irish Collections</strong> for even more unique holiday decorations.</p>
<p data-end=""988"" data-start=""946"">✔️ <strong data-end=""986"" data-start=""949"">Price includes worldwide shipping</strong></p>
<p> </p>",Mullingar Pewter,,Christmas Tree Ornament,"christmas, Christmas decoration, christmas gift, christmas gifts, Christmas ornament, christmas suggestions, Christmas Tree, Christmas tree ornament, imported, unlisted",false,Style,Christmas Bell,,,,,P138 Christmas Bell,0,shopify,0,deny,manual,19.95,,true,false,,https://cdn.shopify.com/s/files/1/1565/2549/products/TraditionalCollection.jpg?v=1632931502,1,Mullingar Pewter Christmas Tree Decoration - Traditional Collection,false,Mullingar Pewter Christmas Tree Decoration,"Mullingar Pewter Christmas Tree Decoration – Traditional Collection (P138) Add timeless charm to your festive season with our handcrafted Mullingar Pewter Christmas Tree Decorations. Part of our Traditional Collection, these beautifully detailed ornaments are designed to be cherished year after year. 🎄 Features: Handma",,,,,,,,,,,,,g,,,true,true,,,unlisted
traditional-christmas-decoration-collection,,,,,,,false,,Baby Fawn,,,,,P138 Baby Fawn,0,shopify,0,deny,manual,19.95,,true,false,,,,,,,,,,,,,,,,,,,,g,,,,,,,unlisted
traditional-christmas-decoration-collection,,,,,,,false,,Festive Wreath,,,,,P138 Festive Wreath,0,shopify,0,deny,manual,19.95,,true,false,,,,,,,,,,,,,,,,,,,,g,,,,,,,unlisted
traditional-christmas-decoration-collection,,,,,,,false,,Cats in a Sleigh,,,,,P138 Cats in Sleigh,0,shopify,0,deny,manual,19.95,,true,false,,,,,,,,,,,,,,,,,,,,g,,,,,,,unlisted
traditional-christmas-decoration-collection,,,,,,,false,,Christmas Tree,,,,,P138 Christmas Tree,0,shopify,0,deny,manual,19.95,,true,false,,,,,,,,,,,,,,,,,,,,g,,,,,,,unlisted
traditional-christmas-decoration-collection,,,,,,,false,,Star,,,,,P138 Star,0,shopify,0,deny,manual,19.95,,true,false,,,,,,,,,,,,,,,,,,,,g,,,,,,,unlisted
traditional-christmas-decoration-collection,,,,,,,false,,Set of 6 Traditional Ornaments,,,,,P138 Set of 6 Traditional Ornaments,0,shopify,0,deny,manual,110.00,,true,false,,,,,,,,,,,,,,,,,,,,g,,,,,,,unlisted
traditional-christmas-decoration-collection,,,,,,,false,,,,,,,,,,,,,,,,,,https://cdn.shopify.com/s/files/1/1565/2549/files/P138_Traditional_Bell.jpg?v=1755692466,2,Mullingar Pewter Christmas Tree Decoration - Traditional Collection,,,,,,,,,,,,,,,,,,,,,,,unlisted
traditional-christmas-decoration-collection,,,,,,,false,,,,,,,,,,,,,,,,,,https://cdn.shopify.com/s/files/1/1565/2549/files/P138_Traditional_Fawn_8d83bec8-d944-4036-a84c-2ea6b86ccdc2.jpg?v=1755692499,3,Mullingar Pewter Christmas Tree Decoration - Traditional Collection,,,,,,,,,,,,,,,,,,,,,,,unlisted
traditional-christmas-decoration-collection,,,,,,,false,,,,,,,,,,,,,,,,,,https://cdn.shopify.com/s/files/1/1565/2549/files/P138_Traditional_Wreath_0ca13ff5-f55f-49cd-94a3-582e3f7fa091.jpg?v=1755692523,4,Mullingar Pewter Christmas Tree Decoration - Traditional Collection,,,,,,,,,,,,,,,,,,,,,,,unlisted
traditional-christmas-decoration-collection,,,,,,,false,,,,,,,,,,,,,,,,,,https://cdn.shopify.com/s/files/1/1565/2549/files/P138_Traditional_Cats_in_Sleigh_2eb3e127-406f-4761-9d6c-e4972ba18eba.jpg?v=1755692601,5,Mullingar Pewter Christmas Tree Decoration - Traditional Collection,,,,,,,,,,,,,,,,,,,,,,,unlisted
classic-christmas-collection,Mullingar Pewter Christmas Tree Decoration – Classic Collection,"<p data-start=""72"" data-end=""148""><strong data-start=""72"" data-end=""146"">Mullingar Pewter Christmas Tree Decoration – Classic Collection (P138)</strong></p>
<p data-start=""150"" data-end=""422"">Celebrate the magic of Christmas with our <strong data-start=""192"" data-end=""251"">handcrafted Mullingar Pewter Christmas Tree Decorations</strong> from the <strong data-start=""261"" data-end=""283"">Classic Collection</strong>. Each ornament is lovingly made in Ireland, designed to last a lifetime and become a treasured part of your family’s holiday traditions.</p>
<p data-start=""424"" data-end=""442"">🎄 <strong data-start=""427"" data-end=""440"">Features:</strong></p>
<ul data-start=""443"" data-end=""649"">
<li data-start=""443"" data-end=""503"">
<p data-start=""445"" data-end=""503"">Handmade in Ireland from sustainable, unbreakable pewter</p>
</li>
<li data-start=""504"" data-end=""547"">
<p data-start=""506"" data-end=""547"">Long-lasting heirloom quality keepsakes</p>
</li>
<li data-start=""548"" data-end=""595"">
<p data-start=""550"" data-end=""595"">Each ornament comes in a beautiful gift box</p>
</li>
<li data-start=""596"" data-end=""649"">
<p data-start=""598"" data-end=""649"">Available <strong data-start=""608"" data-end=""624"">individually</strong> or as a <strong data-start=""633"" data-end=""647"">set of six</strong></p>
</li>
</ul>
<p data-start=""651"" data-end=""693"">✨ <strong data-start=""653"" data-end=""691"">Designs in the Classic Collection:</strong></p>
<ul data-start=""694"" data-end=""786"">
<li data-start=""694"" data-end=""704"">
<p data-start=""696"" data-end=""704"">Candle</p>
</li>
<li data-start=""705"" data-end=""714"">
<p data-start=""707"" data-end=""714"">Angel</p>
</li>
<li data-start=""715"" data-end=""733"">
<p data-start=""717"" data-end=""733"">Christmas Tree</p>
</li>
<li data-start=""734"" data-end=""755"">
<p data-start=""736"" data-end=""755"">Christmas Cracker</p>
</li>
<li data-start=""756"" data-end=""773"">
<p data-start=""758"" data-end=""773"">Rocking Horse</p>
</li>
<li data-start=""774"" data-end=""786"">
<p data-start=""776"" data-end=""786"">Stocking</p>
</li>
</ul>
<p data-start=""788"" data-end=""1048"">🎁 Perfect as a thoughtful Christmas gift or a special treat for your own tree, these pewter decorations bring timeless charm to your festive décor. Don’t forget to explore our <strong data-start=""965"" data-end=""980"">Traditional</strong> and <strong data-start=""985"" data-end=""1006"">Irish Collections</strong> for even more unique holiday ornaments.</p>
<p data-start=""1050"" data-end=""1092"">✔️ <strong data-start=""1053"" data-end=""1090"">Price includes worldwide shipping</strong></p>",Mullingar Pewter,,Christmas Tree Ornament,"christmas, Christmas decoration, christmas gift, christmas gifts, Christmas ornament, christmas suggestions, imported, unlisted",false,Style,Candle,,,,,P138 Christmas Candle,0,shopify,0,deny,manual,19.95,,true,false,,https://cdn.shopify.com/s/files/1/1565/2549/products/ClassicCollection.jpg?v=1632927089,1,Mullingar Pewter Christmas Tree Decoration – Classic Collection,false,Mullingar Pewter Christmas Tree Decoration,"Mullingar Pewter Christmas Tree Decoration – Classic Collection (P138) Celebrate the magic of Christmas with our handcrafted Mullingar Pewter Christmas Tree Decorations from the Classic Collection. Each ornament is lovingly made in Ireland, designed to last a lifetime and become a treasured part of your family’s holida",,,,,,,,,,,,,g,,,true,true,,,unlisted
classic-christmas-collection,,,,,,,false,,Angel,,,,,P138 Angel,0,shopify,0,deny,manual,19.95,,true,false,,,,,,,,,,,,,,,,,,,,g,,,,,,,unlisted
classic-christmas-collection,,,,,,,false,,Tree,,,,,P138 Tree,0,shopify,0,deny,manual,19.95,,true,false,,,,,,,,,,,,,,,,,,,,g,,,,,,,unlisted
classic-christmas-collection,,,,,,,false,,Stocking,,,,,P138 Stocking,0,shopify,0,deny,manual,19.95,,true,false,,,,,,,,,,,,,,,,,,,,g,,,,,,,unlisted
classic-christmas-collection,,,,,,,false,,Rocking Horse,,,,,P138 Rocking Horse,0,shopify,0,deny,manual,19.95,,true,false,,,,,,,,,,,,,,,,,,,,g,,,,,,,unlisted
classic-christmas-collection,,,,,,,false,,Cracker,,,,,P138 Cracker,0,shopify,0,deny,manual,19.95,,true,false,,,,,,,,,,,,,,,,,,,,g,,,,,,,unlisted
classic-christmas-collection,,,,,,,false,,Set of 6 Classic Ornaments,,,,,P138 Set of 6 Classic Collection,0,shopify,0,deny,manual,110.00,,true,false,,,,,,,,,,,,,,,,,,,,g,,,,,,,unlisted
classic-christmas-collection,,,,,,,false,,,,,,,,,,,,,,,,,,https://cdn.shopify.com/s/files/1/1565/2549/files/P138_Classic_Candle.jpg?v=1755693945,2,Mullingar Pewter Christmas Tree Decoration – Classic Collection,,,,,,,,,,,,,,,,,,,,,,,unlisted
classic-christmas-collection,,,,,,,false,,,,,,,,,,,,,,,,,,https://cdn.shopify.com/s/files/1/1565/2549/files/P138_Classic_Angel.jpg?v=1755693973,3,Mullingar Pewter Christmas Tree Decoration – Classic Collection,,,,,,,,,,,,,,,,,,,,,,,unlisted
classic-christmas-collection,,,,,,,false,,,,,,,,,,,,,,,,,,https://cdn.shopify.com/s/files/1/1565/2549/files/P138_Classic_Tree.jpg?v=1755693996,4,Mullingar Pewter Christmas Tree Decoration – Classic Collection,,,,,,,,,,,,,,,,,,,,,,,unlisted
classic-christmas-collection,,,,,,,false,,,,,,,,,,,,,,,,,,https://cdn.shopify.com/s/files/1/1565/2549/files/P138_Classic_Stocking.jpg?v=1755694047,5,Mullingar Pewter Christmas Tree Decoration – Classic Collection,,,,,,,,,,,,,,,,,,,,,,,unlisted
irish-christmas-collection,Mullingar Pewter Christmas Tree Decoration - Irish Collection,"<p data-start=""70"" data-end=""144""><strong data-start=""70"" data-end=""142"">Mullingar Pewter Christmas Tree Decoration – Irish Collection (P138)</strong></p>
<p data-start=""146"" data-end=""433"">Add a touch of Irish heritage to your festive season with our <strong data-start=""208"" data-end=""267"">handcrafted Mullingar Pewter Christmas Tree Decorations</strong> from the <strong data-start=""277"" data-end=""297"">Irish Collection</strong>. Each piece is carefully made in Ireland, capturing iconic Celtic symbols that bring both tradition and charm to your Christmas tree.</p>
<p data-start=""435"" data-end=""453"">🎄 <strong data-start=""438"" data-end=""451"">Features:</strong></p>
<ul data-start=""454"" data-end=""678"">
<li data-start=""454"" data-end=""514"">
<p data-start=""456"" data-end=""514"">Handmade in Ireland from sustainable, unbreakable pewter</p>
</li>
<li data-start=""515"" data-end=""570"">
<p data-start=""517"" data-end=""570"">Crafted to last a lifetime — a true family heirloom</p>
</li>
<li data-start=""571"" data-end=""624"">
<p data-start=""573"" data-end=""624"">Each ornament beautifully presented in a gift box</p>
</li>
<li data-start=""625"" data-end=""678"">
<p data-start=""627"" data-end=""678"">Available <strong data-start=""637"" data-end=""653"">individually</strong> or as a <strong data-start=""662"" data-end=""676"">set of six</strong></p>
</li>
</ul>
<p data-start=""680"" data-end=""720"">✨ <strong data-start=""682"" data-end=""718"">Designs in the Irish Collection:</strong></p>
<ul data-start=""721"" data-end=""800"">
<li data-start=""721"" data-end=""733"">
<p data-start=""723"" data-end=""733"">Shamrock</p>
</li>
<li data-start=""734"" data-end=""742"">
<p data-start=""736"" data-end=""742"">Harp</p>
</li>
<li data-start=""743"" data-end=""754"">
<p data-start=""745"" data-end=""754"">Ireland</p>
</li>
<li data-start=""755"" data-end=""772"">
<p data-start=""757"" data-end=""772"">Crock of Gold</p>
</li>
<li data-start=""773"" data-end=""787"">
<p data-start=""775"" data-end=""787"">Leprechaun</p>
</li>
<li data-start=""788"" data-end=""800"">
<p data-start=""790"" data-end=""800"">Claddagh</p>
</li>
</ul>
<p data-start=""802"" data-end=""1023"">🎁 Perfect for celebrating Irish roots or gifting to loved ones abroad, these pewter ornaments make Christmas extra special. Complete the look with our <strong data-start=""954"" data-end=""965"">Classic</strong> and <strong data-start=""970"" data-end=""997"">Traditional Collections</strong> for a full festive set.</p>
<p data-start=""1025"" data-end=""1067"">✔️ <strong data-start=""1028"" data-end=""1065"">Price includes worldwide shipping</strong></p>
<p> </p>",Mullingar Pewter,,Christmas Tree Ornament,"christmas, Christmas decoration, christmas gift, christmas gifts, Christmas ornament, christmas suggestions, Christmas Tree, Christmas tree ornament, claddagh, harp, shamrock, imported, unlisted",false,Style,Shamrock,,,,,P138 Shamrock,0,shopify,0,deny,manual,19.95,,true,false,,https://cdn.shopify.com/s/files/1/1565/2549/products/IrishCollection.jpg?v=1632908564,1,Mullingar Pewter Christmas Tree Decoration - Irish Collection,false,Mullingar Pewter Christmas Tree Decoration,"Mullingar Pewter Christmas Tree Decoration – Irish Collection (P138) Add a touch of Irish heritage to your festive season with our handcrafted Mullingar Pewter Christmas Tree Decorations from the Irish Collection. Each piece is carefully made in Ireland, capturing iconic Celtic symbols that bring both tradition and cha",,,,,,,,,,,,,g,,,true,true,,,unlisted
irish-christmas-collection,,,,,,,false,,Harp,,,,,P138 Harp,0,shopify,0,deny,manual,19.95,,true,false,,,,,,,,,,,,,,,,,,,,g,,,,,,,unlisted
irish-christmas-collection,,,,,,,false,,Ireland,,,,,P138 Ireland,0,shopify,0,deny,manual,19.95,,true,false,,,,,,,,,,,,,,,,,,,,g,,,,,,,unlisted
irish-christmas-collection,,,,,,,false,,Crock of Gold,,,,,P138 Crock of Gold,0,shopify,0,deny,manual,19.95,,true,false,,,,,,,,,,,,,,,,,,,,g,,,,,,,unlisted
irish-christmas-collection,,,,,,,false,,Leprechaun,,,,,P138 leprechaun,0,shopify,0,deny,manual,19.95,,true,false,,,,,,,,,,,,,,,,,,,,g,,,,,,,unlisted
irish-christmas-collection,,,,,,,false,,Claddagh,,,,,P138 Claddagh,0,shopify,0,deny,manual,19.95,,true,false,,,,,,,,,,,,,,,,,,,,g,,,,,,,unlisted
irish-christmas-collection,,,,,,,false,,Set of 6 Irish Ornaments,,,,,P138 Set of 6 Irish Collection,0,shopify,0,deny,manual,110.00,,true,false,,,,,,,,,,,,,,,,,,,,g,,,,,,,unlisted
irish-christmas-collection,,,,,,,false,,,,,,,,,,,,,,,,,,https://cdn.shopify.com/s/files/1/1565/2549/files/P138_Irish_Shamrock.jpg?v=1755696049,2,Mullingar Pewter Christmas Tree Decoration - Irish Collection,,,,,,,,,,,,,,,,,,,,,,,unlisted
irish-christmas-collection,,,,,,,false,,,,,,,,,,,,,,,,,,https://cdn.shopify.com/s/files/1/1565/2549/files/P138_Irish_Harp.jpg?v=1755696104,3,Mullingar Pewter Christmas Tree Decoration - Irish Collection,,,,,,,,,,,,,,,,,,,,,,,unlisted
irish-christmas-collection,,,,,,,false,,,,,,,,,,,,,,,,,,https://cdn.shopify.com/s/files/1/1565/2549/files/P138_Irish_Ireland_Map.jpg?v=1755696175,4,Mullingar Pewter Christmas Tree Decoration - Irish Collection,,,,,,,,,,,,,,,,,,,,,,,unlisted
irish-christmas-collection,,,,,,,false,,,,,,,,,,,,,,,,,,https://cdn.shopify.com/s/files/1/1565/2549/files/P138_Irish_Crock_of_Gold.jpg?v=1755697782,5,Mullingar Pewter Christmas Tree Decoration - Irish Collection,,,,,,,,,,,,,,,,,,,,,,,unlisted
usa-flag-made-of-pewter-on-a-stainless-steel-hipflask,"USA Flag made of Mullingar Pewter, on a Stainless steel Hipflask","<p data-mce-fragment=""1""><strong data-mce-fragment=""1"">Product code: 5724B USA - USA Flag made of Mullingar Pewter, on a Stainless steel Hipflask</strong></p>
<p data-mce-fragment=""1""><span data-mce-fragment=""1"">This simple yet beautiful hip flask makes the perfect gift or an ideal item to have yourself. Embossed with a USA Flag, this flask is the perfect Independence day gift for the proud American man or woman.  5oz capacity.</span></p>
<p data-mce-fragment=""1""><strong> PRICE INCLUDES SHIPPING.</strong></p>
<p><span style=""text-decoration: underline;""><strong>About our Stainless Steel Flasks</strong></span></p>
<p class=""MsoNormal"">All our stainless steel flasks are made from food and drink grade stainless steel and are drink safe.</p>
<p class=""MsoNormal"">The pewter decorations we add to our flasks are made from a lead free pewter alloy of 92-95% tin with a balance of Copper and Antimony.</p>
<p class=""MsoNormal"">All our flasks are packaged with a Mullingar Pewter card, box or wrapped as gift presentable.</p>",Mullingar Pewter,,FLASK,"imported, unlisted",false,Title,Default Title,,,,,5724B USA,0,shopify,0,deny,manual,41.95,,true,false,,https://cdn.shopify.com/s/files/1/1565/2549/products/Capture1_7999af1c-9149-4909-86c5-ab960d21b666.jpg?v=1623152398,1,"USA Flag made of Mullingar Pewter, on a Stainless steel Hipflask",false,"USA Flag made of Mullingar Pewter, on a Stainless steel Hipflask","Product code: 5724B USA - USA Flag made of Mullingar Pewter, on a Stainless steel Hipflask This simple yet beautiful hip flask makes the perfect gift or an ideal item to have yourself. Embossed with a USA Flag, this flask is the perfect Independence day gift for the proud American man or woman. 5oz capacity. PRICE INCL",,,,,,,,,,,,,g,,,true,true,,,unlisted
scarf-ring-with-celtic-motif-price-includes-shipping,Mullingar Pewter Celtic Scarf Ring,"<p><strong>Product code P365    Mullingar Pewter Celtic Scarf Ring </strong></p>
<p>Beautiful handcrafted Irish Pewter scarf ring decorated with Celtic bird motif. </p>
<p>An ornate gift for any occasion, this scarf ring is ideal with delicate light scarves. A perfect gift for mom. grandmother, aunt or sister. </p>
<p>Diameter: 2inches</p>
<p><strong>Postage is fully included in the pricing of this item.  Handcrafted in Ireland</strong></p>
<p><br></p>",Mullingar Pewter,,GIFTS FOR HER,"accessories, irish pewter, ladies gift, pewter, pewter accessories, ring, scarf, scarf ring, imported, unlisted",false,Title,Default Title,,,,,P365,0,shopify,0,deny,manual,23.95,,true,false,,https://cdn.shopify.com/s/files/1/1565/2549/products/IMG_20210502_122054.jpg?v=1642689085,1,Mullingar Pewter Celtic Scarf Ring,false,Mullingar Pewter Celtic Scarf Ring,"Product code P365 Mullingar Pewter Celtic Scarf Ring Beautiful handcrafted Irish Pewter scarf ring decorated with Celtic bird motif. An ornate gift for any occasion, this scarf ring is ideal with delicate light scarves. A perfect gift for mom. grandmother, aunt or sister. Diameter: 2inches Postage is fully included in ",,,,,,,,,,,,,g,,,true,true,,,unlisted
scarf-ring-with-celtic-motif-price-includes-shipping,,,,,,,false,,,,,,,,,,,,,,,,,,https://cdn.shopify.com/s/files/1/1565/2549/products/ringscarfsmall.jpg?v=1642689085,2,Mullingar Pewter Celtic Scarf Ring,,,,,,,,,,,,,,,,,,,,,,,unlisted
drinks-flask-celtic-design-price-includes-shipping,Stainless Steel Drinks Flask with Celtic Pewter Design,"<p><strong>WHISKEY FLASK 1605 Stainless Steel Drinks Flask with Celtic Pewter Design</strong></p>
<p>Leather bound 5oz flask with Celtic motif . Our stainless steel flasks are perfect for that little drop to warm you up on a cold day. Pewter decoration of Celtic dragons</p>
<p><strong>HANDMADE IN IRELAND Price Includes shipping</strong></p>
<p><span style=""text-decoration: underline;""><strong>About our Stainless Steel Flasks</strong></span></p>
<p class=""MsoNormal"">All our stainless steel flasks are made from food and drink grade stainless steel and are drink safe.</p>
<p class=""MsoNormal"">The pewter decorations we add to our flasks are made from a lead free pewter alloy of 92-95% tin with a balance of Copper and Antimony.</p>
<p class=""MsoNormal"">All our flasks are packaged with a Mullingar Pewter card, box or wrapped as gift presentable.</p>",Mullingar Pewter,,FLASK,"21st, 40th, 50th, birthday, bronze, celtic, drinks, flask, general gift, general gifts, gift, Heritage, irish, irish whiskey, men, pewter, pewter silver, pewter spirit, spirit, sports, whiskey, whisky, imported, unlisted",false,Title,Default Title,,,,,1605,0,shopify,0,deny,manual,71.95,,true,false,,https://cdn.shopify.com/s/files/1/1565/2549/products/WHISKEYFLASK5OZSLIMCELTIC.jpg?v=1624014952,1,Stainless Steel Drinks Flask with Celtic Pewter Design,false,Stainless Steel Drinks Flask with Celtic Pewter Design,WHISKEY FLASK 1605 Stainless Steel Drinks Flask with Celtic Pewter Design Leather bound 5oz flask with Celtic motif . Our stainless steel flasks are perfect for that little drop to warm you up on a cold day. Pewter decoration of Celtic dragons HANDMADE IN IRELAND Price Includes shipping About our Stainless Steel Flasks,,,,,,,,,,,,,g,,,true,true,,,unlisted
muiredach-cross-in-irish-pewter,Mullingar Pewter Muiredach High Cross.,"<p><strong>Exclusive Product</strong></p>
<p><strong>Mullingar Pewter Muiredach High Cross</strong><br><strong>Product Code: P245</strong></p>
<p>Bring a piece of Ireland’s rich history into your home with our handcrafted pewter replica of the <strong>Muiredach High Cross</strong>, one of Ireland’s most celebrated High Crosses, located in Monasterboice, Co. Louth.</p>
<p>This detailed piece showcases both sides of the original cross, which dates back to the <strong>9th and 10th centuries</strong>. The Muiredach Cross is often compared to other significant Irish High Crosses, such as the Cross of the Scriptures in Clonmacnoise, the Celtic Cross of Clonard, and the Durrow Cross in Co. Offaly.</p>
<p><strong>Features:</strong></p>
<ul>
<li>
<strong>Size:</strong> Approximately 7 inches (18cm) tall</li>
<li>
<strong>Material:</strong> High-quality Irish pewter</li>
<li>
<strong>Design:</strong> Intricate carvings reflecting the artistry of Ireland’s early Christian period</li>
<li>
<strong>Craftsmanship:</strong> Handmade in Ireland with exceptional attention to historical detail</li>
</ul>
<p>A meaningful addition to your collection or a thoughtful gift steeped in Irish heritage.</p>
<p><strong>Shipping:</strong> Price includes worldwide delivery.</p>
<p><a href=""https://en.wikipedia.org/wiki/Muiredach%27s_High_Cross"">Muiredach's High Cross - Wikipedia</a></p>
<p><strong>HANDMADE IN IRELAND      PRICE INCLUDES SHIPPING.</strong></p>
<p><span style=""text-decoration: underline;""><strong>About our Pewter Statues</strong></span></p>
<p>This item is cast using 92% Tin with a balance alloy mix.</p>
<p>To enhance the design contrast, we colour the design and lacquer finish this item.  </p>
<p>These Items are packaged in Black and Silver boxes or Brown Card board boxes.</p>",Mullingar Pewter,,Cross,"bronze, celtic, CROSS, general gift, general gifts, gift, Heritage, irish, pewter, pewter silver, imported, unlisted",false,Title,Default Title,,,,,p245,0,shopify,0,deny,manual,94.95,,true,false,,https://cdn.shopify.com/s/files/1/1565/2549/products/MUIREDACHHIGHCROSS.jpg?v=1639399990,1,Mullingar Pewter Muiredach High Cross.,false,Mullingar Pewter Muiredach High Cross.,"Exclusive Product Mullingar Pewter Muiredach High CrossProduct Code: P245 Bring a piece of Ireland’s rich history into your home with our handcrafted pewter replica of the Muiredach High Cross, one of Ireland’s most celebrated High Crosses, located in Monasterboice, Co. Louth. This detailed piece showcases both sides o",,,,,,,,,,,,,g,,,true,true,,,unlisted
muiredach-cross-in-irish-pewter,,,,,,,false,,,,,,,,,,,,,,,,,,https://cdn.shopify.com/s/files/1/1565/2549/products/MUIREDACHCROSS.jpg?v=1639402013,2,Mullingar Pewter Muiredach High Cross.,,,,,,,,,,,,,,,,,,,,,,,unlisted
muiredach-cross-in-irish-pewter,,,,,,,false,,,,,,,,,,,,,,,,,,https://cdn.shopify.com/s/files/1/1565/2549/products/MUIREDACHCROSS_2.jpg?v=1639402039,3,Mullingar Pewter Muiredach High Cross.,,,,,,,,,,,,,,,,,,,,,,,unlisted
muiredach-cross-in-irish-pewter,,,,,,,false,,,,,,,,,,,,,,,,,,https://cdn.shopify.com/s/files/1/1565/2549/products/166922014_890487795065965_8835088945675317028_n.jpg?v=1649685517,4,Mullingar Pewter Muiredach High Cross.,,,,,,,,,,,,,,,,,,,,,,,unlisted
celtic-claddagh-wall-cross,Mullingar Pewter Irish Celtic Claddagh Wall Cross,"<p><strong>Product Code P194  Mullingar Pewter Irish Celtic Claddagh Wall Cross</strong></p>
<p>A mixture of Irelands most famous and best known designs. The famous Claddagh design that originated in Galway is known as the Irish Love symbol. the Celtic designs taken from the many high crosses that are dotted around Ireland. These ancient symbols are so connected to us as a race and such a part of our heritage. The Shamrock is also part of our DNA that no through Irish person could deny its importance. Our Patron Saint, St Patrick used it to explain to the pagan Irish the meaning of the Holy Trinity. <span>9"" wall cross with Celtic, Shamrock and Claddagh designs.</span></p>
<p>All Ireland is represented here in this single cross.</p>
<p>PEWTER METAL SILVER FINISH</p>
<p><strong>HANDMADE IN IRELAND    PRICE INCLUDES SHIPPING</strong></p>
<p><span style=""text-decoration: underline;""><strong>About our Pewter Crosses</strong></span></p>
<p>This item is cast using 92% Tin with a balance alloy mix.</p>
<p>To enhance the design contrast, we colour the design and lacquer finish this item.  </p>
<p>These Items are packaged in Black and Silver boxes or Brown Card board boxes.</p>",Mullingar Pewter,,cross,"bronze, celtic, claddagh, cross, general gift, general gifts, gift, Heritage, irish, Irish claddagh, irish gift, irish heritage, Irish pewter, pewter, pewter silver, pewter spirit, shamrock, imported, unlisted",false,Title,Default Title,,,,,P194,0,shopify,0,deny,manual,83.95,,true,false,,https://cdn.shopify.com/s/files/1/1565/2549/products/CELTICCROSS.jpg?v=1679925770,1,Mullingar Pewter Irish Celtic Claddagh Wall Cross,false,Mullingar Pewter Irish Celtic Claddagh Wall Cross,Product Code P194 Mullingar Pewter Irish Celtic Claddagh Wall Cross A mixture of Irelands most famous and best known designs. The famous Claddagh design that originated in Galway is known as the Irish Love symbol. the Celtic designs taken from the many high crosses that are dotted around Ireland. These ancient symbols ,,,,,,,,,,,,,g,,,true,true,,,unlisted
dublin-scenes-pewter-finish-4x6-photo-frame,Dublin Photo Frame with a Pewter Finish,"<h3>Product Code: P323</h3>
<p><strong>Dublin Photo Frame with a Pewter Finish</strong></p>
<ul>
<li>
<p><strong>Description</strong>: Celebrate the charm and beauty of Dublin with this exquisite pewter-finished photo frame. It features detailed engravings of some of the city’s most iconic landmarks and symbols, making it a perfect keepsake or gift for anyone who loves Dublin.</p>
</li>
<li>
<p><strong>Design Details</strong>:</p>
<ul>
<li>
<strong>Landmarks</strong>:
<ul>
<li>
<strong>Ha'penny Bridge</strong>: A symbol of Dublin’s rich history, this pedestrian bridge is beautifully etched into the frame.</li>
<li>
<strong>The Spire</strong>: Known as the ""Monument of Light,"" this modern landmark is a focal point in the city’s skyline.</li>
<li>
<strong>Molly Malone</strong>: The legendary figure from Dublin’s folklore is intricately depicted, adding a touch of traditional charm.</li>
</ul>
</li>
<li>
<strong>Symbols</strong>:
<ul>
<li>
<strong>Shamrock</strong>: A national symbol of Ireland, representing heritage and pride.</li>
<li>
<strong>Dublin Flag</strong>: A tribute to the city’s identity and spirit, subtly incorporated into the design.</li>
</ul>
</li>
</ul>
</li>
<li>
<p><strong>Material</strong>: Finished in high-quality pewter, offering a classic silver sheen that complements any décor and adds a touch of elegance to your cherished photographs.</p>
</li>
<li>
<p><strong>Size</strong>: Designed to fit standard photo dimensions, providing a perfect display for your favorite memories.</p>
</li>
<li>
<p><strong>Ideal for</strong>:</p>
<ul>
<li>
<strong>Souvenirs</strong>: A beautiful memento for those who have visited or lived in Dublin.</li>
<li>
<strong>Gifts</strong>: A thoughtful present for friends, family, or anyone with a love for Dublin or Irish culture.</li>
<li>
<strong>Home Decor</strong>: A stylish addition to any room, showcasing both your photos and a piece of Dublin’s heritage.</li>
</ul>
</li>
<li>
<p><strong>Handmade in Ireland</strong>: Each frame is crafted by skilled artisans, ensuring high-quality workmanship and attention to detail.</p>
</li>
<li>
<p><strong>Price</strong>: Includes shipping, making this a great value for a handcrafted and uniquely designed photo frame.</p>
</li>
</ul>
<p>This Dublin Photo Frame is not just a holder for your photos, but a piece of art that captures the essence of Dublin. Whether for yourself or as a gift, it’s a timeless way to keep the spirit of Ireland’s capital close to your heart.</p>",Mullingar Pewter,,FRAME,"bronze, celtic, Dublin, general gift, general gifts, gift, Heritage, irish, pewter, pewter silver, pewter spirit, Photo, photo frame, photographs, PICTURE FRAME, sculptures, imported, unlisted",false,Title,Default Title,,,,,P323,0,shopify,0,deny,manual,47.95,,true,false,,https://cdn.shopify.com/s/files/1/1565/2549/products/DUBLINFRAME.jpg?v=1621946609,1,Dublin Photo Frame with a Pewter Finish,false,Dublin Photo Frame with a Pewter Finish,"Product Code: P323 Dublin Photo Frame with a Pewter Finish Description: Celebrate the charm and beauty of Dublin with this exquisite pewter-finished photo frame. It features detailed engravings of some of the city’s most iconic landmarks and symbols, making it a perfect keepsake or gift for anyone who loves Dublin. Des",,,,,,,,,,,,,g,,,true,true,,,unlisted
ireland-picture-frame-pewter-finish,Scenes of Ireland 4x6 inch Photo Frame Pewter finish,"<p><strong>Product Code: P310</strong></p>
<p><strong>Scenes of Ireland 4x6 Photo Frame – Pewter Finish with Iconic Irish Landmarks</strong></p>
<p><strong>Description:</strong><br>Showcase your cherished memories in this beautifully crafted Ireland Photo Frame with a pewter finish. Designed with intricate details, the frame features some of Ireland’s most beloved landmarks and symbols, making it a perfect keepsake or gift for lovers of Irish heritage.</p>
<p><strong>Featured Irish Landmarks and Symbols:</strong></p>
<ul>
<li>
<strong>Dublin’s Ha’penny Bridge:</strong> An iconic symbol of the capital city.</li>
<li>
<strong>Round Towers:</strong> Representing Ireland’s ancient monastic history.</li>
<li>
<strong>Shamrock:</strong> A classic emblem of Irish culture and tradition.</li>
<li>
<strong>Celtic Cross:</strong> A timeless symbol of Irish heritage and spirituality.</li>
<li>
<strong>Irish Flag:</strong> Celebrating the pride of the Emerald Isle.</li>
</ul>
<p><strong>Key Features:</strong></p>
<ul>
<li>
<strong>Material:</strong> Crafted with a high-quality pewter finish, giving a soft silver appearance that complements any photo.</li>
<li>
<strong>Size:</strong> Fits standard-sized photos (please specify dimensions if needed).</li>
<li>
<strong>Design:</strong> Intricate detailing that highlights Ireland’s cultural and historical treasures.</li>
<li>
<strong>Packaging:</strong> Comes beautifully gift-boxed, making it ready for gifting on any occasion.</li>
</ul>
<p><strong>Handcrafted in Ireland:</strong><br>This photo frame is lovingly handmade by skilled Irish artisans, reflecting the craftsmanship and tradition of Ireland.</p>
<p><strong>Perfect For:</strong></p>
<ul>
<li>
<strong>Gifts:</strong> A thoughtful present for friends, family, or anyone with Irish roots.</li>
<li>
<strong>Souvenirs:</strong> A beautiful keepsake for travelers or expats wanting to remember Ireland.</li>
<li>
<strong>Home Decor:</strong> A stunning addition to any home, bringing a touch of Irish charm.</li>
</ul>
<p><strong>Shipping Included:</strong><br>The price includes worldwide shipping, ensuring a seamless and hassle-free purchase.</p>
<p><strong>Why Choose This Photo Frame?</strong><br>The <em>Ireland Photo Frame</em> is more than a photo holder—it’s a celebration of Ireland’s iconic landmarks and symbols. With its elegant pewter finish and intricate design, it’s a timeless piece that preserves memories while honoring the beauty of the Emerald Isle.</p>",Mullingar Pewter,,FRAME,"bronze, celtic, FRAME, general gift, general gifts, gift, Heritage, IRELAND FRAME, irish, pewter, pewter silver, pewter spirit, imported, unlisted",false,Title,Default Title,,,,,P310,0,shopify,0,deny,manual,47.95,,true,false,,https://cdn.shopify.com/s/files/1/1565/2549/products/IRELANDFRAME.jpg?v=1622041791,1,Scenes of Ireland 4x6 inch Photo Frame Pewter finish,false,Scenes of Ireland 4x6 inch Photo Frame Pewter finish,"Product Code: P310 Scenes of Ireland 4x6 Photo Frame – Pewter Finish with Iconic Irish Landmarks Description:Showcase your cherished memories in this beautifully crafted Ireland Photo Frame with a pewter finish. Designed with intricate details, the frame features some of Ireland’s most beloved landmarks and symbols, ma",,,,,,,,,,,,,g,,,true,true,,,unlisted
pewter-crucifix,Mullingar Pewter Crucifix of Christ on the Cross,"<p><strong>Mullingar Pewter Crucifix – Available in 3 Sizes or as a Set of 3</strong></p>
<p>Elevate your space with the timeless beauty of our handcrafted <strong>Irish Pewter Crucifix</strong>, featuring a stunning effigy of Christ on the Cross. Perfect for display in homes, schools, or religious buildings, each crucifix comes with a hanging hook for easy placement.</p>
<p>✨ <strong>Available Sizes:</strong></p>
<ul>
<li>
<strong>7"" (18cm)</strong> – Product Code: P367</li>
<li>
<strong>5"" (13cm)</strong> – Product Code: P368</li>
<li>
<strong>4"" (10cm)</strong> – Product Code: P369</li>
<li>
<strong>Set of 3</strong> – A perfect gift option or a versatile choice for multiple spaces.</li>
</ul>
<p><strong>Why Choose Our Crucifix?</strong></p>
<ul>
<li>
<strong>Irish Craftsmanship:</strong> Handmade with care and attention to detail.</li>
<li>
<strong>Versatile Use:</strong> Suitable for personal devotion or as a thoughtful gift.</li>
<li>
<strong>Classic Design:</strong> Elegant and meaningful, ideal for any setting.</li>
</ul>
<p><strong>Handmade in Ireland</strong> | <strong>Price includes worldwide shipping</strong></p>
<p>Bring a touch of Irish heritage and faith into your life. <strong>Order yours today!</strong></p>",Mullingar Pewter,,cross,"bronze, crucifix, general gift, gift, Heritage, irish, pewter, pewter silver, religious, wedding, wedding gifts, imported, unlisted",false,CRUCIFIX,SELECTION OF 3,,,,,"P367, P368, P369 all 3",0,shopify,0,deny,manual,179.95,,true,false,,https://cdn.shopify.com/s/files/1/1565/2549/products/1644402135490.jpg?v=1644402388,1,Mullingar Pewter Crucifix of Christ on the Cross,false,Mullingar Pewter Crucifix of Christ on the Cross,"Mullingar Pewter Crucifix – Available in 3 Sizes or as a Set of 3 Elevate your space with the timeless beauty of our handcrafted Irish Pewter Crucifix, featuring a stunning effigy of Christ on the Cross. Perfect for display in homes, schools, or religious buildings, each crucifix comes with a hanging hook for easy plac",,,,,,,,,,,,,g,,,true,true,,,unlisted
pewter-crucifix,,,,,,,false,,LARGE,,,,,p367,0,shopify,0,deny,manual,74.95,,true,false,,,,,,,,,,,,,,,,,,,,g,,,,,,,unlisted
pewter-crucifix,,,,,,,false,,MEDIUM,,,,,p368,0,shopify,0,deny,manual,59.95,,true,false,,,,,,,,,,,,,,,,,,,,g,,,,,,,unlisted
pewter-crucifix,,,,,,,false,,SMALL,,,,,p369,0,shopify,0,deny,manual,47.95,,true,false,,,,,,,,,,,,,,,,,,,,g,,,,,,,unlisted
pewter-crucifix,,,,,,,false,,,,,,,,,,,,,,,,,,https://cdn.shopify.com/s/files/1/1565/2549/products/smallcrucifix.jpg?v=1644403267,2,Mullingar Pewter Crucifix of Christ on the Cross,,,,,,,,,,,,,,,,,,,,,,,unlisted
pewter-crucifix,,,,,,,false,,,,,,,,,,,,,,,,,,https://cdn.shopify.com/s/files/1/1565/2549/products/MediumCrucifix.jpg?v=1644403475,3,Mullingar Pewter Crucifix of Christ on the Cross,,,,,,,,,,,,,,,,,,,,,,,unlisted
pewter-crucifix,,,,,,,false,,,,,,,,,,,,,,,,,,https://cdn.shopify.com/s/files/1/1565/2549/products/largeCrucifix1.jpg?v=1644403612,4,Mullingar Pewter Crucifix of Christ on the Cross,,,,,,,,,,,,,,,,,,,,,,,unlisted
pop-socket-phone-holders-worldwide-shipping-included,Mullingar Pewter Phone Pop Socket Holder for cell and mobile phones,"<div class=""flex flex-grow flex-col max-w-full"">
<div data-message-author-role=""assistant"" data-message-id=""d8359e2b-aeb9-4a63-b7f6-4c732f1cb528"" dir=""auto"" class=""min-h-[20px] text-message flex flex-col items-start whitespace-pre-wrap break-words [.text-message+&amp;]:mt-5 juice:w-full juice:items-end overflow-x-auto gap-2"">
<div class=""flex w-full flex-col gap-1 juice:empty:hidden juice:first:pt-[3px]"">
<div class=""markdown prose w-full break-words dark:prose-invert light"">
<h3>Product Code P364: Mullingar Pewter Phone Pop Socket Holder</h3>
<p>Enhance your phone's functionality and style with our Mullingar Pewter Phone Pop Socket Holder. Each pop socket is meticulously crafted in pewter by our skilled craftsmen in Mullingar, Ireland.</p>
<p><strong>Features:</strong></p>
<ul>
<li>
<strong>Versatile Use:</strong> This handy device easily adheres to your phone, making it a convenient handheld holder. Simply slip your finger through the ring for better grip and control.</li>
<li>
<strong>Multipurpose Stand:</strong> Doubles as a stand, allowing you to watch videos comfortably at any angle.</li>
<li>
<strong>Beautiful Designs:</strong> Available in various traditional Irish designs, including shamrock, triskele's, trinity knots, Claddagh rings, and other Celtic patterns.</li>
</ul>
<p><strong>Specifications:</strong></p>
<ul>
<li>
<strong>Material:</strong> Pewter/stainless steel</li>
<li>
<strong>Crafted in:</strong> Mullingar, Ireland</li>
<li>
<strong>Price:</strong> Includes shipping</li>
</ul>
<p>Add a touch of Irish craftsmanship to your mobile device with our unique and functional pop sockets.</p>
</div>
</div>
</div>
</div>",Mullingar Pewter,,POP SOCKETS,"21st, birthday, bronze, celtic, claddagh, dad, general gift, general gifts, gift, Heritage, irish, kids gift, men, pewter, pewter silver, pewter spirit, PHONE HOLDER, POP SOCKET, popsocket, shamrock, sports, imported, unlisted",false,POP SOCKETS,CELTIC SPIRAL,,,,,P364 Celtic Spiral,0,shopify,0,deny,manual,14.95,,true,false,,https://cdn.shopify.com/s/files/1/1565/2549/products/POPSOCKETSPHONEHOLDER.jpg?v=1642686415,1,Mullingar Pewter Phone Pop Socket Holder for cell and mobile phones,false,Mullingar Pewter Phone Pop Socket Holder for cell and mobile phones,"Product Code P364: Mullingar Pewter Phone Pop Socket Holder Enhance your phone's functionality and style with our Mullingar Pewter Phone Pop Socket Holder. Each pop socket is meticulously crafted in pewter by our skilled craftsmen in Mullingar, Ireland. Features: Versatile Use: This handy device easily adheres to your ",,,,,,,,,,,,,g,,,true,true,,,unlisted
pop-socket-phone-holders-worldwide-shipping-included,,,,,,,false,,CELTIC C,,,,,P364 Celtic C,0,shopify,0,deny,manual,14.95,,true,false,,,,,,,,,,,,,,,,,,,,g,,,,,,,unlisted
pop-socket-phone-holders-worldwide-shipping-included,,,,,,,false,,CELTIC A,,,,,P364 Celtic A,0,shopify,0,deny,manual,14.95,,true,false,,,,,,,,,,,,,,,,,,,,g,,,,,,,unlisted
pop-socket-phone-holders-worldwide-shipping-included,,,,,,,false,,CLADDAGH,,,,,P364 Claddagh,0,shopify,0,deny,manual,14.95,,true,false,,,,,,,,,,,,,,,,,,,,g,,,,,,,unlisted
pop-socket-phone-holders-worldwide-shipping-included,,,,,,,false,,SHAMROCK,,,,,P364 Shamrock,0,shopify,0,deny,manual,14.95,,true,false,,,,,,,,,,,,,,,,,,,,g,,,,,,,unlisted
pop-socket-phone-holders-worldwide-shipping-included,,,,,,,false,,TRINITY,,,,,P364 Trinity,0,shopify,0,deny,manual,14.95,,true,false,,,,,,,,,,,,,,,,,,,,g,,,,,,,unlisted
pop-socket-phone-holders-worldwide-shipping-included,,,,,,,false,,Dad,,,,,P364 DAD,0,shopify,0,deny,manual,14.95,,true,false,,,,,,,,,,,,,,,,,,,,g,,,,,,,unlisted
pop-socket-phone-holders-worldwide-shipping-included,,,,,,,false,,,,,,,,,,,,,,,,,,https://cdn.shopify.com/s/files/1/1565/2549/products/POPSOCKETSPIRAL.jpg?v=1642686452,2,Mullingar Pewter Phone Pop Socket Holder for cell and mobile phones,,,,,,,,,,,,,,,,,,,,,,,unlisted
pop-socket-phone-holders-worldwide-shipping-included,,,,,,,false,,,,,,,,,,,,,,,,,,https://cdn.shopify.com/s/files/1/1565/2549/products/POPSOCKETCELTICB.jpg?v=1642686492,3,Mullingar Pewter Phone Pop Socket Holder for cell and mobile phones,,,,,,,,,,,,,,,,,,,,,,,unlisted
pop-socket-phone-holders-worldwide-shipping-included,,,,,,,false,,,,,,,,,,,,,,,,,,https://cdn.shopify.com/s/files/1/1565/2549/products/POPSOCKETCELTICA.jpg?v=1642686528,4,Mullingar Pewter Phone Pop Socket Holder for cell and mobile phones,,,,,,,,,,,,,,,,,,,,,,,unlisted
pop-socket-phone-holders-worldwide-shipping-included,,,,,,,false,,,,,,,,,,,,,,,,,,https://cdn.shopify.com/s/files/1/1565/2549/products/POPSOCKETCLADDAGH.jpg?v=1642686559,5,Mullingar Pewter Phone Pop Socket Holder for cell and mobile phones,,,,,,,,,,,,,,,,,,,,,,,unlisted
celtic-and-traditional-bookmarks-worldwide-shipping-included,Mullingar Pewter Celtic or Traditional Bookmarks.,"<p><strong>P268 BOOKMARK. Mullingar Pewter Celtic or Traditional Bookmarks.</strong></p>
<p>Traditional and Celtic Bookmarks. Solid and flexible with Irish Pewter ornate design.</p>
<p>Handmade in Ireland</p>
<p><strong>PRICE INCLUDES SHIPPING.</strong></p>",Mullingar Pewter,,BOOKMARK,"birthday, celtic, claddagh, general gift, general gifts, gift, Heritage, irish, pewter, pewter silver, shamrock, imported, unlisted",false,BOOKMARKS,TRINITY BOOKMARK,,,,,P268 TRINITY,0,shopify,0,deny,manual,14.95,,true,false,,https://cdn.shopify.com/s/files/1/1565/2549/products/CELTICANDTRADITIONALBOOKMARKS.jpg?v=1642601670,1,Mullingar Pewter Celtic or Traditional Bookmarks.,false,Mullingar Pewter Celtic or Traditional Bookmarks.,P268 BOOKMARK. Mullingar Pewter Celtic or Traditional Bookmarks. Traditional and Celtic Bookmarks. Solid and flexible with Irish Pewter ornate design. Handmade in Ireland PRICE INCLUDES SHIPPING.,,,,,,,,,,,,,g,,,true,true,,,unlisted
celtic-and-traditional-bookmarks-worldwide-shipping-included,,,,,,,false,,CLADDAGH BOOKMARK,,,,,P268 CLADDAGH,0,shopify,0,deny,manual,14.95,,true,false,,,,,,,,,,,,,,,,,,,,g,,,,,,,unlisted
celtic-and-traditional-bookmarks-worldwide-shipping-included,,,,,,,false,,SHAMROCK BOOKMARK,,,,,P268 SHAMROCK,0,shopify,0,deny,manual,14.95,,true,false,,,,,,,,,,,,,,,,,,,,g,,,,,,,unlisted
celtic-and-traditional-bookmarks-worldwide-shipping-included,,,,,,,false,,TRINITY 4 BOOKMARK,,,,,P268 T4,0,shopify,0,deny,manual,14.95,,true,false,,,,,,,,,,,,,,,,,,,,g,,,,,,,unlisted
celtic-and-traditional-bookmarks-worldwide-shipping-included,,,,,,,false,,DAD BOOKMARK,,,,,P268 DAD,0,shopify,0,deny,manual,14.95,,true,false,,,,,,,,,,,,,,,,,,,,g,,,,,,,unlisted
celtic-and-traditional-bookmarks-worldwide-shipping-included,,,,,,,false,,MUM BOOKMARK,,,,,P268 MUM,0,shopify,0,deny,manual,14.95,,true,false,,,,,,,,,,,,,,,,,,,,g,,,,,,,unlisted
celtic-and-traditional-bookmarks-worldwide-shipping-included,,,,,,,false,,,,,,,,,,,,,,,,,,https://cdn.shopify.com/s/files/1/1565/2549/products/BOOKMARKTRINITY.jpg?v=1642601720,2,Mullingar Pewter Celtic or Traditional Bookmarks.,,,,,,,,,,,,,,,,,,,,,,,unlisted
celtic-and-traditional-bookmarks-worldwide-shipping-included,,,,,,,false,,,,,,,,,,,,,,,,,,https://cdn.shopify.com/s/files/1/1565/2549/products/BOOKMARKCLADDAGH.jpg?v=1642601747,3,Mullingar Pewter Celtic or Traditional Bookmarks.,,,,,,,,,,,,,,,,,,,,,,,unlisted
celtic-and-traditional-bookmarks-worldwide-shipping-included,,,,,,,false,,,,,,,,,,,,,,,,,,https://cdn.shopify.com/s/files/1/1565/2549/products/BOOKMARKSHAMROCK.jpg?v=1642601785,4,Mullingar Pewter Celtic or Traditional Bookmarks.,,,,,,,,,,,,,,,,,,,,,,,unlisted
celtic-and-traditional-bookmarks-worldwide-shipping-included,,,,,,,false,,,,,,,,,,,,,,,,,,https://cdn.shopify.com/s/files/1/1565/2549/products/BOOKMARK4TRINITY.jpg?v=1642601827,5,Mullingar Pewter Celtic or Traditional Bookmarks.,,,,,,,,,,,,,,,,,,,,,,,unlisted
wildlife-handled-shot-measures-worldwide-shipping-included,Mullingar Pewter Wildlife Shot Measures with Handle.,"<p><strong>Product Code: B92551 - Mullingar Pewter Wildlife Shot Measures with Handle</strong></p>
<p>Elevate your barware collection with our Mullingar Pewter Wildlife Shot Measures. Available in four captivating designs—Fox, Stag, Hare, and Duck—these measures are not only perfect for enjoying whiskey shots but also for precisely measuring spirits. Each shot measure is meticulously crafted with a handle for easy use, combining functionality with the charm of Irish wildlife.</p>
<p><strong>Key Features:</strong></p>
<ul>
<li>
<strong>Wildlife-Inspired Designs:</strong> Choose from Fox, Stag, Hare, or Duck, each design celebrating Ireland’s rich natural heritage.</li>
<li>
<strong>Functional and Stylish:</strong> Each shot measure is equipped with a handle, offering convenience and a touch of rustic elegance to your drinking experience.</li>
<li>
<strong>Perfect Size:</strong> Standing at approximately 2 inches tall, each measure holds 1 fluid ounce, making them ideal for shots or spirit measurements.</li>
<li>
<strong>Exquisite Craftsmanship:</strong> Handcrafted using traditional pewter-making techniques, these measures feature intricate details and a durable finish that speaks to the quality of Irish craftsmanship.</li>
</ul>
<p><strong>Measurements:</strong></p>
<ul>
<li>
<strong>Height:</strong> 2 inches</li>
<li>
<strong>Capacity:</strong> 1 FL Oz</li>
</ul>
<p><strong>Additional Information:</strong></p>
<ul>
<li>
<strong>Handmade in Ireland:</strong> Proudly crafted in Mullingar, Ireland, each shot measure reflects the skill and heritage of Irish artisans.</li>
<li>
<strong>Inclusive Pricing:</strong> The price includes worldwide shipping.</li>
</ul>
<p><span style=""text-decoration: underline;""><strong style=""font-size: 0.875rem;"">About our Pewter Measures</strong></span><br></p>
<p>Our metal content in all of the above is 92-95% tin with a balance of Copper and Antimony.</p>
<p>Our metal is Lead free and complies with EU, FDA,BS and Proposition 65 standards.</p>
<p>Our items are packaged in Black and Silver Mullingar Pewter Packaging where possible.</p>",Mullingar Pewter,,MEASURE,"40th, 50th, birthday, bronze, general gift, general gifts, gift, irish whiskey, men, pewter, pewter silver, pewter spirit, spirit, sports, whiskey, whisky, imported, unlisted",false,wildlife measure,set of 4 measures with handles,,,,,B92551 - set 4,0,shopify,0,deny,manual,239.95,,true,false,,https://cdn.shopify.com/s/files/1/1565/2549/products/WOODLANDSHANDLEDSHOTS.jpg?v=1623254647,1,Mullingar Pewter Wildlife Shot Measures with Handle.,false,Mullingar Pewter Wildlife Shot Measures with Handle.,"Product Code: B92551 - Mullingar Pewter Wildlife Shot Measures with Handle Elevate your barware collection with our Mullingar Pewter Wildlife Shot Measures. Available in four captivating designs—Fox, Stag, Hare, and Duck—these measures are not only perfect for enjoying whiskey shots but also for precisely measuring spi",,,,,,,,,,,,,g,,,true,true,,,unlisted
wildlife-handled-shot-measures-worldwide-shipping-included,,,,,,,false,,Duck,,,,,B92551 Duck,0,shopify,0,deny,manual,63.95,,true,false,,,,,,,,,,,,,,,,,,,,g,,,,,,,unlisted
wildlife-handled-shot-measures-worldwide-shipping-included,,,,,,,false,,Stag,,,,,B92551 Stag,0,shopify,0,deny,manual,63.95,,true,false,,,,,,,,,,,,,,,,,,,,g,,,,,,,unlisted
wildlife-handled-shot-measures-worldwide-shipping-included,,,,,,,false,,fox,,,,,B92551 Fox,0,shopify,0,deny,manual,63.95,,true,false,,,,,,,,,,,,,,,,,,,,g,,,,,,,unlisted
wildlife-handled-shot-measures-worldwide-shipping-included,,,,,,,false,,Hare,,,,,B92551 Hare,0,shopify,0,deny,manual,63.95,,true,false,,,,,,,,,,,,,,,,,,,,g,,,,,,,unlisted
wildlife-handled-shot-measures-worldwide-shipping-included,,,,,,,false,,,,,,,,,,,,,,,,,,https://cdn.shopify.com/s/files/1/1565/2549/products/WOODLANDSHANDLEDSHOTDUCK.jpg?v=1623255107,2,Mullingar Pewter Wildlife Shot Measures with Handle.,,,,,,,,,,,,,,,,,,,,,,,unlisted
wildlife-handled-shot-measures-worldwide-shipping-included,,,,,,,false,,,,,,,,,,,,,,,,,,https://cdn.shopify.com/s/files/1/1565/2549/products/WOODLANDSHANDLEDSHOTFOX.jpg?v=1623255001,3,Mullingar Pewter Wildlife Shot Measures with Handle.,,,,,,,,,,,,,,,,,,,,,,,unlisted
wildlife-handled-shot-measures-worldwide-shipping-included,,,,,,,false,,,,,,,,,,,,,,,,,,https://cdn.shopify.com/s/files/1/1565/2549/products/WOODLANDSHANDLEDSHOTSTAG.jpg?v=1623255249,4,Mullingar Pewter Wildlife Shot Measures with Handle.,,,,,,,,,,,,,,,,,,,,,,,unlisted
wildlife-handled-shot-measures-worldwide-shipping-included,,,,,,,false,,,,,,,,,,,,,,,,,,https://cdn.shopify.com/s/files/1/1565/2549/products/WOODLANDSHANDLEDSHOTRABBIT.jpg?v=1623255347,5,Mullingar Pewter Wildlife Shot Measures with Handle.,,,,,,,,,,,,,,,,,,,,,,,unlisted
pewter-letter-openers-celtic-and-claddagh,Mullingar Pewter Letter Opener with Celtic or Claddagh design,"<h3>Mullingar Pewter Letter Opener with Celtic or Claddagh Design</h3>
<p><strong>Product Code: P57</strong></p>
<p><strong>Description:</strong> These beautifully crafted large letter openers are a joy to hold, with their perfectly balanced and weighted design. The handles, cast from high-quality pewter, are available in two distinctive and elegant designs: the classic Celtic knot and the traditional Claddagh. Each handle is meticulously attached to a durable stainless steel blade, ensuring a timeless piece that’s both functional and aesthetically pleasing.</p>
<p><strong>Features:</strong></p>
<ul>
<li>
<strong>Designs Available:</strong> Celtic and Claddagh</li>
<li>
<strong>Material:</strong> Pewter handles and stainless steel blades</li>
<li>
<strong>Origin:</strong> Handmade in Mullingar, Ireland</li>
<li>
<strong>Ideal for:</strong> Birthdays, Father's Day, Mother's Day, retirement, and congratulations on any occasion</li>
<li>
<strong>Uses:</strong> Great as an office gift or a thoughtful homecoming present</li>
<li>
<strong>Includes:</strong> Worldwide shipping</li>
</ul>
<p>Perfect for gifting or personal use, these letter openers are not just tools but a piece of Irish heritage and craftsmanship.</p>",Mullingar Pewter,,letter openers,"40th, 50th, birthday, celtic, claddagh, general gift, gift, irish, men, pewter, imported, unlisted",false,CELTIC,CELTIC,,,,,P57 Celtic,0,shopify,0,deny,manual,77.95,,true,false,,https://cdn.shopify.com/s/files/1/1565/2549/products/LETTEROPENERCLADDAGHCELTICP57.jpg?v=1622123226,1,Mullingar Pewter Letter Opener with Celtic or Claddagh design,false,Mullingar Pewter Letter Opener with Celtic or Claddagh design,"Mullingar Pewter Letter Opener with Celtic or Claddagh Design Product Code: P57 Description: These beautifully crafted large letter openers are a joy to hold, with their perfectly balanced and weighted design. The handles, cast from high-quality pewter, are available in two distinctive and elegant designs: the classic ",,,,,,,,,,,,,g,,,true,true,,,unlisted
pewter-letter-openers-celtic-and-claddagh,,,,,,,false,,CLADDAGH,,,,,P57 Claddagh,0,shopify,0,deny,manual,77.95,,true,false,,,,,,,,,,,,,,,,,,,,g,,,,,,,unlisted
pewter-letter-openers-celtic-and-claddagh,,,,,,,false,,,,,,,,,,,,,,,,,,https://cdn.shopify.com/s/files/1/1565/2549/products/LETTEROPENERCLADDAGHCELTICP57_2e9676a1-ba7b-4d57-8443-aed0cd5a7ef6.jpg?v=1622123257,2,Mullingar Pewter Letter Opener with Celtic or Claddagh design,,,,,,,,,,,,,,,,,,,,,,,unlisted
st-patrick-statue-3-5-high,Mullingar Pewter Irish St Patrick Statue   -  Small.,"<p><strong>Product Code: P273 Mullingar Pewter Irish St Patrick Statue</strong></p>
<p>St Patrick the patron saint of Ireland  born in France in 380A.D. In his youth he was kidnapped and brought to Ireland where he found himself minding sheep from robbers and predators. While here he practiced his family’s Christianity. He made his way back to France and he studied for the priesthood. While in France he heard a voice calling him to return to Ireland to convert  the Irish from their pagan ways to Christianity .  It is said that he used the Shamrock(a small clover) to explain The Holy Trinity and also banished snakes form Ireland. The Saints Feast Day is celebrated all over the world on the 17<sup>th</sup> March each year.</p>
<p>This pewter statue is 3.5 inches high</p>
<p><span><strong>About our Pewter Statues</strong></span></p>
<p>This item is cast using 92% Tin with a balance alloy mix.</p>
<p>To enhance the design contrast, we colour the design and lacquer finish this item.  </p>
<p>These Items are packaged in Black and Silver boxes or Brown Card board boxes.</p>
<p><span> </span></p>",Mullingar Pewter,,Religious,"celtic, gift, irish, pewter silver, st patrick, statue, imported, unlisted",false,Title,Default Title,,,,,P273,0,shopify,0,deny,manual,35.95,,true,false,,https://cdn.shopify.com/s/files/1/1565/2549/products/Stpatricksmall.jpg?v=1632221569,1,Mullingar Pewter Irish St Patrick Statue   -  Small.,false,Mullingar Pewter Irish St Patrick Statue,Product Code: P273 Mullingar Pewter Irish St Patrick Statue St Patrick the patron saint of Ireland born in France in 380A.D. In his youth he was kidnapped and brought to Ireland where he found himself minding sheep from robbers and predators. While here he practiced his family’s Christianity. He made his way back to Fr,,,,,,,,,,,,,g,,,true,true,,,unlisted
pewter-roman-chess-set,Mullingar Pewter Roman Pewter Chess Set and Board,"<p><strong>Product Code: D17 Roman</strong></p>
<p><strong>Mullingar Pewter Roman Pewter Chess Set and Board</strong></p>
<p>Elevate your chess experience with the <strong>Mullingar Pewter Roman Pewter Chess Set</strong>, a timeless collection that brings the grandeur of ancient Rome to your chessboard. Each piece in this set is crafted from the finest pewter, offering a blend of weight, durability, and elegance that is unmatched.</p>
<hr>
<h3>Key Features:</h3>
<ul>
<li>
<strong>Roman-Themed Figurines:</strong> Each chess piece is meticulously designed to reflect the iconic imagery of Roman history, providing a rich and immersive gameplay experience.</li>
<li>
<strong>Premium Pewter Craftsmanship:</strong> Made from high-quality pewter, each piece is substantial and durable, ensuring they will stand the test of time.</li>
<li>
<strong>Distinctive Finishes:</strong>
<ul>
<li>
<strong>Polished Set:</strong> One side of the set is darkened and then polished to a lustrous finish, highlighting the intricate details of the Roman designs.</li>
<li>
<strong>Brushed Set:</strong> The other side is also darkened but left with a brushed finish, giving a matte look that enhances the contrast and detail of the figures.</li>
</ul>
</li>
<li>
<strong>Graduated Piece Heights:</strong>
<ul>
<li>
<strong>King:</strong> Stands at 3.75"" high, commanding the board with regal authority.</li>
<li>
<strong>Pawn:</strong> Measures 2.25"" high, representing the foot soldiers of ancient Rome.</li>
</ul>
</li>
<li>
<strong>Elegant Wooden Board:</strong> The set includes a sophisticated black and ivory-colored wooden board, providing a perfect backdrop for the pewter pieces and enhancing the overall aesthetic.</li>
</ul>
<h3>Why Choose the Mullingar Pewter Roman Chess Set?</h3>
<ul>
<li>
<strong>Historical Appeal:</strong> Each piece is designed with careful attention to detail, bringing to life the splendor and power of ancient Rome.</li>
<li>
<strong>Luxurious Finish:</strong> The contrasting finishes on the pieces add depth and visual interest, making this set a true centerpiece.</li>
<li>
<strong>Perfect for Display:</strong> Whether on a coffee table or a dedicated display area, this set serves as both a functional game and a beautiful piece of art.</li>
<li>
<strong>Conversation Starter:</strong> Its unique theme and exquisite craftsmanship make it an excellent conversation piece for your home or office.</li>
</ul>
<h3>Ideal For:</h3>
<ul>
<li>
<strong>History Enthusiasts:</strong> Perfect for those who appreciate Roman history and enjoy collecting unique, high-quality chess sets.</li>
<li>
<strong>Gift Giving:</strong> An excellent gift for birthdays, anniversaries, and special occasions, especially for chess lovers and history buffs.</li>
<li>
<strong>Home Decor:</strong> Adds a touch of elegance and historical flair to any room, making it a standout piece in your collection.</li>
</ul>
<hr>
<p>Transform your chess games into a journey through ancient Rome with the <strong>Mullingar Pewter Roman Pewter Chess Set and Board</strong>. Combining beautiful craftsmanship with historical design, this set promises both an engaging game and a stunning decorative piece.</p>
<div class=""purchase clearfix inline_purchase""><br></div>
<div class=""purchase clearfix inline_purchase""><strong> HANDMADE IN IRELAND   PRICE INCLUDES SHIPPING</strong></div>
<div class=""purchase clearfix inline_purchase""></div>
<p class=""elementtoproof""><span style=""text-decoration: underline;""><strong>About Our Chess and Draught/Checkers sets,</strong></span></p>
<p class=""elementtoproof""><span>Our Chess and Draught Sets are made of a lead free Pewter and comply with EU, FDA, BS and Proposition 65 standards. The</span> Metal content is 92-95% Tin with the balance made of Copper and Antimony.</p>
<p class=""elementtoproof"">Our Chess and Draughts boards are made of Medium Density Fibre board.<br></p>
<p class=""elementtoproof""><span>Our Chess sets are packaged in a hard board presentation box with the pieces set in protective foam.</span></p>
<p class=""elementtoproof""><span>Our Draught/Checkers sets are boxed in brown card board and the pieces are wrapped in bubble.</span></p>
<p class=""elementtoproof""><span>Our Chess and Draughts sets are all supplied with a Chess/ Draughts/Checkers Board</span></p>",Mullingar Pewter,,CHESS SET,"bishop, board game, board games, capture, castle, check, check mate, checkers, checkmate, chess, chessboard, chessman, chessmen, flagfall, gambet, game of thrones, gameofthrones, grandmaster, king, kings and queens, knight, pawn, pewter chess set, pewter chess setroman, queen, retreat, rook, stalemate, tower, imported, unlisted",false,Title,Default Title,,,,,D17 Roman,0,shopify,0,deny,manual,479.95,,true,false,,https://cdn.shopify.com/s/files/1/1565/2549/products/IMG_20210628_102917.jpg?v=1624886163,1,Mullingar Pewter Roman Pewter Chess Set and Board,false,Mullingar Pewter Roman Pewter Chess Set and Board,"Product Code: D17 Roman Mullingar Pewter Roman Pewter Chess Set and Board Elevate your chess experience with the Mullingar Pewter Roman Pewter Chess Set, a timeless collection that brings the grandeur of ancient Rome to your chessboard. Each piece in this set is crafted from the finest pewter, offering a blend of weigh",,,,,,,,,,,,,g,,,true,true,,,unlisted
pewter-roman-chess-set,,,,,,,false,,,,,,,,,,,,,,,,,,https://cdn.shopify.com/s/files/1/1565/2549/products/Roman_Chess_Pieces.jpg?v=1624886163,2,Mullingar Pewter Roman Pewter Chess Set and Board,,,,,,,,,,,,,,,,,,,,,,,unlisted
pewter-roman-chess-set,,,,,,,false,,,,,,,,,,,,,,,,,,https://cdn.shopify.com/s/files/1/1565/2549/products/Roman_Full_Chess_Set.jpg?v=1624886160,3,Mullingar Pewter Roman Pewter Chess Set and Board,,,,,,,,,,,,,,,,,,,,,,,unlisted
pewter-roman-chess-set,,,,,,,false,,,,,,,,,,,,,,,,,,https://cdn.shopify.com/s/files/1/1565/2549/products/Roman_king_Queen.PNG?v=1624886160,4,Mullingar Pewter Roman Pewter Chess Set and Board,,,,,,,,,,,,,,,,,,,,,,,unlisted
pewter-roman-chess-set,,,,,,,false,,,,,,,,,,,,,,,,,,https://cdn.shopify.com/s/files/1/1565/2549/files/Chesssetbox_f77f0f6b-8bb9-4810-857e-e61db2f1e291.jpg?v=1703003221,5,Mullingar Pewter Roman Pewter Chess Set and Board,,,,,,,,,,,,,,,,,,,,,,,unlisted
gift-card,Gift Voucher by Mullingar Pewter,"<p><strong>Looking for the perfect gift but unsure what to choose?</strong><br>Give them the gift of choice with a Mullingar Pewter gift voucher!</p>
<p>Our gift vouchers are delivered by email and include easy instructions for redeeming at checkout. Plus, there are no additional processing fees!</p>
<p>Please note: Online gift vouchers can be used both in-store and in our café. However, we will exchange the voucher for a physical one when presented in-store.</p>
<p><strong>Important:</strong> If you’d like to purchase multiple vouchers, please do so individually to receive a unique code for each voucher. Thank you for your understanding!</p>",Mullingar Pewter,,Gift Card,"gift, gift card, present, voucher, imported, unlisted",false,Title,€10.00 EUR,,,,,,0,shopify,0,deny,manual,10.00,,false,false,,https://cdn.shopify.com/s/files/1/1565/2549/files/giftvoucherforshopify.png?v=1702904601,1,Gift Voucher by Mullingar Pewter,false,Gift Voucher by Mullingar Pewter,"Looking for the perfect gift but unsure what to choose?Give them the gift of choice with a Mullingar Pewter gift voucher! Our gift vouchers are delivered by email and include easy instructions for redeeming at checkout. Plus, there are no additional processing fees! Please note: Online gift vouchers can be used both in",,,,,,,,,,,,,g,,,true,true,,,unlisted
gift-card,,,,,,,false,,€25.00 EUR,,,,,,0,shopify,0,deny,manual,25.00,,false,false,,,,,,,,,,,,,,,,,,,,g,,,,,,,unlisted
gift-card,,,,,,,false,,€50.00 EUR,,,,,,0,shopify,0,deny,manual,50.00,,false,false,,,,,,,,,,,,,,,,,,,,g,,,,,,,unlisted
gift-card,,,,,,,false,,€100.00 EUR,,,,,,0,shopify,0,deny,manual,100.00,,false,false,,,,,,,,,,,,,,,,,,,,g,,,,,,,unlisted
pewter-contemporary-chess-set,Mullingar Pewter Contemporary Irish Made Pewter Chess Set,"<p><strong>Product Code: D17C</strong></p>
<p><strong>Mullingar Pewter Contemporary Irish Made Pewter Chess Set</strong></p>
<p>Our <strong>Contemporary Chess Set</strong> is an exquisite blend of tradition and modernity, meticulously crafted using traditional methods to achieve a fresh, stylish look. This set is a perfect balance of classic design elements and contemporary aesthetics, offering both visual appeal and functional excellence. Each piece is designed for easy identification, ensuring an enjoyable and immersive playing experience.</p>
<hr>
<h3>Key Features:</h3>
<ul>
<li>
<strong>Traditional Craftsmanship:</strong> Handcrafted using age-old techniques, ensuring authenticity and quality.</li>
<li>
<strong>Modern Aesthetic:</strong> A unique combination of classic and contemporary design elements, making it a standout piece for any chess enthusiast.</li>
<li>
<strong>High-Quality Materials:</strong> Made from premium pewter, providing durability and a fine finish.</li>
<li>
<strong>Easy Identification:</strong> Each piece is distinctively designed for easy recognition and smooth gameplay.</li>
<li>
<strong>Perfectly Balanced:</strong> Well-weighted pieces offer stability and ease of movement across the board.</li>
<li>
<strong>Eye-Catching Design:</strong> The sleek, modern look is pleasing to the eye and adds a touch of elegance to any setting.</li>
</ul>
<h3>Why Choose the Mullingar Pewter Contemporary Chess Set?</h3>
<ul>
<li>
<strong>Irish Craftsmanship:</strong> Proudly made in Ireland, reflecting the rich heritage and superior craftsmanship of Mullingar Pewter.</li>
<li>
<strong>Unique Gift:</strong> An excellent gift choice for chess lovers, collectors, or anyone who appreciates fine craftsmanship and unique design.</li>
<li>
<strong>Conversation Starter:</strong> This stunning set is sure to attract attention and admiration, making it a great conversation piece.</li>
</ul>
<h3>Dimensions:</h3>
<ul>
<li>
<strong>King Height:</strong>  7cm </li>
<li>
<strong>Board Size:</strong> 33x33cm</li>
</ul>
<hr>
<p>Add a touch of sophistication to your home or office with the <strong>Mullingar Pewter Contemporary Irish Made Pewter Chess Set</strong>. Whether you are an avid chess player or a collector of fine art, this set promises to enhance your collection and provide countless hours of enjoyable play.</p>
<p><strong>HANDMADE IN IRELAND  Price is inclusive of shipping.</strong></p>
<p><strong>Please allow additional time for our chess sets as each piece is hand crafted by order. </strong></p>
<p class=""elementtoproof""><span style=""text-decoration: underline;""><strong>About Our Chess and Draught/Checkers sets,</strong></span></p>
<p class=""elementtoproof""><span>Our Chess and Draught Sets are made of a lead free Pewter and comply with EU, FDA, BS and Proposition 65 standards. The</span> Metal content is 92-95% Tin with the balance made of Copper and Antimony.</p>
<p class=""elementtoproof"">Our Chess and Draughts boards are made of Medium Density Fibre board.<br></p>
<p class=""elementtoproof""><span>Our Chess sets are packaged in a hard board presentation box with the pieces set in protective foam.</span></p>
<p class=""elementtoproof""><span>Our Draught/Checkers sets are boxed in brown card board and the pieces are wrapped in bubble.</span></p>
<p class=""elementtoproof""><span>Our Chess and Draughts sets are all supplied with a Chess/ Draughts/Checkers Board</span></p>",Mullingar Pewter,,CHESS SET,"21st, 50th, board game, chess, chess set, chessboard, chessman, gambit, general gift, general gifts, gift, irish, pewter chess set, pewter silver, queens_gambit, imported, unlisted",false,Title,Default Title,,,,,D17C,0,shopify,0,deny,manual,384.95,,true,false,,https://cdn.shopify.com/s/files/1/1565/2549/products/IMG_20201124_112157.jpg?v=1624882168,1,Mullingar Pewter Contemporary Irish Made Pewter Chess Set,false,Mullingar Pewter Contemporary Irish Made Pewter Chess Set,"Product Code: D17C Mullingar Pewter Contemporary Irish Made Pewter Chess Set Our Contemporary Chess Set is an exquisite blend of tradition and modernity, meticulously crafted using traditional methods to achieve a fresh, stylish look. This set is a perfect balance of classic design elements and contemporary aesthetics,",,,,,,,,,,,,,g,,,true,true,,,unlisted
pewter-contemporary-chess-set,,,,,,,false,,,,,,,,,,,,,,,,,,https://cdn.shopify.com/s/files/1/1565/2549/products/IMG_20210628_103123.jpg?v=1624882094,2,Mullingar Pewter Contemporary Irish Made Pewter Chess Set,,,,,,,,,,,,,,,,,,,,,,,unlisted
pewter-contemporary-chess-set,,,,,,,false,,,,,,,,,,,,,,,,,,https://cdn.shopify.com/s/files/1/1565/2549/products/CONTEMPORARYCHESSSETQUEENSGAMBIT.png?v=1619612163,3,Mullingar Pewter Contemporary Irish Made Pewter Chess Set,,,,,,,,,,,,,,,,,,,,,,,unlisted
pewter-contemporary-chess-set,,,,,,,false,,,,,,,,,,,,,,,,,,https://cdn.shopify.com/s/files/1/1565/2549/files/Chess_set_box.jpg?v=1716303298,4,Mullingar Pewter Contemporary Irish Made Pewter Chess Set,,,,,,,,,,,,,,,,,,,,,,,unlisted
pewter-contemporary-chess-set,,,,,,,false,,,,,,,,,,,,,,,,,,https://cdn.shopify.com/s/files/1/1565/2549/files/Chess_set_boxed.jpg?v=1716303299,5,Mullingar Pewter Contemporary Irish Made Pewter Chess Set,,,,,,,,,,,,,,,,,,,,,,,unlisted
celtic-pewter-draughts-set,Mullingar Pewter Irish Celtic Draughts/Checkers Set,"<h2><strong>Product Code D18: Mullingar Pewter Irish Celtic Draughts/Checkers Set</strong></h2>
<h3><strong>Irish Pewter Celtic Draughts/Checkers Board Game</strong></h3>
<p>Experience the timeless charm of a classic board game with a unique Celtic twist. The Mullingar Pewter Irish Celtic Draughts/Checkers Set is more than just a game; it’s a handcrafted piece of Irish heritage.</p>
<hr>
<h3><strong>Game Description</strong></h3>
<p>Draughts, also known as checkers, is a strategic board game for two players. The game is played on a board of 64 squares, alternating between black and white. Players move their pieces diagonally across the board, aiming to capture their opponent’s pieces by jumping over them. The first player to capture all the opponent's pieces or block them from any legal move wins the game.</p>
<h3><strong>Product Highlights</strong></h3>
<ul>
<li>
<strong>Exclusively Designed:</strong> Crafted by Mullingar Pewter in Westmeath, Ireland, this set features intricate Celtic designs that make it a beautiful addition to any game collection or home decor.</li>
<li>
<strong>Handcrafted Quality:</strong> Each piece is meticulously handcrafted from the finest pewter, ensuring durability and a unique silver finish.</li>
<li>
<strong>Celtic Artistry:</strong> The pieces are adorned with traditional Celtic motifs, reflecting Ireland's rich cultural heritage.</li>
</ul>
<h3><strong>Product Details</strong></h3>
<ul>
<li>
<strong>Material:</strong> High-quality pewter with a polished finish</li>
<li>
<strong>Board Size:</strong> Standard 64-square board</li>
<li>
<strong>Piece Details:</strong> Each piece is designed with intricate Celtic patterns</li>
<li>
<strong>Origin:</strong> Handmade in Mullingar, Westmeath, Ireland</li>
<li>
<strong>Shipping:</strong> Price includes worldwide shipping</li>
</ul>
<h3><strong>Why Choose This Draughts/Checkers Set?</strong></h3>
<ul>
<li>
<strong>Authentic Craftsmanship:</strong> Proudly made in Ireland, each set is a testament to the skill and tradition of Mullingar Pewter artisans.</li>
<li>
<strong>Cultural Significance:</strong> The Celtic designs make this set a unique and meaningful gift, perfect for anyone who appreciates Irish culture.</li>
<li>
<strong>Perfect Gift:</strong> Ideal for game enthusiasts, collectors, or as a special gift for weddings, anniversaries, birthdays, or holidays.</li>
</ul>
<h3><strong>Order Your Set Today!</strong></h3>
<p>Enjoy a piece of Ireland in your home with the Mullingar Pewter Irish Celtic Draughts/Checkers Set. With its combination of traditional gameplay and beautiful Celtic design, this set is sure to be a cherished addition to any game collection.</p>
<p><strong>Note:</strong> As each set is handcrafted, please allow additional time for delivery to ensure the highest quality product.</p>
<hr>
<p><strong>HANDMADE IN IRELAND</strong> | <strong>PRICE INCLUDES SHIPPING</strong></p>
<p><strong style=""font-size: 0.875rem;"">About Our Pewter Chess and Draught/Checkers sets,</strong><br></p>
<p class=""elementtoproof""><span>Our Chess and Draught Sets are made of a lead free Pewter and comply with EU, FDA, BS and Proposition 65 standards. The</span> Metal content is 92-95% Tin with the balance made of Copper and Antimony.</p>
<p class=""elementtoproof"">Our Chess and Draughts boards are made of Medium Density Fibre board.<br></p>
<p class=""elementtoproof""><span>Our Chess sets are packaged in a hard board presentation box with the pieces set in protective foam.</span></p>
<p class=""elementtoproof""><span>Our Draught/Checkers sets are boxed in brown card board and the pieces are wrapped in bubble.</span></p>
<p class=""elementtoproof""><span>Our Chess and Draughts sets are all supplied with a Chess/ Draughts/Checkers Board</span></p>",Mullingar Pewter,,CHESS SET,"bagatelle, board game, board games, board_game, celtic, checker, checkerboard, checkers, chess, counter., domino, draughts, gambit, game, game of thrones, general gift, gift, irish, irish gift, irish heritage, Irish History, Irish pewter, pewter silver, queens_gambit, sports, strategy, imported, unlisted",false,Title,Default Title,,,,,D18,0,shopify,0,deny,manual,189.95,,true,false,,https://cdn.shopify.com/s/files/1/1565/2549/products/DraughtsSet.jpg?v=1642518323,1,Mullingar Pewter Irish Celtic Draughts/Checkers Set,false,Mullingar Pewter Irish Celtic Draughts/Checkers Set,Product Code D18: Mullingar Pewter Irish Celtic Draughts/Checkers Set Irish Pewter Celtic Draughts/Checkers Board Game Experience the timeless charm of a classic board game with a unique Celtic twist. The Mullingar Pewter Irish Celtic Draughts/Checkers Set is more than just a game; it’s a handcrafted piece of Irish her,,,,,,,,,,,,,g,,,true,true,,,unlisted
celtic-pewter-draughts-set,,,,,,,false,,,,,,,,,,,,,,,,,,https://cdn.shopify.com/s/files/1/1565/2549/products/DraughtssetCeltic.jpg?v=1642518348,2,Mullingar Pewter Irish Celtic Draughts/Checkers Set,,,,,,,,,,,,,,,,,,,,,,,unlisted
large-celtic-cuff-bangle,Mullingar Pewter Celtic Irish Cuff Bangle,"<p><strong>Exclusive Online Product</strong></p>
<p><strong>Product code </strong><strong>P372   Mullingar Pewter Celtic Irish Cuff Bangle </strong></p>
<p>This unisex Celtic Irish Pewter Cuff is made with our finest pewter.  Design is taken from the Ancient Irish Manuscripts and is often seen on Irish High crosses. The design has originated from the large monastic settlements in Ireland. It is a cuff or bangle that has intertwined dragon and bird like creatures. It is cast in fine pewter and then darkened before being polished to a soft silver finish.  </p>
<p>Suitable for the man in your life</p>
<p><strong>HANDMADE IN IRELAND  Shipping included in price</strong></p>",Mullingar Pewter,,Gifts for Men,"21st, 40th, 50th, bangle, birthday, book_of_kells, celtic, cuff, cuffs, general gift, general gifts, gift, irish, kells, kells_design, men, pewter, pewter silver, imported, unlisted",false,Title,Default Title,,,,,P372 Large Celtic Cuff,0,shopify,0,deny,manual,71.95,,true,false,,https://cdn.shopify.com/s/files/1/1565/2549/products/LargeCelticCuffonwrist.jpg?v=1622766843,1,Mullingar Pewter Celtic Irish Cuff Bangle,false,Mullingar Pewter Celtic Irish Cuff Bangle,Exclusive Online Product Product code P372 Mullingar Pewter Celtic Irish Cuff Bangle This unisex Celtic Irish Pewter Cuff is made with our finest pewter. Design is taken from the Ancient Irish Manuscripts and is often seen on Irish High crosses. The design has originated from the large monastic settlements in Ireland. ,,,,,,,,,,,,,g,,,true,true,,,unlisted
large-celtic-cuff-bangle,,,,,,,false,,,,,,,,,,,,,,,,,,https://cdn.shopify.com/s/files/1/1565/2549/products/LargeCelticCuff.jpg?v=1622766859,2,Mullingar Pewter Celtic Irish Cuff Bangle,,,,,,,,,,,,,,,,,,,,,,,unlisted
glass-tankard-ireland-usa-flags,Mullingar Pewter Drinks Beer Glass Tankard Ireland/USA flags,"<p data-end=""269"" data-start=""175""><strong data-end=""269"" data-start=""175"">Product Code: P281A – Mullingar Pewter 15oz Glass Tankard with Ireland &amp; USA Flags</strong></p>
<p data-end=""552"" data-start=""271"">Celebrate the special bond between <strong data-end=""329"" data-start=""306"">Ireland and the USA</strong> with this handcrafted <strong data-end=""386"" data-start=""352"">Mullingar Pewter glass tankard</strong>, featuring an elegant <strong data-end=""454"" data-start=""409"">Ireland &amp; USA crossed flags pewter emblem</strong>. A meaningful Irish-American gift, perfect for marking heritage, friendship, and great occasions.</p>
<p data-end=""718"" data-start=""554"">This <strong data-end=""592"" data-start=""559"">15oz heavy glass beer tankard</strong> is finished with the finest quality <strong data-end=""645"" data-start=""629"">Irish pewter</strong>, handmade in Ireland and presented in a <strong data-end=""717"" data-start=""686"">gift-ready presentation box</strong>. </p>
<p data-end=""718"" data-start=""554"">*Please note the flags are pewter in color</p>
<p data-end=""737"" data-start=""720""><strong data-end=""737"" data-start=""720"">Key Features:</strong></p>
<ul data-end=""971"" data-start=""738"">
<li data-end=""761"" data-start=""738"">
<p data-end=""761"" data-start=""740"">Handmade in Ireland</p>
</li>
<li data-end=""796"" data-start=""762"">
<p data-end=""796"" data-start=""764"">15oz sturdy glass beer tankard</p>
</li>
<li data-end=""842"" data-start=""797"">
<p data-end=""842"" data-start=""799"">Ireland &amp; USA crossed flags pewter design</p>
</li>
<li data-end=""887"" data-start=""843"">
<p data-end=""887"" data-start=""845"">Authentic Mullingar Pewter craftsmanship</p>
</li>
<li data-end=""931"" data-start=""888"">
<p data-end=""931"" data-start=""890"">Presented in a presentation box</p>
</li>
<li data-end=""971"" data-start=""932"">
<p data-end=""971"" data-start=""934"">Price includes <strong data-end=""971"" data-start=""949"">worldwide shipping</strong></p>
</li>
</ul>
<p data-end=""1130"" data-start=""973""><strong data-end=""989"" data-start=""973"">Perfect For:</strong><br data-end=""992"" data-start=""989"">Irish-American gifts, St. Patrick’s Day, Father’s Day, birthdays, collectors, emigrants, beer lovers, home bars, and special celebrations.</p>
<p data-end=""1242"" data-start=""1132"">A timeless keepsake that blends <strong data-end=""1201"" data-start=""1164"">Irish heritage and American pride</strong> — made to be used, admired, and enjoyed.</p>
<p data-is-only-node="""" data-is-last-node="""" data-end=""1303"" data-start=""1244""><strong data-is-last-node="""" data-end=""1303"" data-start=""1244"">PRICE INCLUDES WORLDWIDE SHIPPING</strong></p>",Mullingar Pewter,,Drinkware,"18th, 21st, 4th July, 60th, celtic, Celtic design, drinkware, gift, glassware, Ireland, irish, Irish american, men, pewter silver, tankard, imported, unlisted",false,Title,Default Title,,,,,P281A USA/IRL,0,shopify,0,deny,manual,47.95,,true,false,,https://cdn.shopify.com/s/files/1/1565/2549/files/P281A_USA_IRL_Flags_no_colour.jpg?v=1771429999,1,Mullingar Pewter Drinks Beer Glass Tankard Ireland/USA flags,false,Mullingar Pewter Drinks Beer Glass Tankard Ireland/USA flags,"Product Code: P281A – Mullingar Pewter 15oz Glass Tankard with Ireland & USA Flags Celebrate the special bond between Ireland and the USA with this handcrafted Mullingar Pewter glass tankard, featuring an elegant Ireland & USA crossed flags pewter emblem. A meaningful Irish-American gift, perfect for marking heritage, ",,,,,,,,,,,,,g,,,true,true,,,unlisted
glass-tankard-ireland-usa-flags,,,,,,,false,,,,,,,,,,,,,,,,,,https://cdn.shopify.com/s/files/1/1565/2549/products/GLASSTANKARDCROSSEDFLAGS.jpg?v=1771429999,2,Mullingar Pewter Drinks Beer Glass Tankard Ireland/USA flags,,,,,,,,,,,,,,,,,,,,,,,unlisted
celtic-pewter-picture-frame-collection,Celtic Irish Pewter Finish Picture Frame Collection,"<p><strong>Celtic Irish Pewter Finish Picture Frame Collection</strong></p>
<p>Enhance your cherished wedding photos with our stunning Celtic Irish Pewter Finish Picture Frame Collection. Each frame in this exquisite collection is meticulously sculpted to feature intricate Celtic lattice designs that beautifully capture the essence of Irish heritage. The pewter finish provides a timeless and elegant look, making these frames not only a perfect addition to your home décor but also a wonderful keepsake that adds a touch of sophistication and tradition to your most treasured memories.</p>
<p><span style=""text-decoration: underline;""><strong>**Key Features:**</strong></span><br> - <strong>Intricate Celtic Lattice Design:</strong> Each frame showcases a detailed and symbolic Celtic lattice pattern, symbolizing the interconnection of life and eternity.<br> - <strong>Elegant Pewter Finish</strong>: The pewter finish offers a timeless, durable, and lustrous appearance, perfect for preserving and displaying your precious photos.<br> - <strong>Perfect for Wedding Photos</strong>: Designed to beautifully complement wedding photos, these frames are ideal for showcasing your special moments with elegance and charm.<br> - <strong>High-Quality Craftsmanship</strong>: Handcrafted with attention to detail, each frame is a testament to the superior craftsmanship and rich cultural heritage of Ireland.<br> - <strong>Versatile Display Options</strong>: Available in various sizes and styles to suit any décor, these frames make a perfect gift for weddings, anniversaries, and other special occasions.</p>
<p>Ideal for adding a touch of Irish elegance to your home or as a thoughtful gift that celebrates the beauty of life's special moments, our Celtic Irish Pewter Finish Picture Frame Collection is a must-have for anyone who appreciates fine craftsmanship and cultural significance.</p>
<p><span style=""text-decoration: underline;""><strong>The story of the Claddagh</strong></span></p>
<p>The Claddagh is long associated with love and marriage. The story goes back to the small village of Claddagh in Co. Galway  back in 1689 a Spanish sailor fell in love with a girl from Claddagh and on their marriage he made for her a ring with a crown, a heart and two hands each side of the heart this was to  symbolize his love the hands for friendship, the heart for love and crown for loyalty. The Claddagh is still popular to this day for birthdays more so than weddings rings. Made with Irish Pewter Metal with silver type finish.</p>
<p><strong>HANDMADE IN IRELAND.   PRICE INCLUDES SHIPPING</strong></p>
<p><strong>PRODUCT CODES:</strong></p>
<p><strong>P289A (Celtic) 4x6, </strong></p>
<p><strong>P289 (Claddagh) 4x6, </strong></p>
<p><strong style=""font-size: 0.875rem;"">P290A (Celtic) 5x7, </strong></p>
<p><strong>P290 (Claddagh) 5x7, </strong></p>
<p><strong>P291A (Celtic) 8X10, </strong></p>
<p><strong>P291 (Claddagh) 8x10</strong></p>",Mullingar Pewter,,frames,"21st, 40th, 4x6, 50th, 5x7, 8x10, baby, birthday, bronze, celtic, Celtic design, claddagh, frame, general gift, general gifts, gift, Heritage, irish, pewter, pewter silver, picture, wedding, wedding gifts, imported, unlisted",false,Choose Size (Inches),4x6 Celtic P289A,,,,,P289A Celtic,0,shopify,0,deny,manual,41.95,,true,false,,https://cdn.shopify.com/s/files/1/1565/2549/products/CELTICKNOTPICTUREFRAME4X6P289A_4ad0fd42-bf35-4728-81f9-16ad946e471d.jpg?v=1624029783,1,Celtic Irish Pewter Finish Picture Frame Collection,false,Celtic Irish Pewter Finish Picture Frame Collection,Celtic Irish Pewter Finish Picture Frame Collection Enhance your cherished wedding photos with our stunning Celtic Irish Pewter Finish Picture Frame Collection. Each frame in this exquisite collection is meticulously sculpted to feature intricate Celtic lattice designs that beautifully capture the essence of Irish heri,,,,,,,,,,,,,g,,,true,true,,,unlisted
celtic-pewter-picture-frame-collection,,,,,,,false,,4x6 Claddagh P289,,,,,P289 Claddagh,0,shopify,0,deny,manual,65.95,,true,false,,,,,,,,,,,,,,,,,,,,g,,,,,,,unlisted
celtic-pewter-picture-frame-collection,,,,,,,false,,5x7 Celtic P290A,,,,,P290A Celtic,0,shopify,0,deny,manual,59.95,,true,false,,,,,,,,,,,,,,,,,,,,g,,,,,,,unlisted
celtic-pewter-picture-frame-collection,,,,,,,false,,5x7 Claddagh P290,,,,,P290 Claddagh,0,shopify,0,deny,manual,71.95,,true,false,,,,,,,,,,,,,,,,,,,,g,,,,,,,unlisted
celtic-pewter-picture-frame-collection,,,,,,,false,,8x10 Celtic P291A,,,,,P291A Celtic,0,shopify,0,deny,manual,71.97,,true,false,,,,,,,,,,,,,,,,,,,,g,,,,,,,unlisted
celtic-pewter-picture-frame-collection,,,,,,,false,,8x10 Claddagh P291,,,,,P291 Claddagh,0,shopify,0,deny,manual,89.95,,true,false,,,,,,,,,,,,,,,,,,,,g,,,,,,,unlisted
celtic-pewter-picture-frame-collection,,,,,,,false,,,,,,,,,,,,,,,,,,https://cdn.shopify.com/s/files/1/1565/2549/products/CELTICKNOTPICTUREFRAME5X7P290A_f357bf7f-abf4-49b3-94ad-10a086e25f32.jpg?v=1624029988,2,Celtic Irish Pewter Finish Picture Frame Collection,,,,,,,,,,,,,,,,,,,,,,,unlisted
celtic-pewter-picture-frame-collection,,,,,,,false,,,,,,,,,,,,,,,,,,https://cdn.shopify.com/s/files/1/1565/2549/products/CELTICKNOTPICTUREFRAME8X10P291A_b4be4f64-fd07-49fa-a2ca-3b1aeced8216.jpg?v=1624030215,3,Celtic Irish Pewter Finish Picture Frame Collection,,,,,,,,,,,,,,,,,,,,,,,unlisted
celtic-pewter-picture-frame-collection,,,,,,,false,,,,,,,,,,,,,,,,,,https://cdn.shopify.com/s/files/1/1565/2549/products/CLADDAGHPICTUREFRAME8X10P291_96632f4f-a333-4313-874c-a29eea4b19e3.jpg?v=1624030407,4,Celtic Irish Pewter Finish Picture Frame Collection,,,,,,,,,,,,,,,,,,,,,,,unlisted
celtic-pewter-picture-frame-collection,,,,,,,false,,,,,,,,,,,,,,,,,,https://cdn.shopify.com/s/files/1/1565/2549/products/Untitleddesign_22.png?v=1682081755,5,Celtic Irish Pewter Finish Picture Frame Collection,,,,,,,,,,,,,,,,,,,,,,,unlisted
celtic-frameless-frame-collection,Celtic Irish Pewter Frameless Frame Collection,"<p><strong>P353 4 ""x 6"" Frameless Frame</strong></p>
<p><strong>P354 5"" x 7"" Frameless Frame</strong></p>
<p><strong>P355 8"" x 10"" Frameless Frame</strong></p>
<p>Introducing our <strong>Celtic Irish Pewter Frameless Frame Collection</strong>, where timeless elegance meets modern design. These unique frames, crafted with intricate Celtic motifs, provide a sophisticated and minimalistic way to display your cherished memories. The frameless design offers a seamless look, allowing the beauty of your photos to take center stage, while the rich pewter accents add a touch of classic Irish charm. Ideal for any home décor, this collection is perfect for those who appreciate the blend of traditional craftsmanship and contemporary aesthetics.</p>
<p><strong>HANDMADE IN IRELAND  Price Inclusive of Shipping</strong></p>",Mullingar Pewter,,Picture Frame,"21st, 40th, 50th, bronze, celtic, Frame, general gift, general gifts, gift, Heritage, irish, pewter silver, Photo, photo frame, picture frames, wedding, wedding gifts, imported, unlisted",false,Choose Size,4 x 6,,,,,P353 4x6,0,shopify,0,deny,manual,35.95,,true,false,,https://cdn.shopify.com/s/files/1/1565/2549/products/FRAMELESSFRAME4X6_3f330f4c-0959-4477-8297-de76d1fa6699.jpg?v=1621861359,1,Celtic Irish Pewter Frameless Frame Collection,false,Celtic Irish Pewter Frameless Frame Collection,"P353 4 ""x 6"" Frameless Frame P354 5"" x 7"" Frameless Frame P355 8"" x 10"" Frameless Frame Introducing our Celtic Irish Pewter Frameless Frame Collection, where timeless elegance meets modern design. These unique frames, crafted with intricate Celtic motifs, provide a sophisticated and minimalistic way to display your che",,,,,,,,,,,,,g,,,true,true,,,unlisted
celtic-frameless-frame-collection,,,,,,,false,,5 x 7,,,,,P354 5x7,0,shopify,0,deny,manual,41.95,,true,false,,,,,,,,,,,,,,,,,,,,g,,,,,,,unlisted
celtic-frameless-frame-collection,,,,,,,false,,8 x 10,,,,,P355 8x10,0,shopify,0,deny,manual,47.95,,true,false,,,,,,,,,,,,,,,,,,,,g,,,,,,,unlisted
celtic-frameless-frame-collection,,,,,,,false,,,,,,,,,,,,,,,,,,https://cdn.shopify.com/s/files/1/1565/2549/products/FRAMELESSFRAME5X7_62d7ebde-5281-443b-a635-d65ba81d6673.jpg?v=1621861422,2,Celtic Irish Pewter Frameless Frame Collection,,,,,,,,,,,,,,,,,,,,,,,unlisted
celtic-frameless-frame-collection,,,,,,,false,,,,,,,,,,,,,,,,,,https://cdn.shopify.com/s/files/1/1565/2549/products/FRAMELESSFRAME8X10_205a6126-e784-4877-8b98-3b889ef3fd12.jpg?v=1619605931,3,Celtic Irish Pewter Frameless Frame Collection,,,,,,,,,,,,,,,,,,,,,,,unlisted
celtic-frameless-frame-collection,,,,,,,false,,,,,,,,,,,,,,,,,,https://cdn.shopify.com/s/files/1/1565/2549/products/FRAMELESSFRAMES.jpg?v=1621861486,4,Celtic Irish Pewter Frameless Frame Collection,,,,,,,,,,,,,,,,,,,,,,,unlisted
celtic-hair-bobbles-trinity-claddagh,Celtic Irish Pewter Hair Bobbles by Mullingar Pewter,"<div class=""flex flex-grow flex-col max-w-full"">
<div class=""min-h-[20px] text-message flex flex-col items-start whitespace-pre-wrap break-words [.text-message+&amp;]:mt-5 juice:w-full juice:items-end overflow-x-auto gap-2"" dir=""auto"" data-message-id=""828c1d2c-920a-4a2e-9c26-41017dcd3c98"" data-message-author-role=""assistant"">
<div class=""flex w-full flex-col gap-1 juice:empty:hidden juice:first:pt-[3px]"">
<div class=""markdown prose w-full break-words dark:prose-invert light"">
<h3>Product Code: P346</h3>
<p><strong>Celtic Irish Pewter Hair Bobbles by Mullingar Pewter</strong></p>
<ul>
<li>
<p><strong>Description</strong>: These stylish hair bobbles are adorned with intricate pewter embellishments, perfect for adding a touch of Celtic elegance to any hairstyle. They come in two distinct sets featuring designs of the Trinity Knot or the Claddagh, both showcasing the fine detail and craftsmanship of Irish heritage.</p>
</li>
<li>
<p><strong>Design Options</strong>:</p>
<ul>
<li>
<strong>Trinity Knot</strong>: Symbolizing eternal life and the interconnectedness of mind, body, and spirit.</li>
<li>
<strong>Claddagh</strong>: Representing love, loyalty, and friendship with its heart, hands, and crown design.</li>
</ul>
</li>
<li>
<p><strong>Material</strong>: High-quality Irish pewter with a silver metal finish, ensuring a durable and beautiful accessory.</p>
</li>
<li>
<p><strong>Handmade in Ireland</strong>: Each piece is crafted with care and attention to detail, embodying the rich tradition of Irish craftsmanship.</p>
</li>
<li>
<p><strong>Price</strong>: Includes shipping, making it a convenient and cost-effective gift for a friend or a special treat for yourself.</p>
</li>
<li>
<p><strong>Perfect for</strong>: They are unisex therefore suitable for anyone who loves Celtic designs or wants to add a unique, handcrafted touch to their hair accessories.</p>
</li>
</ul>
<p>These hair bobbles are not just functional but also a beautiful nod to Irish culture and artistry, making them a thoughtful gift or a cherished addition to your own collection.</p>
</div>
</div>
</div>
</div>",Mullingar Pewter,,GIFTS FOR HER,"21st, 40th, accessories, bobble, celtic, claddagh, general gift, general gifts, gift, hair, Hair accessories, Heritage, irish, Irish claddagh, pewter accessories, pewter silver, pewter triskele, trinity, Trinity knot, triskel, triskele, Triskeles, wedding, imported, unlisted",false,Choose Design,Celtic Irish Pewter Hair Bobbles - CelA/Trin1/T4,,,,,P346 CelA/Trin/T4,0,shopify,0,deny,manual,26.95,,true,false,,https://cdn.shopify.com/s/files/1/1565/2549/products/HAIRBOBBLESCELTICSETOF3.jpg?v=1632750790,1,Celtic Irish Pewter Hair Bobbles by Mullingar Pewter,false,Celtic Irish Pewter Hair Bobbles by Mullingar Pewter,"Product Code: P346 Celtic Irish Pewter Hair Bobbles by Mullingar Pewter Description: These stylish hair bobbles are adorned with intricate pewter embellishments, perfect for adding a touch of Celtic elegance to any hairstyle. They come in two distinct sets featuring designs of the Trinity Knot or the Claddagh, both sho",,,,,,,,,,,,,g,,,true,true,,,unlisted
celtic-hair-bobbles-trinity-claddagh,,,,,,,false,,Celtic Irish Pewter Claddagh Hair Bobbles - CelE/CL1/Spiral,,,,,P346 CelE/CL1/Spiral,0,shopify,0,deny,manual,26.95,,true,false,,,,,,,,,,,,,,,,,,,,g,,,,,,,unlisted
celtic-hair-bobbles-trinity-claddagh,,,,,,,false,,,,,,,,,,,,,,,,,,https://cdn.shopify.com/s/files/1/1565/2549/products/HAIRBOBBLESCLADDAGH-CELT.SETOF3.jpg?v=1632750828,2,Celtic Irish Pewter Hair Bobbles by Mullingar Pewter,,,,,,,,,,,,,,,,,,,,,,,unlisted
set-of-3-hair-beard-beads-celtic-design,Irish Pewter Hair/Beard Beads in Celtic Design. (Set of 3),"<p><strong>Product Code P345: Irish Pewter Hair &amp; Beard Beads (Set of 3)</strong></p>
<p>Add a touch of elegance and tradition to your style with our <strong>Irish Pewter Hair and Beard Beads</strong> in stunning Celtic designs. Handcrafted using the finest Mullingar Pewter, each bead is:<br>✨ Hand-molded, twisted, blackened, and polished to perfection<br>✨ Perfect for creating unique hairstyles or Viking-inspired looks<br>✨ Ideal for reenactors or anyone who appreciates authentic craftsmanship</p>
<p>This set includes <strong>three beads</strong> in varying sizes and Celtic designs, offering versatility and charm.</p>
<p><strong>Handmade in Ireland</strong> | <strong>Price includes worldwide shipping</strong></p>
<p>A thoughtful and unique gift for her—or anyone who loves timeless Irish artistry. <strong>Order yours today!</strong></p>",Mullingar Pewter,,Gift,"21st, 40th, 50th, beard, birthday, celtic, Celtic design, general gift, general gifts, Gents, gents gifts, Gents pewter gift, gift, hair, hair accessories, Heritage, irish, irish gift, irish heritage, Irish pewter, men, pewter silver, reenactment, Viking hair, imported, unlisted",false,Title,Default Title,,,,,P345,0,shopify,0,deny,manual,23.95,,true,false,,https://cdn.shopify.com/s/files/1/1565/2549/products/sqhair1.jpg?v=1632751567,1,Irish Pewter Hair/Beard Beads in Celtic Design. (Set of 3),false,Irish Pewter Hair/Beard Beads in Celtic Design. (Set of 3),"Product Code P345: Irish Pewter Hair & Beard Beads (Set of 3) Add a touch of elegance and tradition to your style with our Irish Pewter Hair and Beard Beads in stunning Celtic designs. Handcrafted using the finest Mullingar Pewter, each bead is:✨ Hand-molded, twisted, blackened, and polished to perfection✨ Perfect for ",,,,,,,,,,,,,g,,,true,true,,,unlisted
set-of-3-hair-beard-beads-celtic-design,,,,,,,false,,,,,,,,,,,,,,,,,,https://cdn.shopify.com/s/files/1/1565/2549/products/HAIRBEADSSETOF3.jpg?v=1632751590,2,Irish Pewter Hair/Beard Beads in Celtic Design. (Set of 3),,,,,,,,,,,,,,,,,,,,,,,unlisted
hair-comb-celtic-kells,Hair Comb Slide - Celtic/Kells Design made of Pewter,"<p><strong>P343 Celtic Hair Comb</strong></p>
<p><strong>P344 Kells Hair Comb</strong></p>
<p>Hair combs embellished with pewter  panel of Celtic motif. Each piece has a silver finish and ornate Celtic design. A really beautiful piece to suit any hair colour or style. </p>
<p><strong>HANDMADE IN IRELAND  PRICE INCLUDES SHIPPING</strong></p>",Mullingar Pewter,,Gift,"21st, 40th, 50th, birthday, celtic, general gift, general gifts, gift, Hair accessories, her, irish, ladies, ladies gift, wedding, imported, unlisted",false,Choose Type,Celtic Hair Comb,,,,,P343 Celtic,0,shopify,0,deny,manual,14.95,,true,false,,https://cdn.shopify.com/s/files/1/1565/2549/products/HAIRCOMBCELTIC.jpg?v=1622040433,1,Hair Comb Slide - Celtic/Kells Design made of Pewter,false,Hair Comb Slide,P343 Celtic Hair Comb P344 Kells Hair Comb Hair combs embellished with pewter panel of Celtic motif. Each piece has a silver finish and ornate Celtic design. A really beautiful piece to suit any hair colour or style. HANDMADE IN IRELAND PRICE INCLUDES SHIPPING,,,,,,,,,,,,,g,,,true,true,,,unlisted
hair-comb-celtic-kells,,,,,,,false,,Kells Hair Comb,,,,,P344 Kells,0,shopify,0,deny,manual,14.95,,true,false,,,,,,,,,,,,,,,,,,,,g,,,,,,,unlisted
hair-comb-celtic-kells,,,,,,,false,,,,,,,,,,,,,,,,,,https://cdn.shopify.com/s/files/1/1565/2549/products/HAIRCOMBKELLS.jpg?v=1622040523,2,Hair Comb Slide - Celtic/Kells Design made of Pewter,,,,,,,,,,,,,,,,,,,,,,,unlisted
barrette-hair-pin-celtic-2-types,Pewter Barrette Hair Pin - Celtic Designs.,"<p><strong>Product Codes: P339 &amp; P340 – Pewter Barrette Hair Pins (Celtic Designs)</strong></p>
<p>Adorn your hair with timeless beauty using our Pewter Barrette Hair Pins, available in the stunning 3-Shield and Single-Shield designs. These pieces feature intricately intertwined dragon heads and Celtic knots, inspired by Ireland’s rich artistic heritage. Perfect for securing long, flowing hair with elegance and style.</p>
<p><strong>Why Choose These Hair Pins?</strong></p>
<ul>
<li>
<strong>Intricate Celtic Design</strong>: Dragons symbolize strength and wisdom, while the Celtic knots represent eternity and unity.</li>
<li>
<strong>Versatile Accessory</strong>: Ideal for everyday use or special occasions, adding a touch of Irish charm to any hairstyle.</li>
<li>
<strong>Loved Worldwide</strong>: Known for their stunning detail and unique craftsmanship, these barrettes are cherished globally.</li>
<li>
<strong>Perfect Gift</strong>: A thoughtful choice for birthdays, Mother’s Day, or anyone who loves distinctive Irish designs.</li>
</ul>
<p><strong>Handmade in Ireland</strong><br><strong>Price includes shipping</strong></p>",Mullingar Pewter,,Gifts for her,"21st, 40th, 50th, accessories, birthday, celtic, general gift, general gifts, gift, hair, her, Heritage, irish, pewter, pewter silver, imported, unlisted",false,Choose Style,P339 Barrette Hair Pin (3 Shield),,,,,P339 Barrette Hair Pin (3 Shield),0,shopify,0,deny,manual,19.95,,true,false,,https://cdn.shopify.com/s/files/1/1565/2549/products/GM6_2147-Edit.jpg?v=1660296231,1,Pewter Barrette Hair Pin - Celtic Designs.,false,Pewter Barrette Hair Pin,"Product Codes: P339 & P340 – Pewter Barrette Hair Pins (Celtic Designs) Adorn your hair with timeless beauty using our Pewter Barrette Hair Pins, available in the stunning 3-Shield and Single-Shield designs. These pieces feature intricately intertwined dragon heads and Celtic knots, inspired by Ireland’s rich artistic ",,,,,,,,,,,,,g,,,true,true,,,unlisted
barrette-hair-pin-celtic-2-types,,,,,,,false,,P340 Barrette Hair Pin (1 Shield),,,,,P340 Barrette Hair Pin (1 Shield),0,shopify,0,deny,manual,19.95,,true,false,,,,,,,,,,,,,,,,,,,,g,,,,,,,unlisted
barrette-hair-pin-celtic-2-types,,,,,,,false,,,,,,,,,,,,,,,,,,https://cdn.shopify.com/s/files/1/1565/2549/products/GM6_2140-Edit.jpg?v=1660296231,2,Pewter Barrette Hair Pin - Celtic Designs.,,,,,,,,,,,,,,,,,,,,,,,unlisted
barrette-hair-pin-celtic-2-types,,,,,,,false,,,,,,,,,,,,,,,,,,https://cdn.shopify.com/s/files/1/1565/2549/products/BARRETTEHAIRPIN_3SHIELD_cca9caef-d7a8-4d54-916c-f83e726def46.jpg?v=1660296231,3,Pewter Barrette Hair Pin - Celtic Designs.,,,,,,,,,,,,,,,,,,,,,,,unlisted
barrette-hair-pin-celtic-2-types,,,,,,,false,,,,,,,,,,,,,,,,,,https://cdn.shopify.com/s/files/1/1565/2549/products/BARRETTEHAIRPIN_1SHIELD_84b4c5b0-a914-4772-b1f3-5c5c394316ab.jpg?v=1660296231,4,Pewter Barrette Hair Pin - Celtic Designs.,,,,,,,,,,,,,,,,,,,,,,,unlisted
woodlands-measure,Mullingar Pewter Irish Woodlands Themed Measures,"<p><strong>Product Code: B92550 - Mullingar Pewter Irish Woodlands Themed Measures</strong></p>
<p>Discover the charm of Irish craftsmanship with our exclusive Irish Pewter Woodland Measures. Available in four unique types—Duck, Stag, Fox, and Hare—each piece celebrates Ireland’s rich heritage and natural beauty. Crafted using the revived ancient art of pewter making, these measures are not only functional but also exquisitely detailed, making them perfect keepsakes or gifts for lovers of Irish tradition and craftsmanship.</p>
<p><strong>Key Features:</strong></p>
<ul>
<li>
<strong>Distinctive Woodland Themes:</strong> Choose from Duck, Stag, Fox, or Hare designs, each beautifully depicting Ireland's vibrant woodlands.</li>
<li>
<strong>Handcrafted Excellence:</strong> Each measure is crafted with care using traditional pewter-making techniques, ensuring a high-quality finish that reflects the artistry of Ireland.</li>
<li>
<strong>Intricate Embossing:</strong> Features detailed woodland scenes, along with a beautifully carved base and handle, adding a touch of elegance and authenticity to your collection.</li>
<li>
<strong>Compact and Functional:</strong> With a height of 2 1/2 inches and a capacity of 1 FL Oz, these measures are ideal for precise measurements and adding a dash of Irish flair to your barware.</li>
</ul>
<p><strong>Measurements:</strong></p>
<ul>
<li>
<strong>Height:</strong> 2 1/2""</li>
<li>
<strong>Capacity:</strong> 1 FL Oz</li>
</ul>
<p><strong>Additional Information:</strong></p>
<ul>
<li>
<strong>Handmade in Ireland:</strong> Each measure is a testament to the rich tradition of Irish craftsmanship.</li>
<li>
<strong>Inclusive Pricing:</strong> The price includes worldwide shipping.</li>
</ul>
<p><span style=""text-decoration: underline;""><strong>About our Pewter Measures</strong></span></p>
<p>Our metal content in all of the above is 92-95% tin with a balance of Copper and Antimony.</p>
<p>Our metal is Lead free and complies with EU, FDA,BS and Proposition 65 standards.</p>
<p>Our items are packaged in Black and Silver Mullingar Pewter Packaging where possible.</p>",Mullingar Pewter,,Measure,"bronze, duck, fox, general gift, general gifts, gift, Hare, irish, irish whiskey, jameson, middleton, pewter silver, pewter spirit, spirit, sports, stag, tankard, tullamore dew, whiskey, whisky, imported, unlisted",false,Style,"Set of 4 measures, one of each style",,,,,B92550  set of 4,0,shopify,0,deny,manual,214.95,,true,false,,https://cdn.shopify.com/s/files/1/1565/2549/products/WOODLANDSSHOTS1OZ.jpg?v=1623258939,1,Mullingar Pewter Irish Woodlands Themed Measures,false,Mullingar Pewter Irish Woodlands Themed Measures,"Product Code: B92550 - Mullingar Pewter Irish Woodlands Themed Measures Discover the charm of Irish craftsmanship with our exclusive Irish Pewter Woodland Measures. Available in four unique types—Duck, Stag, Fox, and Hare—each piece celebrates Ireland’s rich heritage and natural beauty. Crafted using the revived ancien",,,,,,,,,,,,,g,,,true,true,,,unlisted
woodlands-measure,,,,,,,false,,Duck,,,,,B92550 Duck,0,shopify,0,deny,manual,57.95,,true,false,,,,,,,,,,,,,,,,,,,,g,,,,,,,unlisted
woodlands-measure,,,,,,,false,,Stag,,,,,B92550 Stag,0,shopify,0,deny,manual,57.95,,true,false,,,,,,,,,,,,,,,,,,,,g,,,,,,,unlisted
woodlands-measure,,,,,,,false,,Fox,,,,,B92550 Fox,0,shopify,0,deny,manual,57.95,,true,false,,,,,,,,,,,,,,,,,,,,g,,,,,,,unlisted
woodlands-measure,,,,,,,false,,Hare,,,,,B92550 Hare,0,shopify,0,deny,manual,57.95,,true,false,,,,,,,,,,,,,,,,,,,,g,,,,,,,unlisted
woodlands-measure,,,,,,,false,,,,,,,,,,,,,,,,,,https://cdn.shopify.com/s/files/1/1565/2549/products/WOODLANDS1OZSHOTRABBIT.jpg?v=1649842519,2,Mullingar Pewter Irish Woodlands Themed Measures,,,,,,,,,,,,,,,,,,,,,,,unlisted
woodlands-measure,,,,,,,false,,,,,,,,,,,,,,,,,,https://cdn.shopify.com/s/files/1/1565/2549/products/WOODLANDSIOZSHOTDUCK.jpg?v=1623259286,3,Mullingar Pewter Irish Woodlands Themed Measures,,,,,,,,,,,,,,,,,,,,,,,unlisted
woodlands-measure,,,,,,,false,,,,,,,,,,,,,,,,,,https://cdn.shopify.com/s/files/1/1565/2549/products/WOODLANDS1OZSHOTSTAG.jpg?v=1623259401,4,Mullingar Pewter Irish Woodlands Themed Measures,,,,,,,,,,,,,,,,,,,,,,,unlisted
woodlands-measure,,,,,,,false,,,,,,,,,,,,,,,,,,https://cdn.shopify.com/s/files/1/1565/2549/products/WOODLANDS1OZSHOTFOX.jpg?v=1623259511,5,Mullingar Pewter Irish Woodlands Themed Measures,,,,,,,,,,,,,,,,,,,,,,,unlisted
glass-beer-tankard-with-pewter-design,Mullingar Pewter Glass Beer Tankard in presentation box.,"<p data-start=""172"" data-end=""256""><strong data-start=""172"" data-end=""256"">Product Code: P281A – Mullingar Pewter 15oz Glass Beer Tankard with Pewter Design</strong></p>
<p data-start=""258"" data-end=""543"">This handcrafted <strong data-start=""275"" data-end=""314"">Mullingar Pewter glass beer tankard</strong> is a customer favourite and a timeless Irish gift. Made in Ireland, each sturdy <strong data-start=""395"" data-end=""416"">15oz beer tankard</strong> is beautifully finished with the finest quality <strong data-start=""465"" data-end=""491"">Irish pewter detailing</strong> and presented in a <strong data-start=""511"" data-end=""542"">gift-ready presentation box</strong>.</p>
<p data-start=""545"" data-end=""744"">Choose from a wide range of <strong data-start=""573"" data-end=""608"">Irish and Celtic pewter designs</strong>, including horse racing, golf, Claddagh, shamrocks, Celtic motifs, dad themes and more — making it a versatile gift for many occasions.</p>
<p data-start=""746"" data-end=""763""><strong data-start=""746"" data-end=""763"">Key Features:</strong></p>
<ul data-start=""764"" data-end=""980"">
<li data-start=""764"" data-end=""787"">
<p data-start=""766"" data-end=""787"">Handmade in Ireland</p>
</li>
<li data-start=""788"" data-end=""821"">
<p data-start=""790"" data-end=""821"">15oz heavy glass beer tankard</p>
</li>
<li data-start=""822"" data-end=""863"">
<p data-start=""824"" data-end=""863"">Authentic Mullingar Pewter decoration</p>
</li>
<li data-start=""864"" data-end=""907"">
<p data-start=""866"" data-end=""907"">Presented in a premium presentation box</p>
</li>
<li data-start=""908"" data-end=""940"">
<p data-start=""910"" data-end=""940"">Choice of 10+ pewter designs</p>
</li>
<li data-start=""941"" data-end=""980"">
<p data-start=""943"" data-end=""980"">Price includes <strong data-start=""958"" data-end=""980"">worldwide shipping</strong></p>
</li>
</ul>
<p data-start=""982"" data-end=""1145""><strong data-start=""982"" data-end=""998"">Perfect For:</strong><br data-start=""998"" data-end=""1001"">Father’s Day gifts, birthday gifts, Irish gifts, beer lovers, golfers, fishermen, horse racing fans, dads, BBQs, parties, and special occasions.</p>
<p data-start=""1147"" data-end=""1286"">This classic <strong data-start=""1160"" data-end=""1182"">Irish beer tankard</strong> combines traditional craftsmanship with everyday practicality — a gift designed to be used and enjoyed.</p>",Mullingar Pewter,,Tankard,"18th, 21st, 25th, 30th, 40th, 50th, 60th, birthday, bronze, budweiser, carlsberg, celebration, celtic, coors, dad, fish, fishing, fosters, general gift, general gifts, gift, golf, golfer, grandad, granddad, guinness, guinness pint, HEINEKEN, Heritage, horse, horse racing, irish, men, pewter pint tankard, pewter silver, PINT, pint tankard, shamrock, sports, tankard, triskele, wedding, wedding gifts, imported, unlisted",false,Style,DAD,,,,,P281A DAD,0,shopify,0,deny,manual,47.95,,true,false,,https://cdn.shopify.com/s/files/1/1565/2549/products/1632740856229.jpg?v=1702381731,1,Mullingar Pewter Glass Beer Tankard in presentation box.,false,Mullingar Pewter Glass Beer Tankard in presentation box.,"Product Code: P281A – Mullingar Pewter 15oz Glass Beer Tankard with Pewter Design This handcrafted Mullingar Pewter glass beer tankard is a customer favourite and a timeless Irish gift. Made in Ireland, each sturdy 15oz beer tankard is beautifully finished with the finest quality Irish pewter detailing and presented in",,,,,,,,,,,,,g,,,true,true,,,unlisted
glass-beer-tankard-with-pewter-design,,,,,,,false,,CEL 4,,,,,P281A Cel 4,0,shopify,0,deny,manual,47.95,,true,false,,,,,,,,,,,,,,,,,,,,g,,,,,,,unlisted
glass-beer-tankard-with-pewter-design,,,,,,,false,,CLADDAGH,,,,,P281A Claddagh,0,shopify,0,deny,manual,47.95,,true,false,,,,,,,,,,,,,,,,,,,,g,,,,,,,unlisted
glass-beer-tankard-with-pewter-design,,,,,,,false,,FISH,,,,,P281A Fish,0,shopify,0,deny,manual,47.95,,true,false,,,,,,,,,,,,,,,,,,,,g,,,,,,,unlisted
glass-beer-tankard-with-pewter-design,,,,,,,false,,GOLFER,,,,,P281A Golfer,0,shopify,0,deny,manual,47.95,,true,false,,,,,,,,,,,,,,,,,,,,g,,,,,,,unlisted
glass-beer-tankard-with-pewter-design,,,,,,,false,,HORSE HEAD,,,,,P281A Horse Head,0,shopify,0,deny,manual,47.95,,true,false,,,,,,,,,,,,,,,,,,,,g,,,,,,,unlisted
glass-beer-tankard-with-pewter-design,,,,,,,false,,HORSE RACING,,,,,P281A Horse Racing,0,shopify,0,deny,manual,47.95,,true,false,,,,,,,,,,,,,,,,,,,,g,,,,,,,unlisted
glass-beer-tankard-with-pewter-design,,,,,,,false,,SHAMROCK,,,,,P281A Shamrock,0,shopify,0,deny,manual,47.95,,true,false,,,,,,,,,,,,,,,,,,,,g,,,,,,,unlisted
glass-beer-tankard-with-pewter-design,,,,,,,false,,T4,,,,,P281A T4,0,shopify,0,deny,manual,47.95,,true,false,,,,,,,,,,,,,,,,,,,,g,,,,,,,unlisted
glass-beer-tankard-with-pewter-design,,,,,,,false,,IRELAND MOTIF,,,,,P281A Ireland Motif,0,shopify,0,deny,manual,47.95,,true,false,,,,,,,,,,,,,,,,,,,,g,,,,,,,unlisted
glass-beer-tankard-with-pewter-design,,,,,,,false,,CELTIC 8,,,,,P281A Celtic 8,0,shopify,0,deny,manual,47.95,,true,false,,,,,,,,,,,,,,,,,,,,g,,,,,,,unlisted
glass-beer-tankard-with-pewter-design,,,,,,,false,,,,,,,,,,,,,,,,,,https://cdn.shopify.com/s/files/1/1565/2549/products/1635862712072.jpg?v=1702381731,2,Mullingar Pewter Glass Beer Tankard in presentation box.,,,,,,,,,,,,,,,,,,,,,,,unlisted
glass-beer-tankard-with-pewter-design,,,,,,,false,,,,,,,,,,,,,,,,,,https://cdn.shopify.com/s/files/1/1565/2549/products/GLASSBEERTANKARDCEL4.jpg?v=1638796639,3,Mullingar Pewter Glass Beer Tankard in presentation box.,,,,,,,,,,,,,,,,,,,,,,,unlisted
glass-beer-tankard-with-pewter-design,,,,,,,false,,,,,,,,,,,,,,,,,,https://cdn.shopify.com/s/files/1/1565/2549/products/GLASSBEERTANKARDDADDESIGN.jpg?v=1638796639,4,Mullingar Pewter Glass Beer Tankard in presentation box.,,,,,,,,,,,,,,,,,,,,,,,unlisted
glass-beer-tankard-with-pewter-design,,,,,,,false,,,,,,,,,,,,,,,,,,https://cdn.shopify.com/s/files/1/1565/2549/products/GLASSBEERTANKARDCLADDAGH.jpg?v=1638796639,5,Mullingar Pewter Glass Beer Tankard in presentation box.,,,,,,,,,,,,,,,,,,,,,,,unlisted
stainless-steel-flask-with-pewter-design-collection,Stainless Steel Flask with Various Irish Designs in Pewter,"<p><strong>Product code: 5724B Stainless Steel Flask with Various Irish Designs in Pewter </strong></p>
<p style=""margin: 0cm 0cm 12.0pt 0cm;""><span style=""font-size: 8.0pt; font-family: 'Arial','sans-serif'; color: #212b36;"">This simple yet beautiful hip flask made of stainless steel and embossed with Mullingar Pewter,  the perfect gift or an ideal item to have yourself. Our hip flasks are embossed with a Pewter disc with number of designs to choose from. 5oz capacity.</span></p>
<p> HANDMADE IN IRELAND  Price inclusive of postage</p>
<p><span style=""text-decoration: underline;""><strong>About our Stainless Steel Flasks</strong></span></p>
<p class=""MsoNormal"">All our stainless steel flasks are made from food and drink grade stainless steel and are drink safe.</p>
<p class=""MsoNormal"">The pewter decorations we add to our flasks are made from a lead free pewter alloy of 92-95% tin with a balance of Copper and Antimony.</p>
<p class=""MsoNormal"">All our flasks are packaged with a Mullingar Pewter card, box or wrapped as gift presentable.</p>
<p><br></p>",Mullingar Pewter,,Flask,"18th, 21st, 25th, 30th, 40th, 50th, 60th, 65th, 70th, anniversay, birthday, bronze, celebration, celtic, celtic flask, claddagh, drinking flask, flask, gift, groomsman, harp, horse racing, irish, jameson, men, middleton, pewter celtic flask, pewter celtic whiskey flask, pewter flask, PEWTER SILVER FLASK, pewter spirit, pewter sports flask, pocket flask, scotland, scottish, shamrock, spirit, spirit measure, spirits, sports, sports flask, trinity, triskele, tullamore dew, wedding, whiskey, whisky, imported, unlisted",false,Choose Design,CELTIC A,,,,,5724B Cel A,0,shopify,0,deny,manual,41.95,,true,false,,https://cdn.shopify.com/s/files/1/1565/2549/products/WHISKEYFLASKCELTICA.5OZ.jpg?v=1622761564,1,Stainless Steel Flask with Various Irish Designs in Pewter,false,Stainless Steel Flask with Various Irish Designs in Pewter,"Product code: 5724B Stainless Steel Flask with Various Irish Designs in Pewter This simple yet beautiful hip flask made of stainless steel and embossed with Mullingar Pewter, the perfect gift or an ideal item to have yourself. Our hip flasks are embossed with a Pewter disc with number of designs to choose from. 5oz cap",,,,,,,,,,,,,g,,,true,true,,,unlisted
stainless-steel-flask-with-pewter-design-collection,,,,,,,false,,CELTIC B,,,,,5724B Cel B,0,shopify,0,deny,manual,41.95,,true,false,,,,,,,,,,,,,,,,,,,,g,,,,,,,unlisted
stainless-steel-flask-with-pewter-design-collection,,,,,,,false,,CELTIC C,,,,,5724B Cel C,0,shopify,0,deny,manual,41.95,,true,false,,,,,,,,,,,,,,,,,,,,g,,,,,,,unlisted
stainless-steel-flask-with-pewter-design-collection,,,,,,,false,,CELTIC D,,,,,5724B Cel D,0,shopify,0,deny,manual,41.95,,true,false,,,,,,,,,,,,,,,,,,,,g,,,,,,,unlisted
stainless-steel-flask-with-pewter-design-collection,,,,,,,false,,CELTIC E,,,,,5724B Cel E,0,shopify,0,deny,manual,41.95,,true,false,,,,,,,,,,,,,,,,,,,,g,,,,,,,unlisted
stainless-steel-flask-with-pewter-design-collection,,,,,,,false,,HARP1,,,,,5724B Harp 1,0,shopify,0,deny,manual,41.95,,true,false,,,,,,,,,,,,,,,,,,,,g,,,,,,,unlisted
stainless-steel-flask-with-pewter-design-collection,,,,,,,false,,CLADDAGH1,,,,,5724B Clad 1,0,shopify,0,deny,manual,41.95,,true,false,,,,,,,,,,,,,,,,,,,,g,,,,,,,unlisted
stainless-steel-flask-with-pewter-design-collection,,,,,,,false,,IRL MAP,,,,,5724B Irl Map,0,shopify,0,deny,manual,41.95,,true,false,,,,,,,,,,,,,,,,,,,,g,,,,,,,unlisted
stainless-steel-flask-with-pewter-design-collection,,,,,,,false,,IRISH,,,,,5724B Irish,0,shopify,0,deny,manual,41.95,,true,false,,,,,,,,,,,,,,,,,,,,g,,,,,,,unlisted
stainless-steel-flask-with-pewter-design-collection,,,,,,,false,,SCOTTISH MAP,,,,,5724B Scot Map,0,shopify,0,deny,manual,41.95,,true,false,,,,,,,,,,,,,,,,,,,,g,,,,,,,unlisted
stainless-steel-flask-with-pewter-design-collection,,,,,,,false,,SHAMROCK/TRINITY,,,,,5724B Sham/Trin,0,shopify,0,deny,manual,41.95,,true,false,,,,,,,,,,,,,,,,,,,,g,,,,,,,unlisted
stainless-steel-flask-with-pewter-design-collection,,,,,,,false,,SHAMROCK1,,,,,5724B Sham 1,0,shopify,0,deny,manual,41.95,,true,false,,,,,,,,,,,,,,,,,,,,g,,,,,,,unlisted
stainless-steel-flask-with-pewter-design-collection,,,,,,,false,,T4,,,,,5724B T4,0,shopify,0,deny,manual,41.95,,true,false,,,,,,,,,,,,,,,,,,,,g,,,,,,,unlisted
stainless-steel-flask-with-pewter-design-collection,,,,,,,false,,USA Flag,,,,,5724B USA Flag,0,shopify,0,deny,manual,41.95,,true,false,,,,,,,,,,,,,,,,,,,,g,,,,,,,unlisted
stainless-steel-flask-with-pewter-design-collection,,,,,,,false,,,,,,,,,,,,,,,,,,https://cdn.shopify.com/s/files/1/1565/2549/products/5724BCELB.jpg?v=1642698711,2,Stainless Steel Flask with Various Irish Designs in Pewter,,,,,,,,,,,,,,,,,,,,,,,unlisted
stainless-steel-flask-with-pewter-design-collection,,,,,,,false,,,,,,,,,,,,,,,,,,https://cdn.shopify.com/s/files/1/1565/2549/products/5724BCELC.jpg?v=1622761641,3,Stainless Steel Flask with Various Irish Designs in Pewter,,,,,,,,,,,,,,,,,,,,,,,unlisted
stainless-steel-flask-with-pewter-design-collection,,,,,,,false,,,,,,,,,,,,,,,,,,https://cdn.shopify.com/s/files/1/1565/2549/products/WHISKEYFLASKCELTICD.5OZ.jpg?v=1622761721,4,Stainless Steel Flask with Various Irish Designs in Pewter,,,,,,,,,,,,,,,,,,,,,,,unlisted
stainless-steel-flask-with-pewter-design-collection,,,,,,,false,,,,,,,,,,,,,,,,,,https://cdn.shopify.com/s/files/1/1565/2549/products/WHISKEYFLASKCELTICE.5OZ.jpg?v=1622761774,5,Stainless Steel Flask with Various Irish Designs in Pewter,,,,,,,,,,,,,,,,,,,,,,,unlisted
mini-keepsake-urns,Keepsake Urns Pewter finish,"<p><strong>Product Code P349 (Small) &amp; P348 (Large): Keepsake Urns with Pewter Finish</strong></p>
<p>Honor and cherish your loved one with our handcrafted <strong>Keepsake Urns</strong>, inspired by the intricate beauty of the Kells manuscript. These secure urns provide a meaningful way to hold and safeguard a small portion of cremation ashes, serving as a personal and heartfelt memorial.</p>
<p>✨ <strong>Available Sizes:</strong></p>
<ul>
<li>
<strong>P349 (Small):</strong> 5"" tall</li>
<li>
<strong>P348 (Large):</strong> 7"" tall</li>
</ul>
<p>✨ <strong>Features:</strong></p>
<ul>
<li>Includes a wood base for elegant display</li>
<li>Comes with a pewter engraving strip</li>
<li>Includes up to 30 letters of custom engraving</li>
</ul>
<p>Perfect for family members wishing to share ashes or as a private keepsake, these urns can be displayed or stored discreetly.</p>
<p><strong>Handmade in Mullingar, Ireland</strong> | <strong>Price includes worldwide shipping</strong></p>
<p>Create a lasting tribute with these timeless memorial keepsakes. <strong>Order now.</strong></p>",Mullingar Pewter,,Religious,"amphora, beloved, bereavement, bible, book of kells, burial, casket, cinerary, coffin, cremains, cremation, cremation urn, death, deprivation, forever loved, grief, In loving memory, in memory of, irish urn, kells design, loss, lost one, loved one, memorial, mini keepsake urn, pewter kells design urn, pewter urn, rest in peace, RIP, sorrow, urn, imported, unlisted",false,Style,Mini Keepsake Urn (sm),,,,,P349,0,shopify,0,deny,manual,71.95,,true,false,,https://cdn.shopify.com/s/files/1/1565/2549/products/Urnsocialpost.jpg?v=1626778585,1,Keepsake Urns Pewter finish,false,Keepsake Urns Pewter finish,"Product Code P349 (Small) & P348 (Large): Keepsake Urns with Pewter Finish Honor and cherish your loved one with our handcrafted Keepsake Urns, inspired by the intricate beauty of the Kells manuscript. These secure urns provide a meaningful way to hold and safeguard a small portion of cremation ashes, serving as a pers",,,,,,,,,,,,,g,,,true,true,,,unlisted
mini-keepsake-urns,,,,,,,false,,Mini Keepsake Urn (Lg),,,,,P348,0,shopify,0,deny,manual,83.95,,true,false,,,,,,,,,,,,,,,,,,,,g,,,,,,,unlisted
mini-keepsake-urns,,,,,,,false,,"Pair (1 sml, 1 Lrg)",,,,,P348 & P349,0,shopify,0,deny,manual,154.95,,true,false,,,,,,,,,,,,,,,,,,,,g,,,,,,,unlisted
mini-keepsake-urns,,,,,,,false,,,,,,,,,,,,,,,,,,https://cdn.shopify.com/s/files/1/1565/2549/products/MINIKEEPSAKEURN_SMALL_aec14958-de6c-4f5b-8131-05e2b219b523.jpg?v=1626778585,2,Keepsake Urns Pewter finish,,,,,,,,,,,,,,,,,,,,,,,unlisted
mini-keepsake-urns,,,,,,,false,,,,,,,,,,,,,,,,,,https://cdn.shopify.com/s/files/1/1565/2549/products/MINIKEEPSAKEURN.jpg?v=1626778585,3,Keepsake Urns Pewter finish,,,,,,,,,,,,,,,,,,,,,,,unlisted
celtic-whiskey-flask-9oz,Stainless Steel Drinks Flask with Pewter Celtic Design,"<p><span style=""text-decoration: underline;""><strong>Stainless Steel Drinks Flask with Pewter Celtic Design</strong></span></p>
<p><span style=""text-decoration: underline;""><strong>9oz  Whiskey Flasks, 3 to choose from</strong></span></p>
<p>1709 Celtic Dragon Whiskey Flask</p>
<p>1709-1 Celtic Dragon Whiskey Flask with engravable disc</p>
<p>1709 T4  - <span style=""font-size: 8.0pt; font-family: 'Arial','sans-serif'; color: #333333;"">‘Triquerta’ meaning three-cornered, is the latin word given to the Trinity knot. Found in the famous Kells manuscripts, it is believed that one of the many symbols of the Trinity knot is religious – representing the Father, the Son and the Holy Spirit. It is also believed that the Trinity knot is a symbol of three forces of nature; water, fire and earth. In Celtic culture, the number 3 is hugely symbolic. Many things come in threes in Celtic beliefs, such as the three domains (earth, sky, sea) and the three stages of life (youth, adulthood, old age</span></p>
<p><span style=""font-size: 8.0pt; font-family: 'Arial','sans-serif'; color: #333333;"">HANDMADE IN IRELAND   </span>Price inclusive of Postage. </p>
<p><span style=""text-decoration: underline;""><strong>About our Stainless Steel Flasks</strong></span></p>
<p class=""MsoNormal"">All our stainless steel flasks are made from food and drink grade stainless steel and are drink safe.</p>
<p class=""MsoNormal"">The pewter decorations we add to our flasks are made from a lead free pewter alloy of 92-95% tin with a balance of Copper and Antimony.</p>
<p class=""MsoNormal"">All our flasks are packaged with a Mullingar Pewter card, box or wrapped as gift presentable.</p>",Mullingar Pewter,,Drinkware,"bronze, celtic, celtic dragon, celtic whisky, drink flask, flask, gift, Irish, irish whiskey, jameson, men, middleton, pewter whiskey flask, Scottish, sports, tullamore dew, whiskey, whisky, imported, unlisted",false,Choose Design,Celtic Dragon,,,,,1709 Celtic Dragon,0,shopify,0,deny,manual,83.95,,true,false,,https://cdn.shopify.com/s/files/1/1565/2549/products/WHISKEYFLASKBLLEATHERCELTICDRAG.9OZ.jpg?v=1642697859,1,Stainless Steel Drinks Flask with Pewter Celtic Design,false,Stainless Steel Drinks Flask with Pewter Celtic Design,"Stainless Steel Drinks Flask with Pewter Celtic Design 9oz Whiskey Flasks, 3 to choose from 1709 Celtic Dragon Whiskey Flask 1709-1 Celtic Dragon Whiskey Flask with engravable disc 1709 T4 - ‘Triquerta’ meaning three-cornered, is the latin word given to the Trinity knot. Found in the famous Kells manuscripts, it is bel",,,,,,,,,,,,,g,,,true,true,,,unlisted
celtic-whiskey-flask-9oz,,,,,,,false,,Celtic Dragon engravable,,,,,1709-1 Cel Dragon eng,0,shopify,0,deny,manual,83.95,,true,false,,,,,,,,,,,,,,,,,,,,g,,,,,,,unlisted
celtic-whiskey-flask-9oz,,,,,,,false,,T4,,,,,1709 T4,0,shopify,0,deny,manual,83.95,,true,false,,,,,,,,,,,,,,,,,,,,g,,,,,,,unlisted
celtic-whiskey-flask-9oz,,,,,,,false,,,,,,,,,,,,,,,,,,https://cdn.shopify.com/s/files/1/1565/2549/products/WHISKEYFLASKBL.LEATHERCEL.DRAGON9OZENGRAVABLE.jpg?v=1642697873,2,Stainless Steel Drinks Flask with Pewter Celtic Design,,,,,,,,,,,,,,,,,,,,,,,unlisted
celtic-whiskey-flask-9oz,,,,,,,false,,,,,,,,,,,,,,,,,,https://cdn.shopify.com/s/files/1/1565/2549/products/WHISKEYFLASKBL.LEATHERTRINITY49OZ.jpg?v=1642697889,3,Stainless Steel Drinks Flask with Pewter Celtic Design,,,,,,,,,,,,,,,,,,,,,,,unlisted
tie-pin-cufflinks,Mullingar Pewter Tie Pin & Cufflinks,"<p data-start=""252"" data-end=""336""><strong data-start=""252"" data-end=""336"">P358: Irish Tie Pin &amp; Cufflinks Set – Claddagh or Shamrock | Handmade in Ireland</strong></p>
<p data-start=""338"" data-end=""643"">Elevate formal wear with this <strong data-start=""368"" data-end=""412"">Irish Tie Pin and Matching Cufflinks Set</strong>, handcrafted in solid pewter by <strong data-start=""445"" data-end=""474"">Mullingar Pewter, Ireland</strong>. Featuring two of Ireland’s most iconic symbols — the <strong data-start=""529"" data-end=""541"">Claddagh</strong> or the <strong data-start=""549"" data-end=""561"">Shamrock</strong> — this timeless set blends traditional Irish heritage with refined craftsmanship.</p>
<p data-start=""645"" data-end=""816"">A popular choice for <strong data-start=""666"" data-end=""743"">weddings, groomsmen, Father’s Day, anniversaries and Irish heritage gifts</strong>, this pewter tie pin and cufflinks set is both meaningful and versatile.</p>
<hr data-start=""818"" data-end=""821"">
<h3 data-start=""823"" data-end=""859""><strong data-start=""827"" data-end=""859"">Claddagh Tie Pin &amp; Cufflinks</strong></h3>
<p data-start=""860"" data-end=""1125"">Showcasing the world-famous <strong data-start=""888"" data-end=""907"">Claddagh symbol</strong>, representing <strong data-start=""922"" data-end=""954"">Love, Loyalty and Friendship</strong>, this design originates from <strong data-start=""984"" data-end=""1008"">Claddagh, Co. Galway</strong> and dates back to <strong data-start=""1027"" data-end=""1035"">1689</strong>. Rich in Irish history and sentiment, it remains one of Ireland’s most treasured emblems.</p>
<ul data-start=""1127"" data-end=""1198"">
<li data-start=""1127"" data-end=""1153"">
<p data-start=""1129"" data-end=""1153""><strong data-start=""1129"" data-end=""1138"">Hands</strong> – Friendship</p>
</li>
<li data-start=""1154"" data-end=""1174"">
<p data-start=""1156"" data-end=""1174""><strong data-start=""1156"" data-end=""1165"">Heart</strong> – Love</p>
</li>
<li data-start=""1175"" data-end=""1198"">
<p data-start=""1177"" data-end=""1198""><strong data-start=""1177"" data-end=""1186"">Crown</strong> – Loyalty</p>
</li>
</ul>
<p data-start=""1200"" data-end=""1255"">A classic <strong data-start=""1210"" data-end=""1233"">Irish Claddagh gift</strong> with lasting meaning.</p>
<hr data-start=""1257"" data-end=""1260"">
<h3 data-start=""1262"" data-end=""1298""><strong data-start=""1266"" data-end=""1298"">Shamrock Tie Pin &amp; Cufflinks</strong></h3>
<p data-start=""1299"" data-end=""1575"">Featuring the iconic <strong data-start=""1320"" data-end=""1338"">Irish Shamrock</strong>, a symbol closely associated with <strong data-start=""1373"" data-end=""1390"">Saint Patrick</strong> and Irish identity. Traditionally used to represent the <strong data-start=""1447"" data-end=""1463"">Holy Trinity</strong>, this design is finished with subtle <strong data-start=""1501"" data-end=""1521"">Celtic detailing</strong>, celebrating Irish faith, heritage and craftsmanship.</p>
<p data-start=""1577"" data-end=""1636"">A meaningful <strong data-start=""1590"" data-end=""1613"">Irish Shamrock gift</strong> for special occasions.</p>
<hr data-start=""1638"" data-end=""1641"">
<h3 data-start=""1643"" data-end=""1683""><strong data-start=""1647"" data-end=""1683"">Why Choose This Irish Pewter Set</strong></h3>
<ul data-start=""1684"" data-end=""2017"">
<li data-start=""1684"" data-end=""1733"">
<p data-start=""1686"" data-end=""1733"">Authentic <strong data-start=""1696"" data-end=""1731"">Irish tie pin and cufflinks set</strong></p>
</li>
<li data-start=""1734"" data-end=""1783"">
<p data-start=""1736"" data-end=""1783"">Available in <strong data-start=""1749"" data-end=""1781"">Claddagh or Shamrock designs</strong></p>
</li>
<li data-start=""1784"" data-end=""1836"">
<p data-start=""1786"" data-end=""1836"">Handcrafted <strong data-start=""1798"" data-end=""1834"">pewter jewellery made in Ireland</strong></p>
</li>
<li data-start=""1837"" data-end=""1904"">
<p data-start=""1839"" data-end=""1904"">Ideal <strong data-start=""1845"" data-end=""1902"">Irish gift for weddings, groomsmen &amp; formal occasions</strong></p>
</li>
<li data-start=""1905"" data-end=""1962"">
<p data-start=""1907"" data-end=""1962"">Suitable for <strong data-start=""1920"" data-end=""1960"">ceremonial, business and formal wear</strong></p>
</li>
<li data-start=""1963"" data-end=""2017"">
<p data-start=""1965"" data-end=""2017"">Handmade by skilled artisans at <strong data-start=""1997"" data-end=""2017"">Mullingar Pewter</strong></p>
</li>
</ul>
<p data-start=""2019"" data-end=""2092""><strong data-start=""2019"" data-end=""2042"">Handmade in Ireland</strong><br data-start=""2042"" data-end=""2045"">✔️ <strong data-start=""2048"" data-end=""2092"">Worldwide shipping included in the price</strong></p>",Mullingar Pewter,,Gifts for Men,"claddagh, cufflinks, cuffs, gents pewter cufflinks, gents pewter tie pin, ireland, irish, luck of the irish, pewter cufflings, pewter cuffs, pewter ireland, pewter silver, pewter silver cufflinks, pewter silver tie pin, pewter tie pin, shamrock, tie, tie pin, imported, unlisted",false,Style,Claddagh,,,,,P358 Clad,0,shopify,0,deny,manual,41.95,,true,false,,https://cdn.shopify.com/s/files/1/1565/2549/products/1632145160974.jpg?v=1650640110,1,Mullingar Pewter Tie Pin & Cufflinks,false,Mullingar Pewter Tie Pin & Cufflinks,"P358: Irish Tie Pin & Cufflinks Set – Claddagh or Shamrock | Handmade in Ireland Elevate formal wear with this Irish Tie Pin and Matching Cufflinks Set, handcrafted in solid pewter by Mullingar Pewter, Ireland. Featuring two of Ireland’s most iconic symbols — the Claddagh or the Shamrock — this timeless set blends trad",,,,,,,,,,,,,g,,,true,true,,,unlisted
tie-pin-cufflinks,,,,,,,false,,Shamrock,,,,,P358 Sham,0,shopify,0,deny,manual,41.95,,true,false,,,,,,,,,,,,,,,,,,,,g,,,,,,,unlisted
tie-pin-cufflinks,,,,,,,false,,,,,,,,,,,,,,,,,,https://cdn.shopify.com/s/files/1/1565/2549/products/1632145160955.jpg?v=1650640110,2,Mullingar Pewter Tie Pin & Cufflinks,,,,,,,,,,,,,,,,,,,,,,,unlisted
tie-pin-cufflinks,,,,,,,false,,,,,,,,,,,,,,,,,,https://cdn.shopify.com/s/files/1/1565/2549/products/TIEPINANDCUFFS.jpg?v=1650640110,3,Mullingar Pewter Tie Pin & Cufflinks,,,,,,,,,,,,,,,,,,,,,,,unlisted
whiskey-flask-celtic-dragon-slimline-6oz,Stainless Steel Drinks Flask with Pewter Celtic Dragon Design,"<p><strong>Product code: 1605-1 Stainless Steel Drinks Flask with Pewter Celtic Dragon Design</strong></p>
<p>Stainless steel/faux leather 6oz whiskey flask, slimline with Celtic Dragon Design, engravable with up to 10 characters.  Faux leather is on front and back</p>
<p>The flask fits elegantly in a gents breast pocket  or a ladies purse.  The ideal Celtic gift for whiskey lovers </p>
<p><strong>HANDMADE IN IRELAND   Price Includes Shipping</strong></p>
<p><span style=""text-decoration: underline;""><strong>About our Stainless Steel Flasks</strong></span></p>
<p class=""MsoNormal"">All our stainless steel flasks are made from food and drink grade stainless steel and are drink safe.</p>
<p class=""MsoNormal"">The pewter decorations we add to our flasks are made from a lead free pewter alloy of 92-95% tin with a balance of Copper and Antimony.</p>
<p class=""MsoNormal"">All our flasks are packaged with a Mullingar Pewter card, box or wrapped as gift presentable.</p>",Mullingar Pewter,,Drinkware,"18th, 21st, 25th, 30th, 40th, 50th, 60th, 65th, celtic, celtic dragon, celtic dragon pewter, dragon, dragon design, flask, pewter celtic, pewter celtic dragon, pewter celtic flask, pewter flask, slim, slimline, whiskey, whisky, imported, unlisted",false,Title,Default Title,,,,,1605-1,0,shopify,0,deny,manual,65.95,,true,false,,https://cdn.shopify.com/s/files/1/1565/2549/products/WHISKEYFLASKSLENDERBLACKENGR.CELTIC5OZ.jpg?v=1642698617,1,Stainless Steel Drinks Flask with Pewter Celtic Dragon Design,false,Stainless Steel Drinks Flask with Pewter Celtic Dragon Design,"Product code: 1605-1 Stainless Steel Drinks Flask with Pewter Celtic Dragon Design Stainless steel/faux leather 6oz whiskey flask, slimline with Celtic Dragon Design, engravable with up to 10 characters. Faux leather is on front and back The flask fits elegantly in a gents breast pocket or a ladies purse. The ideal Cel",,,,,,,,,,,,,g,,,true,true,,,unlisted
book-mark,Irish Literature Bookmark Collection by Mullingar Pewter,"<p><strong><u>Irish Literature Bookmark Collection by Mullingar Pewter</u></strong></p>
<p><strong><u>Product Code P357 Oscar Wilde</u></strong></p>
<p>For any reader this Mullingar Pewter book mark of Oscar Wilde is a great gift. </p>
<p>Oscar Wilde was a famous Author, Poet and Playwright.  Born in Dublin, Ireland in 1854 and died in Paris France in 1900.  Most notably known for his flamboyant life and wit.   His most famous works are The Important of Being Earnest. Solome and Lady Windermere's Fan.</p>
<p>""To live is the rearest thing in the world.  Most people exist, that is all"" Oscar Wilde. </p>
<p>The book mark 3.75 inches in height with a maroon tassel. </p>
<p><strong><u>Product Code P357 James Joyce</u></strong></p>
<p>This is the perfect gift for any reader a James Joyce book mark.</p>
<p>Joyce was born in Dublin in 1882 and died in 1941 in Switzerland where he is buried.  One of Ireland's most famous writers  his most noted book Ulysses (1922)  follows Leopold Bloom for a single day.  Blooms-day is celebrated annually in Dublin on June 16th.  He was also a well known poet and literary critic.</p>
<p>""Mistakes are the portals of discovery"" - James Joyce</p>
<p>The book mark 3.75 inches in height with a maroon tassel.</p>
<p><strong><u>Product Code P357 W.B.Yeats</u></strong></p>
<p>A book mark is a great gift for any reader. This pewter image of W. B. Yeats will enhance any book. </p>
<p>W.B.Yeats famous poet. litterateur and playwright born in Dublin Ireland in 1865 and died in 1939.    He moved to Sligo as a child and fell in love with the country side one of his most famous poems   The Lake Isle of Innisfree is located in Sligo.  He was awarded the Nobel Prize for Literature in 1923.</p>
<p>""I have spread my dreams under your feet.  Tread softly because you tread on my dreams ""  W B Yeats.</p>
<p><strong><u>Product Code P357 Samuel Beckett</u></strong></p>
<p>20th century Irish novelist, playwright and poet Samuel Beckett penned the play Waiting for Godot.</p>
<p>ISamuel Beckett was born on April 13, 1906, in Dublin, Ireland. During the 1930s and 1940s he wrote his first novels and short stories. He wrote a trilogy of novels in the 1950s as well as famous plays like <em>Waiting for Godot</em>. In 1969 he was awarded the Nobel Prize for Literature. His later works included poetry and short story collections and novellas. He died on December 22, 1989 in Paris, France.</p>
<p>The book mark is 3.75 inches in height with a maroon tassel.  </p>
<p><strong><u>Product Code P357 George Bernard Shaw </u></strong></p>
<p>No one wants to loose what page the finished so the best thing to do is have a book mark especially one of our great writers.</p>
<p>George Bernard Shaw born in Dublin in 1856. He wrote more than 60 plays the most famous Pygmalion and St Joan.</p>
<p>He was awarded the Nobel Prize in Literature in 1925.</p>
<p>Notable quotes ""Life isn't about finding yourself.  Life is about creating yourself ""</p>
<p>The book mark 3.75 inches in height with a maroon tassel.</p>
<p><strong>HANDMADE IN IRELAND   Price includes Shipping</strong></p>
<p> </p>",Mullingar Pewter,,bookmarks,"Bookmark, books, dramatists, famous irish writers, George Bernard Shaw, irish poets, irish writers, james joyce, litrature, Metal Bookmark, Mullingar Pewter Bookmark, Oscar Wilde, Pewter Bookmark, playwright, samuel beckett, WB Yeats, writers, imported, unlisted",false,Choose Writer,Oscar Wilde,,,,,P357 OW,0,shopify,0,deny,manual,23.95,,true,false,,https://cdn.shopify.com/s/files/1/1565/2549/products/BOOKMARKGEORGEBERNARDSHAW.jpg?v=1642680385,1,Irish Literature Bookmark Collection by Mullingar Pewter,false,Irish Literature Bookmark Collection by Mullingar Pewter,"Irish Literature Bookmark Collection by Mullingar Pewter Product Code P357 Oscar Wilde For any reader this Mullingar Pewter book mark of Oscar Wilde is a great gift. Oscar Wilde was a famous Author, Poet and Playwright. Born in Dublin, Ireland in 1854 and died in Paris France in 1900. Most notably known for his flamboy",,,,,,,,,,,,,g,,,true,true,,,unlisted
book-mark,,,,,,,false,,James Joyce,,,,,P357 JJ,0,shopify,0,deny,manual,23.95,,true,false,,,,,,,,,,,,,,,,,,,,g,,,,,,,unlisted
book-mark,,,,,,,false,,W.B. Yeats,,,,,P357 WBY,0,shopify,0,deny,manual,23.95,,true,false,,,,,,,,,,,,,,,,,,,,g,,,,,,,unlisted
book-mark,,,,,,,false,,Samuel Beckett,,,,,P357 SB,0,shopify,0,deny,manual,23.95,,true,false,,,,,,,,,,,,,,,,,,,,g,,,,,,,unlisted
book-mark,,,,,,,false,,George Bernard Shaw,,,,,P357 GBS,0,shopify,0,deny,manual,23.95,,true,false,,,,,,,,,,,,,,,,,,,,g,,,,,,,unlisted
book-mark,,,,,,,false,,,,,,,,,,,,,,,,,,https://cdn.shopify.com/s/files/1/1565/2549/products/BOOKMARKOSCARWILDE.jpg?v=1642680385,2,Irish Literature Bookmark Collection by Mullingar Pewter,,,,,,,,,,,,,,,,,,,,,,,unlisted
book-mark,,,,,,,false,,,,,,,,,,,,,,,,,,https://cdn.shopify.com/s/files/1/1565/2549/products/BOOKMARKJAMESJOYCE.jpg?v=1642680385,3,Irish Literature Bookmark Collection by Mullingar Pewter,,,,,,,,,,,,,,,,,,,,,,,unlisted
book-mark,,,,,,,false,,,,,,,,,,,,,,,,,,https://cdn.shopify.com/s/files/1/1565/2549/products/BOOKMARKSOFIRISHWRITERS.jpg?v=1642680385,4,Irish Literature Bookmark Collection by Mullingar Pewter,,,,,,,,,,,,,,,,,,,,,,,unlisted
book-mark,,,,,,,false,,,,,,,,,,,,,,,,,,https://cdn.shopify.com/s/files/1/1565/2549/products/BOOKMARKW.B.YEATS.jpg?v=1624004920,5,Irish Literature Bookmark Collection by Mullingar Pewter,,,,,,,,,,,,,,,,,,,,,,,unlisted
pewter-pen,Mullingar Pewter Irish Celtic Design Pen.,"<p><strong>Product code: P322 Mullingar Pewter Irish Celtic Design Pen.</strong></p>
<p>Unique Celtic Knot, Celtic Bird and Shamrock pewter pens.  Ideal gift for Dads, Grandads or Friends. Treat the exam student in your life to a beautiful decorative piece.</p>
<p><strong>HANDMADE IN IRELAND  PRICE INCLUDES SHIPPING</strong></p>",Mullingar Pewter,,Gift,"18th, 21st, 25th, 30th, 40th, 50th, 60th, Celtic, Celtic Bird, Celtic design, Celtic Pen, gift, irish, Kells design, men, Pen, Pewter Pen, Shamrock, Shamrock pen, imported, unlisted",false,P322 Pen,Shamrock,,,,,P322 Shamrock,0,shopify,0,deny,manual,41.95,,true,false,,https://cdn.shopify.com/s/files/1/1565/2549/products/PEWTERPENCELTICKNOT.jpg?v=1702382167,1,Mullingar Pewter Irish Celtic Design Pen.,false,Mullingar Pewter Irish Celtic Design Pen.,"Product code: P322 Mullingar Pewter Irish Celtic Design Pen. Unique Celtic Knot, Celtic Bird and Shamrock pewter pens. Ideal gift for Dads, Grandads or Friends. Treat the exam student in your life to a beautiful decorative piece. HANDMADE IN IRELAND PRICE INCLUDES SHIPPING",,,,,,,,,,,,,g,,,true,true,,,unlisted
pewter-pen,,,,,,,false,,Celtic Bird,,,,,P322 Celtic Bird,0,shopify,0,deny,manual,41.95,,true,false,,,,,,,,,,,,,,,,,,,,g,,,,,,,unlisted
pewter-pen,,,,,,,false,,CELTIC KNOT,,,,,P322 Celtic Knot,0,shopify,0,deny,manual,41.95,,true,false,,,,,,,,,,,,,,,,,,,,g,,,,,,,unlisted
pewter-pen,,,,,,,false,,Set of 3 PEWTER PENS,,,,,P322 A B & C set of 3 pens,0,shopify,0,deny,manual,119.95,,true,false,,,,,,,,,,,,,,,,,,,,g,,,,,,,unlisted
pewter-pen,,,,,,,false,,,,,,,,,,,,,,,,,,https://cdn.shopify.com/s/files/1/1565/2549/products/PEWTERPENSHAMROCK.jpg?v=1642677525,2,Mullingar Pewter Irish Celtic Design Pen.,,,,,,,,,,,,,,,,,,,,,,,unlisted
pewter-pen,,,,,,,false,,,,,,,,,,,,,,,,,,https://cdn.shopify.com/s/files/1/1565/2549/products/PEWTERPENSSHAMROCK_CELTICBIRDANDCELTIC.jpg?v=1642677525,3,Mullingar Pewter Irish Celtic Design Pen.,,,,,,,,,,,,,,,,,,,,,,,unlisted
pewter-pen,,,,,,,false,,,,,,,,,,,,,,,,,,https://cdn.shopify.com/s/files/1/1565/2549/products/PEWTERPENCELTICBIRD.jpg?v=1642677511,4,Mullingar Pewter Irish Celtic Design Pen.,,,,,,,,,,,,,,,,,,,,,,,unlisted
mullingar-pewter-evangelists-goblets,Mullingar Pewter Irish Evangelist Goblets,"<h2><strong>Product Code: B10</strong></h2>
<p><strong>Mullingar Pewter Irish Evangelist Goblets Collection</strong></p>
<hr>
<h3><strong>Overview</strong></h3>
<p>Immerse yourself in the rich tapestry of Celtic and Christian tradition with the Mullingar Pewter Irish Evangelist Goblets Collection. Each goblet in this collection honors one of the four Evangelists, reflecting their profound significance in Christian history and tradition. Beautifully crafted from the finest pewter, these goblets are more than just drinkware—they are a celebration of heritage and craftsmanship. Perfect for collectors, enthusiasts, or as a meaningful gift, each goblet showcases intricate Celtic designs and iconic symbols associated with the Evangelists.</p>
<hr>
<h3><strong>Goblet Details</strong></h3>
<h4><strong>1. John ""The Eagle""</strong></h4>
<ul>
<li>
<strong>Product Code:</strong> B10 John</li>
<li>
<strong>Design:</strong> Features a stylized Celtic eagle and intricate icovellavna patterns.</li>
<li>
<strong>Significance:</strong> Celebrates John the Evangelist, the mysterious author of the Gospel of John. The eagle symbolizes John’s theological insights and his lofty perspective in the Gospel.</li>
<li>
<strong>Details:</strong> 8 oz capacity, 6"" tall.</li>
</ul>
<hr>
<h4><strong>2. Luke ""The Ox""</strong></h4>
<ul>
<li>
<strong>Product Code:</strong> B10 Luke</li>
<li>
<strong>Design:</strong> Adorned with a stylized Celtic ox and detailed icovellavna patterns.</li>
<li>
<strong>Significance:</strong> Honors St. Luke, the patron saint of students, artists, physicians, and butchers. The ox symbolizes sacrifice and service.</li>
<li>
<strong>Details:</strong> 8 oz capacity, 6"" tall.</li>
</ul>
<hr>
<h4><strong>3. Matthew ""The Man""</strong></h4>
<ul>
<li>
<strong>Product Code:</strong> B10 Matthew</li>
<li>
<strong>Design:</strong> Decorated with Celtic filigree and inspired by the angelic depiction of Matthew in the Book of Kells.</li>
<li>
<strong>Significance:</strong> Represents Saint Matthew, the tax collector who became a disciple of Jesus. The man symbolizes human nature and wisdom.</li>
<li>
<strong>Details:</strong> 8 oz capacity, 6"" tall.</li>
</ul>
<hr>
<h4><strong>4. Mark ""The Lion""</strong></h4>
<ul>
<li>
<strong>Product Code:</strong> B10 Mark</li>
<li>
<strong>Design:</strong> Embellished with a stylized Celtic lion and icovellavna patterns.</li>
<li>
<strong>Significance:</strong> Celebrates Mark the Evangelist, symbolized by the lion, representing power, courage, and the majesty of Christ.</li>
<li>
<strong>Details:</strong> 8 oz capacity, 6"" tall.</li>
</ul>
<hr>
<h3><strong>Why Choose Mullingar Pewter Evangelist Goblets?</strong></h3>
<ul>
<li>
<strong>Authentic Craftsmanship:</strong> Each goblet is meticulously handcrafted in Mullingar, Ireland, reflecting the rich heritage and high standards of Irish pewter craftsmanship.</li>
<li>
<strong>Cultural Significance:</strong> These goblets are not only functional but also steeped in historical and religious significance, making them a cherished addition to any collection.</li>
<li>
<strong>Exclusive Design:</strong> The detailed Celtic patterns and iconic symbols make each goblet a unique piece of art that celebrates the legacy of the Evangelists and Celtic tradition.</li>
<li>
<strong>Versatile Use:</strong> Ideal for ceremonial purposes, special occasions, or as a decorative piece that adds a touch of elegance and history to your home.</li>
</ul>
<hr>
<h3>
<strong>HANDMADE IN IRELAND</strong> | <strong>PRICE INCLUDES SHIPPING</strong>
</h3>
<p>Enhance your collection or gift a piece of Irish tradition with the Mullingar Pewter Evangelist Goblets. </p>
<hr>
<h3><strong>Perfect for Any Occasion</strong></h3>
<p>Whether you’re celebrating a milestone, marking a special event, or simply want to bring a piece of Irish heritage into your home, these goblets are a perfect choice. They make a meaningful gift for religious ceremonies, weddings, birthdays, or as a special keepsake for yourself or a loved one.</p>
<hr>
<h3><strong>Complete Your Collection</strong></h3>
<p>Each goblet is a testament to the artistry and tradition of Mullingar Pewter. Collect all four designs to have a complete set that beautifully represents the four Evangelists and the rich cultural heritage they embody.</p>
<hr>
<p>Embrace the legacy of Celtic craftsmanship and Christian tradition with the Mullingar Pewter Evangelist Goblets. Order now and enjoy a piece of Ireland's rich history and exquisite craftsmanship.</p>
<hr>
<p>Feel free to contact us for more details or to place your order. We look forward to sharing a piece of our heritage with you.</p>
<p style=""margin: 0cm 0cm 12.0pt 0cm;""><strong style=""font-size: 0.875rem;"">About our Pewter Goblets</strong><br></p>
<p>Our metal content in all of the above is 92-95% tin with a balance of Copper and Antimony.</p>
<p>Our metal is Lead free and complies with EU, FDA,BS and Proposition 65 standards.</p>
<p>Our items are packaged in Black and Silver Mullingar Pewter Packaging where possible.</p>",Mullingar Pewter,,Drinkware,"bible, bishop, book of kells, book of kells goblet, catholic, church, Evangelist, game of thrones, Goblets, kells, kells design, priest, religious, St John, St Luke, St Mark, St Matthew, The Eagle, The Lion, The Man, The Ox, imported, unlisted",false,Choose Design,John The Eagle,,,,,B10 Eagle,0,shopify,0,deny,manual,99.95,,true,false,,https://cdn.shopify.com/s/files/1/1565/2549/files/2_8534d472-ae22-4962-b231-36eb0d96f952.png?v=1693407180,1,Mullingar Pewter Irish Evangelist Goblets,false,Mullingar Pewter Irish Evangelist Goblets,"Product Code: B10 Mullingar Pewter Irish Evangelist Goblets Collection Overview Immerse yourself in the rich tapestry of Celtic and Christian tradition with the Mullingar Pewter Irish Evangelist Goblets Collection. Each goblet in this collection honors one of the four Evangelists, reflecting their profound significance",,,,,,,,,,,,,g,,,true,true,,,unlisted
mullingar-pewter-evangelists-goblets,,,,,,,false,,Luke-The Ox,,,,,B10 Ox,0,shopify,0,deny,manual,99.95,,true,false,,,,,,,,,,,,,,,,,,,,g,,,,,,,unlisted
mullingar-pewter-evangelists-goblets,,,,,,,false,,Matthew-The Man,,,,,B10 Man,0,shopify,0,deny,manual,99.95,,true,false,,,,,,,,,,,,,,,,,,,,g,,,,,,,unlisted
mullingar-pewter-evangelists-goblets,,,,,,,false,,Mark-The Lion,,,,,B10 Lion,0,shopify,0,deny,manual,99.95,,true,false,,,,,,,,,,,,,,,,,,,,g,,,,,,,unlisted
mullingar-pewter-evangelists-goblets,,,,,,,false,,B10 set of 4,,,,,set of 4 - one of each,0,shopify,0,deny,manual,379.95,,true,false,,,,,,,,,,,,,,,,,,,,g,,,,,,,unlisted
mullingar-pewter-evangelists-goblets,,,,,,,false,,,,,,,,,,,,,,,,,,https://cdn.shopify.com/s/files/1/1565/2549/files/1_1f208686-a4a3-47fb-ab2c-457161e24a0b.png?v=1693407180,2,Mullingar Pewter Irish Evangelist Goblets,,,,,,,,,,,,,,,,,,,,,,,unlisted
mullingar-pewter-evangelists-goblets,,,,,,,false,,,,,,,,,,,,,,,,,,https://cdn.shopify.com/s/files/1/1565/2549/files/3_a8cd09b1-e92c-4f24-a0d8-33646c40d56a.png?v=1693407180,3,Mullingar Pewter Irish Evangelist Goblets,,,,,,,,,,,,,,,,,,,,,,,unlisted
mullingar-pewter-evangelists-goblets,,,,,,,false,,,,,,,,,,,,,,,,,,https://cdn.shopify.com/s/files/1/1565/2549/files/4.png?v=1693407180,4,Mullingar Pewter Irish Evangelist Goblets,,,,,,,,,,,,,,,,,,,,,,,unlisted
mullingar-pewter-evangelists-goblets,,,,,,,false,,,,,,,,,,,,,,,,,,https://cdn.shopify.com/s/files/1/1565/2549/files/5.png?v=1693407180,5,Mullingar Pewter Irish Evangelist Goblets,,,,,,,,,,,,,,,,,,,,,,,unlisted
dear-old-dublin-pewter-finish-collectors-plates,Dear Old Dublin - Set of 4 Dublin plates Pewter finished - Special Offer,"<p><strong> Product Code: P306S</strong></p>
<p><strong>Dear Old Dublin – Set of 4 Decorative Pewter Plates (Special Offer)</strong></p>
<p><strong>Description:</strong><br>Celebrate Dublin's rich heritage with this stunning set of four pewter-finished plates from Mullingar Pewter. Each plate beautifully captures a cherished Dublin landmark, making it a perfect gift or keepsake for anyone with a love for Ireland's capital.</p>
<p><strong>Iconic Dublin Scenes Included:</strong></p>
<ul>
<li>
<strong>Molly Malone:</strong> The beloved symbol of Dublin folklore, immortalized in the song ""Molly Malone.""  <a href=""https://en.wikipedia.org/wiki/Molly_Malone"">Molly Malone - Wikipedia</a>
</li>
<li>
<strong>Ha’penny Bridge:</strong> Dublin’s iconic pedestrian bridge, a picturesque crossing over the River Liffey.   <a href=""https://en.wikipedia.org/wiki/Ha%27penny_Bridge"">Ha'penny Bridge - Wikipedia</a>
</li>
<li>
<strong>College Green:</strong> Featuring Trinity College, a renowned center of history and learning.   <a href=""https://en.wikipedia.org/wiki/College_Green,_Dublin"">College Green, Dublin - Wikipedia</a>
</li>
<li>
<strong>G.P.O. (General Post Office):</strong> A pivotal landmark in Dublin’s history, famous for its role in the 1916 Easter Rising.   <a href=""https://en.wikipedia.org/wiki/General_Post_Office,_Dublin"">General Post Office, Dublin - Wikipedia</a>
</li>
</ul>
<p><strong>Key Features:</strong></p>
<ul>
<li>
<strong>Size:</strong> Each plate measures 4 inches in diameter, perfect for display in any space.</li>
<li>
<strong>Material:</strong> Pewter-finished for durability and timeless elegance, highlighting intricate details of each design.</li>
<li>
<strong>Display-Ready:</strong> Each plate comes with its own stand, making it easy to showcase right out of the box.</li>
<li>
<strong>Crafted in Ireland:</strong> Handmade by skilled Irish artisans, blending tradition and craftsmanship.</li>
</ul>
<p><strong>Perfect For:</strong></p>
<ul>
<li>
<strong>Souvenirs:</strong> A meaningful reminder of Dublin’s charm for visitors and locals alike.</li>
<li>
<strong>Gifts:</strong> A thoughtful present for friends, family, or anyone who loves Dublin and Irish culture.</li>
<li>
<strong>Collectors:</strong> A unique addition to Irish memorabilia or decorative plate collections.</li>
</ul>
<p><strong>Special Offer:</strong><br>Enjoy this exclusive set at a discounted price, including shipping. Own a piece of Dublin’s heritage at exceptional value.</p>
<p><strong>Why Choose Mullingar Pewter?</strong><br>This handcrafted set of Dublin plates is a testament to Ireland’s artistry and history. Display them proudly in your home or gift them as a timeless piece of Irish charm.</p>
<p><br></p>",Mullingar Pewter,,Gift,"college green, Dear old Dublin, Dublin, dublin gift, Dublin scenes, general gift, general gifts, gift, GPO, hapenny bridge, Heritage, irish, irish abroad, molly malone, pewter, pewter plate, pewter silver, Trinity College, wedding, imported, unlisted",false,Title,Default Title,,,,,P306S Set of 4 Plates,0,shopify,0,deny,manual,41.95,,true,false,,https://cdn.shopify.com/s/files/1/1565/2549/products/OldDublinset4.jpg?v=1621423590,1,Dear Old Dublin - Set of 4 Dublin plates Pewter finished - Special Offer,false,Dear Old Dublin,"Product Code: P306S Dear Old Dublin – Set of 4 Decorative Pewter Plates (Special Offer) Description:Celebrate Dublin's rich heritage with this stunning set of four pewter-finished plates from Mullingar Pewter. Each plate beautifully captures a cherished Dublin landmark, making it a perfect gift or keepsake for anyone w",,,,,,,,,,,,,g,,,true,true,,,unlisted
dear-old-dublin-pewter-finish-collectors-plates,,,,,,,false,,,,,,,,,,,,,,,,,,https://cdn.shopify.com/s/files/1/1565/2549/products/DUBLINPLATESMOLLYMALONEHA_PENNYBRIDGECOLLEGEGREENGPO.jpg?v=1621935913,2,Dear Old Dublin - Set of 4 Dublin plates Pewter finished - Special Offer,,,,,,,,,,,,,,,,,,,,,,,unlisted
pewter-mythical-chess-set-with-board,Mullingar Pewter Mythical Chess Set with Wood Board,"<p>The <strong>Mullingar Pewter Mythical Chess Set with Wood Board (Product Code: D17M)</strong> is a masterfully crafted chess set that transforms a traditional game into a journey through Irish mythology. Each piece, intricately designed and made from high-quality pewter, reflects the timeless elegance and rich cultural heritage of Ireland.</p>
<h3>Product Highlights:</h3>
<ul>
<li>
<strong>Product Code</strong>: D17M</li>
<li>
<strong>Design</strong>: The chess pieces are adorned with mythical Irish figurines, meticulously crafted to showcase Ireland’s legendary folklore. The set includes a King piece standing at 3.25 inches high, with the pieces gradually reducing in height to the Pawn at 2.5 inches.</li>
<li>
<strong>Material</strong>: All pieces are made from the finest pewter, ensuring durability and a weighty, substantial feel that enhances the playing experience. The contrasting finishes – shiny for one set and brushed for the other – highlight the exquisite detailing.</li>
</ul>
<h3>Chess Set Features:</h3>
<ul>
<li>
<strong>Unique Finishes</strong>: One half of the set features a darkened, polished finish, giving it a glossy and sophisticated look. The other half has a darkened, brushed finish, offering a matte appearance that accentuates the intricate details of each piece.</li>
<li>
<strong>Elegant Board</strong>: The wooden board, with its black and ivory color scheme, complements the pewter pieces beautifully. The classic design adds a touch of sophistication to any setting and provides a perfect backdrop for the detailed figurines.</li>
<li>
<strong>Cultural Heritage</strong>: Each piece represents a figure from Irish mythology, adding a layer of storytelling and cultural richness to your chess games. Playing with these pieces turns each move into a tribute to Ireland’s legendary past.</li>
</ul>
<h3>Ideal for Display and Play:</h3>
<ul>
<li>
<strong>Living Room Centerpiece</strong>: Keeping this stunning chess set on your coffee table makes for an excellent centerpiece, inviting friends and family to engage in a game while admiring the craftsmanship and cultural significance.</li>
<li>
<strong>Functional and Decorative</strong>: Whether used for an intense game of chess or simply as a decorative piece, this set adds a touch of elegance and a conversation starter to any room.</li>
</ul>
<h3>Perfect Gift:</h3>
<ul>
<li>
<strong>For Chess Enthusiasts</strong>: This set is a perfect gift for chess lovers who appreciate high-quality, unique pieces. It offers a premium playing experience with a cultural twist.</li>
<li>
<strong>Cultural Collectors</strong>: Ideal for those who love collecting items that celebrate Irish heritage and folklore.</li>
<li>
<strong>Special Occasions</strong>: Makes a thoughtful gift for birthdays, anniversaries, or as a special present for someone who appreciates the finer things in life.</li>
</ul>
<h3>Purchase Details:</h3>
<ul>
<li>
<strong>Handmade Excellence</strong>: Each piece is handcrafted in Ireland, ensuring a high level of detail and quality that reflects traditional Irish craftsmanship.</li>
<li>
<strong>Price Includes Shipping</strong>: The price includes worldwide shipping, making it easy to purchase and have delivered to your doorstep without any extra hassle.</li>
</ul>
<h3>Why Choose This Chess Set?</h3>
<p>The <strong>Mullingar Pewter Mythical Chess Set with Wood Board</strong> is more than just a chess set; it's a piece of art and a celebration of Irish culture. Each game you play with these pieces becomes a journey into the myths and legends of Ireland, making it a unique and enriching experience.</p>
<hr>
<p>With its intricate design, high-quality craftsmanship, and cultural significance, this chess set is sure to be a treasured addition to any home, perfect for both playing and displaying.</p>
<form method=""post"" class=""clearfix product_form"" data-money-format=""&lt;span class=money&gt;€{{amount}}&lt;/span&gt;​"" data-shop-currency=""EUR"" id=""product-form-8513664969"" style=""margin: 0px 0px 20px; padding: 0px; border: 0px; font-variant-numeric: inherit; font-variant-east-asian: inherit; font-stretch: inherit; line-height: inherit; zoom: 1; orphans: 2; text-align: start; text-indent: 0px; widows: 2; background-color: #ffffff; text-decoration-style: initial; text-decoration-color: initial;"" action=""https://mullingarpewter.com/cart/add"">
<div class=""purchase clearfix inline_purchase""><br></div>
<div class=""purchase clearfix inline_purchase"">
<p class=""elementtoproof""><span style=""text-decoration: underline;""><strong>About Our Pewter Chess and Draught/Checkers sets,</strong></span></p>
<p class=""elementtoproof""><span>Our Chess and Draught Sets are made of a lead free Pewter and comply with EU, FDA, BS and Proposition 65 standards. The</span> Metal content is 92-95% Tin with the balance made of Copper and Antimony.</p>
<p class=""elementtoproof"">Our Chess and Draughts boards are made of Medium Density Fibre board.<br></p>
<p class=""elementtoproof""><span>Our Chess sets are packaged in a hard board presentation box with the pieces set in protective foam.</span></p>
<p class=""elementtoproof""><span>Our Draught/Checkers sets are boxed in brown card board and the pieces are wrapped in bubble.</span></p>
<p class=""elementtoproof""><span>Our Chess and Draughts sets are all supplied with a Chess/ Draughts/Checkers Board</span></p>
</div>
<div class=""purchase clearfix inline_purchase"">
<span color=""#404040"" face=""Open Sans"" style=""color: #404040; font-family: 'Open Sans';""></span><br>
</div>
<span color=""#404040"" face=""Open Sans"" style=""color: #404040; font-family: 'Open Sans';""><span></span></span>
</form>
<div class=""description"" itemprop=""description""><br></div>",Mullingar Pewter,,CHESS SET,"board game, board games, chess, CHESS LOVER, chess set, chessboard, chessman, chessmen, general gift, general gifts, gift, irish, king, kings and queens, Mythical, Mythical Ireland, pewter chess set, pewter chess setroman, pewter silver, queen, queens, Queens Gambit, queens_gambit, viking, imported, unlisted",false,Title,Default Title,,,,,D17M Mythical Chess Set,0,shopify,0,deny,manual,489.95,,true,false,,https://cdn.shopify.com/s/files/1/1565/2549/products/IMG_20210628_110630.jpg?v=1624883212,1,Mullingar Pewter Mythical Chess Set with Wood Board,false,Mullingar Pewter Mythical Chess Set with Wood Board,"The Mullingar Pewter Mythical Chess Set with Wood Board (Product Code: D17M) is a masterfully crafted chess set that transforms a traditional game into a journey through Irish mythology. Each piece, intricately designed and made from high-quality pewter, reflects the timeless elegance and rich cultural heritage of Irel",,,,,,,,,,,,,g,,,true,true,,,unlisted
pewter-mythical-chess-set-with-board,,,,,,,false,,,,,,,,,,,,,,,,,,https://cdn.shopify.com/s/files/1/1565/2549/products/Mythical_Pieces_2.jpg?v=1624883212,2,Mullingar Pewter Mythical Chess Set with Wood Board,,,,,,,,,,,,,,,,,,,,,,,unlisted
pewter-mythical-chess-set-with-board,,,,,,,false,,,,,,,,,,,,,,,,,,https://cdn.shopify.com/s/files/1/1565/2549/products/Mythical_Full_Chess_Set.jpg?v=1624883283,3,Mullingar Pewter Mythical Chess Set with Wood Board,,,,,,,,,,,,,,,,,,,,,,,unlisted
pewter-mythical-chess-set-with-board,,,,,,,false,,,,,,,,,,,,,,,,,,https://cdn.shopify.com/s/files/1/1565/2549/files/Chesssetbox_ba462061-cbcf-4615-8922-19daefe31a4d.jpg?v=1703003197,4,Mullingar Pewter Mythical Chess Set with Wood Board,,,,,,,,,,,,,,,,,,,,,,,unlisted
pewter-mythical-chess-set-with-board,,,,,,,false,,,,,,,,,,,,,,,,,,https://cdn.shopify.com/s/files/1/1565/2549/files/Chesssetboxed_61014a7b-c4db-4e3f-b583-1514091a936f.jpg?v=1703003197,5,Mullingar Pewter Mythical Chess Set with Wood Board,,,,,,,,,,,,,,,,,,,,,,,unlisted
viking-pewter-chess-set,Mullingar Pewter Viking Pewter Chess Set with Board,"<p><strong>Product Code: D17 Viking</strong></p>
<p><strong>Mullingar Pewter Viking Pewter Chess Set with Board</strong></p>
<p>Transform your chess game into an epic saga with the <strong>Mullingar Pewter Viking Pewter Chess Set</strong>, where every move feels like a journey into Norse mythology. Each piece in this set is a tribute to the fearless Viking warriors and mythical figures of Ireland, crafted from the finest pewter to combine weight, durability, and elegance.</p>
<hr>
<h3>Key Features:</h3>
<ul>
<li>
<strong>Viking-Themed Figurines:</strong> Each chess piece is intricately designed to represent mythical Irish and Viking characters, adding a sense of adventure and history to your game.</li>
<li>
<strong>Premium Pewter Craftsmanship:</strong> Made from high-quality pewter, each piece is designed for longevity and aesthetic appeal, with a substantial feel that enhances the playing experience.</li>
<li>
<strong>Distinctive Finishes:</strong>
<ul>
<li>
<strong>Polished Set:</strong> One side of the set features pieces that are darkened and then polished to a shiny finish, highlighting the exquisite details of the Viking designs.</li>
<li>
<strong>Brushed Set:</strong> The other side of the set is also darkened but finished with a matte, brushed effect, providing a contrasting look that emphasizes the intricate carvings.</li>
</ul>
</li>
<li>
<strong>Graduated Piece Heights:</strong>
<ul>
<li>
<strong>King:</strong> Stands at 3.75"" high, symbolizing the majestic leaders of the Viking era.</li>
<li>
<strong>Pawn:</strong> Measures 2.5"" high, representing the fierce Viking warriors.</li>
</ul>
</li>
<li>
<strong>Elegant Wooden Board:</strong> The set includes a beautifully crafted black and ivory-colored wooden board, providing a striking backdrop for the pewter pieces and enhancing the overall aesthetic. Board size 13""x13""</li>
</ul>
<h3>Why Choose the Mullingar Pewter Viking Chess Set?</h3>
<ul>
<li>
<strong>Mythical Appeal:</strong> Each piece is a miniature work of art that captures the spirit of the Vikings and their mythology, making your chess game both educational and entertaining.</li>
<li>
<strong>Luxurious Finish:</strong> The contrasting finishes of the pieces add depth and visual interest, making this set a stunning addition to any room.</li>
<li>
<strong>Perfect for Display:</strong> Whether displayed on a coffee table or in a dedicated game room, this set serves as both a functional game and a piece of historical art.</li>
<li>
<strong>Conversation Starter:</strong> Its unique theme and exquisite craftsmanship make it an excellent conversation piece and a focal point in any home.</li>
</ul>
<h3>Ideal For:</h3>
<ul>
<li>
<strong>History Enthusiasts:</strong> Ideal for those who have a passion for Viking history and enjoy collecting unique, high-quality chess sets.</li>
<li>
<strong>Gift Giving:</strong> Makes an exceptional gift for birthdays, anniversaries, and special occasions, especially for chess lovers and history enthusiasts.</li>
<li>
<strong>Home Decor:</strong> Adds a touch of elegance and historical intrigue to any room, making it a standout piece in your collection.</li>
</ul>
<hr>
<p>Embark on an adventurous chess journey with the <strong>Mullingar Pewter Viking Pewter Chess Set and Board</strong>. This set combines the thrill of Viking mythology with the timeless game of chess, offering both an engaging gameplay experience and a stunning decorative piece for your home.</p>
<div class=""purchase clearfix inline_purchase""><strong><span face=""Open Sans"" color=""#404040"">HANDMADE IN IRELAND</span>   PRICE INCLUDES SHIPPING</strong></div>
<div class=""purchase clearfix inline_purchase""><br></div>
<div class=""purchase clearfix inline_purchase"">
<p class=""elementtoproof""><span style=""text-decoration: underline;""><strong>About Our Chess and Draught/Checkers sets,</strong></span></p>
<p class=""elementtoproof""><span>Our Chess and Draught Sets are made of a lead free Pewter and comply with EU, FDA, BS and Proposition 65 standards. The</span> Metal content is 92-95% Tin with the balance made of Copper and Antimony.</p>
<p class=""elementtoproof"">Our Chess and Draughts boards are made of Medium Density Fibre board.<br></p>
<p class=""elementtoproof""><span>Our Chess sets are packaged in a hard board presentation box with the pieces set in protective foam.</span></p>
<p class=""elementtoproof""><span>Our Draught/Checkers sets are boxed in brown card board and the pieces are wrapped in bubble.</span></p>
<p class=""elementtoproof""><span>Our Chess and Draughts sets are all supplied with a Chess/ Draughts/Checkers Board</span></p>
</div>",Mullingar Pewter,,CHESS SET,"chess, CHESS LOVER, chess set, chessboard, chessman, chessmen, general gifts, gift, Heritage, pewter chess set, pewter chess setroman, viking, imported, unlisted",false,Title,Default Title,,,,,D17 Viking Chess Set,0,shopify,0,deny,manual,479.95,,true,false,,https://cdn.shopify.com/s/files/1/1565/2549/products/IMG_20210628_110255.jpg?v=1624886328,1,Mullingar Pewter Viking Pewter Chess Set with Board,false,Mullingar Pewter Viking Pewter Chess Set with Board,"Product Code: D17 Viking Mullingar Pewter Viking Pewter Chess Set with Board Transform your chess game into an epic saga with the Mullingar Pewter Viking Pewter Chess Set, where every move feels like a journey into Norse mythology. Each piece in this set is a tribute to the fearless Viking warriors and mythical figures",,,,,,,,,,,,,g,,,true,true,,,unlisted
viking-pewter-chess-set,,,,,,,false,,,,,,,,,,,,,,,,,,https://cdn.shopify.com/s/files/1/1565/2549/products/VIKINGCHESSSET.jpg?v=1624886328,2,Mullingar Pewter Viking Pewter Chess Set with Board,,,,,,,,,,,,,,,,,,,,,,,unlisted
viking-pewter-chess-set,,,,,,,false,,,,,,,,,,,,,,,,,,https://cdn.shopify.com/s/files/1/1565/2549/products/Viking_Full_Set.jpg?v=1624886379,3,Mullingar Pewter Viking Pewter Chess Set with Board,,,,,,,,,,,,,,,,,,,,,,,unlisted
viking-pewter-chess-set,,,,,,,false,,,,,,,,,,,,,,,,,,https://cdn.shopify.com/s/files/1/1565/2549/files/Chesssetbox_65c7c59e-eba4-45f5-b5ed-cd1b0cfc2179.jpg?v=1703003265,4,Mullingar Pewter Viking Pewter Chess Set with Board,,,,,,,,,,,,,,,,,,,,,,,unlisted
viking-pewter-chess-set,,,,,,,false,,,,,,,,,,,,,,,,,,https://cdn.shopify.com/s/files/1/1565/2549/files/Chesssetboxed_364293e8-ba34-43e0-a741-9ceded862059.jpg?v=1703003265,5,Mullingar Pewter Viking Pewter Chess Set with Board,,,,,,,,,,,,,,,,,,,,,,,unlisted
flask-ireland-landmarks,Stainless Steel Whiskey Flask with Pewter Ireland Emblem,"<h3>P351 Whiskey Flask with Pewter Ireland Emblem</h3>
<p>Our Whiskey Flask, featuring a detailed pewter emblem of Ireland, is the perfect gift for any occasion—be it birthdays, Father's Day, hiking trips, or festivals. It's also an excellent thank-you gift for your best man, groomsmen, and ushers.</p>
<p><strong>Features:</strong></p>
<ul>
<li>
<strong>Personalization:</strong> Add a custom message of your choice (up to 30 letters).</li>
<li>
<strong>Capacity:</strong> 6 oz.</li>
<li>
<strong>Design Elements:</strong> Includes iconic Irish imagery such as the High Cross, Dolman megalithic tomb, Castles, and the Shamrock.</li>
<li><strong>Handmade in Ireland</strong></li>
<li><strong>Price includes shipping</strong></li>
</ul>
<p>Keep your favorite drink close at hand, whether in your pocket or bag, with this elegantly crafted flask, a true reflection of Ireland's rich heritage.</p>
<p><span style=""text-decoration: underline;""><strong>About our Stainless Steel Flasks</strong></span></p>
<p class=""MsoNormal"">All our stainless steel flasks are made from food and drink grade stainless steel and are drink safe.</p>
<p class=""MsoNormal"">The pewter decorations we add to our flasks are made from a lead free pewter alloy of 92-95% tin with a balance of Copper and Antimony.</p>
<p class=""MsoNormal"">All our flasks are packaged with a Mullingar Pewter card, box or wrapped as gift presentable.</p>",Mullingar Pewter,,Flask,"bronze, celtic, flask, general gift, general gifts, gift, Heritage, Ireland, irish, Irish pewter, irish whiskey, Landmarks, men, pewter silver, pewter spirit, pocket, pocket flask, pocket whiskey flask, shamrock, spirit, sports, wedding, wedding gifts, whiskey, whiskey flask, whisky, imported, unlisted",false,Title,Default Title,,,,,P351,0,shopify,0,deny,manual,47.95,,true,false,,https://cdn.shopify.com/s/files/1/1565/2549/products/WHISKEYFLASKIRELANDMOTIF.jpg?v=1633346903,1,Stainless Steel Whiskey Flask with Pewter Ireland Emblem,false,Stainless Steel Whiskey Flask with Pewter Ireland Emblem,"P351 Whiskey Flask with Pewter Ireland Emblem Our Whiskey Flask, featuring a detailed pewter emblem of Ireland, is the perfect gift for any occasion—be it birthdays, Father's Day, hiking trips, or festivals. It's also an excellent thank-you gift for your best man, groomsmen, and ushers. Features: Personalization: Add a",,,,,,,,,,,,,g,,,true,true,,,unlisted
flask-celtic-design,Flask with Pewter Celtic Design,"<p><strong>Product Code P350  Flask with Pewter Celtic Design</strong></p>
<p>The ideal gift for birthdays, Father's day, hiking trip or going to a festival.  Keep your favorite tipple near at hand in your pocket or bag. Also a great thank you gift for your best man, groomsmen and ushers. Personalize with a message of your own choice.(up to 30 letters).  Capacity 6 oz.</p>
<p>The design on the flask of 3 fish like images entwined with a Celtic design is typical of designs found on ancient pieces in Ireland. Celtic designs, animal and sea life images are all part of the Irish heritage .It is thought that these designs had significant meanings not just decorative to the Celts, unfortunately no record was kept of these meanings so we have to take our own interpretation today.</p>
<p><strong>HANDMADE IN IRELAND   Pricing includes shipping costs</strong></p>
<p><span style=""text-decoration: underline;""><strong>About our Stainless Steel Flasks</strong></span></p>
<p class=""MsoNormal"">All our stainless steel flasks are made from food and drink grade stainless steel and are drink safe.</p>
<p class=""MsoNormal"">The pewter decorations we add to our flasks are made from a lead free pewter alloy of 92-95% tin with a balance of Copper and Antimony.</p>
<p class=""MsoNormal"">All our flasks are packaged with a Mullingar Pewter card, box or wrapped as gift presentable.</p>",Mullingar Pewter,,Flask,"bronze, celtic, flask, general gift, general gifts, gift, Heritage, irish, irish whiskey, jameson, men, middleton, pewter silver, pewter spirit, spirit, sports, tullamore dew, wedding, wedding gifts, whiskey, whisky, imported, unlisted",false,Title,Default Title,,,,,P 350 Celtic,0,shopify,0,deny,manual,47.95,,true,false,,https://cdn.shopify.com/s/files/1/1565/2549/products/WHISKEYFLASKHEARTSHAPECELTICDRAGON5OZ.jpg?v=1633346798,1,Flask with Pewter Celtic Design,false,Flask with Pewter Celtic Design,"Product Code P350 Flask with Pewter Celtic Design The ideal gift for birthdays, Father's day, hiking trip or going to a festival. Keep your favorite tipple near at hand in your pocket or bag. Also a great thank you gift for your best man, groomsmen and ushers. Personalize with a message of your own choice.(up to 30 let",,,,,,,,,,,,,g,,,true,true,,,unlisted
pewter-oval-claddagh-rose-jewellery-box,Mullingar Pewter Oval shaped Jewellery Box with Rose Detail.,"<p><strong>Mullingar Pewter Oval Shaped Jewellery Box with Rose Detail</strong><br><strong>Product Code: MD141L</strong></p>
<p>A perfect gift for someone special, our <strong>Oval Shaped Jewellery Box</strong> is elegantly designed with a <strong>raised rose detail</strong> on the lid. The inside is lined with luxurious <strong>wine flock fabric</strong>, ideal for storing earrings, bracelets, and necklaces.</p>
<p>The lid features a <strong>pewter oval disc</strong> at the center, customizable with <strong>Plain, Claddagh, or Mom</strong> symbols. The <strong>Claddagh</strong> design represents love (heart), loyalty (crown), and friendship (hands) — a timeless Irish symbol perfect for any occasion.</p>
<p><strong>Dimensions:</strong></p>
<ul>
<li>
<strong>Length:</strong> 6.5 inches</li>
<li>
<strong>Height:</strong> 1.25 inches</li>
<li>
<strong>Width:</strong> 3 inches at the center</li>
</ul>
<p>Ideal for birthdays, engagements, or anniversaries, this beautiful jewellery box will make a cherished keepsake.</p>
<p><strong>Handmade in Ireland</strong><br><strong>Price includes shipping.</strong></p>
<p><strong>HANDMADE IN IRELAND   PRICE INCLUDES SHIPPING</strong></p>",Mullingar Pewter,,Jewellery,"21st, 40th, 50th, birthday, bronze, celtic, claddagh, general gift, gift, gift for her, her, Heritage, irish, jewellery, jewellery box, jewelry, ladies, ladies gift, mom, Mothers day, pewter, pewter silver, wedding, wedding gifts, imported, unlisted",false,Selection options,Mom,,,,,MD141L Mom,0,shopify,0,deny,manual,59.95,,true,false,,https://cdn.shopify.com/s/files/1/1565/2549/products/1635865170823.jpg?v=1642692648,1,Mullingar Pewter Oval shaped Jewellery Box with Rose Detail.,false,Mullingar Pewter Oval shaped Jewellery Box with Rose Detail.,"Mullingar Pewter Oval Shaped Jewellery Box with Rose DetailProduct Code: MD141L A perfect gift for someone special, our Oval Shaped Jewellery Box is elegantly designed with a raised rose detail on the lid. The inside is lined with luxurious wine flock fabric, ideal for storing earrings, bracelets, and necklaces. The li",,,,,,,,,,,,,g,,,true,true,,,unlisted
pewter-oval-claddagh-rose-jewellery-box,,,,,,,false,,Claddagh,,,,,MD141L Claddagh,0,shopify,0,deny,manual,59.95,,true,false,,,,,,,,,,,,,,,,,,,,g,,,,,,,unlisted
pewter-oval-claddagh-rose-jewellery-box,,,,,,,false,,Plain,,,,,MD141L Plain,0,shopify,0,deny,manual,59.95,,true,false,,,,,,,,,,,,,,,,,,,,g,,,,,,,unlisted
pewter-oval-claddagh-rose-jewellery-box,,,,,,,false,,,,,,,,,,,,,,,,,,https://cdn.shopify.com/s/files/1/1565/2549/products/OVALJEWELRYBOXMOM.jpg?v=1638805901,2,Mullingar Pewter Oval shaped Jewellery Box with Rose Detail.,,,,,,,,,,,,,,,,,,,,,,,unlisted
pewter-oval-claddagh-rose-jewellery-box,,,,,,,false,,,,,,,,,,,,,,,,,,https://cdn.shopify.com/s/files/1/1565/2549/products/JEWELLERYBOXOVALCLADDAGH.jpg?v=1642692712,3,Mullingar Pewter Oval shaped Jewellery Box with Rose Detail.,,,,,,,,,,,,,,,,,,,,,,,unlisted
pewter-oval-claddagh-rose-jewellery-box,,,,,,,false,,,,,,,,,,,,,,,,,,https://cdn.shopify.com/s/files/1/1565/2549/products/JEWELLERYBOXOVALCLADDAGHOPEN.jpg?v=1642692734,4,Mullingar Pewter Oval shaped Jewellery Box with Rose Detail.,,,,,,,,,,,,,,,,,,,,,,,unlisted
pewter-oval-claddagh-rose-jewellery-box,,,,,,,false,,,,,,,,,,,,,,,,,,https://cdn.shopify.com/s/files/1/1565/2549/products/web2.jpg?v=1638805554,5,Mullingar Pewter Oval shaped Jewellery Box with Rose Detail.,,,,,,,,,,,,,,,,,,,,,,,unlisted
valentine-jewellery-box,Mullingar Pewter Celtic Heart shaped Jewellery Box,"<p><strong>Product Code MD142 Mullingar Pewter Celtic Heart shaped Jewellery Box</strong></p>
<p>A unique heart shaped jewellery box, beautifully decorated with a rich Celtic design.</p>
<p>Opens into two halves, allowing this to be used by a couple for both their wedding bands or to hold your special pieces of jewellery.</p>
<p><strong>Handmade in Ireland  Price includes shipping.</strong></p>",Mullingar Pewter,,Jewellery,"celtic, Celtic design, claddagh, gift for her, Irish claddagh, jewellery, jewellery box, jewellery_box, jewellry, jewelry, jewelry_box, ladies jewellery box, pewter celtic, imported, unlisted",false,Title,Default Title,,,,,MD142 Celtic,0,shopify,0,deny,manual,59.95,,true,false,,https://cdn.shopify.com/s/files/1/1565/2549/products/postheart.jpg?v=1628077742,1,Mullingar Pewter Celtic Heart shaped Jewellery Box,false,Mullingar Pewter Celtic Heart shaped Jewellery Box,"Product Code MD142 Mullingar Pewter Celtic Heart shaped Jewellery Box A unique heart shaped jewellery box, beautifully decorated with a rich Celtic design. Opens into two halves, allowing this to be used by a couple for both their wedding bands or to hold your special pieces of jewellery. Handmade in Ireland Price incl",,,,,,,,,,,,,g,,,true,true,,,unlisted
valentine-jewellery-box,,,,,,,false,,,,,,,,,,,,,,,,,,https://cdn.shopify.com/s/files/1/1565/2549/products/postheart2.jpg?v=1628077742,2,Mullingar Pewter Celtic Heart shaped Jewellery Box,,,,,,,,,,,,,,,,,,,,,,,unlisted
credit-card-holder-money-clip-harp,Leather Credit Card/Money Clip with an Irish Mullingar Pewter Emblem,"<p><strong>Product code: P312 Faux Leather Credit Card/Money Clip with an Irish Mullingar Pewter Emblem</strong></p>
<p><span>A unique, slim, faux leather credit card holder with a money clip on the reverse side. Made of faux leather with three slots for credit cards.  Available in four designs Harp, Claddagh, Trinity Knot &amp; Shamrock Pewter metal design.  This fab card holder measures  4″ x 2.75″. The clip on the back is strong and extends deep into the leather case.</span></p>
<p><strong>HANDMADE IN IRELAND   PRICE INCLUDES SHIPPING</strong></p>",Mullingar Pewter,,Gifts for Men,"21st, 40th, 50th, 60th, birthday, brother, card, claddagh, credit, credit card, father, friend, harp, holder, Irish claddagh, Irish harp, money, money clip, Pewter harp, shamrock, son, trinity, trinity knot, triskele, imported, unlisted",false,Choose Design,Harp,,,,,P312 Harp,0,shopify,0,deny,manual,23.95,,true,false,,https://cdn.shopify.com/s/files/1/1565/2549/products/MONEYCLIPANDCREDITCARDHOLDERHARP.jpg?v=1642615748,1,Leather Credit Card/Money Clip with an Irish Mullingar Pewter Emblem,false,Leather Credit Card/Money Clip with an Irish Mullingar Pewter Emblem,"Product code: P312 Faux Leather Credit Card/Money Clip with an Irish Mullingar Pewter Emblem A unique, slim, faux leather credit card holder with a money clip on the reverse side. Made of faux leather with three slots for credit cards. Available in four designs Harp, Claddagh, Trinity Knot & Shamrock Pewter metal desig",,,,,,,,,,,,,g,,,true,true,,,unlisted
credit-card-holder-money-clip-harp,,,,,,,false,,Claddagh,,,,,P312 Claddagh,0,shopify,0,deny,manual,23.95,,true,false,,,,,,,,,,,,,,,,,,,,g,,,,,,,unlisted
credit-card-holder-money-clip-harp,,,,,,,false,,Trinity Knot,,,,,P312 Trinity Knot,0,shopify,0,deny,manual,23.95,,true,false,,,,,,,,,,,,,,,,,,,,g,,,,,,,unlisted
credit-card-holder-money-clip-harp,,,,,,,false,,Shamrock,,,,,P312 Shamrock,0,shopify,0,deny,manual,23.95,,true,false,,,,,,,,,,,,,,,,,,,,g,,,,,,,unlisted
credit-card-holder-money-clip-harp,,,,,,,false,,,,,,,,,,,,,,,,,,https://cdn.shopify.com/s/files/1/1565/2549/products/MONEYCLIPANDCREDITCARDHOLDERCLADDAGH.jpg?v=1621934619,2,Leather Credit Card/Money Clip with an Irish Mullingar Pewter Emblem,,,,,,,,,,,,,,,,,,,,,,,unlisted
credit-card-holder-money-clip-harp,,,,,,,false,,,,,,,,,,,,,,,,,,https://cdn.shopify.com/s/files/1/1565/2549/products/MONEYCLIPANDCREDITCARDHOLDERTRINITY.jpg?v=1621934670,3,Leather Credit Card/Money Clip with an Irish Mullingar Pewter Emblem,,,,,,,,,,,,,,,,,,,,,,,unlisted
credit-card-holder-money-clip-harp,,,,,,,false,,,,,,,,,,,,,,,,,,https://cdn.shopify.com/s/files/1/1565/2549/products/MONEYCLIPANDCREDITCARDHOLDERSHAMROCK.jpg?v=1621934753,4,Leather Credit Card/Money Clip with an Irish Mullingar Pewter Emblem,,,,,,,,,,,,,,,,,,,,,,,unlisted
irish-pewter-wine-stopper,Mullingar Pewter Irish Wine Stopper Collection,"<div class=""flex flex-grow flex-col max-w-full"">
<div data-message-author-role=""assistant"" data-message-id=""bc376445-bee3-4f0a-b6ef-31959d941c87"" dir=""auto"" class=""min-h-[20px] text-message flex flex-col items-start whitespace-pre-wrap break-words [.text-message+&amp;]:mt-5 juice:w-full juice:items-end overflow-x-auto gap-2"">
<div class=""flex w-full flex-col gap-1 juice:empty:hidden juice:first:pt-[3px]"">
<div class=""markdown prose w-full break-words dark:prose-invert light"">
<h3>Mullingar Pewter Irish Wine Stoppers Collection</h3>
<p>Enhance your wine experience with these exquisite Mullingar Pewter wine stoppers, each showcasing a unique design that celebrates Irish and Celtic heritage. Handmade in Ireland, these wine stoppers are not only functional but also serve as beautiful collectibles or thoughtful gifts. Each stopper features intricate detailing and is crafted to fit snugly in most wine bottles, ensuring your wine stays fresh while adding a touch of elegance to your bottle.</p>
<h4>Available Designs:</h4>
<hr>
<h3><strong>P261 T4 - Wine Stopper with 4 Trinity Designs</strong></h3>
<ul>
<li>
<strong>Description</strong>: This wine stopper features four Trinity Knot designs, symbolizing the interconnectedness of mind, body, and spirit.</li>
<li>
<strong>Design</strong>: Four Trinity Knot patterns, each intricately detailed.</li>
<li>
<strong>Perfect For</strong>: Celebrating Irish heritage and the symbolism of the Trinity Knot.</li>
</ul>
<hr>
<h3><strong>P261 Shamrock 1 - Wine Stopper with Shamrock Surrounded by Celtic Design</strong></h3>
<ul>
<li>
<strong>Description</strong>: A classic design featuring the Shamrock, a symbol of Ireland, surrounded by a beautiful Celtic pattern.</li>
<li>
<strong>Design</strong>: Central Shamrock with detailed Celtic knotwork around it.</li>
<li>
<strong>Perfect For</strong>: Those who cherish Irish culture and the symbolic Shamrock.</li>
</ul>
<hr>
<h3><strong>P261 Claddagh 1 - Wine Stopper with Claddagh Surrounded by Celtic Design</strong></h3>
<ul>
<li>
<strong>Description</strong>: The Claddagh, representing love, loyalty, and friendship, is elegantly encircled by Celtic designs.</li>
<li>
<strong>Design</strong>: Claddagh emblem with intricate Celtic motifs.</li>
<li>
<strong>Perfect For</strong>: A meaningful gift symbolizing deep relationships.</li>
</ul>
<hr>
<h3><strong>P261 Celtic A - Wine Stopper with Celtic Triskle Design</strong></h3>
<ul>
<li>
<strong>Description</strong>: Featuring the ancient , this Triskle design is a nod to Celtic spirituality and the cycles of life.</li>
<li>
<strong>Design</strong>: Triskle symbol, embodying Celtic traditions and aesthetics.</li>
<li>
<strong>Perfect For</strong>: Lovers of Celtic symbolism and heritage.</li>
</ul>
<hr>
<h3><strong>P261 Celtic D - Wine Stopper with Celtic Design from Book of Kells</strong></h3>
<ul>
<li>
<strong>Description</strong>: Inspired by the famous Book of Kells, this stopper features a classic Celtic design known for its intricate and elaborate detail.</li>
<li>
<strong>Design</strong>: Traditional Celtic patterns reminiscent of the Book of Kells artwork.</li>
<li>
<strong>Perfect For</strong>: History enthusiasts and admirers of ancient manuscripts.</li>
</ul>
<hr>
<h3><strong>P261 Celtic E - Wine Stopper with Celtic Design from Book of Kells</strong></h3>
<ul>
<li>
<strong>Description</strong>: Another beautiful design inspired by the Book of Kells, showcasing complex knotwork and artistic detail.</li>
<li>
<strong>Design</strong>: Elaborate Celtic motifs from the renowned manuscript.</li>
<li>
<strong>Perfect For</strong>: Collectors and those who appreciate historical art.</li>
</ul>
<hr>
<h3><strong>P261 Trinity 1 - Wine Stopper with Trinity Design Surrounded by Celtic Design</strong></h3>
<ul>
<li>
<strong>Description</strong>: This stopper highlights a central Trinity Knot, framed by detailed Celtic patterns.</li>
<li>
<strong>Design</strong>: Trinity Knot with surrounding Celtic embellishments.</li>
<li>
<strong>Perfect For</strong>: Anyone who values the symbolism of the Trinity and Celtic art.</li>
</ul>
<hr>
<h3><strong>P261 Harp 1 - Wine Stopper with Harp Design Surrounded by Celtic Design</strong></h3>
<ul>
<li>
<strong>Description</strong>: Featuring the Irish harp, a national symbol, surrounded by intricate Celtic designs.</li>
<li>
<strong>Design</strong>: Irish harp with decorative Celtic patterns.</li>
<li>
<strong>Perfect For</strong>: Music lovers and those who honor Irish heritage.</li>
</ul>
<hr>
<h3><strong>P261 Irish/Shamrock - Wine Stopper with Irish/Shamrock Design</strong></h3>
<ul>
<li>
<strong>Description</strong>: Combines the iconic Shamrock with the word ""Irish,"" making it a perfect representation of Ireland.</li>
<li>
<strong>Design</strong>: Shamrock with ""Irish"" label and Celtic decoration.</li>
<li>
<strong>Perfect For</strong>: Proudly displaying Irish roots and culture.</li>
</ul>
<hr>
<h3><strong>P261 Shamrock/Trinity - Wine Stopper with Shamrock and Trinity Designs Mixed</strong></h3>
<ul>
<li>
<strong>Description</strong>: This design merges the Shamrock and Trinity Knot, symbolizing Irish identity and spiritual unity.</li>
<li>
<strong>Design</strong>: A combination of Shamrock and Trinity motifs.</li>
<li>
<strong>Perfect For</strong>: Those who embrace both national pride and spiritual symbolism.</li>
</ul>
<hr>
<h3><strong>P261 Ireland - Wine Stopper with Map of Ireland Embossed</strong></h3>
<ul>
<li>
<strong>Description</strong>: Features a detailed map of Ireland, showcasing the country’s shape and major landmarks.</li>
<li>
<strong>Design</strong>: Embossed map of Ireland with Celtic detailing.</li>
<li>
<strong>Perfect For</strong>: Celebrating Irish geography and heritage.</li>
</ul>
<hr>
<h3><strong>P261 Scotland - Wine Stopper with Map of Scotland Embossed</strong></h3>
<ul>
<li>
<strong>Description</strong>: Highlights a map of Scotland, representing the country’s rich history and landscape.</li>
<li>
<strong>Design</strong>: Embossed map of Scotland with intricate detailing.</li>
<li>
<strong>Perfect For</strong>: Those with a connection to Scotland or admiration for its history.</li>
</ul>
<hr>
<p><strong>Handmade in Ireland</strong><br><strong>Price includes shipping</strong></p>
<p>Each of these wine stoppers is a beautiful blend of functionality and artistry, perfect for any wine lover or collector of Irish and Celtic memorabilia. Enjoy free shipping on all designs, making them a convenient and thoughtful choice for gifts or personal use.</p>
</div>
</div>
</div>
</div>",Mullingar Pewter,,Wine,"bottle saver, bottle stop, celtic, flacon, general gift, gift, irish, Pewter triskele wine stopper, Pewter wine bung, Pewter wine cork, pewter wine stopper, Trinity, Trinity knot, Trinity knot wine stopper, triskele, triskele wine stopper, wine stop, imported, unlisted",false,STOPPER,WINE STOPPER T4,,,,,P261 T4,0,shopify,0,deny,manual,24.95,,true,false,,https://cdn.shopify.com/s/files/1/1565/2549/products/WINEBOTTLESTOPPERTRINITY4.jpg?v=1622763978,1,Mullingar Pewter Irish Wine Stopper Collection,false,Mullingar Pewter Irish Wine Stopper Collection,"Mullingar Pewter Irish Wine Stoppers Collection Enhance your wine experience with these exquisite Mullingar Pewter wine stoppers, each showcasing a unique design that celebrates Irish and Celtic heritage. Handmade in Ireland, these wine stoppers are not only functional but also serve as beautiful collectibles or though",,,,,,,,,,,,,g,,,true,true,,,unlisted
irish-pewter-wine-stopper,,,,,,,false,,WINE STOPPER SHAMROCK 1,,,,,P261 Shamrock 1,0,shopify,0,deny,manual,24.95,,true,false,,,,,,,,,,,,,,,,,,,,g,,,,,,,unlisted
irish-pewter-wine-stopper,,,,,,,false,,WINE STOPPER CLADDAGH 1,,,,,P261 Claddagh 1,0,shopify,0,deny,manual,24.95,,true,false,,,,,,,,,,,,,,,,,,,,g,,,,,,,unlisted
irish-pewter-wine-stopper,,,,,,,false,,WINE STOPPER CELTIC A,,,,,P261 Celtic A,0,shopify,0,deny,manual,24.95,,true,false,,,,,,,,,,,,,,,,,,,,g,,,,,,,unlisted
irish-pewter-wine-stopper,,,,,,,false,,WINE STOPPER CELTIC D,,,,,P261 Celtic D,0,shopify,0,deny,manual,24.95,,true,false,,,,,,,,,,,,,,,,,,,,g,,,,,,,unlisted
irish-pewter-wine-stopper,,,,,,,false,,WINE STOPPER CELTIC E,,,,,P261 Celtic E,0,shopify,0,deny,manual,24.95,,true,false,,,,,,,,,,,,,,,,,,,,g,,,,,,,unlisted
irish-pewter-wine-stopper,,,,,,,false,,WINE STOPPER TRINITY 1,,,,,P261 Trinity 1,0,shopify,0,deny,manual,24.95,,true,false,,,,,,,,,,,,,,,,,,,,g,,,,,,,unlisted
irish-pewter-wine-stopper,,,,,,,false,,WINE STOPPER HARP 1,,,,,P261 Harp1,0,shopify,0,deny,manual,24.95,,true,false,,,,,,,,,,,,,,,,,,,,g,,,,,,,unlisted
irish-pewter-wine-stopper,,,,,,,false,,WINE STOPPER IRISH/SHSMROCK,,,,,P261 Irish/Sh,0,shopify,0,deny,manual,24.95,,true,false,,,,,,,,,,,,,,,,,,,,g,,,,,,,unlisted
irish-pewter-wine-stopper,,,,,,,false,,WINE STOPPER SHAMROCK/TRINITY,,,,,P261 Sham/Trinity,0,shopify,0,deny,manual,24.95,,true,false,,,,,,,,,,,,,,,,,,,,g,,,,,,,unlisted
irish-pewter-wine-stopper,,,,,,,false,,WINE STOPPER IRELAND MAP,,,,,P261 Irl Map,0,shopify,0,deny,manual,24.95,,true,false,,,,,,,,,,,,,,,,,,,,g,,,,,,,unlisted
irish-pewter-wine-stopper,,,,,,,false,,WINE STOPPER SCOTLAND,,,,,P261 Scotland,0,shopify,0,deny,manual,24.95,,true,false,,,,,,,,,,,,,,,,,,,,g,,,,,,,unlisted
irish-pewter-wine-stopper,,,,,,,false,,,,,,,,,,,,,,,,,,https://cdn.shopify.com/s/files/1/1565/2549/products/WINEBOTTLESTOPPERSHAMROCK1_638427b0-9497-4f44-84bf-ee4799a40523.jpg?v=1622764003,2,Mullingar Pewter Irish Wine Stopper Collection,,,,,,,,,,,,,,,,,,,,,,,unlisted
irish-pewter-wine-stopper,,,,,,,false,,,,,,,,,,,,,,,,,,https://cdn.shopify.com/s/files/1/1565/2549/products/WINEBOTTLESTOPPERCLADDAGH1_a1af1cbb-59c5-407d-b029-01e1b875d0d5.jpg?v=1622764033,3,Mullingar Pewter Irish Wine Stopper Collection,,,,,,,,,,,,,,,,,,,,,,,unlisted
irish-pewter-wine-stopper,,,,,,,false,,,,,,,,,,,,,,,,,,https://cdn.shopify.com/s/files/1/1565/2549/products/WINEBOTTLESTOPPERCELTICA_582bb8e5-1ba9-4ae5-ae7e-d2c118375b52.jpg?v=1622764054,4,Mullingar Pewter Irish Wine Stopper Collection,,,,,,,,,,,,,,,,,,,,,,,unlisted
irish-pewter-wine-stopper,,,,,,,false,,,,,,,,,,,,,,,,,,https://cdn.shopify.com/s/files/1/1565/2549/products/WINEBOTTLESTOPPERCELTICD_e709c6d7-b9ce-42f9-9872-ca290546f4b9.jpg?v=1622764075,5,Mullingar Pewter Irish Wine Stopper Collection,,,,,,,,,,,,,,,,,,,,,,,unlisted
i-love-you-jewellery-box,"Mullingar Pewter Heart Shaped ""I Love You"" Jewelry Box","<p><strong><span style=""text-decoration: underline;"">Product code MD142CL Mullingar Pewter Heart Shaped ""I Love You"" Jewelry Box </span></strong></p>
<p><strong><span style=""text-decoration: underline;""></span></strong><span style=""text-decoration: underline;""></span>Heart shaped his and hers jewellery box, with Claddagh design. Beautifully embossed with ""I love you"". The perfect gift as an engagement present, brides gift or just that something for the special one in your life. Lined in a rich navy blue felt.</p>
<p><span>The design is that of the Claddagh taken from the famous love symbol designed in the town of Claddagh, Co. Galway by Richard Joyce back in the year 1689. The design is often used for wedding rings as it is based on the ring that Richard made for his bride to be. The symbolisms are ""hands for friendship"", ""heart for love"" and ""crown for loyalty"".</span></p>
<p><strong>HAND FINISHED IN IRELAND  PRICE INCLUDES SHIPPING</strong></p>",Mullingar Pewter,,jewellery boxes,"21st, 40th, 50th, birthday, celtic, claddagh, general gift, gift, gift for her, irish, jewellery box, jewelry, ladies jewellery box, love, loved one, loved_one, pewter, pewter silver, wedding, wedding gifts, imported, unlisted",false,Title,Default Title,,,,,MD142 CL,0,shopify,0,deny,manual,59.95,,true,false,,https://cdn.shopify.com/s/files/1/1565/2549/products/1635862865537.jpg?v=1638797331,1,"Mullingar Pewter Heart Shaped ""I Love You"" Jewelry Box",false,"Mullingar Pewter Heart Shaped ""I Love You"" Jewelry Box","Product code MD142CL Mullingar Pewter Heart Shaped ""I Love You"" Jewelry Box Heart shaped his and hers jewellery box, with Claddagh design. Beautifully embossed with ""I love you"". The perfect gift as an engagement present, brides gift or just that something for the special one in your life. Lined in a rich navy blue fel",,,,,,,,,,,,,g,,,true,true,,,unlisted
i-love-you-jewellery-box,,,,,,,false,,,,,,,,,,,,,,,,,,https://cdn.shopify.com/s/files/1/1565/2549/products/claddaghheart.jpg?v=1638797245,2,"Mullingar Pewter Heart Shaped ""I Love You"" Jewelry Box",,,,,,,,,,,,,,,,,,,,,,,unlisted
i-love-you-jewellery-box,,,,,,,false,,,,,,,,,,,,,,,,,,https://cdn.shopify.com/s/files/1/1565/2549/products/claddaghheartjewellery.jpg?v=1638797245,3,"Mullingar Pewter Heart Shaped ""I Love You"" Jewelry Box",,,,,,,,,,,,,,,,,,,,,,,unlisted
pewter-birth-certificate-box,Pewter finish Birth Certificate Christening Gift Box.,"<p><strong>Product Code MD112 Pewter finish Birth Certificate Christening Gift Box.</strong></p>
<p><span> The perfect gift for a newborn or for a Christening, t</span>his pewter finish birth certificate box is lined with navy felt, and decorated with a scroll on the top of box which can be engraved with the babies name.  <span>An excellent storage place for a birth certificate.</span></p>
<p><span>Measurement: 8.5""x 2"" x 2""</span></p>
<p><strong>HAND FINISHED IN IRELAND   PRICE INCLUDES SHIPPING.</strong></p>",Mullingar Pewter,,Baby Gifts,"baby birth cert box, baby gift, beloved, birth cert, birth cert gift box, box, christening, forever loved, gift, love, loved one, newborn, newborn birth cert box, personalized baby gift, pewter silver birth cert box, silver box, imported, unlisted",false,Title,Default Title,,,,,MD112,0,shopify,0,deny,manual,59.95,,true,false,,https://cdn.shopify.com/s/files/1/1565/2549/products/BIRTHCERTBOX_b805cdc8-2480-42fd-9f9a-9a60d2394b6f.jpg?v=1642692506,1,Pewter finish Birth Certificate Christening Gift Box.,false,Pewter finish Birth Certificate Christening Gift Box.,"Product Code MD112 Pewter finish Birth Certificate Christening Gift Box. The perfect gift for a newborn or for a Christening, this pewter finish birth certificate box is lined with navy felt, and decorated with a scroll on the top of box which can be engraved with the babies name. An excellent storage place for a birth",,,,,,,,,,,,,g,,,true,true,,,unlisted
mythical-ireland-pewter-wine-goblets,Mullingar Pewter Mythical Ireland Pewter Wine Goblets.,"<p><iframe title=""Mullingar Pewter Making a Pewter Goblet"" src=""https://www.youtube.com/embed/2P2YrLII8j4"" height=""315"" width=""560"" allowfullscreen="""" allow=""accelerometer; autoplay; clipboard-write; encrypted-media; gyroscope; picture-in-picture; web-share"" frameborder=""0""></iframe><meta charset=""utf-8""></p>
<div class=""flex flex-grow flex-col max-w-full"">
<div data-message-author-role=""assistant"" data-message-id=""1cd5cf0a-cee2-4c5b-824b-41e7e1e40596"" dir=""auto"" class=""min-h-[20px] text-message flex flex-col items-start whitespace-pre-wrap break-words [.text-message+&amp;]:mt-5 juice:w-full juice:items-end overflow-x-auto gap-2"">
<div class=""flex w-full flex-col gap-1 juice:empty:hidden juice:first:pt-[3px]"">
<div class=""markdown prose w-full break-words dark:prose-invert light"">
<p>The <strong>Mullingar Pewter Mythical Ireland Wine Goblets</strong> are a captivating addition to any collection or dining table. These 8 oz, 8"" tall goblets, each narrating an iconic tale from ancient Irish mythology, embody the essence of Ireland’s rich cultural heritage.</p>
<h3>Goblet Highlights:</h3>
<ol>
<li>
<p><strong>Na Fianna (Product Code: P140 Na Fianna)</strong>: <a href=""https://en.wikipedia.org/wiki/Fianna"">Fianna - Wikipedia</a> </p>
<ul>
<li>Celebrates the legendary warrior band led by Fionn mac Cumhaill. <a href=""https://en.wikipedia.org/wiki/Fionn_mac_Cumhaill"">Fionn mac Cumhaill - Wikipedia</a>
</li>
<li>Intricate designs that reflect the bravery and heroism of these ancient Irish warriors.</li>
</ul>
</li>
<li>
<p><strong>King Lugh (Product Code: P140 King Lugh)</strong>: <a href=""https://en.wikipedia.org/wiki/Lugh"">Lugh - Wikipedia</a></p>
<ul>
<li>Depicts Lugh, the king of the magical Tuatha Dé Danann.</li>
<li>Exquisite craftsmanship that brings to life the tales of Lugh’s wisdom and prowess.</li>
</ul>
</li>
<li>
<p><strong>Queen Maeve</strong>: <strong>(Product Code: P140 Queen Maeve)</strong>: <a href=""https://en.wikipedia.org/wiki/Medb"">Medb - Wikipedia</a></p>
<ul>
<li>
<strong>Design</strong>: Includes intricate artwork representing Queen Maeve of Connacht, known for her role in the epic Táin Bó Cúailnge (Cattle Raid of Cooley).</li>
<li>
<strong>Symbolism</strong>: Embodies strength and leadership, reflecting Maeve’s storied legacy as a powerful warrior queen.</li>
</ul>
</li>
<li>
<p><b>The Lion of Ireland: <strong>(Product Code: P140 The Lion of Ireland)</strong>: <a href=""https://en.wikipedia.org/wiki/Brian_Boru"">Brian Boru - Wikipedia</a></b></p>
<ul>
<li>
<strong>Design</strong>: Features motifs related to Brian Boru, the High King of Ireland who famously united the country and led it to victory at the Battle of Clontarf.</li>
<li>
<strong>Symbolism</strong>: Highlights themes of unity, resilience, and the enduring spirit of the Irish people.</li>
</ul>
</li>
</ol>
<h3>Key Features:</h3>
<ul>
<li>
<strong>Material</strong>: High-quality pewter, known for its durability and lustrous finish.</li>
<li>
<strong>Craftsmanship</strong>: Each goblet is handcrafted in Ireland, ensuring a unique and authentic piece.</li>
<li>
<strong>Functionality</strong>: Adds elegance to your dining table, perfect for special occasions or as a cherished collectible.</li>
</ul>
<h3>Purchase Details:</h3>
<ul>
<li>
<strong>Set</strong>: Can also be sold as a set of 4 with each goblet telling a different story.</li>
<li>
<strong>Price</strong>: Includes shipping, making it a convenient and worthwhile investment in a piece of Irish history.</li>
</ul>
<p>These goblets not only serve as functional drinkware but also as storytelling pieces that celebrate Ireland's legendary past. Perfect for those who appreciate fine craftsmanship and the allure of mythical tales.</p>
</div>
</div>
</div>
</div>
<p><span style=""text-decoration: underline;""><strong>About our Pewter Goblets</strong></span></p>
<p>Our metal content in all of the above is 92-95% tin with a balance of Copper and Antimony.</p>
<p>Our metal is Lead free and complies with EU, FDA,BS and Proposition 65 standards.</p>",Mullingar Pewter,,Drinkware,"Brian Boru, Brian Boru Goblet, goblet, King Brian Boru, Lion of Ireland, Mythical, Mythical Ireland, Mythical Ireland Goblet, Pewter goblet, imported, unlisted",false,Mythical Ireland Goblet,Na Fianna - Single Goblet,,,,,P140F Na Fianna,0,shopify,0,deny,manual,129.95,,true,false,,https://cdn.shopify.com/s/files/1/1565/2549/files/MYTHICAL_IRISH_GOBLETS.jpg?v=1718706540,1,Mullingar Pewter Mythical Ireland Pewter Wine Goblets.,false,Mullingar Pewter Mythical Ireland Pewter Wine Goblets.,"The Mullingar Pewter Mythical Ireland Wine Goblets are a captivating addition to any collection or dining table. These 8 oz, 8"" tall goblets, each narrating an iconic tale from ancient Irish mythology, embody the essence of Ireland’s rich cultural heritage. Goblet Highlights: Na Fianna (Product Code: P140 Na Fianna): F",,,,,,,,,,,,,g,,,true,true,,,unlisted
mythical-ireland-pewter-wine-goblets,,,,,,,false,,King Lugh - Single Goblet,,,,,P140L King Lugh,0,shopify,0,deny,manual,129.95,,true,false,,,,,,,,,,,,,,,,,,,,g,,,,,,,unlisted
mythical-ireland-pewter-wine-goblets,,,,,,,false,,Queen Maeve - Single Goblet,,,,,P140Q Queen Maeve,0,shopify,0,deny,manual,129.95,,true,false,,,,,,,,,,,,,,,,,,,,g,,,,,,,unlisted
mythical-ireland-pewter-wine-goblets,,,,,,,false,,The Lion of Ireland - Single Goblet,,,,,P140K Lion of Ireland,0,shopify,0,deny,manual,129.95,,true,false,,,,,,,,,,,,,,,,,,,,g,,,,,,,unlisted
mythical-ireland-pewter-wine-goblets,,,,,,,false,,,,,,,,,,,,,,,,,,https://cdn.shopify.com/s/files/1/1565/2549/files/NAFIANNAGOBLET_c539a5a3-47d8-4fae-8b60-c9ba91c09cdb.jpg?v=1718706581,2,Mullingar Pewter Mythical Ireland Pewter Wine Goblets.,,,,,,,,,,,,,,,,,,,,,,,unlisted
mythical-ireland-pewter-wine-goblets,,,,,,,false,,,,,,,,,,,,,,,,,,https://cdn.shopify.com/s/files/1/1565/2549/files/KINGLUGHGOBLET_9be7504c-8683-4cca-af28-081316e07407.jpg?v=1718706615,3,Mullingar Pewter Mythical Ireland Pewter Wine Goblets.,,,,,,,,,,,,,,,,,,,,,,,unlisted
mythical-ireland-pewter-wine-goblets,,,,,,,false,,,,,,,,,,,,,,,,,,https://cdn.shopify.com/s/files/1/1565/2549/files/QUEENMAEVEGOBLET_605af893-eb9e-411e-8c00-de58aef131b1.jpg?v=1718706650,4,Mullingar Pewter Mythical Ireland Pewter Wine Goblets.,,,,,,,,,,,,,,,,,,,,,,,unlisted
mythical-ireland-pewter-wine-goblets,,,,,,,false,,,,,,,,,,,,,,,,,,https://cdn.shopify.com/s/files/1/1565/2549/files/KINGBRIANBORUGOBLET_66e243c2-331d-4709-94a9-77e1f80a4c33.jpg?v=1718706706,5,Mullingar Pewter Mythical Ireland Pewter Wine Goblets.,,,,,,,,,,,,,,,,,,,,,,,unlisted
woodlands-beakers,Mullingar Pewter Beakers with Woodlands Designs.,"<h3>Mullingar Pewter Beakers with Woodlands Designs</h3>
<h3>Product Code: B92552</h3>
<h4>Available Designs</h4>
<ul>
<li><strong>Fox</strong></li>
<li><strong>Duck</strong></li>
<li><strong>Hare</strong></li>
<li><strong>Stag</strong></li>
</ul>
<h4>Product Description</h4>
<p>The Mullingar Pewter Woodlands Collection is an exquisite series that showcases detailed and unique representations of forest animals. This collection features intricately designed pewter beakers, each adorned with a different woodland creature: a fox, a duck, a stag and a hare.</p>
<h4>Design and Craftsmanship</h4>
<p>Standing at 5.5 inches high, these Irish pewter beakers are crafted from the finest quality pewter, finished in a lustrous silver color. The intricate animal designs capture the beauty and charm of the woodland fauna, making each piece a true work of art. Whether used for drinking or displayed as a decorative piece, these beakers are sure to impress.</p>
<h4>Perfect Gift</h4>
<p>These beakers make a wonderful gift for any occasion. They are ideal for nature enthusiasts, collectors of pewter, or anyone who appreciates finely crafted artisan items. The timeless elegance and unique design of each beaker ensure that they will be cherished for years to come.</p>
<h4>Handmade Excellence</h4>
<p>Each beaker in this collection is handmade in Ireland, reflecting the rich tradition of Irish craftsmanship. The attention to detail and quality of the materials make these beakers a standout addition to any home or collection.</p>
<h4>Features</h4>
<ul>
<li>
<strong>Designs</strong>: Fox, Duck, Hare, Stag</li>
<li>
<strong>Height</strong>: 5.5 inches</li>
<li>
<strong>Material</strong>: High-quality pewter, silver in color</li>
<li>
<strong>Handmade</strong>: Yes, in Ireland</li>
<li>
<strong>Price</strong>: Includes shipping</li>
</ul>
<h4>Ideal For</h4>
<ul>
<li>Gifts for nature lovers</li>
<li>Pewter collectors</li>
<li>Special occasions</li>
<li>Home décor enthusiasts</li>
</ul>
<h3>Care Instructions</h3>
<p>To maintain the beauty and integrity of your pewter beaker, hand washing is recommended. Avoid using abrasive materials that could damage the surface.</p>
<p><span style=""text-decoration: underline;""><strong>About our Pewter Beakers</strong></span></p>
<p>Our metal content in all of the above is 92-95% tin with a balance of Copper and Antimony.</p>
<p>Our metal is Lead free and complies with EU, FDA,BS and Proposition 65 standards.</p>
<p>Our items are packaged in Black and Silver Mullingar Pewter Packaging where possible.</p>",Mullingar Pewter,,Drinkware,"Beaker, bronze, duck beaker, fox beaker, hare beaker, Irish woodland beakers, pewter, pewter beaker, Pewter beakers, sports, stag beaker, wildlife, wildlife beaker, wildlife goblet, woodland design beakers, woodlands themed beakers, imported, unlisted",false,Choose Type,FOX,,,,,B92552 Fox,0,shopify,0,deny,manual,99.95,,true,false,,https://cdn.shopify.com/s/files/1/1565/2549/products/WOODLANDSBEAKERFOX.jpg?v=1630420983,1,Mullingar Pewter Beakers with Woodlands Designs.,false,Mullingar Pewter Beakers with Woodlands Designs.,Mullingar Pewter Beakers with Woodlands Designs Product Code: B92552 Available Designs Fox Duck Hare Stag Product Description The Mullingar Pewter Woodlands Collection is an exquisite series that showcases detailed and unique representations of forest animals. This collection features intricately designed pewter beaker,,,,,,,,,,,,,g,,,true,true,,,unlisted
woodlands-beakers,,,,,,,false,,HARE,,,,,B92552 Hare,0,shopify,0,deny,manual,99.95,,true,false,,,,,,,,,,,,,,,,,,,,g,,,,,,,unlisted
woodlands-beakers,,,,,,,false,,DUCK,,,,,B92552 Duck.,0,shopify,0,deny,manual,99.95,,true,false,,,,,,,,,,,,,,,,,,,,g,,,,,,,unlisted
woodlands-beakers,,,,,,,false,,STAG,,,,,B92552 Stag,0,shopify,0,deny,manual,99.95,,true,false,,,,,,,,,,,,,,,,,,,,g,,,,,,,unlisted
woodlands-beakers,,,,,,,false,,WOODLANDS BEAKER Collection of 4 - one of each design,,,,,B92552 collection of 4,0,shopify,0,deny,manual,379.95,,true,false,,,,,,,,,,,,,,,,,,,,g,,,,,,,unlisted
woodlands-beakers,,,,,,,false,,,,,,,,,,,,,,,,,,https://cdn.shopify.com/s/files/1/1565/2549/products/WOODLANDSBEAKERRABBIT.jpg?v=1630420983,2,Mullingar Pewter Beakers with Woodlands Designs.,,,,,,,,,,,,,,,,,,,,,,,unlisted
woodlands-beakers,,,,,,,false,,,,,,,,,,,,,,,,,,https://cdn.shopify.com/s/files/1/1565/2549/products/WOODLANDSBEAKERDUCK.jpg?v=1630420983,3,Mullingar Pewter Beakers with Woodlands Designs.,,,,,,,,,,,,,,,,,,,,,,,unlisted
woodlands-beakers,,,,,,,false,,,,,,,,,,,,,,,,,,https://cdn.shopify.com/s/files/1/1565/2549/products/WOODLANDSBEAKERSTAG.jpg?v=1630420983,4,Mullingar Pewter Beakers with Woodlands Designs.,,,,,,,,,,,,,,,,,,,,,,,unlisted
woodlands-beakers,,,,,,,false,,,,,,,,,,,,,,,,,,https://cdn.shopify.com/s/files/1/1565/2549/files/WOODLANDS_BEAKERS_set_of_4_8fb635af-f8c6-420a-9528-7faa21c699c8.jpg?v=1728303824,5,Mullingar Pewter Beakers with Woodlands Designs.,,,,,,,,,,,,,,,,,,,,,,,unlisted
stem-candleholder,Mullingar Pewter Irish Claddagh/Celtic Stem Candleholder,"<p><strong style=""font-size: 0.875rem;"">Product Code P168 Celtic/Claddagh  Mullingar Pewter Irish Claddagh/Celtic Stem Candleholder</strong></p>
<p><span>A lovely wedding or housewarming gift, This beautiful Irish pewter Stem Candleholder is 5"" Diameter.  There are 2 designs to choose from. Please specify at the checkout which one you would like to purchase. </span></p>
<p><span>*Please note this item does not come with candle.</span></p>
<p><strong>HANDMADE IN IRELAND.  SHIPPING INCLUDED </strong></p>",Mullingar Pewter,,Homeware,"candle, celtic candleholders, irish, Irish claddagh, irish gift, irish heritage, Irish pewter, pewter candleholder, set of 2 candleholder, imported, unlisted",false,Title,CLADDAGH,,,,,P168 Claddagh,0,shopify,0,deny,manual,94.95,,true,false,,https://cdn.shopify.com/s/files/1/1565/2549/products/CLADDAGHSTEMCANDLEHOLDER.jpg?v=1623166280,1,Mullingar Pewter Irish Claddagh/Celtic Stem Candleholder,false,Mullingar Pewter Irish Claddagh/Celtic Stem Candleholder,"Product Code P168 Celtic/Claddagh Mullingar Pewter Irish Claddagh/Celtic Stem Candleholder A lovely wedding or housewarming gift, This beautiful Irish pewter Stem Candleholder is 5"" Diameter. There are 2 designs to choose from. Please specify at the checkout which one you would like to purchase. *Please note this item ",,,,,,,,,,,,,g,,,true,true,,,unlisted
stem-candleholder,,,,,,,false,,CELTIC,,,,,P168 Celtic,0,shopify,0,deny,manual,94.95,,true,false,,,,,,,,,,,,,,,,,,,,g,,,,,,,unlisted
stem-candleholder,,,,,,,false,,,,,,,,,,,,,,,,,,https://cdn.shopify.com/s/files/1/1565/2549/products/CELTICSTEMCANDLEHOLDER.jpg?v=1623166377,2,Mullingar Pewter Irish Claddagh/Celtic Stem Candleholder,,,,,,,,,,,,,,,,,,,,,,,unlisted
baby-cutlery-set,Mullingar Pewter Irish Baby Cutlery Set.,"<p><strong>Product code C17 Mullingar Irish Pewter Baby Cutlery Set. </strong></p>
<p><span>Our hand crafted Irish Pewter Baby cutlery sets are available in three stunning designs - Celtic, Shamrock and Claddagh. Comes in presentation box with blue satin insert. Knife is 5"" long </span><span>The pewter handles combined with the stainless steel cutter, fork and spoon, makes the perfect Christening gift. This piece can be engraved with name and date as a memento</span></p>
<p><strong>Celtic (C17Cel) </strong>The Celtic designs seen on our products are taken from the Kells manuscripts, the most famous Irish artefact. Celtic symbols and designs have been around for centuries, and were first found on Ogham stones, in manuscripts drawn/written by the monks or in old monasteries around Ireland.</p>
<p> <strong>Shamrock (C17S) </strong>A classic Irish motif, the Shamrock has been recognized as the symbol of Ireland for centuries. It is said that Saint Patrick, Ireland's patron saint, used the shamrock to describe the Holy Trinity - The Father, The Son, and The Holy Spirit - each represented by a leaf.</p>
<p><strong>Claddagh (C17CL) </strong>The design is that of the Claddagh taken from the famous love symbol designed in the town of Claddagh, Co. Galway by Richard Joyce back in the year 1689. The design is often used for wedding rings as it is based on the ring that Richard made for his bride to be. The symbolisms are ""hands for friendship"", ""heart for love"" and ""crown for loyalty"".</p>
<p>HAND MADE IN IRELAND         PRICE INCLUDES SHIPPING.</p>
<p><span style=""text-decoration: underline;""><strong>About our Pewter Cutlery Sets   </strong></span>Our metal content in all of the above is 92-95% tin with a balance of Copper and Antimony.  Our metal is Lead free and complies with EU, FDA,BS and Proposition 65 standards.</p>
<p> </p>",Mullingar Pewter,,Baby Gifts,"baby, baby gifts, birthday, celtic, childrens gifts, claddagh, cutlery, educator set, general gift, general gifts, gift, Heritage, irish, pewter, pewter cutlery set, pewter silver, pewter silver cutlery set, shamrock, silverware, tableware, imported, unlisted",false,Design,Celtic,,,,,C17 Celtic,0,shopify,0,deny,manual,77.95,,true,false,,https://cdn.shopify.com/s/files/1/1565/2549/products/BABYCELTICKNIFE_FORKANDSPOONSET.jpg?v=1642516627,1,Mullingar Pewter Irish Baby Cutlery Set.,false,Mullingar Pewter Irish Baby Cutlery Set.,"Product code C17 Mullingar Irish Pewter Baby Cutlery Set. Our hand crafted Irish Pewter Baby cutlery sets are available in three stunning designs - Celtic, Shamrock and Claddagh. Comes in presentation box with blue satin insert. Knife is 5"" long The pewter handles combined with the stainless steel cutter, fork and spoo",,,,,,,,,,,,,g,,,true,true,,,unlisted
baby-cutlery-set,,,,,,,false,,Claddagh,,,,,C17 Claddagh,0,shopify,0,deny,manual,77.95,,true,false,,,,,,,,,,,,,,,,,,,,g,,,,,,,unlisted
baby-cutlery-set,,,,,,,false,,Shamrock,,,,,C17 Shamrock,0,shopify,0,deny,manual,77.95,,true,false,,,,,,,,,,,,,,,,,,,,g,,,,,,,unlisted
baby-cutlery-set,,,,,,,false,,,,,,,,,,,,,,,,,,https://cdn.shopify.com/s/files/1/1565/2549/products/BABYCLADDAGHKNIFE_FORKANDSPOONSET.jpg?v=1642516668,2,Mullingar Pewter Irish Baby Cutlery Set.,,,,,,,,,,,,,,,,,,,,,,,unlisted
baby-cutlery-set,,,,,,,false,,,,,,,,,,,,,,,,,,https://cdn.shopify.com/s/files/1/1565/2549/products/BABYSHAMROCKKNIFE_FORKANDSPOONSET.jpg?v=1642516706,3,Mullingar Pewter Irish Baby Cutlery Set.,,,,,,,,,,,,,,,,,,,,,,,unlisted
baby-cutlery-set,,,,,,,false,,,,,,,,,,,,,,,,,,https://cdn.shopify.com/s/files/1/1565/2549/products/C17celtic.jpg?v=1622679879,4,Mullingar Pewter Irish Baby Cutlery Set.,,,,,,,,,,,,,,,,,,,,,,,unlisted
baby-cutlery-set,,,,,,,false,,,,,,,,,,,,,,,,,,https://cdn.shopify.com/s/files/1/1565/2549/products/C17CL.jpg?v=1642516762,5,Mullingar Pewter Irish Baby Cutlery Set.,,,,,,,,,,,,,,,,,,,,,,,unlisted
scenes-of-ireland-wall-plaque-pewter-finish,"Mullingar Pewter - Scenes of Ireland Wall Plaque, Pewter Finish","<div class=""flex flex-grow flex-col max-w-full"">
<div class=""min-h-[20px] text-message flex flex-col items-start whitespace-pre-wrap break-words [.text-message+&amp;]:mt-5 juice:w-full juice:items-end overflow-x-auto gap-2"" dir=""auto"" data-message-id=""03412d2f-499b-450a-b2f5-caa22d215ec6"" data-message-author-role=""assistant"">
<div class=""flex w-full flex-col gap-1 juice:empty:hidden juice:first:pt-[3px]"">
<div class=""markdown prose w-full break-words dark:prose-invert light"">
<p><strong>Product Code: P284</strong></p>
<p><strong>Scenes of Ireland Wall Plaque – A Celebration of Irish Heritage and Beauty</strong></p>
<p><strong>Description:</strong><br>The Mullingar Pewter <em>Scenes of Ireland Wall Plaque</em> is a captivating piece of Irish craftsmanship that showcases the scenic beauty and cultural richness of the Emerald Isle. Measuring 8 inches in diameter, this stunning plaque features a detailed pewter map of Ireland surrounded by intricately engraved depictions of iconic Irish landmarks.</p>
<p><strong>Key Features:</strong></p>
<ul>
<li>
<strong>Size:</strong> 8-inch diameter, perfect for wall display or tabletop decor.</li>
<li>
<strong>Material:</strong> Crafted from premium pewter with a silver finish, combining durability with timeless elegance.</li>
<li>
<strong>Design:</strong> Central map of Ireland encircled by engraved landmarks, each capturing the essence of Ireland’s history and charm.</li>
</ul>
<p><strong>Landmarks Represented:</strong></p>
<ul>
<li>
<strong>Blarney Castle:</strong> Home of the famous Blarney Stone.    <a href=""https://blarneycastle.ie/"">Family Friendly Holiday | World-Famous | Blarney Castle</a>
</li>
<li>
<strong>Cliffs of Moher:</strong> Renowned for their dramatic coastal vistas.   <a href=""https://www.cliffsofmoher.ie/"">Ireland Cliffs, Famous Cliffs in Ireland | Cliffs of Moher</a>
</li>
<li>
<strong>Bunratty Castle:</strong> A striking medieval fortress.   <a href=""https://www.bunrattycastle.ie/"">Bunratty Castle &amp; Folk Park | Family Attractions Clare | Castles Ireland | Bunratty Castle &amp; Folk Park</a>
</li>
<li>
<strong>Belfast City Hall:</strong> A masterpiece of Renaissance-style architecture.   <a href=""https://www.belfastcity.gov.uk/cityhall"">Belfast City Hall</a>
</li>
<li>
<strong>Glendalough:</strong> Ancient monastic ruins set in a serene valley.   <a href=""https://en.wikipedia.org/wiki/Glendalough"">Glendalough - Wikipedia</a>
</li>
<li>
<strong>Ha’penny Bridge:</strong> Dublin’s iconic pedestrian bridge over the River Liffey.  <a href=""https://en.wikipedia.org/wiki/Ha%27penny_Bridge"">Ha'penny Bridge - Wikipedia</a>
</li>
<li>
<strong>Kylemore Abbey:</strong> A breathtaking lakeside monastery.  <a href=""https://www.kylemoreabbey.com/"">Ireland Tourist Attractions | Kylemore Abbey in Connemara</a>
</li>
<li>
<strong>Lakes of Killarney:</strong> Scenic lakes surrounded by lush landscapes in County Kerry.  <a href=""https://www.discoverireland.ie/kerry/the-lakes-of-killarney"">Visit The Lakes Of Killarney with Discover Ireland</a>
</li>
</ul>
<p><strong>Ideal For:</strong></p>
<ul>
<li>
<strong>Tourists and Expats:</strong> A meaningful memento of Ireland’s beauty and culture.</li>
<li>
<strong>Collectors:</strong> A standout addition to any Irish-themed decor or memorabilia collection.</li>
<li>
<strong>Gifts:</strong> A thoughtful present for anyone with Irish roots or a love for Ireland’s landmarks.</li>
</ul>
<p><strong>Display Options:</strong></p>
<ul>
<li>
<strong>Wall Hanging:</strong> Perfect for living rooms, hallways, or spaces needing a touch of Irish charm.</li>
<li>
<strong>Tabletop Display:</strong> Includes a stand for placement on tables, shelves, or mantels.</li>
<li>
<strong>Gift Boxed:</strong> Beautifully packaged, ready for gifting on any occasion.</li>
</ul>
<p><strong>Purchase Details:</strong></p>
<ul>
<li>
<strong>Handcrafted in Ireland:</strong> Expertly made by skilled artisans at Mullingar Pewter, ensuring authenticity and exceptional detail.</li>
<li>
<strong>Shipping Included:</strong> Price covers worldwide delivery, making it a hassle-free choice for gifts or personal use.</li>
</ul>
<p><strong>Why Choose This Wall Plaque?</strong><br>The <em>Scenes of Ireland Wall Plaque</em> is more than decor—it’s a celebration of Ireland’s natural beauty and cultural heritage. Its exquisite craftsmanship and attention to detail make it a unique piece for any home or a memorable gift for someone special.</p>
<p>With its elegant design and representations of Ireland’s most beloved landmarks, this plaque is a timeless tribute to the Emerald Isle, perfect for anyone who cherishes Ireland's history and scenic landscapes.</p>
</div>
</div>
</div>
</div>",Mullingar Pewter,,Gift,"all ireland, celtic, general gift, general gifts, gift, Ireland, irish, irish gift, irish heritage, Irish History, Irish pewter, plate, imported, unlisted",false,Title,Default Title,,,,,P284,0,shopify,0,deny,manual,47.95,,true,false,,https://cdn.shopify.com/s/files/1/1565/2549/products/IRELANDPLATE8INCH.jpg?v=1642609599,1,"Mullingar Pewter - Scenes of Ireland Wall Plaque, Pewter Finish",false,Mullingar Pewter,"Product Code: P284 Scenes of Ireland Wall Plaque – A Celebration of Irish Heritage and Beauty Description:The Mullingar Pewter Scenes of Ireland Wall Plaque is a captivating piece of Irish craftsmanship that showcases the scenic beauty and cultural richness of the Emerald Isle. Measuring 8 inches in diameter, this stun",,,,,,,,,,,,,g,,,true,true,,,unlisted
dublin-scenes-pewter-finish-plate,Mullingar Pewter Scenes of Dublin Pewter Finish Wall Plate,"<p><strong>Product Code: P285</strong></p>
<p><strong>Scenes of Dublin Ireland Wall Plate – Pewter Plate with Dublin Crest (8” Diameter)</strong></p>
<p><strong>Description:</strong><br>Capture the spirit of Dublin with this beautifully crafted pewter wall plate. Measuring 8 inches in diameter, the plate features the Dublin Crest at its center, surrounded by intricate engravings of the city’s most iconic landmarks. A timeless piece of Irish artistry, it’s perfect for display in any home or as a thoughtful gift.</p>
<p><strong>Featured Landmarks:</strong></p>
<ul>
<li>
<strong>GPO (General Post Office):</strong> A historic symbol of Irish independence.  <a href=""https://en.wikipedia.org/wiki/General_Post_Office,_Dublin"">General Post Office, Dublin - Wikipedia</a>
</li>
<li>
<strong>College Green:</strong> Home to the historic Trinity College.  <a href=""https://en.wikipedia.org/wiki/College_Green,_Dublin"">College Green, Dublin - Wikipedia</a>
</li>
<li>
<strong>Custom House:</strong> A stunning example of neoclassical architecture.  <a href=""https://en.wikipedia.org/wiki/The_Custom_House"">The Custom House - Wikipedia</a>
</li>
<li>
<strong>Dublin Castle:</strong> A cornerstone of Ireland’s history.  <a href=""https://en.wikipedia.org/wiki/Dublin_Castle"">Dublin Castle - Wikipedia</a>
</li>
<li>
<strong>Ha’penny Bridge:</strong> Dublin’s iconic pedestrian bridge. <a href=""https://en.wikipedia.org/wiki/Ha%27penny_Bridge"">Ha'penny Bridge - Wikipedia</a>
</li>
<li>
<strong>Leinster House:</strong> The seat of the Irish Parliament.  <a href=""https://en.wikipedia.org/wiki/Leinster_House"">Leinster House - Wikipedia</a>
</li>
<li>
<strong>Christchurch Cathedral:</strong> One of Dublin’s most impressive medieval structures. <a href=""https://en.wikipedia.org/wiki/Christ_Church_Cathedral,_Dublin"">Christ Church Cathedral, Dublin - Wikipedia</a>
</li>
<li>
<strong>The Four Courts:</strong> A striking Georgian building on the River Liffey.  <a href=""https://en.wikipedia.org/wiki/Four_Courts"">Four Courts - Wikipedia</a>
</li>
</ul>
<p><strong>Key Features:</strong></p>
<ul>
<li>
<strong>Size:</strong> 8-inch diameter, ideal for wall or tabletop display.</li>
<li>
<strong>Material:</strong> High-quality pewter with a polished finish for durability and elegance.</li>
<li>
<strong>Display Options:</strong> Comes with a stand for tabletop placement and is ready to hang on a wall.</li>
<li>
<strong>Gift-Ready:</strong> Presented in a beautiful gift box, perfect for any occasion.</li>
</ul>
<p><strong>Handcrafted in Ireland:</strong><br>Expertly made by skilled artisans, this plate embodies Ireland’s rich craftsmanship and attention to detail.</p>
<p><strong>Perfect For:</strong></p>
<ul>
<li>
<strong>Souvenirs:</strong> A keepsake for visitors who want to remember Dublin’s charm.</li>
<li>
<strong>Gifts:</strong> A thoughtful present for anyone with a connection to Dublin or a love for Irish culture.</li>
<li>
<strong>Collectors:</strong> A unique addition to Irish-themed decor or plate collections.</li>
</ul>
<p><strong>Shipping Included:</strong><br>Enjoy worldwide delivery with no additional shipping costs, ensuring a hassle-free purchase experience.</p>
<p><strong>Why Choose This Plate?</strong><br>The <em>Scenes of Dublin Ireland Wall Plate</em> is a celebration of Dublin’s history and beauty. With its detailed engravings and central crest, it’s a standout piece of Irish artistry that will enhance any space or serve as a cherished gift for someone special.</p>",Mullingar Pewter,,Gift,"christ, church, college green, Dublin, four courts, gift, GPO, hapenny bridge, leinster, plate, trinity college, imported, unlisted",false,Title,Default Title,,,,,P285,0,shopify,0,deny,manual,47.95,,true,false,,https://cdn.shopify.com/s/files/1/1565/2549/products/DUBLINPLATE8INCH.jpg?v=1642609725,1,Mullingar Pewter Scenes of Dublin Pewter Finish Wall Plate,false,Mullingar Pewter Scenes of Dublin Pewter Finish Wall Plate,"Product Code: P285 Scenes of Dublin Ireland Wall Plate – Pewter Plate with Dublin Crest (8” Diameter) Description:Capture the spirit of Dublin with this beautifully crafted pewter wall plate. Measuring 8 inches in diameter, the plate features the Dublin Crest at its center, surrounded by intricate engravings of the cit",,,,,,,,,,,,,g,,,true,true,,,unlisted
mythical-ireland-pewter-beakers,Mullingar Pewter Mythical Ireland Pewter Beaker,"<p>The <strong>Mullingar Pewter Mythical Ireland Wine Beaker</strong> are a mesmerizing addition to any collection or dining setting. These 8 oz, 8"" tall goblets, each narrating a famous tale from ancient Irish mythology, capture the spirit of Ireland's storied past.</p>
<h3>Beaker Highlights:</h3>
<ol>
<li>
<p><strong>Na Fianna (Product Code: P142 Na Fianna)</strong>: <a href=""https://en.wikipedia.org/wiki/Fianna"">Fianna - Wikipedia</a> </p>
<ul>
<li>Celebrates the legendary warrior band led by Fionn mac Cumhaill. <a href=""https://en.wikipedia.org/wiki/Fionn_mac_Cumhaill"">Fionn mac Cumhaill - Wikipedia</a>
</li>
<li>Intricate designs that reflect the bravery and heroism of these ancient Irish warriors.</li>
</ul>
</li>
<li>
<p><strong>King Lugh (Product Code: P142 King Lugh)</strong>: <a href=""https://en.wikipedia.org/wiki/Lugh"">Lugh - Wikipedia</a></p>
<ul>
<li>Depicts Lugh, the king of the magical Tuatha Dé Danann.</li>
<li>Exquisite craftsmanship that brings to life the tales of Lugh’s wisdom and prowess.</li>
</ul>
</li>
<li>
<p><strong>Queen Maeve</strong>: <strong>(Product Code: P142 Queen Maeve)</strong>: <a href=""https://en.wikipedia.org/wiki/Medb"">Medb - Wikipedia</a></p>
<ul>
<li>
<strong>Design</strong>: Includes intricate artwork representing Queen Maeve of Connacht, known for her role in the epic Táin Bó Cúailnge (Cattle Raid of Cooley).</li>
<li>
<strong>Symbolism</strong>: Embodies strength and leadership, reflecting Maeve’s storied legacy as a powerful warrior queen.</li>
</ul>
</li>
<li>
<p><b>The Lion of Ireland: <strong>(Product Code: P142 The Lion of Ireland)</strong>: <a href=""https://en.wikipedia.org/wiki/Brian_Boru"">Brian Boru - Wikipedia</a></b></p>
</li>
</ol>
<h3>Key Features:</h3>
<ul>
<li>
<strong>Material</strong>: High-quality pewter, renowned for its durability and lustrous appearance.</li>
<li>
<strong>Craftsmanship</strong>: Each beaker is meticulously handcrafted in Ireland, ensuring a unique and authentic piece.</li>
<li>
<strong>Functionality</strong>: These beaker add a touch of elegance to your dining table, making them perfect for special occasions or as cherished collectible.</li>
<li style=""font-weight: bold;""><strong>Worldwide Shipping Included</strong></li>
</ul>
<p><span style=""text-decoration: underline;""><strong style=""font-size: 0.875rem;"">About our Pewter Beaker</strong></span><br></p>
<p>Our metal content in all of the above is 92-95% tin with a balance of Copper and Antimony.</p>
<p>Our metal is Lead free and complies with EU, FDA,BS and Proposition 65 standards.</p>
<p>Our items are packaged in Black and Silver Mullingar Pewter Packaging where possible.</p>
<p><iframe width=""560"" height=""315"" src=""https://www.youtube.com/embed/0WVOleybvsM"" frameborder=""0"" allowfullscreen=""""></iframe></p>",Mullingar Pewter,,Drinkware,"Beaker, Brian Boru, Brian Boru Goblet, gift, goblet, goblets, irish, King Brian Boru, king lugh, Mythical, Mythical Ireland, Mythical Ireland Goblet, pewter goblet, pewter goblets, pewter silver, pewter silver goblet, pewter silver goblets, queen maeve, the lion of ireland, imported, unlisted",false,BEAKER,SINGLE BEAKER NA FIANNA,,,,,P142N Na Fianna,0,shopify,0,deny,manual,119.95,,true,false,,https://cdn.shopify.com/s/files/1/1565/2549/products/nafianabeaker.jpg?v=1633362832,1,Mullingar Pewter Mythical Ireland Pewter Beaker,false,Mullingar Pewter Mythical Ireland Pewter Beaker,"The Mullingar Pewter Mythical Ireland Wine Beaker are a mesmerizing addition to any collection or dining setting. These 8 oz, 8"" tall goblets, each narrating a famous tale from ancient Irish mythology, capture the spirit of Ireland's storied past. Beaker Highlights: Na Fianna (Product Code: P142 Na Fianna): Fianna - Wi",,,,,,,,,,,,,g,,,true,true,,,unlisted
mythical-ireland-pewter-beakers,,,,,,,false,,SINGLE BEAKER KING LUGH,,,,,P142L King Lugh,0,shopify,0,deny,manual,119.95,,true,false,,,,,,,,,,,,,,,,,,,,g,,,,,,,unlisted
mythical-ireland-pewter-beakers,,,,,,,false,,Queen Maeve Beaker,,,,,P142Q Queen Maeve,0,shopify,0,deny,manual,119.95,,true,false,,,,,,,,,,,,,,,,,,,,g,,,,,,,unlisted
mythical-ireland-pewter-beakers,,,,,,,false,,Lion of Ireland - Brian Boru,,,,,P142L Lion of Ireland,0,shopify,0,deny,manual,119.95,,true,false,,,,,,,,,,,,,,,,,,,,g,,,,,,,unlisted
mythical-ireland-pewter-beakers,,,,,,,false,,,,,,,,,,,,,,,,,,https://cdn.shopify.com/s/files/1/1565/2549/products/LughBeaker.jpg?v=1633362950,2,Mullingar Pewter Mythical Ireland Pewter Beaker,,,,,,,,,,,,,,,,,,,,,,,unlisted
mythical-ireland-pewter-beakers,,,,,,,false,,,,,,,,,,,,,,,,,,https://cdn.shopify.com/s/files/1/1565/2549/files/QUEENMAEVEWHISKEYTUMBLER.jpg?v=1718816634,3,Mullingar Pewter Mythical Ireland Pewter Beaker,,,,,,,,,,,,,,,,,,,,,,,unlisted
mythical-ireland-pewter-beakers,,,,,,,false,,,,,,,,,,,,,,,,,,https://cdn.shopify.com/s/files/1/1565/2549/files/KINGBRIANBORUWHISKEYTUMBLER.jpg?v=1718816838,4,Mullingar Pewter Mythical Ireland Pewter Beaker,,,,,,,,,,,,,,,,,,,,,,,unlisted
christmas-nativity-crib-set,Mullingar Pewter Christmas Nativity Crib Set on wood,"<h3 data-start=""106"" data-end=""193""><strong data-start=""110"" data-end=""191"">Mullingar Pewter Christmas Nativity Crib Set on Wood – Handcrafted in Ireland</strong></h3>
<p data-start=""195"" data-end=""507"">Celebrate the true spirit of Christmas with our <strong data-start=""243"" data-end=""283"">handcrafted Pewter Nativity Crib Set</strong>, beautifully made in <strong data-start=""305"" data-end=""327"">Mullingar, Ireland</strong>. Each figure is individually <strong data-start=""357"" data-end=""383"">hand cast and finished</strong> in the finest Mullingar Pewter and displayed on a <strong data-start=""434"" data-end=""465"">solid lacquered wooden base</strong> (9"" long, 5½"" high from base to angel).</p>
<p data-start=""509"" data-end=""745"">This exquisite <strong data-start=""524"" data-end=""553"">Irish-made Nativity scene</strong> includes the stable with <strong data-start=""579"" data-end=""596"">Angel Gabriel</strong>, <strong data-start=""598"" data-end=""606"">Mary</strong>, <strong data-start=""608"" data-end=""618"">Joseph</strong>, <strong data-start=""620"" data-end=""634"">Baby Jesus</strong>, the <strong data-start=""640"" data-end=""658"">Three Wise Men</strong>, <strong data-start=""660"" data-end=""672"">Shepherd</strong>, <strong data-start=""674"" data-end=""681"">Cow</strong>, and <strong data-start=""687"" data-end=""697"">Donkey</strong> – a timeless reminder of the birth of Christ.</p>
<p data-start=""747"" data-end=""890"">A meaningful <strong data-start=""760"" data-end=""784"">Christmas decoration</strong> and a <strong data-start=""791"" data-end=""807"">special gift</strong> for any home, this piece embodies <strong data-start=""842"" data-end=""865"">Irish craftsmanship</strong>, faith, and tradition.</p>
<p data-start=""892"" data-end=""956"">⭐ <strong data-start=""894"" data-end=""917"">Handmade in Ireland</strong><br data-start=""917"" data-end=""920"">🚚 <strong data-start=""923"" data-end=""954"">Worldwide shipping included</strong></p>
<p data-start=""958"" data-end=""1084"">Perfect for <strong data-start=""970"" data-end=""989"">Christmas gifts</strong>, <strong data-start=""991"" data-end=""1012"">new home presents</strong>, or as a <strong data-start=""1022"" data-end=""1053"">collectible family heirloom</strong> to treasure for generations.</p>",Mullingar Pewter,,Religious,"christmas, christmas suggestions, crib, nativity, imported, unlisted",false,Title,Default Title,,,,,P206,0,shopify,0,deny,manual,189.95,,true,false,,https://cdn.shopify.com/s/files/1/1565/2549/products/1633529891594.jpg?v=1633530338,1,Mullingar Pewter Christmas Nativity Crib Set on wood,false,Mullingar Pewter Christmas Nativity Crib Set on wood,"Mullingar Pewter Christmas Nativity Crib Set on Wood – Handcrafted in Ireland Celebrate the true spirit of Christmas with our handcrafted Pewter Nativity Crib Set, beautifully made in Mullingar, Ireland. Each figure is individually hand cast and finished in the finest Mullingar Pewter and displayed on a solid lacquered",,,,,,,,,,,,,g,,,true,true,,,unlisted
christmas-nativity-crib-set,,,,,,,false,,,,,,,,,,,,,,,,,,https://cdn.shopify.com/s/files/1/1565/2549/products/NATIVITYCRIBSET.jpg?v=1633530348,2,Mullingar Pewter Christmas Nativity Crib Set on wood,,,,,,,,,,,,,,,,,,,,,,,unlisted
st-bridgets-cross,Mullingar Pewter Irish St Brigid's Cross,"<p><strong>Product Code: P130  Mullingar Pewter Irish St Brigid's Cross (8"" high).</strong></p>
<p>St. Brigid of Kildare was an Early Christian nun, and is the only female patron saint of Ireland. Her feast day is February 1st, and is widely celebrated around Ireland. She founded many monasteries around Ireland, particularly in Kildare. She is the patron saint of babies, <span>blacksmiths, brewers, </span><span>Florida, infants; Ireland; </span><a title=""Leinster"" href=""https://en.wikipedia.org/wiki/Leinster"">Leinster</a><span>, midwives, nuns, poets, the poor, sailors, scholars, and travelers.</span></p>
<p><span>Brigid was know by many variations - Bridget, Bríde, Brigid and so on. </span></p>
<p><strong>HANDMADE IN IRELAND  PRICE INCLUDES SHIPPING</strong></p>",Mullingar Pewter,,Cross,"cross, st bridget, imported, unlisted",false,Title,Default Title,,,,,P130,0,shopify,0,deny,manual,71.95,,true,false,,https://cdn.shopify.com/s/files/1/1565/2549/products/1643635919842.jpg?v=1674059123,1,Mullingar Pewter Irish St Brigid's Cross,false,Mullingar Pewter Irish St Brigid's Cross,"Product Code: P130 Mullingar Pewter Irish St Brigid's Cross (8"" high). St. Brigid of Kildare was an Early Christian nun, and is the only female patron saint of Ireland. Her feast day is February 1st, and is widely celebrated around Ireland. She founded many monasteries around Ireland, particularly in Kildare. She is th",,,,,,,,,,,,,g,,,true,true,,,unlisted
st-bridgets-cross,,,,,,,false,,,,,,,,,,,,,,,,,,https://cdn.shopify.com/s/files/1/1565/2549/products/ST.BRIDGETSWALLCROSS.jpg?v=1674059063,2,Mullingar Pewter Irish St Brigid's Cross,,,,,,,,,,,,,,,,,,,,,,,unlisted
st-patricks-font-8-high,St. Patrick's Font - Exclusive Item.,"<p><span><strong>Exclusive Product</strong><br></span></p>
<p><span><strong>Product code: P223</strong></span></p>
<p><span>Irish ﻿Pewter St Patrick's Font (8"" high)</span>. This holy water font tells the story of St. Patrick in Ireland.  The font is 8"" long and hangs very easily as a wall font from the hanger fixed to the rear of the cross.</p>
<p>HANDMADE IN IRELAND</p>
<p>PRICE INCLUDES SHIPPING</p>
<p>This item is exclusive and only available to purchase from this website or our gift store, Mullingar, Ireland.</p>
<p> </p>",Mullingar Pewter,,Religious,"font, Ireland, irish, Irish american, irish gift, irish heritage, Irish pewter, pewter ireland, st patrick, st patricks, st patricks gift, imported, unlisted",false,Title,Default Title,,,,,P223,0,shopify,0,deny,manual,79.95,,true,false,,https://cdn.shopify.com/s/files/1/1565/2549/products/166770023_153612669977586_3345328782214781112_n_1.jpg?v=1644317198,1,St. Patrick's Font - Exclusive Item.,false,St. Patrick's Font,"Exclusive Product Product code: P223 Irish ﻿Pewter St Patrick's Font (8"" high). This holy water font tells the story of St. Patrick in Ireland. The font is 8"" long and hangs very easily as a wall font from the hanger fixed to the rear of the cross. HANDMADE IN IRELAND PRICE INCLUDES SHIPPING This item is exclusive and ",,,,,,,,,,,,,g,,,true,true,,,unlisted
st-patricks-font-8-high,,,,,,,false,,,,,,,,,,,,,,,,,,https://cdn.shopify.com/s/files/1/1565/2549/products/ST.PATRICKFONT.jpg?v=1644317198,2,St. Patrick's Font - Exclusive Item.,,,,,,,,,,,,,,,,,,,,,,,unlisted
standing-celtic-cross-7-high,Mullingar Pewter Irish Standing Celtic Cross.,"<p><strong>Product Code: P230 Mullingar Pewter Irish Standing Celtic Cross.</strong></p>
<p><span>Pewter Cross - Celtic - Standing (7"" High).</span></p>
<p>The Celtic designs seen on our products are taken from the Kells manuscripts, the most famous Irish artefact. Celtic symbols and designs have been around for centuries, and were first found on Ogham stones, in manuscripts drawn/written by the monks or in old monasteries around Ireland.</p>
<p><strong>HANDMADE IN IRELAND     PRICE INCLUDES SHIPPING</strong></p>",Mullingar Pewter,,Cross,"celtic, cross, gift, irish, pewter silver, standing, imported, unlisted",false,Title,Default Title,,,,,P230,0,shopify,0,deny,manual,83.95,,true,false,,https://cdn.shopify.com/s/files/1/1565/2549/products/CELTICSTANDINGCROSS.jpg?v=1642598445,1,Mullingar Pewter Irish Standing Celtic Cross.,false,Mullingar Pewter Irish Standing Celtic Cross.,"Product Code: P230 Mullingar Pewter Irish Standing Celtic Cross. Pewter Cross - Celtic - Standing (7"" High). The Celtic designs seen on our products are taken from the Kells manuscripts, the most famous Irish artefact. Celtic symbols and designs have been around for centuries, and were first found on Ogham stones, in m",,,,,,,,,,,,,g,,,true,true,,,unlisted
standing-clonmacnoise-cross,"Cross of the Scriptures, Clonmacnoise High Cross, by Mullingar Pewter","<div class=""flex flex-grow flex-col max-w-full"">
<div data-message-author-role=""assistant"" data-message-id=""02b8ac87-2346-4b8e-880c-b287a15344bd"" dir=""auto"" class=""min-h-[20px] text-message flex flex-col items-start whitespace-pre-wrap break-words [.text-message+&amp;]:mt-5 juice:w-full juice:items-end overflow-x-auto gap-2"">
<div class=""flex w-full flex-col gap-1 juice:empty:hidden juice:first:pt-[3px]"">
<div class=""markdown prose w-full break-words dark:prose-invert light"">
<h3>Product Code: P293</h3>
<p><strong>Cross of the Scriptures, Clonmacnoise High Cross by Mullingar Pewter</strong></p>
<ul>
<li>
<p><strong>Description</strong>: This meticulously crafted Irish pewter replica of the Cross of the Scriptures from Clonmacnoise captures the essence of one of Ireland’s most iconic high crosses. Known for its historical significance and intricate design, this cross is a symbol of Ireland’s rich cultural and religious heritage.</p>
</li>
<li>
<p><strong>Historical Background</strong>:  <a href=""https://heritageireland.ie/places-to-visit/clonmacnoise-monastic-site/"">Clonmacnoise Monastic Site | Heritage Ireland</a></p>
<ul>
<li>
<strong>Clonmacnoise Monastery</strong>: Founded in 544 A.D. in County Offaly, Clonmacnoise, meaning ""Meadow of the Sons of Nós,"" is an important monastic site with a rich history. The site features a graveyard, seven ancient churches, two round towers, a cathedral, and three high crosses, making it a significant historical and tourist destination.</li>
<li>
<strong>Cross of the Scriptures</strong>: Also known as the Standing Clonmacnoise Cross, it is one of the most famous high crosses in Ireland. The original cross is renowned for its detailed carvings that depict scenes from the Bible, making it a profound symbol of Ireland’s early Christian heritage.</li>
</ul>
</li>
<li>
<p><strong>Product Details</strong>:</p>
<ul>
<li>
<strong>Size</strong>: Approximately 7 inches (18 cm) tall, making it a perfect size for display on a desk, shelf, or mantel.</li>
<li>
<strong>Material</strong>: Crafted from high-quality pewter with a silver finish, ensuring durability and a classic, timeless appearance.</li>
<li>
<strong>Design</strong>: Features intricate carvings that reflect the original design of the Cross of the Scriptures, capturing its historical and artistic significance.</li>
</ul>
</li>
<li>
<p><strong>Ideal for</strong>:</p>
<ul>
<li>
<strong>Historical Enthusiasts</strong>: A perfect collectible for those interested in Ireland's history and heritage.</li>
<li>
<strong>Religious Gifts</strong>: A meaningful gift for those who appreciate religious artifacts and the history of early Christianity.</li>
<li>
<strong>Home Decor</strong>: Adds a touch of Irish culture and elegance to any home setting.</li>
</ul>
</li>
<li>
<p><strong>Handmade in Ireland</strong>: Each cross is handcrafted by skilled artisans, ensuring that each piece is unique and of the highest quality.</p>
</li>
<li>
<p><strong>Price</strong>: Includes shipping, providing excellent value for a piece of Irish history and craftsmanship.</p>
</li>
<li>
<p><strong>Tourist Attraction</strong>:  <a href=""https://heritageireland.ie/places-to-visit/clonmacnoise-monastic-site/"">Clonmacnoise Monastic Site | Heritage Ireland</a> Clonmacnoise is a must-visit for anyone traveling to Ireland, offering a glimpse into the country’s rich historical and religious past. This pewter cross serves as a beautiful reminder of this significant site.</p>
</li>
</ul>
<hr>
<p>This pewter replica of the Clonmacnoise High Cross is not just a decorative item, but a piece of Irish history and culture that you can proudly display in your home or gift to someone special.</p>
</div>
</div>
</div>
</div>
<p><span style=""text-decoration: underline;""><strong>About our Pewter Statues</strong></span></p>
<p>This item is cast using 92% Tin with a balance alloy mix.</p>
<p>To enhance the design contrast, we colour the design and lacquer finish this item.  </p>
<p>These Items are packaged in Black and Silver boxes or Brown Card board boxes.</p>",Mullingar Pewter,,Cross,"clonmacnoise, cross, imported, unlisted",false,Title,Default Title,,,,,P293,0,shopify,0,deny,manual,94.95,,true,false,,https://cdn.shopify.com/s/files/1/1565/2549/products/CLONMACNOISEHIGHCROSSCROSSOFTHESCRIPTURES.jpg?v=1639402157,1,"Cross of the Scriptures, Clonmacnoise High Cross, by Mullingar Pewter",false,"Cross of the Scriptures, Clonmacnoise High Cross, by Mullingar Pewter","Product Code: P293 Cross of the Scriptures, Clonmacnoise High Cross by Mullingar Pewter Description: This meticulously crafted Irish pewter replica of the Cross of the Scriptures from Clonmacnoise captures the essence of one of Ireland’s most iconic high crosses. Known for its historical significance and intricate desi",,,,,,,,,,,,,g,,,true,true,,,unlisted
celtic-cross-3-5-high,Mullingar Pewter Celtic Cross  - Small.,"<p><strong>Product Code: P274 - Mullingar Pewter Celtic Cross</strong></p>
<p>Experience the beauty of Ireland's heritage with this charming <strong>Pewter Celtic Cross</strong>, standing 3.5"" high. Small yet intricate, it features a stunning Celtic design inspired by the famous high crosses found across Ireland, from ancient monastic settlements to serene country churchyards.</p>
<p>✨ <strong>Features:</strong></p>
<ul>
<li>Elegant and compact design, perfect for display</li>
<li>A meaningful gift for any occasion or a special keepsake for yourself</li>
<li>Reflects the artistry and tradition of Irish craftsmanship</li>
</ul>
<p><strong>Handmade in Ireland</strong> | <strong>Price includes worldwide shipping</strong></p>
<p>A timeless piece of Irish heritage. <strong>Order yours today!</strong></p>",Mullingar Pewter,,Cross,"3.5inch, celtic, celtic cross, cross, pewter celtic cross, pewter cross, pewter silver cross, imported, unlisted",false,Title,Default Title,,,,,P274,0,shopify,0,deny,manual,34.95,,true,false,,https://cdn.shopify.com/s/files/1/1565/2549/products/CELTICCROSSSMALL.jpg?v=1642602420,1,Mullingar Pewter Celtic Cross  - Small.,false,Mullingar Pewter Celtic Cross,"Product Code: P274 - Mullingar Pewter Celtic Cross Experience the beauty of Ireland's heritage with this charming Pewter Celtic Cross, standing 3.5"" high. Small yet intricate, it features a stunning Celtic design inspired by the famous high crosses found across Ireland, from ancient monastic settlements to serene count",,,,,,,,,,,,,g,,,true,true,,,unlisted
celtic-cross-8-high,Mullingar Pewter Irish Celtic Cross,"<p><strong>Product Code: P123 Mullingar Pewter Irish Celtic Cross</strong></p>
<p>This Irish Pewter Celtic Cross makes the perfect gift for a new home (8"" high). This handcrafted cross embossed with designs taken from High Crosses found on monastic sites across Ireland. The detailed Irish cross comes with a hanger on the back, a beautiful gift </p>
<p>Perfect gift for him or gift for her</p>
<p><strong>HANDMADE IN IRELAND    PRICE INCLUDES SHIPPING.</strong></p>
<p><span style=""text-decoration: underline;""><strong>About our Pewter Statues</strong></span></p>
<p>This item is cast using 92% Tin with a balance alloy mix.</p>
<p>To enhance the design contrast, we colour the design and lacquer finish this item.  </p>
<p>These Items are packaged in Black and Silver boxes or Brown Card board boxes.</p>",Mullingar Pewter,,Cross,"burial, catholic, celtic, Celtic Bird, celtic cross, Celtic design, cross, general gift, general gifts, gift, Heritage, irish, Irish pewter, pewter, pewter silver, religion, religious, religious gift, imported, unlisted",false,Title,Default Title,,,,,P123,0,shopify,0,deny,manual,71.95,,true,false,,https://cdn.shopify.com/s/files/1/1565/2549/products/166519128_3762298193825959_4533113774042239204_n.jpg?v=1649685065,1,Mullingar Pewter Irish Celtic Cross,false,Mullingar Pewter Irish Celtic Cross,"Product Code: P123 Mullingar Pewter Irish Celtic Cross This Irish Pewter Celtic Cross makes the perfect gift for a new home (8"" high). This handcrafted cross embossed with designs taken from High Crosses found on monastic sites across Ireland. The detailed Irish cross comes with a hanger on the back, a beautiful gift P",,,,,,,,,,,,,g,,,true,true,,,unlisted
celtic-cross-8-high,,,,,,,false,,,,,,,,,,,,,,,,,,https://cdn.shopify.com/s/files/1/1565/2549/products/CELTICWALLCROSS.jpg?v=1649685065,2,Mullingar Pewter Irish Celtic Cross,,,,,,,,,,,,,,,,,,,,,,,unlisted
claddagh-cross-8-high,Mullingar Pewter Irish Claddagh Cross,"<p><strong>Product</strong> <strong>Code</strong> <strong>P124 Mullingar Pewter Irish Claddagh Cross</strong></p>
<p>An Irish made Pewter Cross - Claddagh  (8"" high).</p>
<p>This cross is beautiful when hung up on a wall, or displayed in a chest or on a shelf. It is a beautiful gift, or something to have yourself.</p>
<p>The design is that of the Claddagh taken from the famous love symbol designed in the town of Claddagh, Co. Galway by Richard Joyce back in the year 1689. The design is often used for wedding rings as it is based on the ring that Richard made for his bride to be. The symbolisms are ""hands for friendship"", ""heart for love"" and ""crown for loyalty"".</p>
<p><strong>HANDMADE IN IRELAND   PRICE INCLUDES SHIPPING</strong></p>",Mullingar Pewter,,Cross,"8inch, claddagh, cross, imported, unlisted",false,Title,Default Title,,,,,P124,0,shopify,0,deny,manual,71.95,,true,false,,https://cdn.shopify.com/s/files/1/1565/2549/products/167127690_936813380455667_552826264608454293_n.jpg?v=1649685222,1,Mullingar Pewter Irish Claddagh Cross,false,Mullingar Pewter Irish Claddagh Cross,"Product Code P124 Mullingar Pewter Irish Claddagh Cross An Irish made Pewter Cross - Claddagh (8"" high). This cross is beautiful when hung up on a wall, or displayed in a chest or on a shelf. It is a beautiful gift, or something to have yourself. The design is that of the Claddagh taken from the famous love symbol desi",,,,,,,,,,,,,g,,,true,true,,,unlisted
claddagh-cross-8-high,,,,,,,false,,,,,,,,,,,,,,,,,,https://cdn.shopify.com/s/files/1/1565/2549/products/CLADDAGHCELTICWALLCROSS.jpg?v=1649685222,2,Mullingar Pewter Irish Claddagh Cross,,,,,,,,,,,,,,,,,,,,,,,unlisted
st-patricks-cross,Mullingar Pewter Irish St. Patrick's Cross.,"<p style=""text-align: left;""><strong>Product Code: P167 Mullingar Pewter Irish St. Patrick's Cross.</strong></p>
<p style=""text-align: left;"">A beautifully made Mullingar Pewter Celtic Cross (8"" high) with a traditional Irish St Patrick's Cross design, superbly crafted by a highly skilled craftsman for Mullingar Pewter in Ireland is the perfect gift for anyone.</p>
<p style=""text-align: left;""><strong>HANDMADE IN IRELAND   PRICE INCLUDES SHIPPING</strong></p>
<div class=""art-content-layout"">
<div class=""art-content-layout-row"">
<div class=""art-layout-cell""><br></div>
</div>
</div>",Mullingar Pewter,,Cross,"cross, st patrick, st patricks, st patricks gift, imported, unlisted",false,Title,Default Title,,,,,P167,0,shopify,0,deny,manual,71.95,,true,false,,https://cdn.shopify.com/s/files/1/1565/2549/products/166526506_911758699398540_7534957354801658231_n.jpg?v=1649685706,1,Mullingar Pewter Irish St. Patrick's Cross.,false,Mullingar Pewter Irish St. Patrick's Cross.,"Product Code: P167 Mullingar Pewter Irish St. Patrick's Cross. A beautifully made Mullingar Pewter Celtic Cross (8"" high) with a traditional Irish St Patrick's Cross design, superbly crafted by a highly skilled craftsman for Mullingar Pewter in Ireland is the perfect gift for anyone. HANDMADE IN IRELAND PRICE INCLUDES ",,,,,,,,,,,,,g,,,true,true,,,unlisted
st-patricks-cross,,,,,,,false,,,,,,,,,,,,,,,,,,https://cdn.shopify.com/s/files/1/1565/2549/products/ST.PATRICKWALLCROSS.jpg?v=1649685706,2,Mullingar Pewter Irish St. Patrick's Cross.,,,,,,,,,,,,,,,,,,,,,,,unlisted
st-patricks-cross,,,,,,,false,,,,,,,,,,,,,,,,,,https://cdn.shopify.com/s/files/1/1565/2549/products/l_mullingar_cross_p167_a-2.jpg?v=1649685701,3,Mullingar Pewter Irish St. Patrick's Cross.,,,,,,,,,,,,,,,,,,,,,,,unlisted
st-patricks-cross,,,,,,,false,,,,,,,,,,,,,,,,,,https://cdn.shopify.com/s/files/1/1565/2549/products/l_mullingar_cross_p167_d-2.jpg?v=1649685701,4,Mullingar Pewter Irish St. Patrick's Cross.,,,,,,,,,,,,,,,,,,,,,,,unlisted
durrow-cross,High Cross of Durrow Replica by Mullingar Pewter,"<p><strong>Product Code P311   High Cross of Durrow Replica by Mullingar Pewter</strong></p>
<p><span>Add a piece of ancient Ireland into your home with this 7"" high Irish Pewter Cross</span></p>
<p><span>Replica of the standing high cross of Durrow, crafted in stunning detail out of pewter. The sculpture emulates the famous stone cross of Durrow, which stands at 3.6 meters tall, originally part of a monastery founded by St Colomba in the 6th century in County Offaly.</span></p>
<p><span> It was engraved with illustrations of Biblical stories (as most people were illiterate at the time), such as Christ at the Last Judgement wielding a scepter and staff, Abraham's sacrifice of Isaac, Adam and Eve, the Crucifixion, and many more, demonstrating a wonderful synthesis of Celtic and early Christian iconography. </span></p>
<p><strong>HANDMADE IN IRELAND. PRICE INCLUDES SHIPPING</strong></p>
<p><span style=""text-decoration: underline;""><strong>About our Pewter Statues</strong></span></p>
<p>This item is cast using 92% Tin with a balance alloy mix.</p>
<p>To enhance the design contrast, we colour the design and lacquer finish this item.  </p>
<p>These Items are packaged in Black and Silver boxes or Brown Card board boxes.</p>
<p><span><iframe src=""https://www.youtube.com/embed/t5LVzl32Q88"" height=""315"" width=""560"" allowfullscreen="""" frameborder=""0""></iframe><br></span></p>",Mullingar Pewter,,Cross,"cross, durrow, imported, unlisted",false,Title,Default Title,,,,,P311,0,shopify,0,deny,manual,94.95,,true,false,,https://cdn.shopify.com/s/files/1/1565/2549/products/IMG_20210331_101942.jpg?v=1649685404,1,High Cross of Durrow Replica by Mullingar Pewter,false,High Cross of Durrow Replica by Mullingar Pewter,"Product Code P311 High Cross of Durrow Replica by Mullingar Pewter Add a piece of ancient Ireland into your home with this 7"" high Irish Pewter Cross Replica of the standing high cross of Durrow, crafted in stunning detail out of pewter. The sculpture emulates the famous stone cross of Durrow, which stands at 3.6 meter",,,,,,,,,,,,,g,,,true,true,,,unlisted
durrow-cross,,,,,,,false,,,,,,,,,,,,,,,,,,https://cdn.shopify.com/s/files/1/1565/2549/products/DURROWHIGHCROSS.jpg?v=1649685404,2,High Cross of Durrow Replica by Mullingar Pewter,,,,,,,,,,,,,,,,,,,,,,,unlisted
pewter-clonmacnoise-font,Mullingar Pewter Cross of the Scriptures Clonmacnoise Holy water Font,"<div class=""flex max-w-full flex-col flex-grow"">
<div data-message-model-slug=""gpt-4o"" class=""min-h-8 text-message flex w-full flex-col items-end gap-2 whitespace-normal break-words [.text-message+&amp;]:mt-5"" dir=""auto"" data-message-id=""dbf00b9e-488d-41d1-a63e-8b7525efc2de"" data-message-author-role=""assistant"">
<div class=""flex w-full flex-col gap-1 empty:hidden first:pt-[3px]"">
<div class=""markdown prose w-full break-words dark:prose-invert light"">
<p><strong>Exclusive Product</strong></p>
<p><strong>Code: P298 - Mullingar Pewter Cross of the Scriptures Clonmacnoise Holy Water Font</strong></p>
<p>Honor Ireland’s rich spiritual heritage with this stunning <strong>pewter holy water font</strong>, inspired by the iconic <strong>Cross of the Scriptures</strong> (also known as King Flann's Cross) at Clonmacnoise Monastery, Co. Offaly.</p>
<p>✨ <strong>Features:</strong></p>
<ul>
<li>
<strong>Historic Design:</strong> A detailed replica of the millennium-old high cross, showcasing biblical scenes from the life of Christ, originally crafted to teach a largely illiterate population.</li>
<li>
<strong>Compact Size:</strong> Measuring 6.5"" x 2.75"", it’s perfect for display in homes or churches.</li>
<li>
<strong>Premium Quality:</strong> Made from the finest pewter, combining durability with artistry.</li>
</ul>
<p>A meaningful addition to any home, this font serves as a connection to Ireland’s ancient monastic traditions.</p>
<p><strong>Handmade in Ireland</strong> | <strong>Price includes worldwide shipping</strong></p>
<p>Celebrate Irish history and faith. <strong>Order now!</strong></p>
</div>
</div>
</div>
</div>
<p><span style=""text-decoration: underline;""><strong>About our Pewter Statues</strong></span></p>
<p>This item is cast using 92% Tin with a balance alloy mix.</p>
<p>To enhance the design contrast, we colour the design and lacquer finish this item.  </p>
<p>These Items are packaged in Black and Silver boxes or Brown Card board boxes.</p>
<style type=""text/css""><!--
td {border: 1px solid #ccc;}br {mso-data-placement:same-cell;}
--></style>",Mullingar Pewter,,Religious,"font, imported, unlisted",false,Title,Default Title,,,,,P298,0,shopify,0,deny,manual,71.95,,true,false,,https://cdn.shopify.com/s/files/1/1565/2549/products/167282841_1037034980118710_1937317126446469778_n.jpg?v=1644320284,1,Mullingar Pewter Cross of the Scriptures Clonmacnoise Holy water Font,false,Mullingar Pewter Cross of the Scriptures Clonmacnoise Holy water Font,"Exclusive Product Code: P298 - Mullingar Pewter Cross of the Scriptures Clonmacnoise Holy Water Font Honor Ireland’s rich spiritual heritage with this stunning pewter holy water font, inspired by the iconic Cross of the Scriptures (also known as King Flann's Cross) at Clonmacnoise Monastery, Co. Offaly. ✨ Features: His",,,,,,,,,,,,,g,,,true,true,,,unlisted
pewter-clonmacnoise-font,,,,,,,false,,,,,,,,,,,,,,,,,,https://cdn.shopify.com/s/files/1/1565/2549/products/CLONMACNOISEHOLYWATERFONT.jpg?v=1644320284,2,Mullingar Pewter Cross of the Scriptures Clonmacnoise Holy water Font,,,,,,,,,,,,,,,,,,,,,,,unlisted
celtic-door-knocker,Mullingar Pewter Door Knocker Collection,"<p><strong>Enhance Your Front Door with Mullingar Pewter Door Knockers</strong></p>
<p>Add a touch of Irish charm to your home with our <strong>handcrafted Mullingar Pewter Door Knockers</strong> (7"" high). These stunning pieces also make thoughtful housewarming gifts, perfect for celebrating new beginnings—whether near or far.</p>
<p>✨ <strong>Choice of Designs:</strong></p>
<ul>
<li>
<p><strong>P213 Fáilte:</strong><br>""Fáilte"" (pronounced ""fall-cha"") is the Irish word for welcome, symbolizing warmth and hospitality. While rooted in Irish heritage, it is also embraced in Scotland.</p>
</li>
<li>
<p><strong>P208 Claddagh:</strong><br>A timeless love symbol from Claddagh, Co. Galway, dating back to 1689. The Claddagh represents ""hands for friendship,"" ""heart for love,"" and ""crown for loyalty"" and is often associated with wedding rings and meaningful connections.</p>
</li>
<li>
<p><strong>Celtic:</strong><br>Inspired by the intricate designs of the <strong>Book of Kells</strong> and other ancient Irish artifacts. These designs honor Ireland’s rich cultural and artistic history.</p>
</li>
<li>
<p><strong>P209 Shamrock:</strong><br>The quintessential Irish emblem. Legend has it that Saint Patrick used the shamrock to teach the Holy Trinity—the Father, Son, and Holy Spirit—each leaf representing a part.</p>
</li>
</ul>
<p>✨ <strong>Product Highlights:</strong></p>
<ul>
<li>
<strong>Versatile Gift:</strong> Ideal for housewarming, weddings, or simply upgrading your own home.</li>
<li>
<strong>Quality Craftsmanship:</strong> Handmade with care in Ireland.</li>
<li>
<strong>Distinctive Look:</strong> A true conversation starter that complements any door.</li>
</ul>
<p><strong>Please note:</strong> Wooden display base not included.</p>
<p><strong>HANDMADE IN IRELAND | PRICE INCLUDES SHIPPING</strong></p>
<p>Choose your favorite design and bring a little Irish magic to any home! 🌿</p>",Mullingar Pewter,,Homeware,"bronze, celtic, celtic door knocker, claddagh, door, failte, general gift, general gifts, gift, Heritage, home, homeware gifts, house, irish, Irish claddagh, irish door knocker, knocker, pewter silver, shamrock, wedding gifts, welcome, imported, unlisted",false,Choose Design,Claddagh,,,,,P208 Claddagh,0,shopify,0,deny,manual,83.95,,true,false,,https://cdn.shopify.com/s/files/1/1565/2549/products/DOORKNOCKERS.jpg?v=1679670756,1,Mullingar Pewter Door Knocker Collection,false,Mullingar Pewter Door Knocker Collection,"Enhance Your Front Door with Mullingar Pewter Door Knockers Add a touch of Irish charm to your home with our handcrafted Mullingar Pewter Door Knockers (7"" high). These stunning pieces also make thoughtful housewarming gifts, perfect for celebrating new beginnings—whether near or far. ✨ Choice of Designs: P213 Fáilte:""",,,,,,,,,,,,,g,,,true,true,,,unlisted
celtic-door-knocker,,,,,,,false,,Celtic,,,,,P213 Celtic,0,shopify,0,deny,manual,83.95,,true,false,,,,,,,,,,,,,,,,,,,,g,,,,,,,unlisted
celtic-door-knocker,,,,,,,false,,Shamrock,,,,,P209 Shamrock,0,shopify,0,deny,manual,83.95,,true,false,,,,,,,,,,,,,,,,,,,,g,,,,,,,unlisted
celtic-door-knocker,,,,,,,false,,Irish,,,,,P213 Irish,0,shopify,0,deny,manual,83.95,,true,false,,,,,,,,,,,,,,,,,,,,g,,,,,,,unlisted
celtic-door-knocker,,,,,,,false,,Failte,,,,,P213 Failte,0,shopify,0,deny,manual,83.95,,true,false,,,,,,,,,,,,,,,,,,,,g,,,,,,,unlisted
celtic-door-knocker,,,,,,,false,,,,,,,,,,,,,,,,,,https://cdn.shopify.com/s/files/1/1565/2549/products/DOORKNOCKERFAILTE.jpg?v=1679670819,2,Mullingar Pewter Door Knocker Collection,,,,,,,,,,,,,,,,,,,,,,,unlisted
celtic-door-knocker,,,,,,,false,,,,,,,,,,,,,,,,,,https://cdn.shopify.com/s/files/1/1565/2549/products/DOORKNOCKERCLADDAGH.jpg?v=1679670841,3,Mullingar Pewter Door Knocker Collection,,,,,,,,,,,,,,,,,,,,,,,unlisted
celtic-door-knocker,,,,,,,false,,,,,,,,,,,,,,,,,,https://cdn.shopify.com/s/files/1/1565/2549/products/p217.jpg?v=1679670255,4,Mullingar Pewter Door Knocker Collection,,,,,,,,,,,,,,,,,,,,,,,unlisted
celtic-door-knocker,,,,,,,false,,,,,,,,,,,,,,,,,,https://cdn.shopify.com/s/files/1/1565/2549/products/DOORKNOCKERSHAMROCK.jpg?v=1679670867,5,Mullingar Pewter Door Knocker Collection,,,,,,,,,,,,,,,,,,,,,,,unlisted
pewter-medieval-chess-set-with-board,Mullingar Pewter Medieval Pewter Chess Set with Board,"<div class=""purchase clearfix inline_purchase"">
<p><strong>Product Code D17 Medieval </strong></p>
<p><strong>Mullingar Pewter Medieval Pewter Chess Set with Board</strong></p>
<p>Step into the captivating world of medieval Ireland with our <strong>Mullingar Pewter Medieval Pewter Chess Set</strong>. Each piece in this exquisite collection is meticulously crafted from the finest pewter, resulting in a set that is both weighty and durable, yet imbued with elegance and intricate detail.</p>
<hr>
<h3>Key Features:</h3>
<ul>
<li>
<strong>Medieval Irish Figurines:</strong> Each chess piece is designed with rich medieval themes, showcasing the heritage and artistry of ancient Ireland.</li>
<li>
<strong>Finest Pewter Craftsmanship:</strong> Crafted from high-quality pewter, ensuring longevity and a luxurious feel.</li>
<li>
<strong>Distinctive Finishes:</strong>
<ul>
<li>One half of the set is polished to a shiny finish, highlighting the craftsmanship and giving each piece a striking appearance.</li>
<li>The other half is brushed to leave a more subdued finish, bringing out the intricate details and creating a beautiful contrast.</li>
</ul>
</li>
<li>
<strong>Graduated Piece Heights:</strong>
<ul>
<li>
<strong>King:</strong> 3.75"" high</li>
<li>
<strong>Pawn:</strong> 2.25"" high</li>
</ul>
</li>
<li>
<strong>Elegant Wooden Board:</strong> The set includes a sophisticated black and ivory-colored wooden board that complements the pewter pieces perfectly, providing a beautiful playing surface. Board size 13""x13""</li>
</ul>
<h3>Why Choose the Mullingar Pewter Medieval Chess Set?</h3>
<ul>
<li>
<strong>Historical Appeal:</strong> Each piece tells a story of medieval Ireland, making every game a journey through time.</li>
<li>
<strong>High-Quality Finish:</strong> The dual finishes on the pieces provide a unique visual and tactile experience, setting this set apart from standard chess sets.</li>
<li>
<strong>Perfect for Display:</strong> The set is not only functional but also makes for an excellent living room centerpiece, inviting guests to engage in a game.</li>
<li>
<strong>Conversation Starter:</strong> Its unique design and historical significance make it an ideal conversation piece for your home or office.</li>
</ul>
<h3>Ideal For:</h3>
<ul>
<li>
<strong>Chess Enthusiasts:</strong> A must-have for those who appreciate chess and enjoy collecting unique and high-quality sets.</li>
<li>
<strong>Gift Giving:</strong> Perfect for birthdays, anniversaries, and special occasions, especially for those with an interest in Irish history and culture.</li>
<li>
<strong>Home Decor:</strong> Adds a touch of elegance and a historical theme to any room.</li>
</ul>
<hr>
<p>Enhance your chess-playing experience with the <strong>Mullingar Pewter Medieval Pewter Chess Set with Board</strong>. Its captivating design and high-quality craftsmanship make it a worthy addition to any collection, promising countless hours of enjoyable play and a striking display piece.</p>
</div>
<div class=""purchase clearfix inline_purchase""><strong><span color=""#404040"" face=""Open Sans"">HANDMADE IN IRELAND   </span>PRICE INCLUDES SHIPPING</strong></div>
<div class=""purchase clearfix inline_purchase""><br></div>
<div class=""purchase clearfix inline_purchase"">
<p class=""elementtoproof""><span style=""text-decoration: underline;""><strong>About Our Chess and Draught/Checkers sets,</strong></span></p>
<p class=""elementtoproof""><span>Our Chess and Draught Sets are made of a lead free Pewter and comply with EU, FDA, BS and Proposition 65 standards. The</span> Metal content is 92-95% Tin with the balance made of Copper and Antimony.</p>
<p class=""elementtoproof"">Our Chess and Draughts boards are made of Medium Density Fibre board.<br></p>
<p class=""elementtoproof""><span>Our Chess sets are packaged in a hard board presentation box with the pieces set in protective foam.</span></p>
<p class=""elementtoproof""><span>Our Draught/Checkers sets are boxed in brown card board and the pieces are wrapped in bubble.</span></p>
<p class=""elementtoproof""><span>Our Chess and Draughts sets are all supplied with a Chess/ Draughts/Checkers Board</span></p>
</div>
<div class=""purchase clearfix inline_purchase"">
<span color=""#404040"" face=""Open Sans""><span></span></span><br>
</div>",Mullingar Pewter,,CHESS SET,"anya, anya taylor, beth, biden, bishop, board games, capture, castle, check, check mate, checkers, checkmate, chess, chessboard, chessman, flagfall, gambet, gambit, game of thrones, grand master, harmon, joe, king, kings and queens, knight, medieval, medieval chess set, medieval pewter chess set, mike, omahoney, pawn, pence, pewter chess set, queens, queens_gambit, retreat, rook, stalemate, tower, trump, whitehouse, imported, unlisted",false,Title,Default Title,,,,,D17 MED,0,shopify,0,deny,manual,479.95,,true,false,,https://cdn.shopify.com/s/files/1/1565/2549/products/IMG_20210628_101725.jpg?v=1624883576,1,Mullingar Pewter Medieval Pewter Chess Set with Board,false,Mullingar Pewter Medieval Pewter Chess Set with Board,"Product Code D17 Medieval Mullingar Pewter Medieval Pewter Chess Set with Board Step into the captivating world of medieval Ireland with our Mullingar Pewter Medieval Pewter Chess Set. Each piece in this exquisite collection is meticulously crafted from the finest pewter, resulting in a set that is both weighty and dur",,,,,,,,,,,,,g,,,true,true,,,unlisted
pewter-medieval-chess-set-with-board,,,,,,,false,,,,,,,,,,,,,,,,,,https://cdn.shopify.com/s/files/1/1565/2549/products/MEDIEVALCHESSSET.jpg?v=1624883576,2,Mullingar Pewter Medieval Pewter Chess Set with Board,,,,,,,,,,,,,,,,,,,,,,,unlisted
pewter-medieval-chess-set-with-board,,,,,,,false,,,,,,,,,,,,,,,,,,https://cdn.shopify.com/s/files/1/1565/2549/products/MEDIEVALCHESSSET_2.jpg?v=1624883611,3,Mullingar Pewter Medieval Pewter Chess Set with Board,,,,,,,,,,,,,,,,,,,,,,,unlisted
pewter-medieval-chess-set-with-board,,,,,,,false,,,,,,,,,,,,,,,,,,https://cdn.shopify.com/s/files/1/1565/2549/files/Chesssetbox.jpg?v=1703002643,4,Mullingar Pewter Medieval Pewter Chess Set with Board,,,,,,,,,,,,,,,,,,,,,,,unlisted
pewter-medieval-chess-set-with-board,,,,,,,false,,,,,,,,,,,,,,,,,,https://cdn.shopify.com/s/files/1/1565/2549/files/Chesssetboxed.jpg?v=1703002642,5,Mullingar Pewter Medieval Pewter Chess Set with Board,,,,,,,,,,,,,,,,,,,,,,,unlisted
pewter-paperknife-trinity-design,Mullingar Pewter letter opener with Claddagh/Trinity Design,"<p><strong>Exclusive Product: Mullingar Pewter Letter Opener with Claddagh/Trinity Design</strong></p>
<p><strong>Product Code:</strong> P296 T3 Trinity/Claddagh</p>
<p>This elegant 9"" pewter paperknife combines the iconic <strong>Trinity Knot</strong> and <strong>Claddagh</strong> designs, blending Irish tradition with functionality.</p>
<ul>
<li>
<strong>Trinity Knot Design:</strong> A symbol of eternity and unity, rooted in Ireland’s rich Celtic heritage.</li>
<li>
<strong>Claddagh Design:</strong> Representing <em>friendship</em> (hands), <em>love</em> (heart), and <em>loyalty</em> (crown), the Claddagh adds a meaningful touch to this practical keepsake.</li>
</ul>
<p>A sophisticated and thoughtful gift, perfect for home or office.</p>
<p><strong>Handmade in Ireland</strong> with care and craftsmanship.<br><strong>Price Includes Worldwide Shipping.</strong></p>
<p> </p>",Mullingar Pewter,,Homeware,"claddagh, gift, gifts, Irish claddagh, letter, letter opener, men, office, paperknife, pewter, pewter silver, trinity, trinity college, Trinity design, Trinity knot, Trinity knot design, imported, unlisted",false,Title,Default Title,,,,,P296,0,shopify,0,deny,manual,71.95,,true,false,,https://cdn.shopify.com/s/files/1/1565/2549/products/CLADDAGHCELTICLETTEROPENERT3.jpg?v=1644317978,1,Mullingar Pewter letter opener with Claddagh/Trinity Design,false,Mullingar Pewter letter opener with Claddagh/Trinity Design,"Exclusive Product: Mullingar Pewter Letter Opener with Claddagh/Trinity Design Product Code: P296 T3 Trinity/Claddagh This elegant 9"" pewter paperknife combines the iconic Trinity Knot and Claddagh designs, blending Irish tradition with functionality. Trinity Knot Design: A symbol of eternity and unity, rooted in Irela",,,,,,,,,,,,,g,,,true,true,,,unlisted
letter-opener-irish-designs,Mullingar Pewter Exclusive Letter Opener Irish Designs,"<h3>Exclusive Product: Mullingar Pewter Letter Opener - Irish Designs</h3>
<p><strong>Product Code:</strong> C05</p>
<p><strong>Description:</strong> The Mullingar Pewter Exclusive Letter Opener is a beautifully crafted 8-inch tool that combines functionality with a touch of Irish heritage. It comes in a presentation box, making it a perfect gift for special occasions or a charming addition to your home or office.</p>
<p><strong>Available Designs:</strong></p>
<ul>
<li>
<p><strong>Shamrock:</strong> A timeless Irish symbol, the Shamrock is deeply rooted in Irish culture. Saint Patrick, Ireland's patron saint, famously used the shamrock to explain the concept of the Holy Trinity. Each leaf represents the Father, the Son, and the Holy Spirit, embodying a rich spiritual significance.</p>
</li>
<li>
<p><strong>Celtic:</strong> The Celtic designs on our letter openers are inspired by the ancient Kells manuscripts, one of Ireland's most renowned historical artifacts. These intricate designs are reminiscent of symbols found on Ogham stones and in manuscripts crafted by monks in old Irish monasteries.</p>
</li>
<li>
<p><strong>Claddagh:</strong> This design features the iconic Claddagh symbol, known for its profound meanings of ""hands for friendship,"" ""heart for love,"" and ""crown for loyalty."" The Claddagh originated in the town of Claddagh, Co. Galway, and has been a symbol of love and commitment since its creation by Richard Joyce in 1689.</p>
</li>
<li>
<p><strong>Cross:</strong> Representing Ireland's deep Christian heritage, the cross design on this letter opener reflects centuries of tradition and spiritual significance, making it a meaningful gift or keepsake.</p>
</li>
</ul>
<p><strong>Handcrafted in Ireland:</strong> Each letter opener is meticulously handmade from the finest Mullingar Pewter by skilled artisans in Ireland, ensuring a unique and high-quality piece that honors traditional Irish craftsmanship.</p>
<p><strong>Presentation Box:</strong> The letter opener is elegantly packaged in a presentation box, making it an ideal gift for parents, grandparents, office workers, or anyone who appreciates a touch of nostalgia and elegance in their daily routine.</p>
<p><strong>Price:</strong> The price includes shipping, ensuring that you can enjoy this exquisite piece without any additional costs.</p>
<p><strong>Perfect For:</strong> This letter opener makes a thoughtful gift for birthdays, Father's Day, Mother's Day, or any special occasion. It is also a practical and decorative item for the home or office, cherished by those who value both function and tradition.</p>",Mullingar Pewter,,Gift,"celtic, celtic cross paper knife, celtic paper knife, claddagh, cross, letter, letter opener, pewter paper knife, pewter paperknife, shamrock, imported, unlisted",false,Title,CLADDAGH,,,,,C5 Claddagh,0,shopify,0,deny,manual,47.95,,true,false,,https://cdn.shopify.com/s/files/1/1565/2549/products/LETTEROPENERSSHAMROCKCELTICCROSSCLADDAGHCELTICKNOT.jpg?v=1622766661,1,Mullingar Pewter Exclusive Letter Opener Irish Designs,false,Mullingar Pewter Exclusive Letter Opener Irish Designs,"Exclusive Product: Mullingar Pewter Letter Opener - Irish Designs Product Code: C05 Description: The Mullingar Pewter Exclusive Letter Opener is a beautifully crafted 8-inch tool that combines functionality with a touch of Irish heritage. It comes in a presentation box, making it a perfect gift for special occasions or",,,,,,,,,,,,,g,,,true,true,,,unlisted
letter-opener-irish-designs,,,,,,,false,,CELTIC,,,,,C5 Celtic,0,shopify,0,deny,manual,47.95,,true,false,,,,,,,,,,,,,,,,,,,,g,,,,,,,unlisted
letter-opener-irish-designs,,,,,,,false,,CROSS,,,,,C5 Cross,0,shopify,0,deny,manual,47.95,,true,false,,,,,,,,,,,,,,,,,,,,g,,,,,,,unlisted
letter-opener-irish-designs,,,,,,,false,,SHAMROCK,,,,,C5 Shamrock,0,shopify,0,deny,manual,47.95,,true,false,,,,,,,,,,,,,,,,,,,,g,,,,,,,unlisted
letter-opener-irish-designs,,,,,,,false,,,,,,,,,,,,,,,,,,https://cdn.shopify.com/s/files/1/1565/2549/products/SHAMROCKLETTEROPENER.jpg?v=1622122993,2,Mullingar Pewter Exclusive Letter Opener Irish Designs,,,,,,,,,,,,,,,,,,,,,,,unlisted
letter-opener-irish-designs,,,,,,,false,,,,,,,,,,,,,,,,,,https://cdn.shopify.com/s/files/1/1565/2549/products/CLADDAGHLETTEROPENER.jpg?v=1636461448,3,Mullingar Pewter Exclusive Letter Opener Irish Designs,,,,,,,,,,,,,,,,,,,,,,,unlisted
letter-opener-irish-designs,,,,,,,false,,,,,,,,,,,,,,,,,,https://cdn.shopify.com/s/files/1/1565/2549/products/CELTICLETTEROPENER.jpg?v=1636461467,4,Mullingar Pewter Exclusive Letter Opener Irish Designs,,,,,,,,,,,,,,,,,,,,,,,unlisted
letter-opener-irish-designs,,,,,,,false,,,,,,,,,,,,,,,,,,https://cdn.shopify.com/s/files/1/1565/2549/products/CELTICCROSSLETTEROPENER.jpg?v=1636461497,5,Mullingar Pewter Exclusive Letter Opener Irish Designs,,,,,,,,,,,,,,,,,,,,,,,unlisted
pewter-bangle-bracelet,Mullingar Pewter Ladies Bangle in 2 designs,"<div class=""flex max-w-full flex-col flex-grow"">
<div data-message-author-role=""assistant"" data-message-id=""2920e1b2-ec27-4e2e-8fab-e526c0b906e6"" dir=""auto"" class=""min-h-8 text-message flex w-full flex-col items-end gap-2 whitespace-normal break-words [.text-message+&amp;]:mt-5"" data-message-model-slug=""gpt-4o"">
<div class=""flex w-full flex-col gap-1 empty:hidden first:pt-[3px]"">
<div class=""markdown prose w-full break-words dark:prose-invert light"">
<p><strong>Product Code: P16 – Celtic or Claddagh Pewter Bangle</strong></p>
<p>A stunning pewter bangle, available in two timeless designs: Celtic or Claddagh.</p>
<p><strong>Features:</strong></p>
<ul>
<li>
<strong>Celtic Design:</strong> Inspired by the intricate patterns of the Bealin Cross, a historic artifact linked to Clonmacnoise and now standing near Mullingar. These designs trace their roots to the Kells manuscripts and ancient Irish monasteries.</li>
<li>
<strong>Claddagh Design:</strong> Symbolizing <em>friendship</em> (hands), <em>love</em> (heart), and <em>loyalty</em> (crown), this design is a timeless Irish emblem, originating in Claddagh, Co. Galway, in 1689.</li>
</ul>
<p>A perfect ""Gift for Her"" – combining elegance, history, and Irish heritage.</p>
<p><strong>Handmade in Ireland</strong> with exceptional craftsmanship.<br><strong>Price Includes Worldwide Shipping.</strong></p>
</div>
</div>
</div>
</div>
<p> </p>",Mullingar Pewter,,Gift,"bangle, bridesmaid gift, celtic, christmas gift, claddagh, friendship, jewellery, jewellry, jewelry, mom, imported, unlisted",false,Style,Celtic,,,,,P16 Celtic,0,shopify,0,deny,manual,59.95,,true,false,,https://cdn.shopify.com/s/files/1/1565/2549/products/bangle.jpg?v=1633955570,1,Mullingar Pewter Ladies Bangle in 2 designs,false,Mullingar Pewter Ladies Bangle in 2 designs,"Product Code: P16 – Celtic or Claddagh Pewter Bangle A stunning pewter bangle, available in two timeless designs: Celtic or Claddagh. Features: Celtic Design: Inspired by the intricate patterns of the Bealin Cross, a historic artifact linked to Clonmacnoise and now standing near Mullingar. These designs trace their roo",,,,,,,,,,,,,g,,,true,true,,,unlisted
pewter-bangle-bracelet,,,,,,,false,,Claddagh,,,,,P16 Claddagh,0,shopify,0,deny,manual,59.95,,true,false,,,,,,,,,,,,,,,,,,,,g,,,,,,,unlisted
pewter-bangle-bracelet,,,,,,,false,,,,,,,,,,,,,,,,,,https://cdn.shopify.com/s/files/1/1565/2549/products/BANGLECELTICANDCLADDAGH_1e5ce686-c910-4d37-ba7e-c9f4271a2e93.jpg?v=1607077981,2,Mullingar Pewter Ladies Bangle in 2 designs,,,,,,,,,,,,,,,,,,,,,,,unlisted
pewter-bangle-bracelet,,,,,,,false,,,,,,,,,,,,,,,,,,https://cdn.shopify.com/s/files/1/1565/2549/products/BANGLECELTICANDCLADDAGH.jpg?v=1622766913,3,Mullingar Pewter Ladies Bangle in 2 designs,,,,,,,,,,,,,,,,,,,,,,,unlisted
pewter-paperknife-kells-design,Pewter Letter Opener Celtic Dragon Design - Exclusive Item.,"<style type=""text/css""><!--
td {border: 1px solid #ccc;}br {mso-data-placement:same-cell;}
--></style>
<p><strong>Exclusive Item</strong></p>
<p><strong>Product Code: P297</strong></p>
<p>At 8"" long, this beautiful pewter paper knife/letter opener features a detailed sculpted design on the hilt, inspired by the art from the illuminated manuscripts of the Book of Kells, specifically the Celtic 'icovellavna' knotted arrangement. </p>
<p><span data-sheets-value=""{&quot;1&quot;:2,&quot;2&quot;:&quot;At 8\&quot; long, this beautiful pewter paper knife/letter opener features a detailed sculpted design on the hilt, inspired by the art from the illuminated manuscripts of the Book of Kells, specifically the Celtic 'icovellavna' knotted arrangement.\u00a0Also available in Claddagh design.&quot;}"" data-sheets-userformat='{""2"":513,""3"":{""1"":0},""12"":0}'><strong>-Celtic</strong><br></span></p>
<p>The Celtic designs seen on our products are taken from the Kells manuscripts, the most famous Irish artefact. Celtic symbols and designs have been around for centuries, and were first found on Ogham stones, in manuscripts drawn/written by the monks or in old monasteries around Ireland.</p>
<p>HANDMADE IN IRELAND</p>
<p>PRICE INCLUDES SHIPPING</p>
<p><span data-sheets-value=""{&quot;1&quot;:2,&quot;2&quot;:&quot;At 8\&quot; long, this beautiful pewter paper knife/letter opener features a detailed sculpted design on the hilt, inspired by the art from the illuminated manuscripts of the Book of Kells, specifically the Celtic 'icovellavna' knotted arrangement.\u00a0Also available in Claddagh design.&quot;}"" data-sheets-userformat='{""2"":513,""3"":{""1"":0},""12"":0}'><strong><br></strong></span></p>",Mullingar Pewter,,Homeware,"celtic, celtic dragon, gifts, letter opener, paperknife, imported, unlisted",false,Title,Default Title,,,,,P297,0,shopify,0,deny,manual,64.95,,true,false,,https://cdn.shopify.com/s/files/1/1565/2549/products/CELTICDRAGONPAPERKNIFEP297.jpg?v=1644320033,1,Pewter Letter Opener Celtic Dragon Design - Exclusive Item.,false,Pewter Letter Opener Celtic Dragon Design,"Exclusive Item Product Code: P297 At 8"" long, this beautiful pewter paper knife/letter opener features a detailed sculpted design on the hilt, inspired by the art from the illuminated manuscripts of the Book of Kells, specifically the Celtic 'icovellavna' knotted arrangement. -Celtic The Celtic designs seen on our prod",,,,,,,,,,,,,g,,,true,true,,,unlisted
ireland-bottle-opener-with-pewter-design,Ireland Bottle Opener with Pewter Design - Exclusive Product,"<p><strong>Exclusive Product:  Ireland Bottle Opener with Pewter Design - Exclusive Product</strong></p>
<p><strong>Product Code: P295 Ireland or Round Tower Design</strong></p>
<p>Ireland is known worldwide for it’s beautiful scenery and it’s friendly people. Our small island of 6.3 million is a very popular tourist attraction for people from all over the world with Irish ancestry so here is a great souvenir to have with images associated with Ireland on <span style=""text-decoration: underline;"">both sides of the handle</span></p>
<p>Ireland Bottle Opener with a durable pewter metal handle and stainless steel bottle top opener in silver finish  Length 6` Approx.</p>
<p><strong>HANDMADE IN IRELAND   PRICE INCLUDES SHIPPING</strong></p>
<p><br></p>",Mullingar Pewter,,Drinkware,"21st, 40th, 50th, ancestry, birthday, bottle, bronze, celtic, celtic tower, general gift, general gifts, gift, Heritage, Ireland, irish, opener, pewter, pewter ireland, pewter silver, round tower, round tower of ireland, shamrock, stone tower, tower, imported, unlisted",false,Title,Default Title,,,,,P295 IRL,0,shopify,0,deny,manual,47.95,,true,false,,https://cdn.shopify.com/s/files/1/1565/2549/products/BOTTLEOPENERP295.jpg?v=1644317768,1,Ireland Bottle Opener with Pewter Design - Exclusive Product,false,Ireland Bottle Opener with Pewter Design,Exclusive Product: Ireland Bottle Opener with Pewter Design - Exclusive Product Product Code: P295 Ireland or Round Tower Design Ireland is known worldwide for it’s beautiful scenery and it’s friendly people. Our small island of 6.3 million is a very popular tourist attraction for people from all over the world with Ir,,,,,,,,,,,,,g,,,true,true,,,unlisted
stainless-steel-pewter-flask-large-design,Stainless Steel Flask with Pewter Celtic Design,"<p><strong>Product code: 1508YA Stainless Steel Flask with Pewter Celtic Design</strong></p>
<p><span>Drinks Flask with intricate Celtic design. Made from stainless steel and embellished with the finest Mullingar Pewter</span></p>
<p><span>Capacity 8 oz so perfect for sharing with your friends at any sporting occasion. Cheers!</span></p>
<p>Please note Engraving is not available on this flask however, there is a similar style available which allows for limited engraving on the front:<br></p>
<p><a href=""https://mullingarpewter.com/search?type=product%2Carticle%2Cpage&amp;q=1508yb"" title=""Flask 1508YB Pewter Flask"">Click here for alternative Flask  code: 1508YB</a></p>
<p><strong> HANDMADE IN IRELAND Price includes postage</strong></p>
<p><span style=""text-decoration: underline;""><strong>About our Stainless Steel Flasks</strong></span></p>
<p class=""MsoNormal"">All our stainless steel flasks are made from food and drink grade stainless steel and are drink safe.</p>
<p class=""MsoNormal"">The pewter decorations we add to our flasks are made from a lead free pewter alloy of 92-95% tin with a balance of Copper and Antimony.</p>
<p class=""MsoNormal"">All our flasks are packaged with a Mullingar Pewter card, box or wrapped as gift presentable.</p>
<p> </p>",Mullingar Pewter,,Flask,"celtic whisky, flask, irish whiskey, pewter whiskey flask, pewter whiskey measure, imported, unlisted",false,Title,Default Title,,,,,1508YA,0,shopify,0,deny,manual,77.95,,true,false,,https://cdn.shopify.com/s/files/1/1565/2549/products/WHISKEYFLASKWITHLG.CELTICDESIGN.8OZ.jpg?v=1623245960,1,Stainless Steel Flask with Pewter Celtic Design,false,Stainless Steel Flask with Pewter Celtic Design,Product code: 1508YA Stainless Steel Flask with Pewter Celtic Design Drinks Flask with intricate Celtic design. Made from stainless steel and embellished with the finest Mullingar Pewter Capacity 8 oz so perfect for sharing with your friends at any sporting occasion. Cheers! Please note Engraving is not available on th,,,,,,,,,,,,,g,,,true,true,,,unlisted
stainless-steel-pewter-flask,Stainless Steel Drinks Flask with Celtic Pewter Design,"<p><strong>Product code: 1508YB  Stainless Steel Drinks Flask with Celtic Pewter Design</strong></p>
<p><span>Drinks Flask with intricate Celtic design. Made from Stainless steel and decorated with the finest Mullingar Pewter</span></p>
<p><span>Capacity 8 oz so perfect for sharing with your friends at any sporting occasion. Cheers!</span></p>
<p><strong>HANDMADE IN IRELAND  Price includes postage</strong></p>
<p><span style=""text-decoration: underline;""><strong>About our Stainless Steel Flasks</strong></span></p>
<p class=""MsoNormal"">All our stainless steel flasks are made from food and drink grade stainless steel and are drink safe.</p>
<p class=""MsoNormal"">The pewter decorations we add to our flasks are made from a lead free pewter alloy of 92-95% tin with a balance of Copper and Antimony.</p>
<p class=""MsoNormal"">All our flasks are packaged with a Mullingar Pewter card, box or wrapped as gift presentable.</p>
<p> </p>
<p> </p>
<p> </p>",Mullingar Pewter,,Flask,"flask, men, pewter spirit, spirit, whiskey, imported, unlisted",false,Title,Default Title,,,,,1508YB,0,shopify,0,deny,manual,77.95,,true,false,,https://cdn.shopify.com/s/files/1/1565/2549/products/WHISKEYFLASK8OZWITHNARROWCELTICSTRIP.jpg?v=1623245617,1,Stainless Steel Drinks Flask with Celtic Pewter Design,false,Stainless Steel Drinks Flask with Celtic Pewter Design,Product code: 1508YB Stainless Steel Drinks Flask with Celtic Pewter Design Drinks Flask with intricate Celtic design. Made from Stainless steel and decorated with the finest Mullingar Pewter Capacity 8 oz so perfect for sharing with your friends at any sporting occasion. Cheers! HANDMADE IN IRELAND Price includes post,,,,,,,,,,,,,g,,,true,true,,,unlisted
the-cow-award,Mullingar Pewter Dairy Cow sculpture Award,"<p><strong>Product Code: S29 - Mullingar Pewter Dairy Cow Sculpture Award</strong></p>
<p>Celebrate rural heritage with our beautifully crafted <strong>Mullingar Pewter Dairy Cow Sculpture Award</strong>.</p>
<p>✨ <strong>Product Details:</strong></p>
<ul>
<li>
<strong>Dimensions:</strong> Stands 4"" high.</li>
<li>
<strong>Material:</strong> Made from polished pewter with a soft silver edge finish over a darkened surface for a timeless look.</li>
<li>
<strong>Versatile Use:</strong> Ideal as a prize for country fairs, a unique retirement gift for someone in the dairy industry, or as a special keepsake for agriculture enthusiasts.</li>
<li>
<strong>Customization Available:</strong> Add a personal touch with an optional engraving plate (contact us at +353 44 9348791 for details).</li>
</ul>
<p><strong>Why Choose This Award?</strong></p>
<ul>
<li>
<strong>Heritage Craftsmanship:</strong> Handmade in Ireland, blending tradition and quality.</li>
<li>
<strong>Meaningful Gift:</strong> Perfect for recognizing contributions or achievements in farming and dairy.</li>
<li>
<strong>Ready to Display:</strong> A standout piece for any home, office, or event setting.</li>
</ul>
<p><strong>Handmade in Ireland</strong> | <strong>Price includes worldwide shipping</strong></p>
<p><strong>Order now and honor life's milestones with a touch of Irish artistry!</strong></p>
<p><span style=""text-decoration: underline;""><strong>About our Pewter Statues</strong></span></p>
<p>This item is cast using 92% Tin with a balance alloy mix.</p>
<p>To enhance the design contrast, we colour the design and lacquer finish this item.  </p>
<p>These Items are packaged in Black and Silver boxes or Brown Card board boxes.</p>",Mullingar Pewter,,Sculptures,"award, awards, cow, farm, farming, general gift, general gifts, gift, Heritage, irish, pewter, pewter silver, prize, sculptures, sports, trophies and awards, imported, unlisted",false,Title,Default Title,,,,,S29,0,shopify,0,deny,manual,143.95,,true,false,,https://cdn.shopify.com/s/files/1/1565/2549/products/THECOW.jpg?v=1621935617,1,Mullingar Pewter Dairy Cow sculpture Award,false,Mullingar Pewter Dairy Cow sculpture Award,"Product Code: S29 - Mullingar Pewter Dairy Cow Sculpture Award Celebrate rural heritage with our beautifully crafted Mullingar Pewter Dairy Cow Sculpture Award. ✨ Product Details: Dimensions: Stands 4"" high. Material: Made from polished pewter with a soft silver edge finish over a darkened surface for a timeless look. ",,,,,,,,,,,,,g,,,true,true,,,unlisted
bridge-card-hand-trophy,Mullingar Pewter Bridge Card Hand Card Game Trophy,"<p><strong>Exclusive Product</strong></p>
<p><strong>Code: S55 - Mullingar Pewter Bridge Card Hand Trophy</strong></p>
<p>Celebrate the skill and spirit of card players with our <strong>Pewter Bridge Card Hand Trophy</strong>. This elegant piece, standing approximately 6"" tall on a dark timber base, is perfect for card tournaments, events, or as a unique keepsake for enthusiasts.</p>
<p>✨ <strong>Features:</strong></p>
<ul>
<li>Stunning pewter design capturing the essence of card games</li>
<li>Includes an optional engraving strip for personalization</li>
<li>A meaningful award or gift for bridge players and tournaments</li>
</ul>
<p><strong>Engraving:</strong> Contact us by phone or email for customization details.</p>
<p><strong>Handmade in Ireland</strong> | <strong>Price includes worldwide shipping</strong></p>
<p>A timeless tribute to card game mastery. <strong>Order yours today!</strong></p>
<p><span style=""text-decoration: underline;""><strong>About our Statues</strong></span></p>
<p>This item is cast using 92% Tin with a balance alloy mix.</p>
<p>To enhance the design contrast, we colour the design and lacquer finish this item.  </p>
<p>These Items are packaged in Black and Silver boxes or Brown Card board boxes.</p>",Mullingar Pewter,,sports awards and trophies,"birthday, bridge, clubs, full house, hearts, irish, pewter, pewter silver, playing cards, poker, poker game, spade, sports, trophy, imported, unlisted",false,Title,Default Title,,,,,S55,0,shopify,0,deny,manual,167.95,,true,false,,https://cdn.shopify.com/s/files/1/1565/2549/products/1_8c24691a-520b-4562-89a9-12c9947d3244.png?v=1681918305,1,Mullingar Pewter Bridge Card Hand Card Game Trophy,false,Mullingar Pewter Bridge Card Hand Card Game Trophy,"Exclusive Product Code: S55 - Mullingar Pewter Bridge Card Hand Trophy Celebrate the skill and spirit of card players with our Pewter Bridge Card Hand Trophy. This elegant piece, standing approximately 6"" tall on a dark timber base, is perfect for card tournaments, events, or as a unique keepsake for enthusiasts. ✨ Fea",,,,,,,,,,,,,g,,,true,true,,,unlisted
bridge-card-hand-trophy,,,,,,,false,,,,,,,,,,,,,,,,,,https://cdn.shopify.com/s/files/1/1565/2549/products/2_9e2df32f-088c-405b-84de-c3f942fc394a.png?v=1681918331,2,Mullingar Pewter Bridge Card Hand Card Game Trophy,,,,,,,,,,,,,,,,,,,,,,,unlisted
pewter-irish-leprechaun-measure-shot,Mullingar Pewter Irish Leprechaun Measure/Shot,"<p>The <strong>Mullingar Pewter Irish Leprechaun Measure/Shot (Product Code: P218)</strong> is a whimsical and beautifully crafted piece that brings the playful spirit of the leprechaun to your home. Standing at 2.75 inches high, this 1 oz measure is adorned with a sculpted leprechaun, capturing the essence of this beloved figure from Irish folklore.</p>
<h3>Product Highlights:</h3>
<ul>
<li>
<strong>Product Code</strong>: P218</li>
<li>
<strong>Design</strong>: Features an intricately detailed leprechaun, known for his mischievous nature and love for a bit of fun. The leprechaun adds a charming and humorous touch to the measure, making it a delightful piece for both use and display.</li>
<li>
<strong>Material</strong>: Made from high-quality pewter, ensuring durability and a lustrous finish. The craftsmanship highlights the leprechaun’s playful character and cultural significance.</li>
<li>
<strong>Size</strong>: At 2.75 inches high, this measure is both compact and practical, perfect for measuring spirits or serving as a unique decorative item.</li>
</ul>
<h3>Features:</h3>
<ul>
<li>
<strong>Playful Design</strong>: The leprechaun, a magical creature from Irish folklore, is sculpted in a way that brings out his fun-loving and mischievous personality. It serves as a reminder to keep an eye on your beverage – just in case it disappears!</li>
<li>
<strong>Functional and Versatile</strong>: While primarily a 1 oz measure for your favorite spirits, this piece can also double as a charming toothpick holder, adding a touch of Irish charm to your kitchen or bar.</li>
<li>
<strong>Crafted with Care</strong>: Handmade by skilled artisans at Mullingar Pewter in Mullingar, Ireland, ensuring a unique and high-quality product that reflects traditional Irish craftsmanship.</li>
</ul>
<h3>Perfect Gift:</h3>
<ul>
<li>
<strong>For Special Occasions</strong>: Ideal for birthdays, Father’s Day, or as a thoughtful gift for a whiskey lover or anyone who enjoys a good time.</li>
<li>
<strong>Great for Men</strong>: This measure makes an excellent gift for dads, grandfathers, or any man who appreciates a bit of whimsy and a good drink.</li>
<li>
<strong>Cultural Keepsake</strong>: A perfect token for those with a love for Irish culture and folklore, serving as a reminder of the magic and fun associated with leprechauns.</li>
</ul>
<h3>Purchase Details:</h3>
<ul>
<li>
<strong>Unique Gift</strong>: This leprechaun measure is not just a functional item but a piece of art that celebrates Irish heritage, making it a unique and memorable gift.</li>
<li>
<strong>Worldwide Shipping</strong>: The price includes shipping, ensuring a convenient and straightforward purchase experience.</li>
</ul>
<h3>Why Choose This Leprechaun Measure?</h3>
<p>This ornate measure is more than just a practical item; it’s a playful piece that brings a touch of Irish folklore to your home. Whether used for measuring spirits or as a quirky toothpick holder, it’s a delightful way to celebrate the fun and magic of the leprechaun.</p>
<hr>
<p>With its charming design and high-quality craftsmanship, the <strong>Mullingar Pewter Irish Leprechaun Measure</strong> is sure to be a treasured addition to any home, perfect for anyone who enjoys a bit of Irish cheer and a good drink.</p>
<p><span style=""text-decoration: underline;""><strong>About our Pewter Measures</strong></span></p>
<p>Our metal content in all of the above is 92-95% tin with a balance of Copper and Antimony.</p>
<p>Our metal is Lead free and complies with EU, FDA,BS and Proposition 65 standards.</p>
<p>Our items are packaged in Black and Silver Mullingar Pewter Packaging where possible.</p>",Mullingar Pewter,,Measure,"folklore, gift, gold, good luck, hat, Ireland, irish whiskey, leprechaun, lucky, measure, men, Mythical, pewter silver, pewter spirit, pewter spirit measure, pewter whiskey flask, pewter whiskey measure, pipe, pot of gold, rainbow, shamrock, spirit, spirit measure, whiskey, imported, unlisted",false,Title,Default Title,,,,,P218,0,shopify,0,deny,manual,47.95,,true,false,,https://cdn.shopify.com/s/files/1/1565/2549/products/LEPRECHAUNSHOTMEASURE.jpg?v=1642598297,1,Mullingar Pewter Irish Leprechaun Measure/Shot,false,Mullingar Pewter Irish Leprechaun Measure/Shot,"The Mullingar Pewter Irish Leprechaun Measure/Shot (Product Code: P218) is a whimsical and beautifully crafted piece that brings the playful spirit of the leprechaun to your home. Standing at 2.75 inches high, this 1 oz measure is adorned with a sculpted leprechaun, capturing the essence of this beloved figure from Iri",,,,,,,,,,,,,g,,,true,true,,,unlisted
celtic-book-of-kells-frames,Mullingar Pewter Kells Design Picture Frame Collection - Exclusive,"<p><strong>Exclusive Product: Mullingar Pewter Kells Design Picture Frame Collection</strong></p>
<p><strong>Product Code:</strong> PEWTER FRAME KELLS</p>
<ul>
<li>
<strong>P128</strong>: Fits 5x7 inch photos</li>
<li>
<strong>P129</strong>: Fits 4x6 inch photos</li>
</ul>
<p>Showcase your cherished memories in true Irish style with our handcrafted Pewter Picture Frames. Adorned with intricate Celtic Trinity Knot designs, inspired by the iconic motifs found in the <strong>Book of Kells</strong> and the <strong>Book of Durrow</strong>, these frames pay homage to Ireland’s rich monastic history and timeless High Crosses.</p>
<p><strong>Features:</strong></p>
<ul>
<li>Elegant Celtic detailing inspired by Ireland’s ancient heritage.</li>
<li>Perfect for wedding photos, milestone moments, or treasured memories.</li>
<li>Available in two sizes: 5""x7"" and 4""x6"".</li>
<li>A thoughtful gift for any occasion.</li>
</ul>
<p><strong>Handmade in Ireland</strong> with love and tradition.<br><strong>Price Includes Worldwide Shipping</strong>.</p>",Mullingar Pewter,,Picture Frame,"book of kells, bronze, celtic, frame, home, homeware gifts, house, kells, kells design, pewter, picture, picture frames, wedding gifts, imported, unlisted",false,Size,5 x 7 inches P128,,,,,P128,0,shopify,0,deny,manual,83.95,,true,false,,https://cdn.shopify.com/s/files/1/1565/2549/products/KELLSPICTUREFRAMES.jpg?v=1644313195,1,Mullingar Pewter Kells Design Picture Frame Collection - Exclusive,false,Mullingar Pewter Kells Design Picture Frame Collection,"Exclusive Product: Mullingar Pewter Kells Design Picture Frame Collection Product Code: PEWTER FRAME KELLS P128: Fits 5x7 inch photos P129: Fits 4x6 inch photos Showcase your cherished memories in true Irish style with our handcrafted Pewter Picture Frames. Adorned with intricate Celtic Trinity Knot designs, inspired b",,,,,,,,,,,,,g,,,true,true,,,unlisted
celtic-book-of-kells-frames,,,,,,,false,,4 x 6 inches P129,,,,,P129,0,shopify,0,deny,manual,76.95,,true,false,,,,,,,,,,,,,,,,,,,,g,,,,,,,unlisted
celtic-book-of-kells-frames,,,,,,,false,,,,,,,,,,,,,,,,,,https://cdn.shopify.com/s/files/1/1565/2549/products/PICTUREFRAMEKELLS5X7.jpg?v=1644313232,2,Mullingar Pewter Kells Design Picture Frame Collection - Exclusive,,,,,,,,,,,,,,,,,,,,,,,unlisted
celtic-book-of-kells-frames,,,,,,,false,,,,,,,,,,,,,,,,,,https://cdn.shopify.com/s/files/1/1565/2549/products/PICTUREFRAMEKELLS4X6.jpg?v=1644313250,3,Mullingar Pewter Kells Design Picture Frame Collection - Exclusive,,,,,,,,,,,,,,,,,,,,,,,unlisted
woodlands-tankards,Mullingar Pewter Irish Woodlands Themed Tankards,"<p><strong>Product Code: B92553 - Mullingar Pewter Irish Woodlands Themed Tankards</strong></p>
<p>Immerse yourself in the charm of the Irish countryside with our Mullingar Pewter Irish Woodlands Themed Tankards. Available in four exquisite designs—Duck, Fox, Hare and Stag—each tankard is a celebration of Ireland's rich natural heritage and traditional craft making. These tankards are meticulously handcrafted, featuring embossed woodland scenes and intricate detailing on the base and handle.</p>
<p><strong>Key Features:</strong></p>
<ul>
<li>
<strong>Captivating Woodland Designs:</strong> Choose from four unique woodland themes: Duck, Fox, Hare or Stag. Each design beautifully captures the essence of Irish wildlife and adds a touch of nature to your drinkware.</li>
<li>
<strong>Superior Craftsmanship:</strong> These tankards are crafted using the revived ancient art of pewter making, ensuring both durability and a timeless aesthetic that reflects Irish cultural heritage.</li>
<li>
<strong>Perfect for Enthusiasts:</strong> Ideal for lovers of Irish heritage and traditional crafts, these tankards are a perfect addition to any collection or a thoughtful gift for someone special.</li>
<li>
<strong>Functional and Decorative:</strong> Standing at 5 1/2 inches high, these tankards are not only perfect for enjoying your favorite beverages but also serve as stunning decorative pieces for your home.</li>
</ul>
<p><strong>Measurements:</strong></p>
<ul>
<li>
<strong>Height:</strong> 5 1/2 inches</li>
</ul>
<p><strong>Additional Information:</strong></p>
<ul>
<li>
<strong>Handmade in Ireland:</strong> Each tankard is crafted with care in Mullingar, Ireland, showcasing the skill and dedication of our artisans.</li>
<li>
<strong>Inclusive Pricing:</strong> The price includes worldwide shipping, with no additional postage charges at checkout.</li>
</ul>
<p><span style=""text-decoration: underline;""><strong>About our Pewter Tankards</strong></span></p>
<p>Our metal content in all of the above is 92-95% tin with a balance of Copper and Antimony.</p>
<p>Our metal is Lead free and complies with EU, FDA,BS and Proposition 65 standards.</p>
<p>Our items are packaged in Black and Silver Mullingar Pewter Packaging where possible.</p>
<style type=""text/css""><!--
td {border: 1px solid #ccc;}br {mso-data-placement:same-cell;}
--></style>",Mullingar Pewter,,Tankard,"bronze, celtic, duck, duck tankard, fox, fox tankard, general gift, general gifts, gift, hare, hare tankard, irish, men, pewter silver, Pewter tankard, pewter woodland tankard, stag, stag tankard, tankard, woodland, woodlands tankard, imported, unlisted",false,Title,HARE,,,,,B92553 Hare,0,shopify,0,deny,manual,109.95,,true,false,,https://cdn.shopify.com/s/files/1/1565/2549/files/WOODLANDS_TANKARDS.jpg?v=1728043282,1,Mullingar Pewter Irish Woodlands Themed Tankards,false,Mullingar Pewter Irish Woodlands Themed Tankards,"Product Code: B92553 - Mullingar Pewter Irish Woodlands Themed Tankards Immerse yourself in the charm of the Irish countryside with our Mullingar Pewter Irish Woodlands Themed Tankards. Available in four exquisite designs—Duck, Fox, Hare and Stag—each tankard is a celebration of Ireland's rich natural heritage and trad",,,,,,,,,,,,,g,,,true,true,,,unlisted
woodlands-tankards,,,,,,,false,,FOX,,,,,B92553 Fox,0,shopify,0,deny,manual,109.95,,true,false,,,,,,,,,,,,,,,,,,,,g,,,,,,,unlisted
woodlands-tankards,,,,,,,false,,DUCK,,,,,B92553 Duck,0,shopify,0,deny,manual,109.95,,true,false,,,,,,,,,,,,,,,,,,,,g,,,,,,,unlisted
woodlands-tankards,,,,,,,false,,STAG,,,,,B92553 Stag,0,shopify,0,deny,manual,109.95,,true,false,,,,,,,,,,,,,,,,,,,,g,,,,,,,unlisted
woodlands-tankards,,,,,,,false,,Set of 4 Tankards (one of each design),,,,,Set of 4 B92553,0,shopify,0,deny,manual,419.95,,true,false,,,,,,,,,,,,,,,,,,,,g,,,,,,,unlisted
woodlands-tankards,,,,,,,false,,,,,,,,,,,,,,,,,,https://cdn.shopify.com/s/files/1/1565/2549/products/WOODLANDSTANKARDDUCK.jpg?v=1630421723,2,Mullingar Pewter Irish Woodlands Themed Tankards,,,,,,,,,,,,,,,,,,,,,,,unlisted
woodlands-tankards,,,,,,,false,,,,,,,,,,,,,,,,,,https://cdn.shopify.com/s/files/1/1565/2549/products/WOODLANDSTANKARDRABBIT.jpg?v=1630421720,3,Mullingar Pewter Irish Woodlands Themed Tankards,,,,,,,,,,,,,,,,,,,,,,,unlisted
woodlands-tankards,,,,,,,false,,,,,,,,,,,,,,,,,,https://cdn.shopify.com/s/files/1/1565/2549/products/WOODLANDSTANKARDFOX.jpg?v=1630421720,4,Mullingar Pewter Irish Woodlands Themed Tankards,,,,,,,,,,,,,,,,,,,,,,,unlisted
woodlands-tankards,,,,,,,false,,,,,,,,,,,,,,,,,,https://cdn.shopify.com/s/files/1/1565/2549/files/WOODLANDS_TANKARD_STAG.jpg?v=1728043202,5,Mullingar Pewter Irish Woodlands Themed Tankards,,,,,,,,,,,,,,,,,,,,,,,unlisted
cake-server,Mullingar Pewter Irish Wedding Cake Knife & Server Collection,"<p><strong>Mullingar Pewter Irish Wedding Cake Knife &amp; Server Collection</strong></p>
<p>Celebrate your special day with our beautifully handcrafted Irish Pewter Wedding Cake Knives and Servers. Perfect for cutting and serving your wedding cake, these stunning pieces come with a choice of Celtic or Claddagh design handles.</p>
<p><strong>Available Options:</strong></p>
<ul>
<li>
<strong>Cake Knives:</strong>
<ul>
<li>P39 Celtic</li>
<li>P39 Claddagh</li>
</ul>
</li>
<li>
<strong>Cake Servers:</strong>
<ul>
<li>P28 Celtic</li>
<li>P28 Claddagh</li>
</ul>
</li>
</ul>
<p><strong>Design Highlights:</strong></p>
<ul>
<li>
<strong>Claddagh:</strong> Symbolizes ""hands for friendship,"" ""heart for love,"" and ""crown for loyalty,"" inspired by the famous Irish love symbol from Claddagh, Co. Galway.</li>
<li>
<strong>Celtic:</strong> Features intricate designs inspired by the ancient Book of Kells and Irish monastic artistry.</li>
</ul>
<p>A thoughtful and elegant Irish wedding gift for newlyweds.</p>
<p><strong>HANDMADE IN IRELAND – PRICE INCLUDES WORLDWIDE SHIPPING.</strong></p>
<p><iframe src=""https://www.youtube.com/embed/kIfbhEsyB6c"" height=""315"" width=""560"" allowfullscreen="""" frameborder=""0""></iframe></p>
<p> </p>",Mullingar Pewter,,Wedding,"bride, cake, celtic, claddagh, general gift, general gifts, gift, groom, Heritage, irish, knife, pewter, pewter silver, server, wedding, wedding gifts, imported, unlisted",false,Title,CLADDAGH CAKE SERVING SET,,,,,P28 & P39 Claddagh,0,shopify,0,deny,manual,131.95,,true,false,,https://cdn.shopify.com/s/files/1/1565/2549/products/WEDDINGCAKEKNIVESANDSERVERS.jpg?v=1642589874,1,Mullingar Pewter Irish Wedding Cake Knife & Server Collection,false,Mullingar Pewter Irish Wedding Cake Knife & Server Collection,"Mullingar Pewter Irish Wedding Cake Knife & Server Collection Celebrate your special day with our beautifully handcrafted Irish Pewter Wedding Cake Knives and Servers. Perfect for cutting and serving your wedding cake, these stunning pieces come with a choice of Celtic or Claddagh design handles. Available Options: Cak",,,,,,,,,,,,,g,,,true,true,,,unlisted
cake-server,,,,,,,false,,CELTIC CAKE SERVING SET,,,,,P28 & P39 Celtic,0,shopify,0,deny,manual,131.95,,true,false,,,,,,,,,,,,,,,,,,,,g,,,,,,,unlisted
cake-server,,,,,,,false,,CELTIC CAKE KNIFE,,,,,P39 Celtic,0,shopify,0,deny,manual,71.95,,true,false,,,,,,,,,,,,,,,,,,,,g,,,,,,,unlisted
cake-server,,,,,,,false,,CELTIC CAKE SERVER,,,,,P28 Celtic,0,shopify,0,deny,manual,71.95,,true,false,,,,,,,,,,,,,,,,,,,,g,,,,,,,unlisted
cake-server,,,,,,,false,,CLADDAGH CAKE SERVER,,,,,P28Claddagh,0,shopify,0,deny,manual,71.95,,true,false,,,,,,,,,,,,,,,,,,,,g,,,,,,,unlisted
cake-server,,,,,,,false,,CLADDAGH CAKE KNIFE,,,,,P39 Claddagh,0,shopify,0,deny,manual,71.95,,true,false,,,,,,,,,,,,,,,,,,,,g,,,,,,,unlisted
cake-server,,,,,,,false,,,,,,,,,,,,,,,,,,https://cdn.shopify.com/s/files/1/1565/2549/products/CAKESERVERCELTIC.jpg?v=1629107349,2,Mullingar Pewter Irish Wedding Cake Knife & Server Collection,,,,,,,,,,,,,,,,,,,,,,,unlisted
cake-server,,,,,,,false,,,,,,,,,,,,,,,,,,https://cdn.shopify.com/s/files/1/1565/2549/products/CAKESERVERCLADDAGH.jpg?v=1642589896,3,Mullingar Pewter Irish Wedding Cake Knife & Server Collection,,,,,,,,,,,,,,,,,,,,,,,unlisted
cake-server,,,,,,,false,,,,,,,,,,,,,,,,,,https://cdn.shopify.com/s/files/1/1565/2549/products/CELTICWEDDINGCAKEKNIFE.jpg?v=1642589913,4,Mullingar Pewter Irish Wedding Cake Knife & Server Collection,,,,,,,,,,,,,,,,,,,,,,,unlisted
cake-server,,,,,,,false,,,,,,,,,,,,,,,,,,https://cdn.shopify.com/s/files/1/1565/2549/products/CLADDAGHWEDDINGCAKEKNIFE.jpg?v=1642589931,5,Mullingar Pewter Irish Wedding Cake Knife & Server Collection,,,,,,,,,,,,,,,,,,,,,,,unlisted
