Handle,Title,Body (HTML),Vendor,Product Category,Type,Tags,Published,Option1 Name,Option1 Value,Option2 Name,Option2 Value,Option3 Name,Option3 Value,Variant SKU,Variant Grams,Variant Inventory Tracker,Variant Inventory Qty,Variant Inventory Policy,Variant Fulfillment Service,Variant Price,Variant Compare At Price,Variant Requires Shipping,Variant Taxable,Variant Barcode,Image Src,Image Position,Image Alt Text,Gift Card,SEO Title,SEO Description,Google Shopping / Google Product Category,Google Shopping / Gender,Google Shopping / Age Group,Google Shopping / MPN,Google Shopping / Condition,Google Shopping / Custom Product,Google Shopping / Custom Label 0,Google Shopping / Custom Label 1,Google Shopping / Custom Label 2,Google Shopping / Custom Label 3,Google Shopping / Custom Label 4,Variant Image,Variant Weight Unit,Variant Tax Code,Cost per item,Included / United States,Included / International,Price / International,Compare At Price / International,Status
harrison,Harrison,"<p>Learn the full history of your family with a Family History or a Crest/History Combination.</p><p>Family History Standard : 16 x 20 cm | 6 x 8 inches. €9.90</p><p>Family History Large : 20 x 26 cm | 8 x 10 inches. €12.50</p><p>Family Combination (History &amp;amp;amp; Crest) : 26 x 20 cm | 10 x 8 inches.€14.95</p><p>Family Histories and Family Combinations are supplied mounted and ready to frame.<br/>FREE WORLDWIDE POSTAGE</p>",Irish Family Surnames,,General,"imported, unlisted",false,Title,Default Title,,,,,1242,0,shopify,1,deny,manual,9.90,,true,true,,https://irishfamilysurnames.com/wp-content/uploads/2021/04/harrison-B-H.jpg,1,Harrison,false,Harrison,Learn the full history of your family with a Family History or a Crest/History Combination. Family History Standard : 16 x 20 cm | 6 x 8 inches. €9.90 Family History Large : 20 x 26 cm | 8 x 10 inches. €12.50 Family Combination (History &amp; Crest) : 26 x 20 cm | 10 x 8 inches.€14.95 Family Histories and Family Combin,,,,,,,,,,,,,g,,,true,true,,,unlisted
harrison,,,,,,,false,,,,,,,,,,,,,,,,,,https://irishfamilysurnames.com/wp-content/uploads/2021/03/irishfamilysurnameslogo2.jpg,2,Harrison,,,,,,,,,,,,,,,,,,,,,,,unlisted
harrison,,,,,,,false,,,,,,,,,,,,,,,,,,https://irishfamilysurnames.com/wp-content/uploads/2021/04/hogan-B-H-300x375.jpg,3,Harrison,,,,,,,,,,,,,,,,,,,,,,,unlisted
harrison,,,,,,,false,,,,,,,,,,,,,,,,,,https://irishfamilysurnames.com/wp-content/uploads/2021/04/heffernan-B-H-300x375.jpg,4,Harrison,,,,,,,,,,,,,,,,,,,,,,,unlisted
harrison,,,,,,,false,,,,,,,,,,,,,,,,,,https://irishfamilysurnames.com/wp-content/uploads/2021/04/hughes-B-H-300x375.jpg,5,Harrison,,,,,,,,,,,,,,,,,,,,,,,unlisted
hart,Hart,"<p>Learn the full history of your family with a Family History or a Crest/History Combination.</p><p>Family History Standard : 16 x 20 cm | 6 x 8 inches. €9.90</p><p>Family History Large : 20 x 26 cm | 8 x 10 inches. €12.50</p><p>Family Combination (History &amp;amp;amp; Crest) : 26 x 20 cm | 10 x 8 inches.€14.95</p><p>Family Histories and Family Combinations are supplied mounted and ready to frame.<br/>FREE WORLDWIDE POSTAGE</p>",Irish Family Surnames,,General,"imported, unlisted",false,Title,Default Title,,,,,1249,0,shopify,1,deny,manual,9.90,,true,true,,https://irishfamilysurnames.com/wp-content/uploads/2021/04/hart-B-H.jpg,1,Hart,false,Hart,Learn the full history of your family with a Family History or a Crest/History Combination. Family History Standard : 16 x 20 cm | 6 x 8 inches. €9.90 Family History Large : 20 x 26 cm | 8 x 10 inches. €12.50 Family Combination (History &amp; Crest) : 26 x 20 cm | 10 x 8 inches.€14.95 Family Histories and Family Combin,,,,,,,,,,,,,g,,,true,true,,,unlisted
hart,,,,,,,false,,,,,,,,,,,,,,,,,,https://irishfamilysurnames.com/wp-content/uploads/2021/03/irishfamilysurnameslogo2.jpg,2,Hart,,,,,,,,,,,,,,,,,,,,,,,unlisted
hart,,,,,,,false,,,,,,,,,,,,,,,,,,https://irishfamilysurnames.com/wp-content/uploads/2021/04/harris-B-H-1-300x375.jpg,3,Hart,,,,,,,,,,,,,,,,,,,,,,,unlisted
hart,,,,,,,false,,,,,,,,,,,,,,,,,,https://irishfamilysurnames.com/wp-content/uploads/2021/04/hynes-B-H-300x375.jpg,4,Hart,,,,,,,,,,,,,,,,,,,,,,,unlisted
hart,,,,,,,false,,,,,,,,,,,,,,,,,,https://irishfamilysurnames.com/wp-content/uploads/2021/04/heffernan-B-H-300x375.jpg,5,Hart,,,,,,,,,,,,,,,,,,,,,,,unlisted
harte,Harte,"<p>Learn the full history of your family with a Family History or a Crest/History Combination.</p><p>Family History Standard : 16 x 20 cm | 6 x 8 inches. €9.90</p><p>Family History Large : 20 x 26 cm | 8 x 10 inches. €12.50</p><p>Family Combination (History &amp;amp;amp; Crest) : 26 x 20 cm | 10 x 8 inches.€14.95</p><p>Family Histories and Family Combinations are supplied mounted and ready to frame.<br/>FREE WORLDWIDE POSTAGE</p>",Irish Family Surnames,,General,"imported, unlisted",false,Title,Default Title,,,,,1256,0,shopify,1,deny,manual,9.90,,true,true,,https://irishfamilysurnames.com/wp-content/uploads/2021/04/harte-B-H.jpg,1,Harte,false,Harte,Learn the full history of your family with a Family History or a Crest/History Combination. Family History Standard : 16 x 20 cm | 6 x 8 inches. €9.90 Family History Large : 20 x 26 cm | 8 x 10 inches. €12.50 Family Combination (History &amp; Crest) : 26 x 20 cm | 10 x 8 inches.€14.95 Family Histories and Family Combin,,,,,,,,,,,,,g,,,true,true,,,unlisted
harte,,,,,,,false,,,,,,,,,,,,,,,,,,https://irishfamilysurnames.com/wp-content/uploads/2021/03/irishfamilysurnameslogo2.jpg,2,Harte,,,,,,,,,,,,,,,,,,,,,,,unlisted
harte,,,,,,,false,,,,,,,,,,,,,,,,,,https://irishfamilysurnames.com/wp-content/uploads/2021/04/hart-B-H-300x375.jpg,3,Harte,,,,,,,,,,,,,,,,,,,,,,,unlisted
harte,,,,,,,false,,,,,,,,,,,,,,,,,,https://irishfamilysurnames.com/wp-content/uploads/2021/04/hennessy-B-H-300x375.jpg,4,Harte,,,,,,,,,,,,,,,,,,,,,,,unlisted
harte,,,,,,,false,,,,,,,,,,,,,,,,,,https://irishfamilysurnames.com/wp-content/uploads/2021/04/hackett-B-H-300x375.jpg,5,Harte,,,,,,,,,,,,,,,,,,,,,,,unlisted
hackett,Hackett,"<p>Learn the full history of your family with a Family History or a Crest/History Combination.</p><p>Family History Standard : 16 x 20 cm | 6 x 8 inches. €9.90</p><p>Family History Large : 20 x 26 cm | 8 x 10 inches. €12.50</p><p>Family Combination (History &amp;amp;amp; Crest) : 26 x 20 cm | 10 x 8 inches.€14.95</p><p>Family Histories and Family Combinations are supplied mounted and ready to frame.<br/>FREE WORLDWIDE POSTAGE</p>",Irish Family Surnames,,General,"imported, unlisted",false,Title,Default Title,,,,,1102,0,shopify,1,deny,manual,9.90,,true,true,,https://irishfamilysurnames.com/wp-content/uploads/2021/04/hackett-B-H.jpg,1,Hackett,false,Hackett,Learn the full history of your family with a Family History or a Crest/History Combination. Family History Standard : 16 x 20 cm | 6 x 8 inches. €9.90 Family History Large : 20 x 26 cm | 8 x 10 inches. €12.50 Family Combination (History &amp; Crest) : 26 x 20 cm | 10 x 8 inches.€14.95 Family Histories and Family Combin,,,,,,,,,,,,,g,,,true,true,,,unlisted
hackett,,,,,,,false,,,,,,,,,,,,,,,,,,https://irishfamilysurnames.com/wp-content/uploads/2021/03/irishfamilysurnameslogo2.jpg,2,Hackett,,,,,,,,,,,,,,,,,,,,,,,unlisted
hackett,,,,,,,false,,,,,,,,,,,,,,,,,,https://irishfamilysurnames.com/wp-content/uploads/2021/04/hughes-B-H-300x375.jpg,3,Hackett,,,,,,,,,,,,,,,,,,,,,,,unlisted
hackett,,,,,,,false,,,,,,,,,,,,,,,,,,https://irishfamilysurnames.com/wp-content/uploads/2021/04/halloran-B-H-300x375.jpg,4,Hackett,,,,,,,,,,,,,,,,,,,,,,,unlisted
hackett,,,,,,,false,,,,,,,,,,,,,,,,,,https://irishfamilysurnames.com/wp-content/uploads/2021/04/hyland-B-H-300x375.jpg,5,Hackett,,,,,,,,,,,,,,,,,,,,,,,unlisted
hall,Hall,"<p>Learn the full history of your family with a Family History or a Crest/History Combination.</p><p>Family History Standard : 16 x 20 cm | 6 x 8 inches. €9.90</p><p>Family History Large : 20 x 26 cm | 8 x 10 inches. €12.50</p><p>Family Combination (History &amp;amp;amp; Crest) : 26 x 20 cm | 10 x 8 inches.€14.95</p><p>Family Histories and Family Combinations are supplied mounted and ready to frame.<br/>FREE WORLDWIDE POSTAGE</p>",Irish Family Surnames,,General,"imported, unlisted",false,Title,Default Title,,,,,1126,0,shopify,1,deny,manual,9.90,,true,true,,https://irishfamilysurnames.com/wp-content/uploads/2021/04/hall-B-H.jpg,1,Hall,false,Hall,Learn the full history of your family with a Family History or a Crest/History Combination. Family History Standard : 16 x 20 cm | 6 x 8 inches. €9.90 Family History Large : 20 x 26 cm | 8 x 10 inches. €12.50 Family Combination (History &amp; Crest) : 26 x 20 cm | 10 x 8 inches.€14.95 Family Histories and Family Combin,,,,,,,,,,,,,g,,,true,true,,,unlisted
hall,,,,,,,false,,,,,,,,,,,,,,,,,,https://irishfamilysurnames.com/wp-content/uploads/2021/03/irishfamilysurnameslogo2.jpg,2,Hall,,,,,,,,,,,,,,,,,,,,,,,unlisted
hall,,,,,,,false,,,,,,,,,,,,,,,,,,https://irishfamilysurnames.com/wp-content/uploads/2021/04/hayes-B-H-300x375.jpg,3,Hall,,,,,,,,,,,,,,,,,,,,,,,unlisted
hall,,,,,,,false,,,,,,,,,,,,,,,,,,https://irishfamilysurnames.com/wp-content/uploads/2021/04/hagan-B-H-300x375.jpg,4,Hall,,,,,,,,,,,,,,,,,,,,,,,unlisted
hall,,,,,,,false,,,,,,,,,,,,,,,,,,https://irishfamilysurnames.com/wp-content/uploads/2021/04/horan-B-H-300x375.jpg,5,Hall,,,,,,,,,,,,,,,,,,,,,,,unlisted
halloran,Halloran,"<p>Learn the full history of your family with a Family History or a Crest/History Combination.</p><p>Family History Standard : 16 x 20 cm | 6 x 8 inches. €9.90</p><p>Family History Large : 20 x 26 cm | 8 x 10 inches. €12.50</p><p>Family Combination (History &amp;amp;amp; Crest) : 26 x 20 cm | 10 x 8 inches.€14.95</p><p>Family Histories and Family Combinations are supplied mounted and ready to frame.<br/>FREE WORLDWIDE POSTAGE</p>",Irish Family Surnames,,General,"imported, unlisted",false,Title,Default Title,,,,,1137,0,shopify,1,deny,manual,9.90,,true,true,,https://irishfamilysurnames.com/wp-content/uploads/2021/04/halloran-B-H.jpg,1,Halloran,false,Halloran,Learn the full history of your family with a Family History or a Crest/History Combination. Family History Standard : 16 x 20 cm | 6 x 8 inches. €9.90 Family History Large : 20 x 26 cm | 8 x 10 inches. €12.50 Family Combination (History &amp; Crest) : 26 x 20 cm | 10 x 8 inches.€14.95 Family Histories and Family Combin,,,,,,,,,,,,,g,,,true,true,,,unlisted
halloran,,,,,,,false,,,,,,,,,,,,,,,,,,https://irishfamilysurnames.com/wp-content/uploads/2021/03/irishfamilysurnameslogo2.jpg,2,Halloran,,,,,,,,,,,,,,,,,,,,,,,unlisted
halloran,,,,,,,false,,,,,,,,,,,,,,,,,,https://irishfamilysurnames.com/wp-content/uploads/2021/04/heffernan-B-H-300x375.jpg,3,Halloran,,,,,,,,,,,,,,,,,,,,,,,unlisted
halloran,,,,,,,false,,,,,,,,,,,,,,,,,,https://irishfamilysurnames.com/wp-content/uploads/2021/04/hara-B-H-300x375.jpg,4,Halloran,,,,,,,,,,,,,,,,,,,,,,,unlisted
halloran,,,,,,,false,,,,,,,,,,,,,,,,,,https://irishfamilysurnames.com/wp-content/uploads/2021/04/harris-B-H-300x375.jpg,5,Halloran,,,,,,,,,,,,,,,,,,,,,,,unlisted
hanley,Hanley,"<p>Learn the full history of your family with a Family History or a Crest/History Combination.</p><p>Family History Standard : 16 x 20 cm | 6 x 8 inches. €9.90</p><p>Family History Large : 20 x 26 cm | 8 x 10 inches. €12.50</p><p>Family Combination (History &amp;amp;amp; Crest) : 26 x 20 cm | 10 x 8 inches.€14.95</p><p>Family Histories and Family Combinations are supplied mounted and ready to frame.<br/>FREE WORLDWIDE POSTAGE</p>",Irish Family Surnames,,General,"imported, unlisted",false,Title,Default Title,,,,,1148,0,shopify,1,deny,manual,9.90,,true,true,,https://irishfamilysurnames.com/wp-content/uploads/2021/04/hanley-B-H.jpg,1,Hanley,false,Hanley,Learn the full history of your family with a Family History or a Crest/History Combination. Family History Standard : 16 x 20 cm | 6 x 8 inches. €9.90 Family History Large : 20 x 26 cm | 8 x 10 inches. €12.50 Family Combination (History &amp; Crest) : 26 x 20 cm | 10 x 8 inches.€14.95 Family Histories and Family Combin,,,,,,,,,,,,,g,,,true,true,,,unlisted
hanley,,,,,,,false,,,,,,,,,,,,,,,,,,https://irishfamilysurnames.com/wp-content/uploads/2021/03/irishfamilysurnameslogo2.jpg,2,Hanley,,,,,,,,,,,,,,,,,,,,,,,unlisted
hanley,,,,,,,false,,,,,,,,,,,,,,,,,,https://irishfamilysurnames.com/wp-content/uploads/2021/04/hurley-B-H-1-300x375.jpg,3,Hanley,,,,,,,,,,,,,,,,,,,,,,,unlisted
hanley,,,,,,,false,,,,,,,,,,,,,,,,,,https://irishfamilysurnames.com/wp-content/uploads/2021/04/hart-B-H-300x375.jpg,4,Hanley,,,,,,,,,,,,,,,,,,,,,,,unlisted
hanley,,,,,,,false,,,,,,,,,,,,,,,,,,https://irishfamilysurnames.com/wp-content/uploads/2021/04/hely-B-H-300x375.jpg,5,Hanley,,,,,,,,,,,,,,,,,,,,,,,unlisted
hanlon,Hanlon,"<p>Learn the full history of your family with a Family History or a Crest/History Combination.</p><p>Family History Standard : 16 x 20 cm | 6 x 8 inches. €9.90</p><p>Family History Large : 20 x 26 cm | 8 x 10 inches. €12.50</p><p>Family Combination (History &amp;amp;amp; Crest) : 26 x 20 cm | 10 x 8 inches.€14.95</p><p>Family Histories and Family Combinations are supplied mounted and ready to frame.<br/>FREE WORLDWIDE POSTAGE</p>",Irish Family Surnames,,General,"imported, unlisted",false,Title,Default Title,,,,,1159,0,shopify,1,deny,manual,9.90,,true,true,,https://irishfamilysurnames.com/wp-content/uploads/2021/04/hanlon-B-H.jpg,1,Hanlon,false,Hanlon,Learn the full history of your family with a Family History or a Crest/History Combination. Family History Standard : 16 x 20 cm | 6 x 8 inches. €9.90 Family History Large : 20 x 26 cm | 8 x 10 inches. €12.50 Family Combination (History &amp; Crest) : 26 x 20 cm | 10 x 8 inches.€14.95 Family Histories and Family Combin,,,,,,,,,,,,,g,,,true,true,,,unlisted
hanlon,,,,,,,false,,,,,,,,,,,,,,,,,,https://irishfamilysurnames.com/wp-content/uploads/2021/03/irishfamilysurnameslogo2.jpg,2,Hanlon,,,,,,,,,,,,,,,,,,,,,,,unlisted
hanlon,,,,,,,false,,,,,,,,,,,,,,,,,,https://irishfamilysurnames.com/wp-content/uploads/2021/04/harte-B-H-300x375.jpg,3,Hanlon,,,,,,,,,,,,,,,,,,,,,,,unlisted
hanlon,,,,,,,false,,,,,,,,,,,,,,,,,,https://irishfamilysurnames.com/wp-content/uploads/2021/04/hayes-B-H-300x375.jpg,4,Hanlon,,,,,,,,,,,,,,,,,,,,,,,unlisted
hanlon,,,,,,,false,,,,,,,,,,,,,,,,,,https://irishfamilysurnames.com/wp-content/uploads/2021/04/hyland-B-H-300x375.jpg,5,Hanlon,,,,,,,,,,,,,,,,,,,,,,,unlisted
hannon,Hannon,"<p>Learn the full history of your family with a Family History or a Crest/History Combination.</p><p>Family History Standard : 16 x 20 cm | 6 x 8 inches. €9.90</p><p>Family History Large : 20 x 26 cm | 8 x 10 inches. €12.50</p><p>Family Combination (History &amp;amp;amp; Crest) : 26 x 20 cm | 10 x 8 inches.€14.95</p><p>Family Histories and Family Combinations are supplied mounted and ready to frame.<br/>FREE WORLDWIDE POSTAGE</p>",Irish Family Surnames,,General,"imported, unlisted",false,Title,Default Title,,,,,1181,0,shopify,1,deny,manual,9.90,,true,true,,https://irishfamilysurnames.com/wp-content/uploads/2021/04/hannon-B-H.jpg,1,Hannon,false,Hannon,Learn the full history of your family with a Family History or a Crest/History Combination. Family History Standard : 16 x 20 cm | 6 x 8 inches. €9.90 Family History Large : 20 x 26 cm | 8 x 10 inches. €12.50 Family Combination (History &amp; Crest) : 26 x 20 cm | 10 x 8 inches.€14.95 Family Histories and Family Combin,,,,,,,,,,,,,g,,,true,true,,,unlisted
hannon,,,,,,,false,,,,,,,,,,,,,,,,,,https://irishfamilysurnames.com/wp-content/uploads/2021/03/irishfamilysurnameslogo2.jpg,2,Hannon,,,,,,,,,,,,,,,,,,,,,,,unlisted
hannon,,,,,,,false,,,,,,,,,,,,,,,,,,https://irishfamilysurnames.com/wp-content/uploads/2021/04/harte-B-H-300x375.jpg,3,Hannon,,,,,,,,,,,,,,,,,,,,,,,unlisted
hannon,,,,,,,false,,,,,,,,,,,,,,,,,,https://irishfamilysurnames.com/wp-content/uploads/2021/04/hines-B-H-300x375.jpg,4,Hannon,,,,,,,,,,,,,,,,,,,,,,,unlisted
hannon,,,,,,,false,,,,,,,,,,,,,,,,,,https://irishfamilysurnames.com/wp-content/uploads/2021/04/harrison-B-H-300x375.jpg,5,Hannon,,,,,,,,,,,,,,,,,,,,,,,unlisted
hara,Hara,"<p>Learn the full history of your family with a Family History or a Crest/History Combination.</p><p>Family History Standard : 16 x 20 cm | 6 x 8 inches. €9.90</p><p>Family History Large : 20 x 26 cm | 8 x 10 inches. €12.50</p><p>Family Combination (History &amp;amp;amp; Crest) : 26 x 20 cm | 10 x 8 inches.€14.95</p><p>Family Histories and Family Combinations are supplied mounted and ready to frame.<br/>FREE WORLDWIDE POSTAGE</p>",Irish Family Surnames,,General,"imported, unlisted",false,Title,Default Title,,,,,1198,0,shopify,1,deny,manual,9.90,,true,true,,https://irishfamilysurnames.com/wp-content/uploads/2021/04/hara-B-H.jpg,1,Hara,false,Hara,Learn the full history of your family with a Family History or a Crest/History Combination. Family History Standard : 16 x 20 cm | 6 x 8 inches. €9.90 Family History Large : 20 x 26 cm | 8 x 10 inches. €12.50 Family Combination (History &amp; Crest) : 26 x 20 cm | 10 x 8 inches.€14.95 Family Histories and Family Combin,,,,,,,,,,,,,g,,,true,true,,,unlisted
hara,,,,,,,false,,,,,,,,,,,,,,,,,,https://irishfamilysurnames.com/wp-content/uploads/2021/03/irishfamilysurnameslogo2.jpg,2,Hara,,,,,,,,,,,,,,,,,,,,,,,unlisted
hara,,,,,,,false,,,,,,,,,,,,,,,,,,https://irishfamilysurnames.com/wp-content/uploads/2021/04/hennessy-B-H-300x375.jpg,3,Hara,,,,,,,,,,,,,,,,,,,,,,,unlisted
hara,,,,,,,false,,,,,,,,,,,,,,,,,,https://irishfamilysurnames.com/wp-content/uploads/2021/04/halloran-B-H-300x375.jpg,4,Hara,,,,,,,,,,,,,,,,,,,,,,,unlisted
hara,,,,,,,false,,,,,,,,,,,,,,,,,,https://irishfamilysurnames.com/wp-content/uploads/2021/04/hagan-B-H-300x375.jpg,5,Hara,,,,,,,,,,,,,,,,,,,,,,,unlisted
harrington,Harrington,"<p>Learn the full history of your family with a Family History or a Crest/History Combination.</p><p>Family History Standard : 16 x 20 cm | 6 x 8 inches. €9.90</p><p>Family History Large : 20 x 26 cm | 8 x 10 inches. €12.50</p><p>Family Combination (History &amp;amp;amp; Crest) : 26 x 20 cm | 10 x 8 inches.€14.95</p><p>Family Histories and Family Combinations are supplied mounted and ready to frame.<br/>FREE WORLDWIDE POSTAGE</p>",Irish Family Surnames,,General,"imported, unlisted",false,Title,Default Title,,,,,1228,0,shopify,1,deny,manual,9.90,,true,true,,https://irishfamilysurnames.com/wp-content/uploads/2021/04/harrington-B-H.jpg,1,Harrington,false,Harrington,Learn the full history of your family with a Family History or a Crest/History Combination. Family History Standard : 16 x 20 cm | 6 x 8 inches. €9.90 Family History Large : 20 x 26 cm | 8 x 10 inches. €12.50 Family Combination (History &amp; Crest) : 26 x 20 cm | 10 x 8 inches.€14.95 Family Histories and Family Combin,,,,,,,,,,,,,g,,,true,true,,,unlisted
harrington,,,,,,,false,,,,,,,,,,,,,,,,,,https://irishfamilysurnames.com/wp-content/uploads/2021/03/irishfamilysurnameslogo2.jpg,2,Harrington,,,,,,,,,,,,,,,,,,,,,,,unlisted
harrington,,,,,,,false,,,,,,,,,,,,,,,,,,https://irishfamilysurnames.com/wp-content/uploads/2021/04/hely-B-H-300x375.jpg,3,Harrington,,,,,,,,,,,,,,,,,,,,,,,unlisted
harrington,,,,,,,false,,,,,,,,,,,,,,,,,,https://irishfamilysurnames.com/wp-content/uploads/2021/04/harte-B-H-300x375.jpg,4,Harrington,,,,,,,,,,,,,,,,,,,,,,,unlisted
harrington,,,,,,,false,,,,,,,,,,,,,,,,,,https://irishfamilysurnames.com/wp-content/uploads/2021/04/hanley-B-H-300x375.jpg,5,Harrington,,,,,,,,,,,,,,,,,,,,,,,unlisted
hayes,Hayes,"<p>Learn the full history of your family with a Family History or a Crest/History Combination.</p><p>Family History Standard : 16 x 20 cm | 6 x 8 inches. €9.90</p><p>Family History Large : 20 x 26 cm | 8 x 10 inches. €12.50</p><p>Family Combination (History &amp;amp;amp; Crest) : 26 x 20 cm | 10 x 8 inches.€14.95</p><p>Family Histories and Family Combinations are supplied mounted and ready to frame.<br/>FREE WORLDWIDE POSTAGE</p>",Irish Family Surnames,,General,"imported, unlisted",false,Title,Default Title,,,,,1312,0,shopify,1,deny,manual,9.90,,true,true,,https://irishfamilysurnames.com/wp-content/uploads/2021/04/hayes-B-H.jpg,1,Hayes,false,Hayes,Learn the full history of your family with a Family History or a Crest/History Combination. Family History Standard : 16 x 20 cm | 6 x 8 inches. €9.90 Family History Large : 20 x 26 cm | 8 x 10 inches. €12.50 Family Combination (History &amp; Crest) : 26 x 20 cm | 10 x 8 inches.€14.95 Family Histories and Family Combin,,,,,,,,,,,,,g,,,true,true,,,unlisted
hayes,,,,,,,false,,,,,,,,,,,,,,,,,,https://irishfamilysurnames.com/wp-content/uploads/2021/03/irishfamilysurnameslogo2.jpg,2,Hayes,,,,,,,,,,,,,,,,,,,,,,,unlisted
hayes,,,,,,,false,,,,,,,,,,,,,,,,,,https://irishfamilysurnames.com/wp-content/uploads/2021/04/heffernan-B-H-300x375.jpg,3,Hayes,,,,,,,,,,,,,,,,,,,,,,,unlisted
hayes,,,,,,,false,,,,,,,,,,,,,,,,,,https://irishfamilysurnames.com/wp-content/uploads/2021/04/healy-B-H-300x375.jpg,4,Hayes,,,,,,,,,,,,,,,,,,,,,,,unlisted
hayes,,,,,,,false,,,,,,,,,,,,,,,,,,https://irishfamilysurnames.com/wp-content/uploads/2021/04/harrison-B-H-300x375.jpg,5,Hayes,,,,,,,,,,,,,,,,,,,,,,,unlisted
healy,Healy,"<p>Learn the full history of your family with a Family History or a Crest/History Combination.</p><p>Family History Standard : 16 x 20 cm | 6 x 8 inches. €9.90</p><p>Family History Large : 20 x 26 cm | 8 x 10 inches. €12.50</p><p>Family Combination (History &amp;amp;amp; Crest) : 26 x 20 cm | 10 x 8 inches.€14.95</p><p>Family Histories and Family Combinations are supplied mounted and ready to frame.<br/>FREE WORLDWIDE POSTAGE</p>",Irish Family Surnames,,General,"imported, unlisted",false,Title,Default Title,,,,,1339,0,shopify,1,deny,manual,9.90,,true,true,,https://irishfamilysurnames.com/wp-content/uploads/2021/04/healy-B-H.jpg,1,Healy,false,Healy,Learn the full history of your family with a Family History or a Crest/History Combination. Family History Standard : 16 x 20 cm | 6 x 8 inches. €9.90 Family History Large : 20 x 26 cm | 8 x 10 inches. €12.50 Family Combination (History &amp; Crest) : 26 x 20 cm | 10 x 8 inches.€14.95 Family Histories and Family Combin,,,,,,,,,,,,,g,,,true,true,,,unlisted
healy,,,,,,,false,,,,,,,,,,,,,,,,,,https://irishfamilysurnames.com/wp-content/uploads/2021/03/irishfamilysurnameslogo2.jpg,2,Healy,,,,,,,,,,,,,,,,,,,,,,,unlisted
healy,,,,,,,false,,,,,,,,,,,,,,,,,,https://irishfamilysurnames.com/wp-content/uploads/2021/04/harrison-B-H-300x375.jpg,3,Healy,,,,,,,,,,,,,,,,,,,,,,,unlisted
healy,,,,,,,false,,,,,,,,,,,,,,,,,,https://irishfamilysurnames.com/wp-content/uploads/2021/04/hennessy-B-H-300x375.jpg,4,Healy,,,,,,,,,,,,,,,,,,,,,,,unlisted
healy,,,,,,,false,,,,,,,,,,,,,,,,,,https://irishfamilysurnames.com/wp-content/uploads/2021/04/hanley-B-H-300x375.jpg,5,Healy,,,,,,,,,,,,,,,,,,,,,,,unlisted
heffernan,Heffernan,"<p>Learn the full history of your family with a Family History or a Crest/History Combination.</p><p>Family History Standard : 16 x 20 cm | 6 x 8 inches. €9.90</p><p>Family History Large : 20 x 26 cm | 8 x 10 inches. €12.50</p><p>Family Combination (History &amp;amp;amp; Crest) : 26 x 20 cm | 10 x 8 inches.€14.95</p><p>Family Histories and Family Combinations are supplied mounted and ready to frame.<br/>FREE WORLDWIDE POSTAGE</p>",Irish Family Surnames,,General,"imported, unlisted",false,Title,Default Title,,,,,1346,0,shopify,1,deny,manual,9.90,,true,true,,https://irishfamilysurnames.com/wp-content/uploads/2021/04/heffernan-B-H.jpg,1,Heffernan,false,Heffernan,Learn the full history of your family with a Family History or a Crest/History Combination. Family History Standard : 16 x 20 cm | 6 x 8 inches. €9.90 Family History Large : 20 x 26 cm | 8 x 10 inches. €12.50 Family Combination (History &amp; Crest) : 26 x 20 cm | 10 x 8 inches.€14.95 Family Histories and Family Combin,,,,,,,,,,,,,g,,,true,true,,,unlisted
heffernan,,,,,,,false,,,,,,,,,,,,,,,,,,https://irishfamilysurnames.com/wp-content/uploads/2021/03/irishfamilysurnameslogo2.jpg,2,Heffernan,,,,,,,,,,,,,,,,,,,,,,,unlisted
heffernan,,,,,,,false,,,,,,,,,,,,,,,,,,https://irishfamilysurnames.com/wp-content/uploads/2021/04/hannon-B-H-300x375.jpg,3,Heffernan,,,,,,,,,,,,,,,,,,,,,,,unlisted
heffernan,,,,,,,false,,,,,,,,,,,,,,,,,,https://irishfamilysurnames.com/wp-content/uploads/2021/04/horan-B-H-300x375.jpg,4,Heffernan,,,,,,,,,,,,,,,,,,,,,,,unlisted
heffernan,,,,,,,false,,,,,,,,,,,,,,,,,,https://irishfamilysurnames.com/wp-content/uploads/2021/04/halloran-B-H-300x375.jpg,5,Heffernan,,,,,,,,,,,,,,,,,,,,,,,unlisted
hely,Hely,"<p>Learn the full history of your family with a Family History or a Crest/History Combination.</p><p>Family History Standard : 16 x 20 cm | 6 x 8 inches. €9.90</p><p>Family History Large : 20 x 26 cm | 8 x 10 inches. €12.50</p><p>Family Combination (History &amp;amp;amp; Crest) : 26 x 20 cm | 10 x 8 inches.€14.95</p><p>Family Histories and Family Combinations are supplied mounted and ready to frame.<br/>FREE WORLDWIDE POSTAGE</p>",Irish Family Surnames,,General,"imported, unlisted",false,Title,Default Title,,,,,1360,0,shopify,1,deny,manual,9.90,,true,true,,https://irishfamilysurnames.com/wp-content/uploads/2021/04/hely-B-H.jpg,1,Hely,false,Hely,Learn the full history of your family with a Family History or a Crest/History Combination. Family History Standard : 16 x 20 cm | 6 x 8 inches. €9.90 Family History Large : 20 x 26 cm | 8 x 10 inches. €12.50 Family Combination (History &amp; Crest) : 26 x 20 cm | 10 x 8 inches.€14.95 Family Histories and Family Combin,,,,,,,,,,,,,g,,,true,true,,,unlisted
hely,,,,,,,false,,,,,,,,,,,,,,,,,,https://irishfamilysurnames.com/wp-content/uploads/2021/03/irishfamilysurnameslogo2.jpg,2,Hely,,,,,,,,,,,,,,,,,,,,,,,unlisted
hely,,,,,,,false,,,,,,,,,,,,,,,,,,https://irishfamilysurnames.com/wp-content/uploads/2021/04/hayes-B-H-300x375.jpg,3,Hely,,,,,,,,,,,,,,,,,,,,,,,unlisted
hely,,,,,,,false,,,,,,,,,,,,,,,,,,https://irishfamilysurnames.com/wp-content/uploads/2021/04/hall-B-H-300x375.jpg,4,Hely,,,,,,,,,,,,,,,,,,,,,,,unlisted
hely,,,,,,,false,,,,,,,,,,,,,,,,,,https://irishfamilysurnames.com/wp-content/uploads/2021/04/hanlon-B-H-300x375.jpg,5,Hely,,,,,,,,,,,,,,,,,,,,,,,unlisted
hennessy,Hennessy,"<p>Learn the full history of your family with a Family History or a Crest/History Combination.</p><p>Family History Standard : 16 x 20 cm | 6 x 8 inches. €9.90</p><p>Family History Large : 20 x 26 cm | 8 x 10 inches. €12.50</p><p>Family Combination (History &amp;amp;amp; Crest) : 26 x 20 cm | 10 x 8 inches.€14.95</p><p>Family Histories and Family Combinations are supplied mounted and ready to frame.<br/>FREE WORLDWIDE POSTAGE</p>",Irish Family Surnames,,General,"imported, unlisted",false,Title,Default Title,,,,,1397,0,shopify,1,deny,manual,9.90,,true,true,,https://irishfamilysurnames.com/wp-content/uploads/2021/04/hennessy-B-H.jpg,1,Hennessy,false,Hennessy,Learn the full history of your family with a Family History or a Crest/History Combination. Family History Standard : 16 x 20 cm | 6 x 8 inches. €9.90 Family History Large : 20 x 26 cm | 8 x 10 inches. €12.50 Family Combination (History &amp; Crest) : 26 x 20 cm | 10 x 8 inches.€14.95 Family Histories and Family Combin,,,,,,,,,,,,,g,,,true,true,,,unlisted
hennessy,,,,,,,false,,,,,,,,,,,,,,,,,,https://irishfamilysurnames.com/wp-content/uploads/2021/03/irishfamilysurnameslogo2.jpg,2,Hennessy,,,,,,,,,,,,,,,,,,,,,,,unlisted
hennessy,,,,,,,false,,,,,,,,,,,,,,,,,,https://irishfamilysurnames.com/wp-content/uploads/2021/04/higgins-B-H-300x375.jpg,3,Hennessy,,,,,,,,,,,,,,,,,,,,,,,unlisted
hennessy,,,,,,,false,,,,,,,,,,,,,,,,,,https://irishfamilysurnames.com/wp-content/uploads/2021/04/hanlon-B-H-300x375.jpg,4,Hennessy,,,,,,,,,,,,,,,,,,,,,,,unlisted
hennessy,,,,,,,false,,,,,,,,,,,,,,,,,,https://irishfamilysurnames.com/wp-content/uploads/2021/04/hyland-B-H-300x375.jpg,5,Hennessy,,,,,,,,,,,,,,,,,,,,,,,unlisted
hickey,Hickey,"<p>Learn the full history of your family with a Family History or a Crest/History Combination.</p><p>Family History Standard : 16 x 20 cm | 6 x 8 inches. €9.90</p><p>Family History Large : 20 x 26 cm | 8 x 10 inches. €12.50</p><p>Family Combination (History &amp;amp;amp; Crest) : 26 x 20 cm | 10 x 8 inches.€14.95</p><p>Family Histories and Family Combinations are supplied mounted and ready to frame.<br/>FREE WORLDWIDE POSTAGE</p>",Irish Family Surnames,,General,"imported, unlisted",false,Title,Default Title,,,,,1412,0,shopify,1,deny,manual,9.90,,true,true,,https://irishfamilysurnames.com/wp-content/uploads/2021/04/hickey-B-H.jpg,1,Hickey,false,Hickey,Learn the full history of your family with a Family History or a Crest/History Combination. Family History Standard : 16 x 20 cm | 6 x 8 inches. €9.90 Family History Large : 20 x 26 cm | 8 x 10 inches. €12.50 Family Combination (History &amp; Crest) : 26 x 20 cm | 10 x 8 inches.€14.95 Family Histories and Family Combin,,,,,,,,,,,,,g,,,true,true,,,unlisted
hickey,,,,,,,false,,,,,,,,,,,,,,,,,,https://irishfamilysurnames.com/wp-content/uploads/2021/03/irishfamilysurnameslogo2.jpg,2,Hickey,,,,,,,,,,,,,,,,,,,,,,,unlisted
hickey,,,,,,,false,,,,,,,,,,,,,,,,,,https://irishfamilysurnames.com/wp-content/uploads/2021/04/hanlon-B-H-300x375.jpg,3,Hickey,,,,,,,,,,,,,,,,,,,,,,,unlisted
hickey,,,,,,,false,,,,,,,,,,,,,,,,,,https://irishfamilysurnames.com/wp-content/uploads/2021/04/hall-B-H-300x375.jpg,4,Hickey,,,,,,,,,,,,,,,,,,,,,,,unlisted
hickey,,,,,,,false,,,,,,,,,,,,,,,,,,https://irishfamilysurnames.com/wp-content/uploads/2021/04/hannon-B-H-300x375.jpg,5,Hickey,,,,,,,,,,,,,,,,,,,,,,,unlisted
higgins,Higgins,"<p>Learn the full history of your family with a Family History or a Crest/History Combination.</p><p>Family History Standard : 16 x 20 cm | 6 x 8 inches. €9.90</p><p>Family History Large : 20 x 26 cm | 8 x 10 inches. €12.50</p><p>Family Combination (History &amp;amp;amp; Crest) : 26 x 20 cm | 10 x 8 inches.€14.95</p><p>Family Histories and Family Combinations are supplied mounted and ready to frame.<br/>FREE WORLDWIDE POSTAGE</p>",Irish Family Surnames,,General,"imported, unlisted",false,Title,Default Title,,,,,1419,0,shopify,1,deny,manual,9.90,,true,true,,https://irishfamilysurnames.com/wp-content/uploads/2021/04/higgins-B-H.jpg,1,Higgins,false,Higgins,Learn the full history of your family with a Family History or a Crest/History Combination. Family History Standard : 16 x 20 cm | 6 x 8 inches. €9.90 Family History Large : 20 x 26 cm | 8 x 10 inches. €12.50 Family Combination (History &amp; Crest) : 26 x 20 cm | 10 x 8 inches.€14.95 Family Histories and Family Combin,,,,,,,,,,,,,g,,,true,true,,,unlisted
higgins,,,,,,,false,,,,,,,,,,,,,,,,,,https://irishfamilysurnames.com/wp-content/uploads/2021/03/irishfamilysurnameslogo2.jpg,2,Higgins,,,,,,,,,,,,,,,,,,,,,,,unlisted
higgins,,,,,,,false,,,,,,,,,,,,,,,,,,https://irishfamilysurnames.com/wp-content/uploads/2021/04/hely-B-H-300x375.jpg,3,Higgins,,,,,,,,,,,,,,,,,,,,,,,unlisted
higgins,,,,,,,false,,,,,,,,,,,,,,,,,,https://irishfamilysurnames.com/wp-content/uploads/2021/04/harris-B-H-300x375.jpg,4,Higgins,,,,,,,,,,,,,,,,,,,,,,,unlisted
higgins,,,,,,,false,,,,,,,,,,,,,,,,,,https://irishfamilysurnames.com/wp-content/uploads/2021/04/hynes-B-H-300x375.jpg,5,Higgins,,,,,,,,,,,,,,,,,,,,,,,unlisted
hines,Hines,"<p>Learn the full history of your family with a Family History or a Crest/History Combination.</p><p>Family History Standard : 16 x 20 cm | 6 x 8 inches. €9.90</p><p>Family History Large : 20 x 26 cm | 8 x 10 inches. €12.50</p><p>Family Combination (History &amp;amp;amp; Crest) : 26 x 20 cm | 10 x 8 inches.€14.95</p><p>Family Histories and Family Combinations are supplied mounted and ready to frame.<br/>FREE WORLDWIDE POSTAGE</p>",Irish Family Surnames,,General,"imported, unlisted",false,Title,Default Title,,,,,1433,0,shopify,1,deny,manual,9.90,,true,true,,https://irishfamilysurnames.com/wp-content/uploads/2021/04/hines-B-H.jpg,1,Hines,false,Hines,Learn the full history of your family with a Family History or a Crest/History Combination. Family History Standard : 16 x 20 cm | 6 x 8 inches. €9.90 Family History Large : 20 x 26 cm | 8 x 10 inches. €12.50 Family Combination (History &amp; Crest) : 26 x 20 cm | 10 x 8 inches.€14.95 Family Histories and Family Combin,,,,,,,,,,,,,g,,,true,true,,,unlisted
hines,,,,,,,false,,,,,,,,,,,,,,,,,,https://irishfamilysurnames.com/wp-content/uploads/2021/03/irishfamilysurnameslogo2.jpg,2,Hines,,,,,,,,,,,,,,,,,,,,,,,unlisted
hines,,,,,,,false,,,,,,,,,,,,,,,,,,https://irishfamilysurnames.com/wp-content/uploads/2021/04/healy-B-H-300x375.jpg,3,Hines,,,,,,,,,,,,,,,,,,,,,,,unlisted
hines,,,,,,,false,,,,,,,,,,,,,,,,,,https://irishfamilysurnames.com/wp-content/uploads/2021/04/hannon-B-H-300x375.jpg,4,Hines,,,,,,,,,,,,,,,,,,,,,,,unlisted
hines,,,,,,,false,,,,,,,,,,,,,,,,,,https://irishfamilysurnames.com/wp-content/uploads/2021/04/hughes-B-H-300x375.jpg,5,Hines,,,,,,,,,,,,,,,,,,,,,,,unlisted
hogan,Hogan,"<p>Learn the full history of your family with a Family History or a Crest/History Combination.</p><p>Family History Standard : 16 x 20 cm | 6 x 8 inches. €9.90</p><p>Family History Large : 20 x 26 cm | 8 x 10 inches. €12.50</p><p>Family Combination (History &amp;amp;amp; Crest) : 26 x 20 cm | 10 x 8 inches.€14.95</p><p>Family Histories and Family Combinations are supplied mounted and ready to frame.<br/>FREE WORLDWIDE POSTAGE</p>",Irish Family Surnames,,General,"imported, unlisted",false,Title,Default Title,,,,,1440,0,shopify,1,deny,manual,9.90,,true,true,,https://irishfamilysurnames.com/wp-content/uploads/2021/04/hogan-B-H.jpg,1,Hogan,false,Hogan,Learn the full history of your family with a Family History or a Crest/History Combination. Family History Standard : 16 x 20 cm | 6 x 8 inches. €9.90 Family History Large : 20 x 26 cm | 8 x 10 inches. €12.50 Family Combination (History &amp; Crest) : 26 x 20 cm | 10 x 8 inches.€14.95 Family Histories and Family Combin,,,,,,,,,,,,,g,,,true,true,,,unlisted
hogan,,,,,,,false,,,,,,,,,,,,,,,,,,https://irishfamilysurnames.com/wp-content/uploads/2021/03/irishfamilysurnameslogo2.jpg,2,Hogan,,,,,,,,,,,,,,,,,,,,,,,unlisted
hogan,,,,,,,false,,,,,,,,,,,,,,,,,,https://irishfamilysurnames.com/wp-content/uploads/2021/04/hart-B-H-300x375.jpg,3,Hogan,,,,,,,,,,,,,,,,,,,,,,,unlisted
hogan,,,,,,,false,,,,,,,,,,,,,,,,,,https://irishfamilysurnames.com/wp-content/uploads/2021/04/hegarty-B-H-300x375.jpg,4,Hogan,,,,,,,,,,,,,,,,,,,,,,,unlisted
hogan,,,,,,,false,,,,,,,,,,,,,,,,,,https://irishfamilysurnames.com/wp-content/uploads/2021/04/hughes-B-H-300x375.jpg,5,Hogan,,,,,,,,,,,,,,,,,,,,,,,unlisted
horan,Horan,"<p>Learn the full history of your family with a Family History or a Crest/History Combination.</p><p>Family History Standard : 16 x 20 cm | 6 x 8 inches. €9.90</p><p>Family History Large : 20 x 26 cm | 8 x 10 inches. €12.50</p><p>Family Combination (History &amp;amp;amp; Crest) : 26 x 20 cm | 10 x 8 inches.€14.95</p><p>Family Histories and Family Combinations are supplied mounted and ready to frame.<br/>FREE WORLDWIDE POSTAGE</p>",Irish Family Surnames,,General,"imported, unlisted",false,Title,Default Title,,,,,1447,0,shopify,1,deny,manual,9.90,,true,true,,https://irishfamilysurnames.com/wp-content/uploads/2021/04/horan-B-H.jpg,1,Horan,false,Horan,Learn the full history of your family with a Family History or a Crest/History Combination. Family History Standard : 16 x 20 cm | 6 x 8 inches. €9.90 Family History Large : 20 x 26 cm | 8 x 10 inches. €12.50 Family Combination (History &amp; Crest) : 26 x 20 cm | 10 x 8 inches.€14.95 Family Histories and Family Combin,,,,,,,,,,,,,g,,,true,true,,,unlisted
horan,,,,,,,false,,,,,,,,,,,,,,,,,,https://irishfamilysurnames.com/wp-content/uploads/2021/03/irishfamilysurnameslogo2.jpg,2,Horan,,,,,,,,,,,,,,,,,,,,,,,unlisted
horan,,,,,,,false,,,,,,,,,,,,,,,,,,https://irishfamilysurnames.com/wp-content/uploads/2021/04/hannon-B-H-300x375.jpg,3,Horan,,,,,,,,,,,,,,,,,,,,,,,unlisted
horan,,,,,,,false,,,,,,,,,,,,,,,,,,https://irishfamilysurnames.com/wp-content/uploads/2021/04/harris-B-H-300x375.jpg,4,Horan,,,,,,,,,,,,,,,,,,,,,,,unlisted
horan,,,,,,,false,,,,,,,,,,,,,,,,,,https://irishfamilysurnames.com/wp-content/uploads/2021/04/hickey-B-H-300x375.jpg,5,Horan,,,,,,,,,,,,,,,,,,,,,,,unlisted
hughes,Hughes,"<p>Learn the full history of your family with a Family History or a Crest/History Combination.</p><p>Family History Standard : 16 x 20 cm | 6 x 8 inches. €9.90</p><p>Family History Large : 20 x 26 cm | 8 x 10 inches. €12.50</p><p>Family Combination (History &amp;amp;amp; Crest) : 26 x 20 cm | 10 x 8 inches.€14.95</p><p>Family Histories and Family Combinations are supplied mounted and ready to frame.<br/>FREE WORLDWIDE POSTAGE</p>",Irish Family Surnames,,General,"imported, unlisted",false,Title,Default Title,,,,,1481,0,shopify,1,deny,manual,9.90,,true,true,,https://irishfamilysurnames.com/wp-content/uploads/2021/04/hughes-B-H.jpg,1,Hughes,false,Hughes,Learn the full history of your family with a Family History or a Crest/History Combination. Family History Standard : 16 x 20 cm | 6 x 8 inches. €9.90 Family History Large : 20 x 26 cm | 8 x 10 inches. €12.50 Family Combination (History &amp; Crest) : 26 x 20 cm | 10 x 8 inches.€14.95 Family Histories and Family Combin,,,,,,,,,,,,,g,,,true,true,,,unlisted
hughes,,,,,,,false,,,,,,,,,,,,,,,,,,https://irishfamilysurnames.com/wp-content/uploads/2021/03/irishfamilysurnameslogo2.jpg,2,Hughes,,,,,,,,,,,,,,,,,,,,,,,unlisted
hughes,,,,,,,false,,,,,,,,,,,,,,,,,,https://irishfamilysurnames.com/wp-content/uploads/2021/04/hogan-B-H-300x375.jpg,3,Hughes,,,,,,,,,,,,,,,,,,,,,,,unlisted
hughes,,,,,,,false,,,,,,,,,,,,,,,,,,https://irishfamilysurnames.com/wp-content/uploads/2021/04/higgins-B-H-300x375.jpg,4,Hughes,,,,,,,,,,,,,,,,,,,,,,,unlisted
hughes,,,,,,,false,,,,,,,,,,,,,,,,,,https://irishfamilysurnames.com/wp-content/uploads/2021/04/hennessy-B-H-300x375.jpg,5,Hughes,,,,,,,,,,,,,,,,,,,,,,,unlisted
hyland-copy,Hynes,"<p>Learn the full history of your family with a Family History or a Crest/History Combination.</p><p>Family History Standard : 16 x 20 cm | 6 x 8 inches. €9.90</p><p>Family History Large : 20 x 26 cm | 8 x 10 inches. €12.50</p><p>Family Combination (History &amp;amp;amp; Crest) : 26 x 20 cm | 10 x 8 inches.€14.95</p><p>Family Histories and Family Combinations are supplied mounted and ready to frame.<br/>FREE WORLDWIDE POSTAGE</p>",Irish Family Surnames,,General,"imported, unlisted",false,Title,Default Title,,,,,1495,0,shopify,1,deny,manual,9.90,,true,true,,https://irishfamilysurnames.com/wp-content/uploads/2021/04/hynes-B-H.jpg,1,Hynes,false,Hynes,Learn the full history of your family with a Family History or a Crest/History Combination. Family History Standard : 16 x 20 cm | 6 x 8 inches. €9.90 Family History Large : 20 x 26 cm | 8 x 10 inches. €12.50 Family Combination (History &amp; Crest) : 26 x 20 cm | 10 x 8 inches.€14.95 Family Histories and Family Combin,,,,,,,,,,,,,g,,,true,true,,,unlisted
hyland-copy,,,,,,,false,,,,,,,,,,,,,,,,,,https://irishfamilysurnames.com/wp-content/uploads/2021/03/irishfamilysurnameslogo2.jpg,2,Hynes,,,,,,,,,,,,,,,,,,,,,,,unlisted
hyland-copy,,,,,,,false,,,,,,,,,,,,,,,,,,https://irishfamilysurnames.com/wp-content/uploads/2021/04/hara-B-H-300x375.jpg,3,Hynes,,,,,,,,,,,,,,,,,,,,,,,unlisted
hyland-copy,,,,,,,false,,,,,,,,,,,,,,,,,,https://irishfamilysurnames.com/wp-content/uploads/2021/04/hanley-B-H-300x375.jpg,4,Hynes,,,,,,,,,,,,,,,,,,,,,,,unlisted
hyland-copy,,,,,,,false,,,,,,,,,,,,,,,,,,https://irishfamilysurnames.com/wp-content/uploads/2021/04/hayes-B-H-300x375.jpg,5,Hynes,,,,,,,,,,,,,,,,,,,,,,,unlisted
hurley,Hurley,"<p>Learn the full history of your family with a Family History or a Crest/History Combination.</p><p>Family History Standard : 16 x 20 cm | 6 x 8 inches. €9.90</p><p>Family History Large : 20 x 26 cm | 8 x 10 inches. €12.50</p><p>Family Combination (History &amp;amp;amp; Crest) : 26 x 20 cm | 10 x 8 inches.€14.95</p><p>Family Histories and Family Combinations are supplied mounted and ready to frame.<br/>FREE WORLDWIDE POSTAGE</p>",Irish Family Surnames,,General,"imported, unlisted",false,Title,Default Title,,,,,1528,0,shopify,1,deny,manual,9.90,,true,true,,https://irishfamilysurnames.com/wp-content/uploads/2021/04/hurley-B-H-1.jpg,1,Hurley,false,Hurley,Learn the full history of your family with a Family History or a Crest/History Combination. Family History Standard : 16 x 20 cm | 6 x 8 inches. €9.90 Family History Large : 20 x 26 cm | 8 x 10 inches. €12.50 Family Combination (History &amp; Crest) : 26 x 20 cm | 10 x 8 inches.€14.95 Family Histories and Family Combin,,,,,,,,,,,,,g,,,true,true,,,unlisted
hurley,,,,,,,false,,,,,,,,,,,,,,,,,,https://irishfamilysurnames.com/wp-content/uploads/2021/03/irishfamilysurnameslogo2.jpg,2,Hurley,,,,,,,,,,,,,,,,,,,,,,,unlisted
hurley,,,,,,,false,,,,,,,,,,,,,,,,,,https://irishfamilysurnames.com/wp-content/uploads/2021/04/hynes-B-H-300x375.jpg,3,Hurley,,,,,,,,,,,,,,,,,,,,,,,unlisted
hurley,,,,,,,false,,,,,,,,,,,,,,,,,,https://irishfamilysurnames.com/wp-content/uploads/2021/04/hannon-B-H-300x375.jpg,4,Hurley,,,,,,,,,,,,,,,,,,,,,,,unlisted
hurley,,,,,,,false,,,,,,,,,,,,,,,,,,https://irishfamilysurnames.com/wp-content/uploads/2021/04/harris-B-H-1-300x375.jpg,5,Hurley,,,,,,,,,,,,,,,,,,,,,,,unlisted
johnson,Johnson,"<p>Learn the full history of your family with a Family History or a Crest/History Combination.</p><p>Family History Standard : 16 x 20 cm | 6 x 8 inches. €9.90</p><p>Family History Large : 20 x 26 cm | 8 x 10 inches. €12.50</p><p>Family Combination (History &amp;amp;amp; Crest) : 26 x 20 cm | 10 x 8 inches.€14.95</p><p>Family Histories and Family Combinations are supplied mounted and ready to frame.<br/>FREE WORLDWIDE POSTAGE</p>",Irish Family Surnames,,General,"imported, unlisted",false,Title,Default Title,,,,,1542,0,shopify,1,deny,manual,9.90,,true,true,,https://irishfamilysurnames.com/wp-content/uploads/2021/04/johnson-B-H.jpg,1,Johnson,false,Johnson,Learn the full history of your family with a Family History or a Crest/History Combination. Family History Standard : 16 x 20 cm | 6 x 8 inches. €9.90 Family History Large : 20 x 26 cm | 8 x 10 inches. €12.50 Family Combination (History &amp; Crest) : 26 x 20 cm | 10 x 8 inches.€14.95 Family Histories and Family Combin,,,,,,,,,,,,,g,,,true,true,,,unlisted
johnson,,,,,,,false,,,,,,,,,,,,,,,,,,https://irishfamilysurnames.com/wp-content/uploads/2021/03/irishfamilysurnameslogo2.jpg,2,Johnson,,,,,,,,,,,,,,,,,,,,,,,unlisted
johnson,,,,,,,false,,,,,,,,,,,,,,,,,,https://irishfamilysurnames.com/wp-content/uploads/2021/04/jackson-B-H-300x375.jpg,3,Johnson,,,,,,,,,,,,,,,,,,,,,,,unlisted
johnson,,,,,,,false,,,,,,,,,,,,,,,,,,https://irishfamilysurnames.com/wp-content/uploads/2021/04/jordan-B-H-300x375.jpg,4,Johnson,,,,,,,,,,,,,,,,,,,,,,,unlisted
johnson,,,,,,,false,,,,,,,,,,,,,,,,,,https://irishfamilysurnames.com/wp-content/uploads/2021/04/jones-B-H-300x375.jpg,5,Johnson,,,,,,,,,,,,,,,,,,,,,,,unlisted
jordan,Jordan,"<p>Learn the full history of your family with a Family History or a Crest/History Combination.</p><p>Family History Standard : 16 x 20 cm | 6 x 8 inches. €9.90</p><p>Family History Large : 20 x 26 cm | 8 x 10 inches. €12.50</p><p>Family Combination (History &amp;amp;amp; Crest) : 26 x 20 cm | 10 x 8 inches.€14.95</p><p>Family Histories and Family Combinations are supplied mounted and ready to frame.<br/>FREE WORLDWIDE POSTAGE</p>",Irish Family Surnames,,General,"imported, unlisted",false,Title,Default Title,,,,,1563,0,shopify,1,deny,manual,9.90,,true,true,,https://irishfamilysurnames.com/wp-content/uploads/2021/04/jordan-B-H.jpg,1,Jordan,false,Jordan,Learn the full history of your family with a Family History or a Crest/History Combination. Family History Standard : 16 x 20 cm | 6 x 8 inches. €9.90 Family History Large : 20 x 26 cm | 8 x 10 inches. €12.50 Family Combination (History &amp; Crest) : 26 x 20 cm | 10 x 8 inches.€14.95 Family Histories and Family Combin,,,,,,,,,,,,,g,,,true,true,,,unlisted
jordan,,,,,,,false,,,,,,,,,,,,,,,,,,https://irishfamilysurnames.com/wp-content/uploads/2021/03/irishfamilysurnameslogo2.jpg,2,Jordan,,,,,,,,,,,,,,,,,,,,,,,unlisted
jordan,,,,,,,false,,,,,,,,,,,,,,,,,,https://irishfamilysurnames.com/wp-content/uploads/2021/04/jones-B-H-300x375.jpg,3,Jordan,,,,,,,,,,,,,,,,,,,,,,,unlisted
jordan,,,,,,,false,,,,,,,,,,,,,,,,,,https://irishfamilysurnames.com/wp-content/uploads/2021/04/johnson-B-H-300x375.jpg,4,Jordan,,,,,,,,,,,,,,,,,,,,,,,unlisted
jordan,,,,,,,false,,,,,,,,,,,,,,,,,,https://irishfamilysurnames.com/wp-content/uploads/2021/04/jackson-B-H-300x375.jpg,5,Jordan,,,,,,,,,,,,,,,,,,,,,,,unlisted
kearney,Kearney,"<p>Learn the full history of your family with a Family History or a Crest/History Combination.</p><p>Family History Standard : 16 x 20 cm | 6 x 8 inches. €9.90</p><p>Family History Large : 20 x 26 cm | 8 x 10 inches. €12.50</p><p>Family Combination (History &amp;amp;amp; Crest) : 26 x 20 cm | 10 x 8 inches.€14.95</p><p>Family Histories and Family Combinations are supplied mounted and ready to frame.<br/>FREE WORLDWIDE POSTAGE</p>",Irish Family Surnames,,General,"imported, unlisted",false,Title,Default Title,,,,,1612,0,shopify,1,deny,manual,9.90,,true,true,,https://irishfamilysurnames.com/wp-content/uploads/2021/04/kearney-B-H.jpg,1,Kearney,false,Kearney,Learn the full history of your family with a Family History or a Crest/History Combination. Family History Standard : 16 x 20 cm | 6 x 8 inches. €9.90 Family History Large : 20 x 26 cm | 8 x 10 inches. €12.50 Family Combination (History &amp; Crest) : 26 x 20 cm | 10 x 8 inches.€14.95 Family Histories and Family Combin,,,,,,,,,,,,,g,,,true,true,,,unlisted
kearney,,,,,,,false,,,,,,,,,,,,,,,,,,https://irishfamilysurnames.com/wp-content/uploads/2021/03/irishfamilysurnameslogo2.jpg,2,Kearney,,,,,,,,,,,,,,,,,,,,,,,unlisted
kearney,,,,,,,false,,,,,,,,,,,,,,,,,,https://irishfamilysurnames.com/wp-content/uploads/2021/04/kinsella-B-H-300x375.jpg,3,Kearney,,,,,,,,,,,,,,,,,,,,,,,unlisted
kearney,,,,,,,false,,,,,,,,,,,,,,,,,,https://irishfamilysurnames.com/wp-content/uploads/2021/04/kehoe-B-H-300x375.jpg,4,Kearney,,,,,,,,,,,,,,,,,,,,,,,unlisted
kearney,,,,,,,false,,,,,,,,,,,,,,,,,,https://irishfamilysurnames.com/wp-content/uploads/2021/04/keenan-B-H-300x375.jpg,5,Kearney,,,,,,,,,,,,,,,,,,,,,,,unlisted
kearns,Kearns,"<p>Learn the full history of your family with a Family History or a Crest/History Combination.</p><p>Family History Standard : 16 x 20 cm | 6 x 8 inches. €9.90</p><p>Family History Large : 20 x 26 cm | 8 x 10 inches. €12.50</p><p>Family Combination (History &amp;amp;amp; Crest) : 26 x 20 cm | 10 x 8 inches.€14.95</p><p>Family Histories and Family Combinations are supplied mounted and ready to frame.<br/>FREE WORLDWIDE POSTAGE</p>",Irish Family Surnames,,General,"imported, unlisted",false,Title,Default Title,,,,,1630,0,shopify,1,deny,manual,9.90,,true,true,,https://irishfamilysurnames.com/wp-content/uploads/2021/04/kearns-B-H.jpg,1,Kearns,false,Kearns,Learn the full history of your family with a Family History or a Crest/History Combination. Family History Standard : 16 x 20 cm | 6 x 8 inches. €9.90 Family History Large : 20 x 26 cm | 8 x 10 inches. €12.50 Family Combination (History &amp; Crest) : 26 x 20 cm | 10 x 8 inches.€14.95 Family Histories and Family Combin,,,,,,,,,,,,,g,,,true,true,,,unlisted
kearns,,,,,,,false,,,,,,,,,,,,,,,,,,https://irishfamilysurnames.com/wp-content/uploads/2021/03/irishfamilysurnameslogo2.jpg,2,Kearns,,,,,,,,,,,,,,,,,,,,,,,unlisted
kearns,,,,,,,false,,,,,,,,,,,,,,,,,,https://irishfamilysurnames.com/wp-content/uploads/2021/04/kelly-B-H-300x375.jpg,3,Kearns,,,,,,,,,,,,,,,,,,,,,,,unlisted
kearns,,,,,,,false,,,,,,,,,,,,,,,,,,https://irishfamilysurnames.com/wp-content/uploads/2021/04/keeffe-B-H-300x375.jpg,4,Kearns,,,,,,,,,,,,,,,,,,,,,,,unlisted
kearns,,,,,,,false,,,,,,,,,,,,,,,,,,https://irishfamilysurnames.com/wp-content/uploads/2021/04/kehoe-B-H-300x375.jpg,5,Kearns,,,,,,,,,,,,,,,,,,,,,,,unlisted
keating,Keating,"<p>Learn the full history of your family with a Family History or a Crest/History Combination.</p><p>Family History Standard : 16 x 20 cm | 6 x 8 inches. €9.90</p><p>Family History Large : 20 x 26 cm | 8 x 10 inches. €12.50</p><p>Family Combination (History &amp;amp;amp; Crest) : 26 x 20 cm | 10 x 8 inches.€14.95</p><p>Family Histories and Family Combinations are supplied mounted and ready to frame.<br/>FREE WORLDWIDE POSTAGE</p>",Irish Family Surnames,,General,"imported, unlisted",false,Title,Default Title,,,,,1641,0,shopify,1,deny,manual,9.90,,true,true,,https://irishfamilysurnames.com/wp-content/uploads/2021/04/keating-B-H.jpg,1,Keating,false,Keating,Learn the full history of your family with a Family History or a Crest/History Combination. Family History Standard : 16 x 20 cm | 6 x 8 inches. €9.90 Family History Large : 20 x 26 cm | 8 x 10 inches. €12.50 Family Combination (History &amp; Crest) : 26 x 20 cm | 10 x 8 inches.€14.95 Family Histories and Family Combin,,,,,,,,,,,,,g,,,true,true,,,unlisted
keating,,,,,,,false,,,,,,,,,,,,,,,,,,https://irishfamilysurnames.com/wp-content/uploads/2021/03/irishfamilysurnameslogo2.jpg,2,Keating,,,,,,,,,,,,,,,,,,,,,,,unlisted
keating,,,,,,,false,,,,,,,,,,,,,,,,,,https://irishfamilysurnames.com/wp-content/uploads/2021/04/kiernan-B-H-300x375.jpg,3,Keating,,,,,,,,,,,,,,,,,,,,,,,unlisted
keating,,,,,,,false,,,,,,,,,,,,,,,,,,https://irishfamilysurnames.com/wp-content/uploads/2021/04/kinsella-B-H-300x375.jpg,4,Keating,,,,,,,,,,,,,,,,,,,,,,,unlisted
keating,,,,,,,false,,,,,,,,,,,,,,,,,,https://irishfamilysurnames.com/wp-content/uploads/2021/04/kennedy-B-H-300x375.jpg,5,Keating,,,,,,,,,,,,,,,,,,,,,,,unlisted
keefe,Keefe,"<p>Learn the full history of your family with a Family History or a Crest/History Combination.</p><p>Family History Standard : 16 x 20 cm | 6 x 8 inches. €9.90</p><p>Family History Large : 20 x 26 cm | 8 x 10 inches. €12.50</p><p>Family Combination (History &amp;amp;amp; Crest) : 26 x 20 cm | 10 x 8 inches.€14.95</p><p>Family Histories and Family Combinations are supplied mounted and ready to frame.<br/>FREE WORLDWIDE POSTAGE</p>",Irish Family Surnames,,General,"imported, unlisted",false,Title,Default Title,,,,,1652,0,shopify,1,deny,manual,9.90,,true,true,,https://irishfamilysurnames.com/wp-content/uploads/2021/04/keefe-B-H.jpg,1,Keefe,false,Keefe,Learn the full history of your family with a Family History or a Crest/History Combination. Family History Standard : 16 x 20 cm | 6 x 8 inches. €9.90 Family History Large : 20 x 26 cm | 8 x 10 inches. €12.50 Family Combination (History &amp; Crest) : 26 x 20 cm | 10 x 8 inches.€14.95 Family Histories and Family Combin,,,,,,,,,,,,,g,,,true,true,,,unlisted
keefe,,,,,,,false,,,,,,,,,,,,,,,,,,https://irishfamilysurnames.com/wp-content/uploads/2021/03/irishfamilysurnameslogo2.jpg,2,Keefe,,,,,,,,,,,,,,,,,,,,,,,unlisted
keefe,,,,,,,false,,,,,,,,,,,,,,,,,,https://irishfamilysurnames.com/wp-content/uploads/2021/04/keeffe-B-H-300x375.jpg,3,Keefe,,,,,,,,,,,,,,,,,,,,,,,unlisted
keefe,,,,,,,false,,,,,,,,,,,,,,,,,,https://irishfamilysurnames.com/wp-content/uploads/2021/04/kelley-B-H-300x375.jpg,4,Keefe,,,,,,,,,,,,,,,,,,,,,,,unlisted
keefe,,,,,,,false,,,,,,,,,,,,,,,,,,https://irishfamilysurnames.com/wp-content/uploads/2021/04/keating-B-H-300x375.jpg,5,Keefe,,,,,,,,,,,,,,,,,,,,,,,unlisted
keeffe,Keeffe,"<p>Learn the full history of your family with a Family History or a Crest/History Combination.</p><p>Family History Standard : 16 x 20 cm | 6 x 8 inches. €9.90</p><p>Family History Large : 20 x 26 cm | 8 x 10 inches. €12.50</p><p>Family Combination (History &amp;amp;amp; Crest) : 26 x 20 cm | 10 x 8 inches.€14.95</p><p>Family Histories and Family Combinations are supplied mounted and ready to frame.<br/>FREE WORLDWIDE POSTAGE</p>",Irish Family Surnames,,General,"imported, unlisted",false,Title,Default Title,,,,,1663,0,shopify,1,deny,manual,9.90,,true,true,,https://irishfamilysurnames.com/wp-content/uploads/2021/04/keeffe-B-H.jpg,1,Keeffe,false,Keeffe,Learn the full history of your family with a Family History or a Crest/History Combination. Family History Standard : 16 x 20 cm | 6 x 8 inches. €9.90 Family History Large : 20 x 26 cm | 8 x 10 inches. €12.50 Family Combination (History &amp; Crest) : 26 x 20 cm | 10 x 8 inches.€14.95 Family Histories and Family Combin,,,,,,,,,,,,,g,,,true,true,,,unlisted
keeffe,,,,,,,false,,,,,,,,,,,,,,,,,,https://irishfamilysurnames.com/wp-content/uploads/2021/03/irishfamilysurnameslogo2.jpg,2,Keeffe,,,,,,,,,,,,,,,,,,,,,,,unlisted
keeffe,,,,,,,false,,,,,,,,,,,,,,,,,,https://irishfamilysurnames.com/wp-content/uploads/2021/04/keegan-B-H-300x375.jpg,3,Keeffe,,,,,,,,,,,,,,,,,,,,,,,unlisted
keeffe,,,,,,,false,,,,,,,,,,,,,,,,,,https://irishfamilysurnames.com/wp-content/uploads/2021/04/kiernan-B-H-300x375.jpg,4,Keeffe,,,,,,,,,,,,,,,,,,,,,,,unlisted
keeffe,,,,,,,false,,,,,,,,,,,,,,,,,,https://irishfamilysurnames.com/wp-content/uploads/2021/04/kinsella-B-H-300x375.jpg,5,Keeffe,,,,,,,,,,,,,,,,,,,,,,,unlisted
keegan,Keegan,"<p>Learn the full history of your family with a Family History or a Crest/History Combination.</p><p>Family History Standard : 16 x 20 cm | 6 x 8 inches. €9.90</p><p>Family History Large : 20 x 26 cm | 8 x 10 inches. €12.50</p><p>Family Combination (History &amp;amp;amp; Crest) : 26 x 20 cm | 10 x 8 inches.€14.95</p><p>Family Histories and Family Combinations are supplied mounted and ready to frame.<br/>FREE WORLDWIDE POSTAGE</p>",Irish Family Surnames,,General,"imported, unlisted",false,Title,Default Title,,,,,1674,0,shopify,1,deny,manual,9.90,,true,true,,https://irishfamilysurnames.com/wp-content/uploads/2021/04/keegan-B-H.jpg,1,Keegan,false,Keegan,Learn the full history of your family with a Family History or a Crest/History Combination. Family History Standard : 16 x 20 cm | 6 x 8 inches. €9.90 Family History Large : 20 x 26 cm | 8 x 10 inches. €12.50 Family Combination (History &amp; Crest) : 26 x 20 cm | 10 x 8 inches.€14.95 Family Histories and Family Combin,,,,,,,,,,,,,g,,,true,true,,,unlisted
keegan,,,,,,,false,,,,,,,,,,,,,,,,,,https://irishfamilysurnames.com/wp-content/uploads/2021/03/irishfamilysurnameslogo2.jpg,2,Keegan,,,,,,,,,,,,,,,,,,,,,,,unlisted
keegan,,,,,,,false,,,,,,,,,,,,,,,,,,https://irishfamilysurnames.com/wp-content/uploads/2021/04/keefe-B-H-300x375.jpg,3,Keegan,,,,,,,,,,,,,,,,,,,,,,,unlisted
keegan,,,,,,,false,,,,,,,,,,,,,,,,,,https://irishfamilysurnames.com/wp-content/uploads/2021/04/kane-B-H-300x375.jpg,4,Keegan,,,,,,,,,,,,,,,,,,,,,,,unlisted
keegan,,,,,,,false,,,,,,,,,,,,,,,,,,https://irishfamilysurnames.com/wp-content/uploads/2021/04/kennedy-B-H-300x375.jpg,5,Keegan,,,,,,,,,,,,,,,,,,,,,,,unlisted
keenan,Keenan,"<p>Learn the full history of your family with a Family History or a Crest/History Combination.</p><p>Family History Standard : 16 x 20 cm | 6 x 8 inches. €9.90</p><p>Family History Large : 20 x 26 cm | 8 x 10 inches. €12.50</p><p>Family Combination (History &amp;amp;amp; Crest) : 26 x 20 cm | 10 x 8 inches.€14.95</p><p>Family Histories and Family Combinations are supplied mounted and ready to frame.<br/>FREE WORLDWIDE POSTAGE</p>",Irish Family Surnames,,General,"imported, unlisted",false,Title,Default Title,,,,,1685,0,shopify,1,deny,manual,9.90,,true,true,,https://irishfamilysurnames.com/wp-content/uploads/2021/04/keenan-B-H.jpg,1,Keenan,false,Keenan,Learn the full history of your family with a Family History or a Crest/History Combination. Family History Standard : 16 x 20 cm | 6 x 8 inches. €9.90 Family History Large : 20 x 26 cm | 8 x 10 inches. €12.50 Family Combination (History &amp; Crest) : 26 x 20 cm | 10 x 8 inches.€14.95 Family Histories and Family Combin,,,,,,,,,,,,,g,,,true,true,,,unlisted
keenan,,,,,,,false,,,,,,,,,,,,,,,,,,https://irishfamilysurnames.com/wp-content/uploads/2021/03/irishfamilysurnameslogo2.jpg,2,Keenan,,,,,,,,,,,,,,,,,,,,,,,unlisted
keenan,,,,,,,false,,,,,,,,,,,,,,,,,,https://irishfamilysurnames.com/wp-content/uploads/2021/04/kearney-B-H-300x375.jpg,3,Keenan,,,,,,,,,,,,,,,,,,,,,,,unlisted
keenan,,,,,,,false,,,,,,,,,,,,,,,,,,https://irishfamilysurnames.com/wp-content/uploads/2021/04/kinsella-B-H-300x375.jpg,4,Keenan,,,,,,,,,,,,,,,,,,,,,,,unlisted
keenan,,,,,,,false,,,,,,,,,,,,,,,,,,https://irishfamilysurnames.com/wp-content/uploads/2021/04/kavanagh-B-H-300x375.jpg,5,Keenan,,,,,,,,,,,,,,,,,,,,,,,unlisted
kehoe,Kehoe,"<p>Learn the full history of your family with a Family History or a Crest/History Combination.</p><p>Family History Standard : 16 x 20 cm | 6 x 8 inches. €9.90</p><p>Family History Large : 20 x 26 cm | 8 x 10 inches. €12.50</p><p>Family Combination (History &amp;amp;amp; Crest) : 26 x 20 cm | 10 x 8 inches.€14.95</p><p>Family Histories and Family Combinations are supplied mounted and ready to frame.<br/>FREE WORLDWIDE POSTAGE</p>",Irish Family Surnames,,General,"imported, unlisted",false,Title,Default Title,,,,,1696,0,shopify,1,deny,manual,9.90,,true,true,,https://irishfamilysurnames.com/wp-content/uploads/2021/04/kehoe-B-H.jpg,1,Kehoe,false,Kehoe,Learn the full history of your family with a Family History or a Crest/History Combination. Family History Standard : 16 x 20 cm | 6 x 8 inches. €9.90 Family History Large : 20 x 26 cm | 8 x 10 inches. €12.50 Family Combination (History &amp; Crest) : 26 x 20 cm | 10 x 8 inches.€14.95 Family Histories and Family Combin,,,,,,,,,,,,,g,,,true,true,,,unlisted
kehoe,,,,,,,false,,,,,,,,,,,,,,,,,,https://irishfamilysurnames.com/wp-content/uploads/2021/03/irishfamilysurnameslogo2.jpg,2,Kehoe,,,,,,,,,,,,,,,,,,,,,,,unlisted
kehoe,,,,,,,false,,,,,,,,,,,,,,,,,,https://irishfamilysurnames.com/wp-content/uploads/2021/04/kennedy-B-H-300x375.jpg,3,Kehoe,,,,,,,,,,,,,,,,,,,,,,,unlisted
kehoe,,,,,,,false,,,,,,,,,,,,,,,,,,https://irishfamilysurnames.com/wp-content/uploads/2021/04/keenan-B-H-300x375.jpg,4,Kehoe,,,,,,,,,,,,,,,,,,,,,,,unlisted
kehoe,,,,,,,false,,,,,,,,,,,,,,,,,,https://irishfamilysurnames.com/wp-content/uploads/2021/04/keane-B-H-300x375.jpg,5,Kehoe,,,,,,,,,,,,,,,,,,,,,,,unlisted
kelley,Kelley,"<p>Learn the full history of your family with a Family History or a Crest/History Combination.</p><p>Family History Standard : 16 x 20 cm | 6 x 8 inches. €9.90</p><p>Family History Large : 20 x 26 cm | 8 x 10 inches. €12.50</p><p>Family Combination (History &amp;amp;amp; Crest) : 26 x 20 cm | 10 x 8 inches.€14.95</p><p>Family Histories and Family Combinations are supplied mounted and ready to frame.<br/>FREE WORLDWIDE POSTAGE</p>",Irish Family Surnames,,General,"imported, unlisted",false,Title,Default Title,,,,,1707,0,shopify,1,deny,manual,9.90,,true,true,,https://irishfamilysurnames.com/wp-content/uploads/2021/04/kelley-B-H.jpg,1,Kelley,false,Kelley,Learn the full history of your family with a Family History or a Crest/History Combination. Family History Standard : 16 x 20 cm | 6 x 8 inches. €9.90 Family History Large : 20 x 26 cm | 8 x 10 inches. €12.50 Family Combination (History &amp; Crest) : 26 x 20 cm | 10 x 8 inches.€14.95 Family Histories and Family Combin,,,,,,,,,,,,,g,,,true,true,,,unlisted
kelley,,,,,,,false,,,,,,,,,,,,,,,,,,https://irishfamilysurnames.com/wp-content/uploads/2021/03/irishfamilysurnameslogo2.jpg,2,Kelley,,,,,,,,,,,,,,,,,,,,,,,unlisted
kelley,,,,,,,false,,,,,,,,,,,,,,,,,,https://irishfamilysurnames.com/wp-content/uploads/2021/04/kavanagh-B-H-300x375.jpg,3,Kelley,,,,,,,,,,,,,,,,,,,,,,,unlisted
kelley,,,,,,,false,,,,,,,,,,,,,,,,,,https://irishfamilysurnames.com/wp-content/uploads/2021/04/kerins-B-H-300x375.jpg,4,Kelley,,,,,,,,,,,,,,,,,,,,,,,unlisted
kelley,,,,,,,false,,,,,,,,,,,,,,,,,,https://irishfamilysurnames.com/wp-content/uploads/2021/04/keogh-B-H-300x375.jpg,5,Kelley,,,,,,,,,,,,,,,,,,,,,,,unlisted
kelly,Kelly,"<p>Learn the full history of your family with a Family History or a Crest/History Combination.</p><p>Family History Standard : 16 x 20 cm | 6 x 8 inches. €9.90</p><p>Family History Large : 20 x 26 cm | 8 x 10 inches. €12.50</p><p>Family Combination (History &amp;amp;amp; Crest) : 26 x 20 cm | 10 x 8 inches.€14.95</p><p>Family Histories and Family Combinations are supplied mounted and ready to frame.<br/>FREE WORLDWIDE POSTAGE</p>",Irish Family Surnames,,General,"imported, unlisted",false,Title,Default Title,,,,,1718,0,shopify,1,deny,manual,9.90,,true,true,,https://irishfamilysurnames.com/wp-content/uploads/2021/04/kelly-B-H.jpg,1,Kelly,false,Kelly,Learn the full history of your family with a Family History or a Crest/History Combination. Family History Standard : 16 x 20 cm | 6 x 8 inches. €9.90 Family History Large : 20 x 26 cm | 8 x 10 inches. €12.50 Family Combination (History &amp; Crest) : 26 x 20 cm | 10 x 8 inches.€14.95 Family Histories and Family Combin,,,,,,,,,,,,,g,,,true,true,,,unlisted
kelly,,,,,,,false,,,,,,,,,,,,,,,,,,https://irishfamilysurnames.com/wp-content/uploads/2021/03/irishfamilysurnameslogo2.jpg,2,Kelly,,,,,,,,,,,,,,,,,,,,,,,unlisted
kelly,,,,,,,false,,,,,,,,,,,,,,,,,,https://irishfamilysurnames.com/wp-content/uploads/2021/04/kiernan-B-H-300x375.jpg,3,Kelly,,,,,,,,,,,,,,,,,,,,,,,unlisted
kelly,,,,,,,false,,,,,,,,,,,,,,,,,,https://irishfamilysurnames.com/wp-content/uploads/2021/04/keane-B-H-300x375.jpg,4,Kelly,,,,,,,,,,,,,,,,,,,,,,,unlisted
kelly,,,,,,,false,,,,,,,,,,,,,,,,,,https://irishfamilysurnames.com/wp-content/uploads/2021/04/keenan-B-H-300x375.jpg,5,Kelly,,,,,,,,,,,,,,,,,,,,,,,unlisted
kennedy,Kennedy,"<p>Learn the full history of your family with a Family History or a Crest/History Combination.</p><p>Family History Standard : 16 x 20 cm | 6 x 8 inches. €9.90</p><p>Family History Large : 20 x 26 cm | 8 x 10 inches. €12.50</p><p>Family Combination (History &amp;amp;amp; Crest) : 26 x 20 cm | 10 x 8 inches.€14.95</p><p>Family Histories and Family Combinations are supplied mounted and ready to frame.<br/>FREE WORLDWIDE POSTAGE</p>",Irish Family Surnames,,General,"imported, unlisted",false,Title,Default Title,,,,,1729,0,shopify,1,deny,manual,9.90,,true,true,,https://irishfamilysurnames.com/wp-content/uploads/2021/04/kennedy-B-H.jpg,1,Kennedy,false,Kennedy,Learn the full history of your family with a Family History or a Crest/History Combination. Family History Standard : 16 x 20 cm | 6 x 8 inches. €9.90 Family History Large : 20 x 26 cm | 8 x 10 inches. €12.50 Family Combination (History &amp; Crest) : 26 x 20 cm | 10 x 8 inches.€14.95 Family Histories and Family Combin,,,,,,,,,,,,,g,,,true,true,,,unlisted
kennedy,,,,,,,false,,,,,,,,,,,,,,,,,,https://irishfamilysurnames.com/wp-content/uploads/2021/03/irishfamilysurnameslogo2.jpg,2,Kennedy,,,,,,,,,,,,,,,,,,,,,,,unlisted
kennedy,,,,,,,false,,,,,,,,,,,,,,,,,,https://irishfamilysurnames.com/wp-content/uploads/2021/04/kelley-B-H-300x375.jpg,3,Kennedy,,,,,,,,,,,,,,,,,,,,,,,unlisted
kennedy,,,,,,,false,,,,,,,,,,,,,,,,,,https://irishfamilysurnames.com/wp-content/uploads/2021/04/kearns-B-H-300x375.jpg,4,Kennedy,,,,,,,,,,,,,,,,,,,,,,,unlisted
kennedy,,,,,,,false,,,,,,,,,,,,,,,,,,https://irishfamilysurnames.com/wp-content/uploads/2021/04/keeffe-B-H-300x375.jpg,5,Kennedy,,,,,,,,,,,,,,,,,,,,,,,unlisted
kenny,Kenny,"<p>Learn the full history of your family with a Family History or a Crest/History Combination.</p><p>Family History Standard : 16 x 20 cm | 6 x 8 inches. €9.90</p><p>Family History Large : 20 x 26 cm | 8 x 10 inches. €12.50</p><p>Family Combination (History &amp;amp;amp; Crest) : 26 x 20 cm | 10 x 8 inches.€14.95</p><p>Family Histories and Family Combinations are supplied mounted and ready to frame.<br/>FREE WORLDWIDE POSTAGE</p>",Irish Family Surnames,,General,"imported, unlisted",false,Title,Default Title,,,,,1740,0,shopify,1,deny,manual,9.90,,true,true,,https://irishfamilysurnames.com/wp-content/uploads/2021/04/kenny-B-H.jpg,1,Kenny,false,Kenny,Learn the full history of your family with a Family History or a Crest/History Combination. Family History Standard : 16 x 20 cm | 6 x 8 inches. €9.90 Family History Large : 20 x 26 cm | 8 x 10 inches. €12.50 Family Combination (History &amp; Crest) : 26 x 20 cm | 10 x 8 inches.€14.95 Family Histories and Family Combin,,,,,,,,,,,,,g,,,true,true,,,unlisted
kenny,,,,,,,false,,,,,,,,,,,,,,,,,,https://irishfamilysurnames.com/wp-content/uploads/2021/03/irishfamilysurnameslogo2.jpg,2,Kenny,,,,,,,,,,,,,,,,,,,,,,,unlisted
kenny,,,,,,,false,,,,,,,,,,,,,,,,,,https://irishfamilysurnames.com/wp-content/uploads/2021/04/kane-B-H-300x375.jpg,3,Kenny,,,,,,,,,,,,,,,,,,,,,,,unlisted
kenny,,,,,,,false,,,,,,,,,,,,,,,,,,https://irishfamilysurnames.com/wp-content/uploads/2021/04/kennedy-B-H-300x375.jpg,4,Kenny,,,,,,,,,,,,,,,,,,,,,,,unlisted
kenny,,,,,,,false,,,,,,,,,,,,,,,,,,https://irishfamilysurnames.com/wp-content/uploads/2021/04/keeffe-B-H-300x375.jpg,5,Kenny,,,,,,,,,,,,,,,,,,,,,,,unlisted
keogh,Keogh,"<p>Learn the full history of your family with a Family History or a Crest/History Combination.</p><p>Family History Standard : 16 x 20 cm | 6 x 8 inches. €9.90</p><p>Family History Large : 20 x 26 cm | 8 x 10 inches. €12.50</p><p>Family Combination (History &amp;amp;amp; Crest) : 26 x 20 cm | 10 x 8 inches.€14.95</p><p>Family Histories and Family Combinations are supplied mounted and ready to frame.<br/>FREE WORLDWIDE POSTAGE</p>",Irish Family Surnames,,General,"imported, unlisted",false,Title,Default Title,,,,,1751,0,shopify,1,deny,manual,9.90,,true,true,,https://irishfamilysurnames.com/wp-content/uploads/2021/04/keogh-B-H.jpg,1,Keogh,false,Keogh,Learn the full history of your family with a Family History or a Crest/History Combination. Family History Standard : 16 x 20 cm | 6 x 8 inches. €9.90 Family History Large : 20 x 26 cm | 8 x 10 inches. €12.50 Family Combination (History &amp; Crest) : 26 x 20 cm | 10 x 8 inches.€14.95 Family Histories and Family Combin,,,,,,,,,,,,,g,,,true,true,,,unlisted
keogh,,,,,,,false,,,,,,,,,,,,,,,,,,https://irishfamilysurnames.com/wp-content/uploads/2021/03/irishfamilysurnameslogo2.jpg,2,Keogh,,,,,,,,,,,,,,,,,,,,,,,unlisted
keogh,,,,,,,false,,,,,,,,,,,,,,,,,,https://irishfamilysurnames.com/wp-content/uploads/2021/04/kelley-B-H-300x375.jpg,3,Keogh,,,,,,,,,,,,,,,,,,,,,,,unlisted
keogh,,,,,,,false,,,,,,,,,,,,,,,,,,https://irishfamilysurnames.com/wp-content/uploads/2021/04/kane-B-H-300x375.jpg,4,Keogh,,,,,,,,,,,,,,,,,,,,,,,unlisted
keogh,,,,,,,false,,,,,,,,,,,,,,,,,,https://irishfamilysurnames.com/wp-content/uploads/2021/04/keeffe-B-H-300x375.jpg,5,Keogh,,,,,,,,,,,,,,,,,,,,,,,unlisted
kerins,Kerins,"<p>Learn the full history of your family with a Family History or a Crest/History Combination.</p><p>Family History Standard : 16 x 20 cm | 6 x 8 inches. €9.90</p><p>Family History Large : 20 x 26 cm | 8 x 10 inches. €12.50</p><p>Family Combination (History &amp;amp;amp; Crest) : 26 x 20 cm | 10 x 8 inches.€14.95</p><p>Family Histories and Family Combinations are supplied mounted and ready to frame.<br/>FREE WORLDWIDE POSTAGE</p>",Irish Family Surnames,,General,"imported, unlisted",false,Title,Default Title,,,,,1782,0,shopify,1,deny,manual,9.90,,true,true,,https://irishfamilysurnames.com/wp-content/uploads/2021/04/kerins-B-H.jpg,1,Kerins,false,Kerins,Learn the full history of your family with a Family History or a Crest/History Combination. Family History Standard : 16 x 20 cm | 6 x 8 inches. €9.90 Family History Large : 20 x 26 cm | 8 x 10 inches. €12.50 Family Combination (History &amp; Crest) : 26 x 20 cm | 10 x 8 inches.€14.95 Family Histories and Family Combin,,,,,,,,,,,,,g,,,true,true,,,unlisted
kerins,,,,,,,false,,,,,,,,,,,,,,,,,,https://irishfamilysurnames.com/wp-content/uploads/2021/03/irishfamilysurnameslogo2.jpg,2,Kerins,,,,,,,,,,,,,,,,,,,,,,,unlisted
kerins,,,,,,,false,,,,,,,,,,,,,,,,,,https://irishfamilysurnames.com/wp-content/uploads/2021/04/keeffe-B-H-300x375.jpg,3,Kerins,,,,,,,,,,,,,,,,,,,,,,,unlisted
kerins,,,,,,,false,,,,,,,,,,,,,,,,,,https://irishfamilysurnames.com/wp-content/uploads/2021/04/keegan-B-H-300x375.jpg,4,Kerins,,,,,,,,,,,,,,,,,,,,,,,unlisted
kerins,,,,,,,false,,,,,,,,,,,,,,,,,,https://irishfamilysurnames.com/wp-content/uploads/2021/04/kinsella-B-H-300x375.jpg,5,Kerins,,,,,,,,,,,,,,,,,,,,,,,unlisted
king,King,"<p>Learn the full history of your family with a Family History or a Crest/History Combination.</p><p>Family History Standard : 16 x 20 cm | 6 x 8 inches. €9.90</p><p>Family History Large : 20 x 26 cm | 8 x 10 inches. €12.50</p><p>Family Combination (History &amp;amp;amp; Crest) : 26 x 20 cm | 10 x 8 inches.€14.95</p><p>Family Histories and Family Combinations are supplied mounted and ready to frame.<br/>FREE WORLDWIDE POSTAGE</p>",Irish Family Surnames,,General,"imported, unlisted",false,Title,Default Title,,,,,1796,0,shopify,1,deny,manual,9.90,,true,true,,https://irishfamilysurnames.com/wp-content/uploads/2021/04/king-B-H.jpg,1,King,false,King,Learn the full history of your family with a Family History or a Crest/History Combination. Family History Standard : 16 x 20 cm | 6 x 8 inches. €9.90 Family History Large : 20 x 26 cm | 8 x 10 inches. €12.50 Family Combination (History &amp; Crest) : 26 x 20 cm | 10 x 8 inches.€14.95 Family Histories and Family Combin,,,,,,,,,,,,,g,,,true,true,,,unlisted
king,,,,,,,false,,,,,,,,,,,,,,,,,,https://irishfamilysurnames.com/wp-content/uploads/2021/03/irishfamilysurnameslogo2.jpg,2,King,,,,,,,,,,,,,,,,,,,,,,,unlisted
king,,,,,,,false,,,,,,,,,,,,,,,,,,https://irishfamilysurnames.com/wp-content/uploads/2021/04/keane-B-H-300x375.jpg,3,King,,,,,,,,,,,,,,,,,,,,,,,unlisted
king,,,,,,,false,,,,,,,,,,,,,,,,,,https://irishfamilysurnames.com/wp-content/uploads/2021/04/kavanagh-B-H-300x375.jpg,4,King,,,,,,,,,,,,,,,,,,,,,,,unlisted
king,,,,,,,false,,,,,,,,,,,,,,,,,,https://irishfamilysurnames.com/wp-content/uploads/2021/04/kehoe-B-H-300x375.jpg,5,King,,,,,,,,,,,,,,,,,,,,,,,unlisted
kinsella,Kinsella,"<p>Learn the full history of your family with a Family History or a Crest/History Combination.</p><p>Family History Standard : 16 x 20 cm | 6 x 8 inches. €9.90</p><p>Family History Large : 20 x 26 cm | 8 x 10 inches. €12.50</p><p>Family Combination (History &amp;amp;amp; Crest) : 26 x 20 cm | 10 x 8 inches.€14.95</p><p>Family Histories and Family Combinations are supplied mounted and ready to frame.<br/>FREE WORLDWIDE POSTAGE</p>",Irish Family Surnames,,General,"imported, unlisted",false,Title,Default Title,,,,,1803,0,shopify,1,deny,manual,9.90,,true,true,,https://irishfamilysurnames.com/wp-content/uploads/2021/04/kinsella-B-H.jpg,1,Kinsella,false,Kinsella,Learn the full history of your family with a Family History or a Crest/History Combination. Family History Standard : 16 x 20 cm | 6 x 8 inches. €9.90 Family History Large : 20 x 26 cm | 8 x 10 inches. €12.50 Family Combination (History &amp; Crest) : 26 x 20 cm | 10 x 8 inches.€14.95 Family Histories and Family Combin,,,,,,,,,,,,,g,,,true,true,,,unlisted
kinsella,,,,,,,false,,,,,,,,,,,,,,,,,,https://irishfamilysurnames.com/wp-content/uploads/2021/03/irishfamilysurnameslogo2.jpg,2,Kinsella,,,,,,,,,,,,,,,,,,,,,,,unlisted
kinsella,,,,,,,false,,,,,,,,,,,,,,,,,,https://irishfamilysurnames.com/wp-content/uploads/2021/04/keefe-B-H-300x375.jpg,3,Kinsella,,,,,,,,,,,,,,,,,,,,,,,unlisted
kinsella,,,,,,,false,,,,,,,,,,,,,,,,,,https://irishfamilysurnames.com/wp-content/uploads/2021/04/kenny-B-H-300x375.jpg,4,Kinsella,,,,,,,,,,,,,,,,,,,,,,,unlisted
kinsella,,,,,,,false,,,,,,,,,,,,,,,,,,https://irishfamilysurnames.com/wp-content/uploads/2021/04/kelly-B-H-300x375.jpg,5,Kinsella,,,,,,,,,,,,,,,,,,,,,,,unlisted
lalor,Lalor,"<p>Learn the full history of your family with a Family History or a Crest/History Combination.</p><p>Family History Standard : 16 x 20 cm | 6 x 8 inches. €9.90</p><p>Family History Large : 20 x 26 cm | 8 x 10 inches. €12.50</p><p>Family Combination (History &amp;amp;amp; Crest) : 26 x 20 cm | 10 x 8 inches.€14.95</p><p>Family Histories and Family Combinations are supplied mounted and ready to frame.<br/>FREE WORLDWIDE POSTAGE</p>",Irish Family Surnames,,General,"imported, unlisted",false,Title,Default Title,,,,,1820,0,shopify,1,deny,manual,9.90,,true,true,,https://irishfamilysurnames.com/wp-content/uploads/2021/04/lalor-B-H.jpg,1,Lalor,false,Lalor,Learn the full history of your family with a Family History or a Crest/History Combination. Family History Standard : 16 x 20 cm | 6 x 8 inches. €9.90 Family History Large : 20 x 26 cm | 8 x 10 inches. €12.50 Family Combination (History &amp; Crest) : 26 x 20 cm | 10 x 8 inches.€14.95 Family Histories and Family Combin,,,,,,,,,,,,,g,,,true,true,,,unlisted
lalor,,,,,,,false,,,,,,,,,,,,,,,,,,https://irishfamilysurnames.com/wp-content/uploads/2021/03/irishfamilysurnameslogo2.jpg,2,Lalor,,,,,,,,,,,,,,,,,,,,,,,unlisted
lalor,,,,,,,false,,,,,,,,,,,,,,,,,,https://irishfamilysurnames.com/wp-content/uploads/2021/04/lyons-B-H-1-300x375.jpg,3,Lalor,,,,,,,,,,,,,,,,,,,,,,,unlisted
lalor,,,,,,,false,,,,,,,,,,,,,,,,,,https://irishfamilysurnames.com/wp-content/uploads/2021/04/lawler-B-H-1-300x375.jpg,4,Lalor,,,,,,,,,,,,,,,,,,,,,,,unlisted
lalor,,,,,,,false,,,,,,,,,,,,,,,,,,https://irishfamilysurnames.com/wp-content/uploads/2021/04/leahy-B-H-1-300x375.jpg,5,Lalor,,,,,,,,,,,,,,,,,,,,,,,unlisted
larkin,Larkin,"<p>Learn the full history of your family with a Family History or a Crest/History Combination.</p><p>Family History Standard : 16 x 20 cm | 6 x 8 inches. €9.90</p><p>Family History Large : 20 x 26 cm | 8 x 10 inches. €12.50</p><p>Family Combination (History &amp;amp;amp; Crest) : 26 x 20 cm | 10 x 8 inches.€14.95</p><p>Family Histories and Family Combinations are supplied mounted and ready to frame.<br/>FREE WORLDWIDE POSTAGE</p>",Irish Family Surnames,,General,"imported, unlisted",false,Title,Default Title,,,,,1875,0,shopify,1,deny,manual,9.90,,true,true,,https://irishfamilysurnames.com/wp-content/uploads/2021/04/larkin-B-H.jpg,1,Larkin,false,Larkin,Learn the full history of your family with a Family History or a Crest/History Combination. Family History Standard : 16 x 20 cm | 6 x 8 inches. €9.90 Family History Large : 20 x 26 cm | 8 x 10 inches. €12.50 Family Combination (History &amp; Crest) : 26 x 20 cm | 10 x 8 inches.€14.95 Family Histories and Family Combin,,,,,,,,,,,,,g,,,true,true,,,unlisted
larkin,,,,,,,false,,,,,,,,,,,,,,,,,,https://irishfamilysurnames.com/wp-content/uploads/2021/03/irishfamilysurnameslogo2.jpg,2,Larkin,,,,,,,,,,,,,,,,,,,,,,,unlisted
larkin,,,,,,,false,,,,,,,,,,,,,,,,,,https://irishfamilysurnames.com/wp-content/uploads/2021/04/leahy-B-H-1-300x375.jpg,3,Larkin,,,,,,,,,,,,,,,,,,,,,,,unlisted
larkin,,,,,,,false,,,,,,,,,,,,,,,,,,https://irishfamilysurnames.com/wp-content/uploads/2021/04/lee-B-H-1-300x375.jpg,4,Larkin,,,,,,,,,,,,,,,,,,,,,,,unlisted
larkin,,,,,,,false,,,,,,,,,,,,,,,,,,https://irishfamilysurnames.com/wp-content/uploads/2021/04/leary-B-H-1-300x375.jpg,5,Larkin,,,,,,,,,,,,,,,,,,,,,,,unlisted
lawler,Lawler,"<p>Learn the full history of your family with a Family History or a Crest/History Combination.</p><p>Family History Standard : 16 x 20 cm | 6 x 8 inches. €9.90</p><p>Family History Large : 20 x 26 cm | 8 x 10 inches. €12.50</p><p>Family Combination (History &amp;amp;amp; Crest) : 26 x 20 cm | 10 x 8 inches.€14.95</p><p>Family Histories and Family Combinations are supplied mounted and ready to frame.<br/>FREE WORLDWIDE POSTAGE</p>",Irish Family Surnames,,General,"imported, unlisted",false,Title,Default Title,,,,,1883,0,shopify,1,deny,manual,9.90,,true,true,,https://irishfamilysurnames.com/wp-content/uploads/2021/04/lawler-B-H-1.jpg,1,Lawler,false,Lawler,Learn the full history of your family with a Family History or a Crest/History Combination. Family History Standard : 16 x 20 cm | 6 x 8 inches. €9.90 Family History Large : 20 x 26 cm | 8 x 10 inches. €12.50 Family Combination (History &amp; Crest) : 26 x 20 cm | 10 x 8 inches.€14.95 Family Histories and Family Combin,,,,,,,,,,,,,g,,,true,true,,,unlisted
lawler,,,,,,,false,,,,,,,,,,,,,,,,,,https://irishfamilysurnames.com/wp-content/uploads/2021/03/irishfamilysurnameslogo2.jpg,2,Lawler,,,,,,,,,,,,,,,,,,,,,,,unlisted
lawler,,,,,,,false,,,,,,,,,,,,,,,,,,https://irishfamilysurnames.com/wp-content/uploads/2021/04/lalor-B-H-300x375.jpg,3,Lawler,,,,,,,,,,,,,,,,,,,,,,,unlisted
lawler,,,,,,,false,,,,,,,,,,,,,,,,,,https://irishfamilysurnames.com/wp-content/uploads/2021/04/lenihan-B-H-1-300x375.jpg,4,Lawler,,,,,,,,,,,,,,,,,,,,,,,unlisted
lawler,,,,,,,false,,,,,,,,,,,,,,,,,,https://irishfamilysurnames.com/wp-content/uploads/2021/04/leahy-B-H-1-300x375.jpg,5,Lawler,,,,,,,,,,,,,,,,,,,,,,,unlisted
lawlor,Lawlor,"<p>Learn the full history of your family with a Family History or a Crest/History Combination.</p><p>Family History Standard : 16 x 20 cm | 6 x 8 inches. €9.90</p><p>Family History Large : 20 x 26 cm | 8 x 10 inches. €12.50</p><p>Family Combination (History &amp;amp;amp; Crest) : 26 x 20 cm | 10 x 8 inches.€14.95</p><p>Family Histories and Family Combinations are supplied mounted and ready to frame.<br/>FREE WORLDWIDE POSTAGE</p>",Irish Family Surnames,,General,"imported, unlisted",false,Title,Default Title,,,,,1894,0,shopify,1,deny,manual,9.90,,true,true,,https://irishfamilysurnames.com/wp-content/uploads/2021/04/lawlor-B-H-1.jpg,1,Lawlor,false,Lawlor,Learn the full history of your family with a Family History or a Crest/History Combination. Family History Standard : 16 x 20 cm | 6 x 8 inches. €9.90 Family History Large : 20 x 26 cm | 8 x 10 inches. €12.50 Family Combination (History &amp; Crest) : 26 x 20 cm | 10 x 8 inches.€14.95 Family Histories and Family Combin,,,,,,,,,,,,,g,,,true,true,,,unlisted
lawlor,,,,,,,false,,,,,,,,,,,,,,,,,,https://irishfamilysurnames.com/wp-content/uploads/2021/03/irishfamilysurnameslogo2.jpg,2,Lawlor,,,,,,,,,,,,,,,,,,,,,,,unlisted
lawlor,,,,,,,false,,,,,,,,,,,,,,,,,,https://irishfamilysurnames.com/wp-content/uploads/2021/04/lyons-B-H-1-300x375.jpg,3,Lawlor,,,,,,,,,,,,,,,,,,,,,,,unlisted
lawlor,,,,,,,false,,,,,,,,,,,,,,,,,,https://irishfamilysurnames.com/wp-content/uploads/2021/04/leahy-B-H-1-300x375.jpg,4,Lawlor,,,,,,,,,,,,,,,,,,,,,,,unlisted
lawlor,,,,,,,false,,,,,,,,,,,,,,,,,,https://irishfamilysurnames.com/wp-content/uploads/2021/04/lynch-B-H-1-300x375.jpg,5,Lawlor,,,,,,,,,,,,,,,,,,,,,,,unlisted
lee,Lee,"<p>Learn the full history of your family with a Family History or a Crest/History Combination.</p><p>Family History Standard : 16 x 20 cm | 6 x 8 inches. €9.90</p><p>Family History Large : 20 x 26 cm | 8 x 10 inches. €12.50</p><p>Family Combination (History &amp;amp;amp; Crest) : 26 x 20 cm | 10 x 8 inches.€14.95</p><p>Family Histories and Family Combinations are supplied mounted and ready to frame.<br/>FREE WORLDWIDE POSTAGE</p>",Irish Family Surnames,,General,"imported, unlisted",false,Title,Default Title,,,,,1927,0,shopify,1,deny,manual,9.90,,true,true,,https://irishfamilysurnames.com/wp-content/uploads/2021/04/lee-B-H-1.jpg,1,Lee,false,Lee,Learn the full history of your family with a Family History or a Crest/History Combination. Family History Standard : 16 x 20 cm | 6 x 8 inches. €9.90 Family History Large : 20 x 26 cm | 8 x 10 inches. €12.50 Family Combination (History &amp; Crest) : 26 x 20 cm | 10 x 8 inches.€14.95 Family Histories and Family Combin,,,,,,,,,,,,,g,,,true,true,,,unlisted
lee,,,,,,,false,,,,,,,,,,,,,,,,,,https://irishfamilysurnames.com/wp-content/uploads/2021/03/irishfamilysurnameslogo2.jpg,2,Lee,,,,,,,,,,,,,,,,,,,,,,,unlisted
lee,,,,,,,false,,,,,,,,,,,,,,,,,,https://irishfamilysurnames.com/wp-content/uploads/2021/04/lenihan-B-H-1-300x375.jpg,3,Lee,,,,,,,,,,,,,,,,,,,,,,,unlisted
lee,,,,,,,false,,,,,,,,,,,,,,,,,,https://irishfamilysurnames.com/wp-content/uploads/2021/04/leary-B-H-1-300x375.jpg,4,Lee,,,,,,,,,,,,,,,,,,,,,,,unlisted
lee,,,,,,,false,,,,,,,,,,,,,,,,,,https://irishfamilysurnames.com/wp-content/uploads/2021/04/leahy-B-H-1-300x375.jpg,5,Lee,,,,,,,,,,,,,,,,,,,,,,,unlisted
lenihan,Lenihan,"<p>Learn the full history of your family with a Family History or a Crest/History Combination.</p><p>Family History Standard : 16 x 20 cm | 6 x 8 inches. €9.90</p><p>Family History Large : 20 x 26 cm | 8 x 10 inches. €12.50</p><p>Family Combination (History &amp;amp;amp; Crest) : 26 x 20 cm | 10 x 8 inches.€14.95</p><p>Family Histories and Family Combinations are supplied mounted and ready to frame.<br/>FREE WORLDWIDE POSTAGE</p>",Irish Family Surnames,,General,"imported, unlisted",false,Title,Default Title,,,,,1939,0,shopify,1,deny,manual,9.90,,true,true,,https://irishfamilysurnames.com/wp-content/uploads/2021/04/lenihan-B-H-1.jpg,1,Lenihan,false,Lenihan,Learn the full history of your family with a Family History or a Crest/History Combination. Family History Standard : 16 x 20 cm | 6 x 8 inches. €9.90 Family History Large : 20 x 26 cm | 8 x 10 inches. €12.50 Family Combination (History &amp; Crest) : 26 x 20 cm | 10 x 8 inches.€14.95 Family Histories and Family Combin,,,,,,,,,,,,,g,,,true,true,,,unlisted
lenihan,,,,,,,false,,,,,,,,,,,,,,,,,,https://irishfamilysurnames.com/wp-content/uploads/2021/03/irishfamilysurnameslogo2.jpg,2,Lenihan,,,,,,,,,,,,,,,,,,,,,,,unlisted
lenihan,,,,,,,false,,,,,,,,,,,,,,,,,,https://irishfamilysurnames.com/wp-content/uploads/2021/04/lee-B-H-1-300x375.jpg,3,Lenihan,,,,,,,,,,,,,,,,,,,,,,,unlisted
lenihan,,,,,,,false,,,,,,,,,,,,,,,,,,https://irishfamilysurnames.com/wp-content/uploads/2021/04/lawler-B-H-1-300x375.jpg,4,Lenihan,,,,,,,,,,,,,,,,,,,,,,,unlisted
lenihan,,,,,,,false,,,,,,,,,,,,,,,,,,https://irishfamilysurnames.com/wp-content/uploads/2021/04/leary-B-H-1-300x375.jpg,5,Lenihan,,,,,,,,,,,,,,,,,,,,,,,unlisted
lennon,Lennon,"<p>Learn the full history of your family with a Family History or a Crest/History Combination.</p><p>Family History Standard : 16 x 20 cm | 6 x 8 inches. €9.90</p><p>Family History Large : 20 x 26 cm | 8 x 10 inches. €12.50</p><p>Family Combination (History &amp;amp;amp; Crest) : 26 x 20 cm | 10 x 8 inches.€14.95</p><p>Family Histories and Family Combinations are supplied mounted and ready to frame.<br/>FREE WORLDWIDE POSTAGE</p>",Irish Family Surnames,,General,"imported, unlisted",false,Title,Default Title,,,,,1951,0,shopify,1,deny,manual,9.90,,true,true,,https://irishfamilysurnames.com/wp-content/uploads/2021/04/lennon-B-H-1.jpg,1,Lennon,false,Lennon,Learn the full history of your family with a Family History or a Crest/History Combination. Family History Standard : 16 x 20 cm | 6 x 8 inches. €9.90 Family History Large : 20 x 26 cm | 8 x 10 inches. €12.50 Family Combination (History &amp; Crest) : 26 x 20 cm | 10 x 8 inches.€14.95 Family Histories and Family Combin,,,,,,,,,,,,,g,,,true,true,,,unlisted
lennon,,,,,,,false,,,,,,,,,,,,,,,,,,https://irishfamilysurnames.com/wp-content/uploads/2021/03/irishfamilysurnameslogo2.jpg,2,Lennon,,,,,,,,,,,,,,,,,,,,,,,unlisted
lennon,,,,,,,false,,,,,,,,,,,,,,,,,,https://irishfamilysurnames.com/wp-content/uploads/2021/04/lawler-B-H-1-300x375.jpg,3,Lennon,,,,,,,,,,,,,,,,,,,,,,,unlisted
lennon,,,,,,,false,,,,,,,,,,,,,,,,,,https://irishfamilysurnames.com/wp-content/uploads/2021/04/leary-B-H-1-300x375.jpg,4,Lennon,,,,,,,,,,,,,,,,,,,,,,,unlisted
lennon,,,,,,,false,,,,,,,,,,,,,,,,,,https://irishfamilysurnames.com/wp-content/uploads/2021/04/lawlor-B-H-1-300x375.jpg,5,Lennon,,,,,,,,,,,,,,,,,,,,,,,unlisted
kirwan,Kirwan,"<p>Learn the full history of your family with a Family History or a Crest/History Combination.</p><p>Family History Standard : 16 x 20 cm | 6 x 8 inches. €9.90</p><p>Family History Large : 20 x 26 cm | 8 x 10 inches. €12.50</p><p>Family Combination (History &amp;amp;amp; Crest) : 26 x 20 cm | 10 x 8 inches.€14.95</p><p>Family Histories and Family Combinations are supplied mounted and ready to frame.<br/>FREE WORLDWIDE POSTAGE</p>",Irish Family Surnames,,General,"imported, unlisted",false,Title,Default Title,,,,,1810,0,shopify,1,deny,manual,9.90,,true,true,,https://irishfamilysurnames.com/wp-content/uploads/2021/04/kirwan-B-H.jpg,1,Kirwan,false,Kirwan,Learn the full history of your family with a Family History or a Crest/History Combination. Family History Standard : 16 x 20 cm | 6 x 8 inches. €9.90 Family History Large : 20 x 26 cm | 8 x 10 inches. €12.50 Family Combination (History &amp; Crest) : 26 x 20 cm | 10 x 8 inches.€14.95 Family Histories and Family Combin,,,,,,,,,,,,,g,,,true,true,,,unlisted
kirwan,,,,,,,false,,,,,,,,,,,,,,,,,,https://irishfamilysurnames.com/wp-content/uploads/2021/03/irishfamilysurnameslogo2.jpg,2,Kirwan,,,,,,,,,,,,,,,,,,,,,,,unlisted
kirwan,,,,,,,false,,,,,,,,,,,,,,,,,,https://irishfamilysurnames.com/wp-content/uploads/2021/04/king-B-H-300x375.jpg,3,Kirwan,,,,,,,,,,,,,,,,,,,,,,,unlisted
kirwan,,,,,,,false,,,,,,,,,,,,,,,,,,https://irishfamilysurnames.com/wp-content/uploads/2021/04/keating-B-H-300x375.jpg,4,Kirwan,,,,,,,,,,,,,,,,,,,,,,,unlisted
kirwan,,,,,,,false,,,,,,,,,,,,,,,,,,https://irishfamilysurnames.com/wp-content/uploads/2021/04/kerins-B-H-300x375.jpg,5,Kirwan,,,,,,,,,,,,,,,,,,,,,,,unlisted
long,Long,"<p>Learn the full history of your family with a Family History or a Crest/History Combination.</p><p>Family History Standard : 16 x 20 cm | 6 x 8 inches. €9.90</p><p>Family History Large : 20 x 26 cm | 8 x 10 inches. €12.50</p><p>Family Combination (History &amp;amp;amp; Crest) : 26 x 20 cm | 10 x 8 inches.€14.95</p><p>Family Histories and Family Combinations are supplied mounted and ready to frame.<br/>FREE WORLDWIDE POSTAGE</p>",Irish Family Surnames,,General,"imported, unlisted",false,Title,Default Title,,,,,1964,0,shopify,1,deny,manual,9.90,,true,true,,https://irishfamilysurnames.com/wp-content/uploads/2021/04/long-B-H-1.jpg,1,Long,false,Long,Learn the full history of your family with a Family History or a Crest/History Combination. Family History Standard : 16 x 20 cm | 6 x 8 inches. €9.90 Family History Large : 20 x 26 cm | 8 x 10 inches. €12.50 Family Combination (History &amp; Crest) : 26 x 20 cm | 10 x 8 inches.€14.95 Family Histories and Family Combin,,,,,,,,,,,,,g,,,true,true,,,unlisted
long,,,,,,,false,,,,,,,,,,,,,,,,,,https://irishfamilysurnames.com/wp-content/uploads/2021/03/irishfamilysurnameslogo2.jpg,2,Long,,,,,,,,,,,,,,,,,,,,,,,unlisted
long,,,,,,,false,,,,,,,,,,,,,,,,,,https://irishfamilysurnames.com/wp-content/uploads/2021/04/lalor-B-H-300x375.jpg,3,Long,,,,,,,,,,,,,,,,,,,,,,,unlisted
long,,,,,,,false,,,,,,,,,,,,,,,,,,https://irishfamilysurnames.com/wp-content/uploads/2021/04/larkin-B-H-300x375.jpg,4,Long,,,,,,,,,,,,,,,,,,,,,,,unlisted
long,,,,,,,false,,,,,,,,,,,,,,,,,,https://irishfamilysurnames.com/wp-content/uploads/2021/04/lynch-B-H-1-300x375.jpg,5,Long,,,,,,,,,,,,,,,,,,,,,,,unlisted
lyons,Lyons,"<p>Learn the full history of your family with a Family History or a Crest/History Combination.</p><p>Family History Standard : 16 x 20 cm | 6 x 8 inches. €9.90</p><p>Family History Large : 20 x 26 cm | 8 x 10 inches. €12.50</p><p>Family Combination (History &amp;amp;amp; Crest) : 26 x 20 cm | 10 x 8 inches.€14.95</p><p>Family Histories and Family Combinations are supplied mounted and ready to frame.<br/>FREE WORLDWIDE POSTAGE</p>",Irish Family Surnames,,General,"imported, unlisted",false,Title,Default Title,,,,,1990,0,shopify,1,deny,manual,9.90,,true,true,,https://irishfamilysurnames.com/wp-content/uploads/2021/04/lyons-B-H-1.jpg,1,Lyons,false,Lyons,Learn the full history of your family with a Family History or a Crest/History Combination. Family History Standard : 16 x 20 cm | 6 x 8 inches. €9.90 Family History Large : 20 x 26 cm | 8 x 10 inches. €12.50 Family Combination (History &amp; Crest) : 26 x 20 cm | 10 x 8 inches.€14.95 Family Histories and Family Combin,,,,,,,,,,,,,g,,,true,true,,,unlisted
lyons,,,,,,,false,,,,,,,,,,,,,,,,,,https://irishfamilysurnames.com/wp-content/uploads/2021/03/irishfamilysurnameslogo2.jpg,2,Lyons,,,,,,,,,,,,,,,,,,,,,,,unlisted
lyons,,,,,,,false,,,,,,,,,,,,,,,,,,https://irishfamilysurnames.com/wp-content/uploads/2021/04/leary-B-H-1-300x375.jpg,3,Lyons,,,,,,,,,,,,,,,,,,,,,,,unlisted
lyons,,,,,,,false,,,,,,,,,,,,,,,,,,https://irishfamilysurnames.com/wp-content/uploads/2021/04/lee-B-H-1-300x375.jpg,4,Lyons,,,,,,,,,,,,,,,,,,,,,,,unlisted
lyons,,,,,,,false,,,,,,,,,,,,,,,,,,https://irishfamilysurnames.com/wp-content/uploads/2021/04/long-B-H-1-300x375.jpg,5,Lyons,,,,,,,,,,,,,,,,,,,,,,,unlisted
mackey,Mackey,"<p>Learn the full history of your family with a Family History or a Crest/History Combination.</p><p>Family History Standard : 16 x 20 cm | 6 x 8 inches. €9.90</p><p>Family History Large : 20 x 26 cm | 8 x 10 inches. €12.50</p><p>Family Combination (History &amp;amp;amp; Crest) : 26 x 20 cm | 10 x 8 inches.€14.95</p><p>Family Histories and Family Combinations are supplied mounted and ready to frame.<br/>FREE WORLDWIDE POSTAGE</p>",Irish Family Surnames,,General,"imported, unlisted",false,Title,Default Title,,,,,1997,0,shopify,1,deny,manual,9.90,,true,true,,https://irishfamilysurnames.com/wp-content/uploads/2021/04/mackey-B-H.jpg,1,Mackey,false,Mackey,Learn the full history of your family with a Family History or a Crest/History Combination. Family History Standard : 16 x 20 cm | 6 x 8 inches. €9.90 Family History Large : 20 x 26 cm | 8 x 10 inches. €12.50 Family Combination (History &amp; Crest) : 26 x 20 cm | 10 x 8 inches.€14.95 Family Histories and Family Combin,,,,,,,,,,,,,g,,,true,true,,,unlisted
mackey,,,,,,,false,,,,,,,,,,,,,,,,,,https://irishfamilysurnames.com/wp-content/uploads/2021/03/irishfamilysurnameslogo2.jpg,2,Mackey,,,,,,,,,,,,,,,,,,,,,,,unlisted
mackey,,,,,,,false,,,,,,,,,,,,,,,,,,https://irishfamilysurnames.com/wp-content/uploads/2021/04/mulligan-B-H-300x375.jpg,3,Mackey,,,,,,,,,,,,,,,,,,,,,,,unlisted
mackey,,,,,,,false,,,,,,,,,,,,,,,,,,https://irishfamilysurnames.com/wp-content/uploads/2021/04/malley-B-H-300x375.jpg,4,Mackey,,,,,,,,,,,,,,,,,,,,,,,unlisted
mackey,,,,,,,false,,,,,,,,,,,,,,,,,,https://irishfamilysurnames.com/wp-content/uploads/2021/04/moloney-B-H-300x375.jpg,5,Mackey,,,,,,,,,,,,,,,,,,,,,,,unlisted
madden,Madden,"<p>Learn the full history of your family with a Family History or a Crest/History Combination.</p><p>Family History Standard : 16 x 20 cm | 6 x 8 inches. €9.90</p><p>Family History Large : 20 x 26 cm | 8 x 10 inches. €12.50</p><p>Family Combination (History &amp;amp;amp; Crest) : 26 x 20 cm | 10 x 8 inches.€14.95</p><p>Family Histories and Family Combinations are supplied mounted and ready to frame.<br/>FREE WORLDWIDE POSTAGE</p>",Irish Family Surnames,,General,"imported, unlisted",false,Title,Default Title,,,,,2028,0,shopify,1,deny,manual,9.90,,true,true,,https://irishfamilysurnames.com/wp-content/uploads/2021/04/madden-B-H.jpg,1,Madden,false,Madden,Learn the full history of your family with a Family History or a Crest/History Combination. Family History Standard : 16 x 20 cm | 6 x 8 inches. €9.90 Family History Large : 20 x 26 cm | 8 x 10 inches. €12.50 Family Combination (History &amp; Crest) : 26 x 20 cm | 10 x 8 inches.€14.95 Family Histories and Family Combin,,,,,,,,,,,,,g,,,true,true,,,unlisted
madden,,,,,,,false,,,,,,,,,,,,,,,,,,https://irishfamilysurnames.com/wp-content/uploads/2021/03/irishfamilysurnameslogo2.jpg,2,Madden,,,,,,,,,,,,,,,,,,,,,,,unlisted
madden,,,,,,,false,,,,,,,,,,,,,,,,,,https://irishfamilysurnames.com/wp-content/uploads/2021/04/mooney-B-H-300x375.jpg,3,Madden,,,,,,,,,,,,,,,,,,,,,,,unlisted
madden,,,,,,,false,,,,,,,,,,,,,,,,,,https://irishfamilysurnames.com/wp-content/uploads/2021/04/martin-B-H-300x375.jpg,4,Madden,,,,,,,,,,,,,,,,,,,,,,,unlisted
madden,,,,,,,false,,,,,,,,,,,,,,,,,,https://irishfamilysurnames.com/wp-content/uploads/2021/04/mahony-B-H-300x375.jpg,5,Madden,,,,,,,,,,,,,,,,,,,,,,,unlisted
magee,Magee,"<p>Learn the full history of your family with a Family History or a Crest/History Combination.</p><p>Family History Standard : 16 x 20 cm | 6 x 8 inches. €9.90</p><p>Family History Large : 20 x 26 cm | 8 x 10 inches. €12.50</p><p>Family Combination (History &amp;amp;amp; Crest) : 26 x 20 cm | 10 x 8 inches.€14.95</p><p>Family Histories and Family Combinations are supplied mounted and ready to frame.<br/>FREE WORLDWIDE POSTAGE</p>",Irish Family Surnames,,General,"imported, unlisted",false,Title,Default Title,,,,,2035,0,shopify,1,deny,manual,9.90,,true,true,,https://irishfamilysurnames.com/wp-content/uploads/2021/04/magee-B-H.jpg,1,Magee,false,Magee,Learn the full history of your family with a Family History or a Crest/History Combination. Family History Standard : 16 x 20 cm | 6 x 8 inches. €9.90 Family History Large : 20 x 26 cm | 8 x 10 inches. €12.50 Family Combination (History &amp; Crest) : 26 x 20 cm | 10 x 8 inches.€14.95 Family Histories and Family Combin,,,,,,,,,,,,,g,,,true,true,,,unlisted
magee,,,,,,,false,,,,,,,,,,,,,,,,,,https://irishfamilysurnames.com/wp-content/uploads/2021/03/irishfamilysurnameslogo2.jpg,2,Magee,,,,,,,,,,,,,,,,,,,,,,,unlisted
magee,,,,,,,false,,,,,,,,,,,,,,,,,,https://irishfamilysurnames.com/wp-content/uploads/2021/04/malone-B-H-300x375.jpg,3,Magee,,,,,,,,,,,,,,,,,,,,,,,unlisted
magee,,,,,,,false,,,,,,,,,,,,,,,,,,https://irishfamilysurnames.com/wp-content/uploads/2021/04/mara-B-H-300x375.jpg,4,Magee,,,,,,,,,,,,,,,,,,,,,,,unlisted
magee,,,,,,,false,,,,,,,,,,,,,,,,,,https://irishfamilysurnames.com/wp-content/uploads/2021/04/mullan-B-H-300x375.jpg,5,Magee,,,,,,,,,,,,,,,,,,,,,,,unlisted
maguire,Maguire,"<p>Learn the full history of your family with a Family History or a Crest/History Combination.</p><p>Family History Standard : 16 x 20 cm | 6 x 8 inches. €9.90</p><p>Family History Large : 20 x 26 cm | 8 x 10 inches. €12.50</p><p>Family Combination (History &amp;amp;amp; Crest) : 26 x 20 cm | 10 x 8 inches.€14.95</p><p>Family Histories and Family Combinations are supplied mounted and ready to frame.<br/>FREE WORLDWIDE POSTAGE</p>",Irish Family Surnames,,General,"imported, unlisted",false,Title,Default Title,,,,,2042,0,shopify,1,deny,manual,9.90,,true,true,,https://irishfamilysurnames.com/wp-content/uploads/2021/04/maguire-B-H.jpg,1,Maguire,false,Maguire,Learn the full history of your family with a Family History or a Crest/History Combination. Family History Standard : 16 x 20 cm | 6 x 8 inches. €9.90 Family History Large : 20 x 26 cm | 8 x 10 inches. €12.50 Family Combination (History &amp; Crest) : 26 x 20 cm | 10 x 8 inches.€14.95 Family Histories and Family Combin,,,,,,,,,,,,,g,,,true,true,,,unlisted
maguire,,,,,,,false,,,,,,,,,,,,,,,,,,https://irishfamilysurnames.com/wp-content/uploads/2021/03/irishfamilysurnameslogo2.jpg,2,Maguire,,,,,,,,,,,,,,,,,,,,,,,unlisted
maguire,,,,,,,false,,,,,,,,,,,,,,,,,,https://irishfamilysurnames.com/wp-content/uploads/2021/04/monaghan-B-H-300x375.jpg,3,Maguire,,,,,,,,,,,,,,,,,,,,,,,unlisted
maguire,,,,,,,false,,,,,,,,,,,,,,,,,,https://irishfamilysurnames.com/wp-content/uploads/2021/04/molloy-B-H-300x375.jpg,4,Maguire,,,,,,,,,,,,,,,,,,,,,,,unlisted
maguire,,,,,,,false,,,,,,,,,,,,,,,,,,https://irishfamilysurnames.com/wp-content/uploads/2021/04/moloney-B-H-300x375.jpg,5,Maguire,,,,,,,,,,,,,,,,,,,,,,,unlisted
maher,Maher,"<p>Learn the full history of your family with a Family History or a Crest/History Combination.</p><p>Family History Standard : 16 x 20 cm | 6 x 8 inches. €9.90</p><p>Family History Large : 20 x 26 cm | 8 x 10 inches. €12.50</p><p>Family Combination (History &amp;amp;amp; Crest) : 26 x 20 cm | 10 x 8 inches.€14.95</p><p>Family Histories and Family Combinations are supplied mounted and ready to frame.<br/>FREE WORLDWIDE POSTAGE</p>",Irish Family Surnames,,General,"imported, unlisted",false,Title,Default Title,,,,,2049,0,shopify,1,deny,manual,9.90,,true,true,,https://irishfamilysurnames.com/wp-content/uploads/2021/04/maher-B-H.jpg,1,Maher,false,Maher,Learn the full history of your family with a Family History or a Crest/History Combination. Family History Standard : 16 x 20 cm | 6 x 8 inches. €9.90 Family History Large : 20 x 26 cm | 8 x 10 inches. €12.50 Family Combination (History &amp; Crest) : 26 x 20 cm | 10 x 8 inches.€14.95 Family Histories and Family Combin,,,,,,,,,,,,,g,,,true,true,,,unlisted
maher,,,,,,,false,,,,,,,,,,,,,,,,,,https://irishfamilysurnames.com/wp-content/uploads/2021/03/irishfamilysurnameslogo2.jpg,2,Maher,,,,,,,,,,,,,,,,,,,,,,,unlisted
maher,,,,,,,false,,,,,,,,,,,,,,,,,,https://irishfamilysurnames.com/wp-content/uploads/2021/04/murphy-B-H-300x375.jpg,3,Maher,,,,,,,,,,,,,,,,,,,,,,,unlisted
maher,,,,,,,false,,,,,,,,,,,,,,,,,,https://irishfamilysurnames.com/wp-content/uploads/2021/04/moloney-B-H-300x375.jpg,4,Maher,,,,,,,,,,,,,,,,,,,,,,,unlisted
maher,,,,,,,false,,,,,,,,,,,,,,,,,,https://irishfamilysurnames.com/wp-content/uploads/2021/04/maguire-B-H-300x375.jpg,5,Maher,,,,,,,,,,,,,,,,,,,,,,,unlisted
mahon,Mahon,"<p>Learn the full history of your family with a Family History or a Crest/History Combination.</p><p>Family History Standard : 16 x 20 cm | 6 x 8 inches. €9.90</p><p>Family History Large : 20 x 26 cm | 8 x 10 inches. €12.50</p><p>Family Combination (History &amp;amp;amp; Crest) : 26 x 20 cm | 10 x 8 inches.€14.95</p><p>Family Histories and Family Combinations are supplied mounted and ready to frame.<br/>FREE WORLDWIDE POSTAGE</p>",Irish Family Surnames,,General,"imported, unlisted",false,Title,Default Title,,,,,2056,0,shopify,1,deny,manual,9.90,,true,true,,https://irishfamilysurnames.com/wp-content/uploads/2021/04/mahon-B-H.jpg,1,Mahon,false,Mahon,Learn the full history of your family with a Family History or a Crest/History Combination. Family History Standard : 16 x 20 cm | 6 x 8 inches. €9.90 Family History Large : 20 x 26 cm | 8 x 10 inches. €12.50 Family Combination (History &amp; Crest) : 26 x 20 cm | 10 x 8 inches.€14.95 Family Histories and Family Combin,,,,,,,,,,,,,g,,,true,true,,,unlisted
mahon,,,,,,,false,,,,,,,,,,,,,,,,,,https://irishfamilysurnames.com/wp-content/uploads/2021/03/irishfamilysurnameslogo2.jpg,2,Mahon,,,,,,,,,,,,,,,,,,,,,,,unlisted
mahon,,,,,,,false,,,,,,,,,,,,,,,,,,https://irishfamilysurnames.com/wp-content/uploads/2021/04/mackey-B-H-300x375.jpg,3,Mahon,,,,,,,,,,,,,,,,,,,,,,,unlisted
mahon,,,,,,,false,,,,,,,,,,,,,,,,,,https://irishfamilysurnames.com/wp-content/uploads/2021/04/moriarty-B-H-300x375.jpg,4,Mahon,,,,,,,,,,,,,,,,,,,,,,,unlisted
mahon,,,,,,,false,,,,,,,,,,,,,,,,,,https://irishfamilysurnames.com/wp-content/uploads/2021/04/mullan-B-H-300x375.jpg,5,Mahon,,,,,,,,,,,,,,,,,,,,,,,unlisted
mahoney,Mahoney,"<p>Learn the full history of your family with a Family History or a Crest/History Combination.</p><p>Family History Standard : 16 x 20 cm | 6 x 8 inches. €9.90</p><p>Family History Large : 20 x 26 cm | 8 x 10 inches. €12.50</p><p>Family Combination (History &amp;amp;amp; Crest) : 26 x 20 cm | 10 x 8 inches.€14.95</p><p>Family Histories and Family Combinations are supplied mounted and ready to frame.<br/>FREE WORLDWIDE POSTAGE</p>",Irish Family Surnames,,General,"imported, unlisted",false,Title,Default Title,,,,,2063,0,shopify,1,deny,manual,9.90,,true,true,,https://irishfamilysurnames.com/wp-content/uploads/2021/04/mahoney-B-H.jpg,1,Mahoney,false,Mahoney,Learn the full history of your family with a Family History or a Crest/History Combination. Family History Standard : 16 x 20 cm | 6 x 8 inches. €9.90 Family History Large : 20 x 26 cm | 8 x 10 inches. €12.50 Family Combination (History &amp; Crest) : 26 x 20 cm | 10 x 8 inches.€14.95 Family Histories and Family Combin,,,,,,,,,,,,,g,,,true,true,,,unlisted
mahoney,,,,,,,false,,,,,,,,,,,,,,,,,,https://irishfamilysurnames.com/wp-content/uploads/2021/03/irishfamilysurnameslogo2.jpg,2,Mahoney,,,,,,,,,,,,,,,,,,,,,,,unlisted
mahoney,,,,,,,false,,,,,,,,,,,,,,,,,,https://irishfamilysurnames.com/wp-content/uploads/2021/04/moran-B-H-300x375.jpg,3,Mahoney,,,,,,,,,,,,,,,,,,,,,,,unlisted
mahoney,,,,,,,false,,,,,,,,,,,,,,,,,,https://irishfamilysurnames.com/wp-content/uploads/2021/04/mitchell-B-H-300x375.jpg,4,Mahoney,,,,,,,,,,,,,,,,,,,,,,,unlisted
mahoney,,,,,,,false,,,,,,,,,,,,,,,,,,https://irishfamilysurnames.com/wp-content/uploads/2021/04/moloney-B-H-300x375.jpg,5,Mahoney,,,,,,,,,,,,,,,,,,,,,,,unlisted
mahony,Mahony,"<p>Learn the full history of your family with a Family History or a Crest/History Combination.</p><p>Family History Standard : 16 x 20 cm | 6 x 8 inches. €9.90</p><p>Family History Large : 20 x 26 cm | 8 x 10 inches. €12.50</p><p>Family Combination (History &amp;amp;amp; Crest) : 26 x 20 cm | 10 x 8 inches.€14.95</p><p>Family Histories and Family Combinations are supplied mounted and ready to frame.<br/>FREE WORLDWIDE POSTAGE</p>",Irish Family Surnames,,General,"imported, unlisted",false,Title,Default Title,,,,,2114,0,shopify,1,deny,manual,9.90,,true,true,,https://irishfamilysurnames.com/wp-content/uploads/2021/04/mahony-B-H.jpg,1,Mahony,false,Mahony,Learn the full history of your family with a Family History or a Crest/History Combination. Family History Standard : 16 x 20 cm | 6 x 8 inches. €9.90 Family History Large : 20 x 26 cm | 8 x 10 inches. €12.50 Family Combination (History &amp; Crest) : 26 x 20 cm | 10 x 8 inches.€14.95 Family Histories and Family Combin,,,,,,,,,,,,,g,,,true,true,,,unlisted
mahony,,,,,,,false,,,,,,,,,,,,,,,,,,https://irishfamilysurnames.com/wp-content/uploads/2021/03/irishfamilysurnameslogo2.jpg,2,Mahony,,,,,,,,,,,,,,,,,,,,,,,unlisted
mahony,,,,,,,false,,,,,,,,,,,,,,,,,,https://irishfamilysurnames.com/wp-content/uploads/2021/04/moran-B-H-300x375.jpg,3,Mahony,,,,,,,,,,,,,,,,,,,,,,,unlisted
mahony,,,,,,,false,,,,,,,,,,,,,,,,,,https://irishfamilysurnames.com/wp-content/uploads/2021/04/murray-B-H-300x375.jpg,4,Mahony,,,,,,,,,,,,,,,,,,,,,,,unlisted
mahony,,,,,,,false,,,,,,,,,,,,,,,,,,https://irishfamilysurnames.com/wp-content/uploads/2021/04/mullen-B-H-300x375.jpg,5,Mahony,,,,,,,,,,,,,,,,,,,,,,,unlisted
malley,Malley,"<p>Learn the full history of your family with a Family History or a Crest/History Combination.</p><p>Family History Standard : 16 x 20 cm | 6 x 8 inches. €9.90</p><p>Family History Large : 20 x 26 cm | 8 x 10 inches. €12.50</p><p>Family Combination (History &amp;amp;amp; Crest) : 26 x 20 cm | 10 x 8 inches.€14.95</p><p>Family Histories and Family Combinations are supplied mounted and ready to frame.<br/>FREE WORLDWIDE POSTAGE</p>",Irish Family Surnames,,General,"imported, unlisted",false,Title,Default Title,,,,,2121,0,shopify,1,deny,manual,9.90,,true,true,,https://irishfamilysurnames.com/wp-content/uploads/2021/04/malley-B-H.jpg,1,Malley,false,Malley,Learn the full history of your family with a Family History or a Crest/History Combination. Family History Standard : 16 x 20 cm | 6 x 8 inches. €9.90 Family History Large : 20 x 26 cm | 8 x 10 inches. €12.50 Family Combination (History &amp; Crest) : 26 x 20 cm | 10 x 8 inches.€14.95 Family Histories and Family Combin,,,,,,,,,,,,,g,,,true,true,,,unlisted
malley,,,,,,,false,,,,,,,,,,,,,,,,,,https://irishfamilysurnames.com/wp-content/uploads/2021/03/irishfamilysurnameslogo2.jpg,2,Malley,,,,,,,,,,,,,,,,,,,,,,,unlisted
malley,,,,,,,false,,,,,,,,,,,,,,,,,,https://irishfamilysurnames.com/wp-content/uploads/2021/04/martin-B-H-300x375.jpg,3,Malley,,,,,,,,,,,,,,,,,,,,,,,unlisted
malley,,,,,,,false,,,,,,,,,,,,,,,,,,https://irishfamilysurnames.com/wp-content/uploads/2021/04/morris-B-H-300x375.jpg,4,Malley,,,,,,,,,,,,,,,,,,,,,,,unlisted
malley,,,,,,,false,,,,,,,,,,,,,,,,,,https://irishfamilysurnames.com/wp-content/uploads/2021/04/mahon-B-H-300x375.jpg,5,Malley,,,,,,,,,,,,,,,,,,,,,,,unlisted
manning,Manning,"<p>Learn the full history of your family with a Family History or a Crest/History Combination.</p><p>Family History Standard : 16 x 20 cm | 6 x 8 inches. €9.90</p><p>Family History Large : 20 x 26 cm | 8 x 10 inches. €12.50</p><p>Family Combination (History &amp;amp;amp; Crest) : 26 x 20 cm | 10 x 8 inches.€14.95</p><p>Family Histories and Family Combinations are supplied mounted and ready to frame.<br/>FREE WORLDWIDE POSTAGE</p>",Irish Family Surnames,,General,"imported, unlisted",false,Title,Default Title,,,,,2135,0,shopify,1,deny,manual,9.90,,true,true,,https://irishfamilysurnames.com/wp-content/uploads/2021/04/manning-B-H.jpg,1,Manning,false,Manning,Learn the full history of your family with a Family History or a Crest/History Combination. Family History Standard : 16 x 20 cm | 6 x 8 inches. €9.90 Family History Large : 20 x 26 cm | 8 x 10 inches. €12.50 Family Combination (History &amp; Crest) : 26 x 20 cm | 10 x 8 inches.€14.95 Family Histories and Family Combin,,,,,,,,,,,,,g,,,true,true,,,unlisted
manning,,,,,,,false,,,,,,,,,,,,,,,,,,https://irishfamilysurnames.com/wp-content/uploads/2021/03/irishfamilysurnameslogo2.jpg,2,Manning,,,,,,,,,,,,,,,,,,,,,,,unlisted
manning,,,,,,,false,,,,,,,,,,,,,,,,,,https://irishfamilysurnames.com/wp-content/uploads/2021/04/mullan-B-H-300x375.jpg,3,Manning,,,,,,,,,,,,,,,,,,,,,,,unlisted
manning,,,,,,,false,,,,,,,,,,,,,,,,,,https://irishfamilysurnames.com/wp-content/uploads/2021/04/monaghan-B-H-300x375.jpg,4,Manning,,,,,,,,,,,,,,,,,,,,,,,unlisted
manning,,,,,,,false,,,,,,,,,,,,,,,,,,https://irishfamilysurnames.com/wp-content/uploads/2021/04/morris-B-H-300x375.jpg,5,Manning,,,,,,,,,,,,,,,,,,,,,,,unlisted
mara,Mara,"<p>Learn the full history of your family with a Family History or a Crest/History Combination.</p><p>Family History Standard : 16 x 20 cm | 6 x 8 inches. €9.90</p><p>Family History Large : 20 x 26 cm | 8 x 10 inches. €12.50</p><p>Family Combination (History &amp;amp;amp; Crest) : 26 x 20 cm | 10 x 8 inches.€14.95</p><p>Family Histories and Family Combinations are supplied mounted and ready to frame.<br/>FREE WORLDWIDE POSTAGE</p>",Irish Family Surnames,,General,"imported, unlisted",false,Title,Default Title,,,,,2142,0,shopify,1,deny,manual,9.90,,true,true,,https://irishfamilysurnames.com/wp-content/uploads/2021/04/mara-B-H.jpg,1,Mara,false,Mara,Learn the full history of your family with a Family History or a Crest/History Combination. Family History Standard : 16 x 20 cm | 6 x 8 inches. €9.90 Family History Large : 20 x 26 cm | 8 x 10 inches. €12.50 Family Combination (History &amp; Crest) : 26 x 20 cm | 10 x 8 inches.€14.95 Family Histories and Family Combin,,,,,,,,,,,,,g,,,true,true,,,unlisted
mara,,,,,,,false,,,,,,,,,,,,,,,,,,https://irishfamilysurnames.com/wp-content/uploads/2021/03/irishfamilysurnameslogo2.jpg,2,Mara,,,,,,,,,,,,,,,,,,,,,,,unlisted
mara,,,,,,,false,,,,,,,,,,,,,,,,,,https://irishfamilysurnames.com/wp-content/uploads/2021/04/meehan-B-H-300x375.jpg,3,Mara,,,,,,,,,,,,,,,,,,,,,,,unlisted
mara,,,,,,,false,,,,,,,,,,,,,,,,,,https://irishfamilysurnames.com/wp-content/uploads/2021/04/mooney-B-H-300x375.jpg,4,Mara,,,,,,,,,,,,,,,,,,,,,,,unlisted
mara,,,,,,,false,,,,,,,,,,,,,,,,,,https://irishfamilysurnames.com/wp-content/uploads/2021/04/martin-B-H-300x375.jpg,5,Mara,,,,,,,,,,,,,,,,,,,,,,,unlisted
martin,Martin,"<p>Learn the full history of your family with a Family History or a Crest/History Combination.</p><p>Family History Standard : 16 x 20 cm | 6 x 8 inches. €9.90</p><p>Family History Large : 20 x 26 cm | 8 x 10 inches. €12.50</p><p>Family Combination (History &amp;amp;amp; Crest) : 26 x 20 cm | 10 x 8 inches.€14.95</p><p>Family Histories and Family Combinations are supplied mounted and ready to frame.<br/>FREE WORLDWIDE POSTAGE</p>",Irish Family Surnames,,General,"imported, unlisted",false,Title,Default Title,,,,,2149,0,shopify,1,deny,manual,9.90,,true,true,,https://irishfamilysurnames.com/wp-content/uploads/2021/04/martin-B-H.jpg,1,Martin,false,Martin,Learn the full history of your family with a Family History or a Crest/History Combination. Family History Standard : 16 x 20 cm | 6 x 8 inches. €9.90 Family History Large : 20 x 26 cm | 8 x 10 inches. €12.50 Family Combination (History &amp; Crest) : 26 x 20 cm | 10 x 8 inches.€14.95 Family Histories and Family Combin,,,,,,,,,,,,,g,,,true,true,,,unlisted
martin,,,,,,,false,,,,,,,,,,,,,,,,,,https://irishfamilysurnames.com/wp-content/uploads/2021/03/irishfamilysurnameslogo2.jpg,2,Martin,,,,,,,,,,,,,,,,,,,,,,,unlisted
martin,,,,,,,false,,,,,,,,,,,,,,,,,,https://irishfamilysurnames.com/wp-content/uploads/2021/04/mahoney-B-H-300x375.jpg,3,Martin,,,,,,,,,,,,,,,,,,,,,,,unlisted
martin,,,,,,,false,,,,,,,,,,,,,,,,,,https://irishfamilysurnames.com/wp-content/uploads/2021/04/moore-B-H-300x375.jpg,4,Martin,,,,,,,,,,,,,,,,,,,,,,,unlisted
martin,,,,,,,false,,,,,,,,,,,,,,,,,,https://irishfamilysurnames.com/wp-content/uploads/2021/04/murray-B-H-300x375.jpg,5,Martin,,,,,,,,,,,,,,,,,,,,,,,unlisted
meagher,Meagher,"<p>Learn the full history of your family with a Family History or a Crest/History Combination.</p><p>Family History Standard : 16 x 20 cm | 6 x 8 inches. €9.90</p><p>Family History Large : 20 x 26 cm | 8 x 10 inches. €12.50</p><p>Family Combination (History &amp;amp;amp; Crest) : 26 x 20 cm | 10 x 8 inches.€14.95</p><p>Family Histories and Family Combinations are supplied mounted and ready to frame.<br/>FREE WORLDWIDE POSTAGE</p>",Irish Family Surnames,,General,"imported, unlisted",false,Title,Default Title,,,,,2180,0,shopify,1,deny,manual,9.90,,true,true,,https://irishfamilysurnames.com/wp-content/uploads/2021/04/meagher-B-H.jpg,1,Meagher,false,Meagher,Learn the full history of your family with a Family History or a Crest/History Combination. Family History Standard : 16 x 20 cm | 6 x 8 inches. €9.90 Family History Large : 20 x 26 cm | 8 x 10 inches. €12.50 Family Combination (History &amp; Crest) : 26 x 20 cm | 10 x 8 inches.€14.95 Family Histories and Family Combin,,,,,,,,,,,,,g,,,true,true,,,unlisted
meagher,,,,,,,false,,,,,,,,,,,,,,,,,,https://irishfamilysurnames.com/wp-content/uploads/2021/03/irishfamilysurnameslogo2.jpg,2,Meagher,,,,,,,,,,,,,,,,,,,,,,,unlisted
meagher,,,,,,,false,,,,,,,,,,,,,,,,,,https://irishfamilysurnames.com/wp-content/uploads/2021/04/murphy-B-H-300x375.jpg,3,Meagher,,,,,,,,,,,,,,,,,,,,,,,unlisted
meagher,,,,,,,false,,,,,,,,,,,,,,,,,,https://irishfamilysurnames.com/wp-content/uploads/2021/04/mahon-B-H-300x375.jpg,4,Meagher,,,,,,,,,,,,,,,,,,,,,,,unlisted
meagher,,,,,,,false,,,,,,,,,,,,,,,,,,https://irishfamilysurnames.com/wp-content/uploads/2021/04/monaghan-B-H-300x375.jpg,5,Meagher,,,,,,,,,,,,,,,,,,,,,,,unlisted
miller,Miller,"<p>Learn the full history of your family with a Family History or a Crest/History Combination.</p><p>Family History Standard : 16 x 20 cm | 6 x 8 inches. €9.90</p><p>Family History Large : 20 x 26 cm | 8 x 10 inches. €12.50</p><p>Family Combination (History &amp;amp;amp; Crest) : 26 x 20 cm | 10 x 8 inches.€14.95</p><p>Family Histories and Family Combinations are supplied mounted and ready to frame.<br/>FREE WORLDWIDE POSTAGE</p>",Irish Family Surnames,,General,"imported, unlisted",false,Title,Default Title,,,,,2201,0,shopify,1,deny,manual,9.90,,true,true,,https://irishfamilysurnames.com/wp-content/uploads/2021/04/miller-B-H.jpg,1,Miller,false,Miller,Learn the full history of your family with a Family History or a Crest/History Combination. Family History Standard : 16 x 20 cm | 6 x 8 inches. €9.90 Family History Large : 20 x 26 cm | 8 x 10 inches. €12.50 Family Combination (History &amp; Crest) : 26 x 20 cm | 10 x 8 inches.€14.95 Family Histories and Family Combin,,,,,,,,,,,,,g,,,true,true,,,unlisted
miller,,,,,,,false,,,,,,,,,,,,,,,,,,https://irishfamilysurnames.com/wp-content/uploads/2021/03/irishfamilysurnameslogo2.jpg,2,Miller,,,,,,,,,,,,,,,,,,,,,,,unlisted
miller,,,,,,,false,,,,,,,,,,,,,,,,,,https://irishfamilysurnames.com/wp-content/uploads/2021/04/martin-B-H-300x375.jpg,3,Miller,,,,,,,,,,,,,,,,,,,,,,,unlisted
miller,,,,,,,false,,,,,,,,,,,,,,,,,,https://irishfamilysurnames.com/wp-content/uploads/2021/04/murray-B-H-300x375.jpg,4,Miller,,,,,,,,,,,,,,,,,,,,,,,unlisted
miller,,,,,,,false,,,,,,,,,,,,,,,,,,https://irishfamilysurnames.com/wp-content/uploads/2021/04/mahony-B-H-300x375.jpg,5,Miller,,,,,,,,,,,,,,,,,,,,,,,unlisted
mitchell,Mitchell,"<p>Learn the full history of your family with a Family History or a Crest/History Combination.</p><p>Family History Standard : 16 x 20 cm | 6 x 8 inches. €9.90</p><p>Family History Large : 20 x 26 cm | 8 x 10 inches. €12.50</p><p>Family Combination (History &amp;amp;amp; Crest) : 26 x 20 cm | 10 x 8 inches.€14.95</p><p>Family Histories and Family Combinations are supplied mounted and ready to frame.<br/>FREE WORLDWIDE POSTAGE</p>",Irish Family Surnames,,General,"imported, unlisted",false,Title,Default Title,,,,,2208,0,shopify,1,deny,manual,9.90,,true,true,,https://irishfamilysurnames.com/wp-content/uploads/2021/04/mitchell-B-H.jpg,1,Mitchell,false,Mitchell,Learn the full history of your family with a Family History or a Crest/History Combination. Family History Standard : 16 x 20 cm | 6 x 8 inches. €9.90 Family History Large : 20 x 26 cm | 8 x 10 inches. €12.50 Family Combination (History &amp; Crest) : 26 x 20 cm | 10 x 8 inches.€14.95 Family Histories and Family Combin,,,,,,,,,,,,,g,,,true,true,,,unlisted
mitchell,,,,,,,false,,,,,,,,,,,,,,,,,,https://irishfamilysurnames.com/wp-content/uploads/2021/03/irishfamilysurnameslogo2.jpg,2,Mitchell,,,,,,,,,,,,,,,,,,,,,,,unlisted
mitchell,,,,,,,false,,,,,,,,,,,,,,,,,,https://irishfamilysurnames.com/wp-content/uploads/2021/04/mulligan-B-H-300x375.jpg,3,Mitchell,,,,,,,,,,,,,,,,,,,,,,,unlisted
mitchell,,,,,,,false,,,,,,,,,,,,,,,,,,https://irishfamilysurnames.com/wp-content/uploads/2021/04/mackey-B-H-300x375.jpg,4,Mitchell,,,,,,,,,,,,,,,,,,,,,,,unlisted
mitchell,,,,,,,false,,,,,,,,,,,,,,,,,,https://irishfamilysurnames.com/wp-content/uploads/2021/04/malley-B-H-300x375.jpg,5,Mitchell,,,,,,,,,,,,,,,,,,,,,,,unlisted
monaghan,Monaghan,"<p>Learn the full history of your family with a Family History or a Crest/History Combination.</p><p>Family History Standard : 16 x 20 cm | 6 x 8 inches. €9.90</p><p>Family History Large : 20 x 26 cm | 8 x 10 inches. €12.50</p><p>Family Combination (History &amp;amp;amp; Crest) : 26 x 20 cm | 10 x 8 inches.€14.95</p><p>Family Histories and Family Combinations are supplied mounted and ready to frame.<br/>FREE WORLDWIDE POSTAGE</p>",Irish Family Surnames,,General,"imported, unlisted",false,Title,Default Title,,,,,2245,0,shopify,1,deny,manual,9.90,,true,true,,https://irishfamilysurnames.com/wp-content/uploads/2021/04/monaghan-B-H.jpg,1,Monaghan,false,Monaghan,Learn the full history of your family with a Family History or a Crest/History Combination. Family History Standard : 16 x 20 cm | 6 x 8 inches. €9.90 Family History Large : 20 x 26 cm | 8 x 10 inches. €12.50 Family Combination (History &amp; Crest) : 26 x 20 cm | 10 x 8 inches.€14.95 Family Histories and Family Combin,,,,,,,,,,,,,g,,,true,true,,,unlisted
monaghan,,,,,,,false,,,,,,,,,,,,,,,,,,https://irishfamilysurnames.com/wp-content/uploads/2021/03/irishfamilysurnameslogo2.jpg,2,Monaghan,,,,,,,,,,,,,,,,,,,,,,,unlisted
monaghan,,,,,,,false,,,,,,,,,,,,,,,,,,https://irishfamilysurnames.com/wp-content/uploads/2021/04/maguire-B-H-300x375.jpg,3,Monaghan,,,,,,,,,,,,,,,,,,,,,,,unlisted
monaghan,,,,,,,false,,,,,,,,,,,,,,,,,,https://irishfamilysurnames.com/wp-content/uploads/2021/04/mooney-B-H-300x375.jpg,4,Monaghan,,,,,,,,,,,,,,,,,,,,,,,unlisted
monaghan,,,,,,,false,,,,,,,,,,,,,,,,,,https://irishfamilysurnames.com/wp-content/uploads/2021/04/mullan-B-H-300x375.jpg,5,Monaghan,,,,,,,,,,,,,,,,,,,,,,,unlisted
mooney,Mooney,"<p>Learn the full history of your family with a Family History or a Crest/History Combination.</p><p>Family History Standard : 16 x 20 cm | 6 x 8 inches. €9.90</p><p>Family History Large : 20 x 26 cm | 8 x 10 inches. €12.50</p><p>Family Combination (History &amp;amp;amp; Crest) : 26 x 20 cm | 10 x 8 inches.€14.95</p><p>Family Histories and Family Combinations are supplied mounted and ready to frame.<br/>FREE WORLDWIDE POSTAGE</p>",Irish Family Surnames,,General,"imported, unlisted",false,Title,Default Title,,,,,2260,0,shopify,1,deny,manual,9.90,,true,true,,https://irishfamilysurnames.com/wp-content/uploads/2021/04/mooney-B-H.jpg,1,Mooney,false,Mooney,Learn the full history of your family with a Family History or a Crest/History Combination. Family History Standard : 16 x 20 cm | 6 x 8 inches. €9.90 Family History Large : 20 x 26 cm | 8 x 10 inches. €12.50 Family Combination (History &amp; Crest) : 26 x 20 cm | 10 x 8 inches.€14.95 Family Histories and Family Combin,,,,,,,,,,,,,g,,,true,true,,,unlisted
mooney,,,,,,,false,,,,,,,,,,,,,,,,,,https://irishfamilysurnames.com/wp-content/uploads/2021/03/irishfamilysurnameslogo2.jpg,2,Mooney,,,,,,,,,,,,,,,,,,,,,,,unlisted
mooney,,,,,,,false,,,,,,,,,,,,,,,,,,https://irishfamilysurnames.com/wp-content/uploads/2021/04/malone-B-H-300x375.jpg,3,Mooney,,,,,,,,,,,,,,,,,,,,,,,unlisted
mooney,,,,,,,false,,,,,,,,,,,,,,,,,,https://irishfamilysurnames.com/wp-content/uploads/2021/04/monaghan-B-H-300x375.jpg,4,Mooney,,,,,,,,,,,,,,,,,,,,,,,unlisted
mooney,,,,,,,false,,,,,,,,,,,,,,,,,,https://irishfamilysurnames.com/wp-content/uploads/2021/04/madden-B-H-300x375.jpg,5,Mooney,,,,,,,,,,,,,,,,,,,,,,,unlisted
moore,Moore,"<p>Learn the full history of your family with a Family History or a Crest/History Combination.</p><p>Family History Standard : 16 x 20 cm | 6 x 8 inches. €9.90</p><p>Family History Large : 20 x 26 cm | 8 x 10 inches. €12.50</p><p>Family Combination (History &amp;amp;amp; Crest) : 26 x 20 cm | 10 x 8 inches.€14.95</p><p>Family Histories and Family Combinations are supplied mounted and ready to frame.<br/>FREE WORLDWIDE POSTAGE</p>",Irish Family Surnames,,General,"imported, unlisted",false,Title,Default Title,,,,,2272,0,shopify,1,deny,manual,9.90,,true,true,,https://irishfamilysurnames.com/wp-content/uploads/2021/04/moore-B-H.jpg,1,Moore,false,Moore,Learn the full history of your family with a Family History or a Crest/History Combination. Family History Standard : 16 x 20 cm | 6 x 8 inches. €9.90 Family History Large : 20 x 26 cm | 8 x 10 inches. €12.50 Family Combination (History &amp; Crest) : 26 x 20 cm | 10 x 8 inches.€14.95 Family Histories and Family Combin,,,,,,,,,,,,,g,,,true,true,,,unlisted
moore,,,,,,,false,,,,,,,,,,,,,,,,,,https://irishfamilysurnames.com/wp-content/uploads/2021/03/irishfamilysurnameslogo2.jpg,2,Moore,,,,,,,,,,,,,,,,,,,,,,,unlisted
moore,,,,,,,false,,,,,,,,,,,,,,,,,,https://irishfamilysurnames.com/wp-content/uploads/2021/04/mitchell-B-H-300x375.jpg,3,Moore,,,,,,,,,,,,,,,,,,,,,,,unlisted
moore,,,,,,,false,,,,,,,,,,,,,,,,,,https://irishfamilysurnames.com/wp-content/uploads/2021/04/malley-B-H-300x375.jpg,4,Moore,,,,,,,,,,,,,,,,,,,,,,,unlisted
moore,,,,,,,false,,,,,,,,,,,,,,,,,,https://irishfamilysurnames.com/wp-content/uploads/2021/04/mahony-B-H-300x375.jpg,5,Moore,,,,,,,,,,,,,,,,,,,,,,,unlisted
moran,Moran,"<p>Learn the full history of your family with a Family History or a Crest/History Combination.</p><p>Family History Standard : 16 x 20 cm | 6 x 8 inches. €9.90</p><p>Family History Large : 20 x 26 cm | 8 x 10 inches. €12.50</p><p>Family Combination (History &amp;amp;amp; Crest) : 26 x 20 cm | 10 x 8 inches.€14.95</p><p>Family Histories and Family Combinations are supplied mounted and ready to frame.<br/>FREE WORLDWIDE POSTAGE</p>",Irish Family Surnames,,General,"imported, unlisted",false,Title,Default Title,,,,,2283,0,shopify,1,deny,manual,9.90,,true,true,,https://irishfamilysurnames.com/wp-content/uploads/2021/04/moran-B-H.jpg,1,Moran,false,Moran,Learn the full history of your family with a Family History or a Crest/History Combination. Family History Standard : 16 x 20 cm | 6 x 8 inches. €9.90 Family History Large : 20 x 26 cm | 8 x 10 inches. €12.50 Family Combination (History &amp; Crest) : 26 x 20 cm | 10 x 8 inches.€14.95 Family Histories and Family Combin,,,,,,,,,,,,,g,,,true,true,,,unlisted
moran,,,,,,,false,,,,,,,,,,,,,,,,,,https://irishfamilysurnames.com/wp-content/uploads/2021/03/irishfamilysurnameslogo2.jpg,2,Moran,,,,,,,,,,,,,,,,,,,,,,,unlisted
moran,,,,,,,false,,,,,,,,,,,,,,,,,,https://irishfamilysurnames.com/wp-content/uploads/2021/04/manning-B-H-300x375.jpg,3,Moran,,,,,,,,,,,,,,,,,,,,,,,unlisted
moran,,,,,,,false,,,,,,,,,,,,,,,,,,https://irishfamilysurnames.com/wp-content/uploads/2021/04/mahon-B-H-300x375.jpg,4,Moran,,,,,,,,,,,,,,,,,,,,,,,unlisted
moran,,,,,,,false,,,,,,,,,,,,,,,,,,https://irishfamilysurnames.com/wp-content/uploads/2021/04/mooney-B-H-300x375.jpg,5,Moran,,,,,,,,,,,,,,,,,,,,,,,unlisted
moriarty,Moriarty,"<p>Learn the full history of your family with a Family History or a Crest/History Combination.</p><p>Family History Standard : 16 x 20 cm | 6 x 8 inches. €9.90</p><p>Family History Large : 20 x 26 cm | 8 x 10 inches. €12.50</p><p>Family Combination (History &amp;amp;amp; Crest) : 26 x 20 cm | 10 x 8 inches.€14.95</p><p>Family Histories and Family Combinations are supplied mounted and ready to frame.<br/>FREE WORLDWIDE POSTAGE</p>",Irish Family Surnames,,General,"imported, unlisted",false,Title,Default Title,,,,,2294,0,shopify,1,deny,manual,9.90,,true,true,,https://irishfamilysurnames.com/wp-content/uploads/2021/04/moriarty-B-H.jpg,1,Moriarty,false,Moriarty,Learn the full history of your family with a Family History or a Crest/History Combination. Family History Standard : 16 x 20 cm | 6 x 8 inches. €9.90 Family History Large : 20 x 26 cm | 8 x 10 inches. €12.50 Family Combination (History &amp; Crest) : 26 x 20 cm | 10 x 8 inches.€14.95 Family Histories and Family Combin,,,,,,,,,,,,,g,,,true,true,,,unlisted
moriarty,,,,,,,false,,,,,,,,,,,,,,,,,,https://irishfamilysurnames.com/wp-content/uploads/2021/03/irishfamilysurnameslogo2.jpg,2,Moriarty,,,,,,,,,,,,,,,,,,,,,,,unlisted
moriarty,,,,,,,false,,,,,,,,,,,,,,,,,,https://irishfamilysurnames.com/wp-content/uploads/2021/04/meara-B-H-300x375.jpg,3,Moriarty,,,,,,,,,,,,,,,,,,,,,,,unlisted
moriarty,,,,,,,false,,,,,,,,,,,,,,,,,,https://irishfamilysurnames.com/wp-content/uploads/2021/04/murphy-B-H-300x375.jpg,4,Moriarty,,,,,,,,,,,,,,,,,,,,,,,unlisted
moriarty,,,,,,,false,,,,,,,,,,,,,,,,,,https://irishfamilysurnames.com/wp-content/uploads/2021/04/magee-B-H-300x375.jpg,5,Moriarty,,,,,,,,,,,,,,,,,,,,,,,unlisted
morris,Morris,"<p>Learn the full history of your family with a Family History or a Crest/History Combination.</p><p>Family History Standard : 16 x 20 cm | 6 x 8 inches. €9.90</p><p>Family History Large : 20 x 26 cm | 8 x 10 inches. €12.50</p><p>Family Combination (History &amp;amp;amp; Crest) : 26 x 20 cm | 10 x 8 inches.€14.95</p><p>Family Histories and Family Combinations are supplied mounted and ready to frame.<br/>FREE WORLDWIDE POSTAGE</p>",Irish Family Surnames,,General,"imported, unlisted",false,Title,Default Title,,,,,2305,0,shopify,1,deny,manual,9.90,,true,true,,https://irishfamilysurnames.com/wp-content/uploads/2021/04/morris-B-H.jpg,1,Morris,false,Morris,Learn the full history of your family with a Family History or a Crest/History Combination. Family History Standard : 16 x 20 cm | 6 x 8 inches. €9.90 Family History Large : 20 x 26 cm | 8 x 10 inches. €12.50 Family Combination (History &amp; Crest) : 26 x 20 cm | 10 x 8 inches.€14.95 Family Histories and Family Combin,,,,,,,,,,,,,g,,,true,true,,,unlisted
morris,,,,,,,false,,,,,,,,,,,,,,,,,,https://irishfamilysurnames.com/wp-content/uploads/2021/03/irishfamilysurnameslogo2.jpg,2,Morris,,,,,,,,,,,,,,,,,,,,,,,unlisted
morris,,,,,,,false,,,,,,,,,,,,,,,,,,https://irishfamilysurnames.com/wp-content/uploads/2021/04/mulligan-B-H-300x375.jpg,3,Morris,,,,,,,,,,,,,,,,,,,,,,,unlisted
morris,,,,,,,false,,,,,,,,,,,,,,,,,,https://irishfamilysurnames.com/wp-content/uploads/2021/04/murphy-B-H-300x375.jpg,4,Morris,,,,,,,,,,,,,,,,,,,,,,,unlisted
morris,,,,,,,false,,,,,,,,,,,,,,,,,,https://irishfamilysurnames.com/wp-content/uploads/2021/04/moore-B-H-300x375.jpg,5,Morris,,,,,,,,,,,,,,,,,,,,,,,unlisted
mullan,Mullan,"<p>Learn the full history of your family with a Family History or a Crest/History Combination.</p><p>Family History Standard : 16 x 20 cm | 6 x 8 inches. €9.90</p><p>Family History Large : 20 x 26 cm | 8 x 10 inches. €12.50</p><p>Family Combination (History &amp;amp;amp; Crest) : 26 x 20 cm | 10 x 8 inches.€14.95</p><p>Family Histories and Family Combinations are supplied mounted and ready to frame.<br/>FREE WORLDWIDE POSTAGE</p>",Irish Family Surnames,,General,"imported, unlisted",false,Title,Default Title,,,,,2316,0,shopify,1,deny,manual,9.90,,true,true,,https://irishfamilysurnames.com/wp-content/uploads/2021/04/mullan-B-H.jpg,1,Mullan,false,Mullan,Learn the full history of your family with a Family History or a Crest/History Combination. Family History Standard : 16 x 20 cm | 6 x 8 inches. €9.90 Family History Large : 20 x 26 cm | 8 x 10 inches. €12.50 Family Combination (History &amp; Crest) : 26 x 20 cm | 10 x 8 inches.€14.95 Family Histories and Family Combin,,,,,,,,,,,,,g,,,true,true,,,unlisted
mullan,,,,,,,false,,,,,,,,,,,,,,,,,,https://irishfamilysurnames.com/wp-content/uploads/2021/03/irishfamilysurnameslogo2.jpg,2,Mullan,,,,,,,,,,,,,,,,,,,,,,,unlisted
mullan,,,,,,,false,,,,,,,,,,,,,,,,,,https://irishfamilysurnames.com/wp-content/uploads/2021/04/martin-B-H-300x375.jpg,3,Mullan,,,,,,,,,,,,,,,,,,,,,,,unlisted
mullan,,,,,,,false,,,,,,,,,,,,,,,,,,https://irishfamilysurnames.com/wp-content/uploads/2021/04/magee-B-H-300x375.jpg,4,Mullan,,,,,,,,,,,,,,,,,,,,,,,unlisted
mullan,,,,,,,false,,,,,,,,,,,,,,,,,,https://irishfamilysurnames.com/wp-content/uploads/2021/04/moloney-B-H-300x375.jpg,5,Mullan,,,,,,,,,,,,,,,,,,,,,,,unlisted
mulligan,Mulligan,"<p>Learn the full history of your family with a Family History or a Crest/History Combination.</p><p>Family History Standard : 16 x 20 cm | 6 x 8 inches. €9.90</p><p>Family History Large : 20 x 26 cm | 8 x 10 inches. €12.50</p><p>Family Combination (History &amp;amp;amp; Crest) : 26 x 20 cm | 10 x 8 inches.€14.95</p><p>Family Histories and Family Combinations are supplied mounted and ready to frame.<br/>FREE WORLDWIDE POSTAGE</p>",Irish Family Surnames,,General,"imported, unlisted",false,Title,Default Title,,,,,2338,0,shopify,1,deny,manual,9.90,,true,true,,https://irishfamilysurnames.com/wp-content/uploads/2021/04/mulligan-B-H.jpg,1,Mulligan,false,Mulligan,Learn the full history of your family with a Family History or a Crest/History Combination. Family History Standard : 16 x 20 cm | 6 x 8 inches. €9.90 Family History Large : 20 x 26 cm | 8 x 10 inches. €12.50 Family Combination (History &amp; Crest) : 26 x 20 cm | 10 x 8 inches.€14.95 Family Histories and Family Combin,,,,,,,,,,,,,g,,,true,true,,,unlisted
mulligan,,,,,,,false,,,,,,,,,,,,,,,,,,https://irishfamilysurnames.com/wp-content/uploads/2021/03/irishfamilysurnameslogo2.jpg,2,Mulligan,,,,,,,,,,,,,,,,,,,,,,,unlisted
mulligan,,,,,,,false,,,,,,,,,,,,,,,,,,https://irishfamilysurnames.com/wp-content/uploads/2021/04/manning-B-H-300x375.jpg,3,Mulligan,,,,,,,,,,,,,,,,,,,,,,,unlisted
mulligan,,,,,,,false,,,,,,,,,,,,,,,,,,https://irishfamilysurnames.com/wp-content/uploads/2021/04/mooney-B-H-300x375.jpg,4,Mulligan,,,,,,,,,,,,,,,,,,,,,,,unlisted
mulligan,,,,,,,false,,,,,,,,,,,,,,,,,,https://irishfamilysurnames.com/wp-content/uploads/2021/04/monahan-B-H-300x375.jpg,5,Mulligan,,,,,,,,,,,,,,,,,,,,,,,unlisted
murphy,Murphy,"<p>Learn the full history of your family with a Family History or a Crest/History Combination.</p><p>Family History Standard : 16 x 20 cm | 6 x 8 inches. €9.90</p><p>Family History Large : 20 x 26 cm | 8 x 10 inches. €12.50</p><p>Family Combination (History &amp;amp;amp; Crest) : 26 x 20 cm | 10 x 8 inches.€14.95</p><p>Family Histories and Family Combinations are supplied mounted and ready to frame.<br/>FREE WORLDWIDE POSTAGE</p>",Irish Family Surnames,,General,"imported, unlisted",false,Title,Default Title,,,,,2349,0,shopify,1,deny,manual,9.90,,true,true,,https://irishfamilysurnames.com/wp-content/uploads/2021/04/murphy-B-H.jpg,1,Murphy,false,Murphy,Learn the full history of your family with a Family History or a Crest/History Combination. Family History Standard : 16 x 20 cm | 6 x 8 inches. €9.90 Family History Large : 20 x 26 cm | 8 x 10 inches. €12.50 Family Combination (History &amp; Crest) : 26 x 20 cm | 10 x 8 inches.€14.95 Family Histories and Family Combin,,,,,,,,,,,,,g,,,true,true,,,unlisted
murphy,,,,,,,false,,,,,,,,,,,,,,,,,,https://irishfamilysurnames.com/wp-content/uploads/2021/03/irishfamilysurnameslogo2.jpg,2,Murphy,,,,,,,,,,,,,,,,,,,,,,,unlisted
murphy,,,,,,,false,,,,,,,,,,,,,,,,,,https://irishfamilysurnames.com/wp-content/uploads/2021/04/malley-B-H-300x375.jpg,3,Murphy,,,,,,,,,,,,,,,,,,,,,,,unlisted
murphy,,,,,,,false,,,,,,,,,,,,,,,,,,https://irishfamilysurnames.com/wp-content/uploads/2021/04/mahony-B-H-300x375.jpg,4,Murphy,,,,,,,,,,,,,,,,,,,,,,,unlisted
murphy,,,,,,,false,,,,,,,,,,,,,,,,,,https://irishfamilysurnames.com/wp-content/uploads/2021/04/mahon-B-H-300x375.jpg,5,Murphy,,,,,,,,,,,,,,,,,,,,,,,unlisted
murray,Murray,"<p>Learn the full history of your family with a Family History or a Crest/History Combination.</p><p>Family History Standard : 16 x 20 cm | 6 x 8 inches. €9.90</p><p>Family History Large : 20 x 26 cm | 8 x 10 inches. €12.50</p><p>Family Combination (History &amp;amp;amp; Crest) : 26 x 20 cm | 10 x 8 inches.€14.95</p><p>Family Histories and Family Combinations are supplied mounted and ready to frame.<br/>FREE WORLDWIDE POSTAGE</p>",Irish Family Surnames,,General,"imported, unlisted",false,Title,Default Title,,,,,2360,0,shopify,1,deny,manual,9.90,,true,true,,https://irishfamilysurnames.com/wp-content/uploads/2021/04/murray-B-H.jpg,1,Murray,false,Murray,Learn the full history of your family with a Family History or a Crest/History Combination. Family History Standard : 16 x 20 cm | 6 x 8 inches. €9.90 Family History Large : 20 x 26 cm | 8 x 10 inches. €12.50 Family Combination (History &amp; Crest) : 26 x 20 cm | 10 x 8 inches.€14.95 Family Histories and Family Combin,,,,,,,,,,,,,g,,,true,true,,,unlisted
murray,,,,,,,false,,,,,,,,,,,,,,,,,,https://irishfamilysurnames.com/wp-content/uploads/2021/03/irishfamilysurnameslogo2.jpg,2,Murray,,,,,,,,,,,,,,,,,,,,,,,unlisted
murray,,,,,,,false,,,,,,,,,,,,,,,,,,https://irishfamilysurnames.com/wp-content/uploads/2021/04/moran-B-H-300x375.jpg,3,Murray,,,,,,,,,,,,,,,,,,,,,,,unlisted
murray,,,,,,,false,,,,,,,,,,,,,,,,,,https://irishfamilysurnames.com/wp-content/uploads/2021/04/martin-B-H-300x375.jpg,4,Murray,,,,,,,,,,,,,,,,,,,,,,,unlisted
murray,,,,,,,false,,,,,,,,,,,,,,,,,,https://irishfamilysurnames.com/wp-content/uploads/2021/04/monahan-B-H-300x375.jpg,5,Murray,,,,,,,,,,,,,,,,,,,,,,,unlisted
mcawley,McAwley,"<p>Learn the full history of your family with a Family History or a Crest/History Combination.</p><p>Family History Standard : 16 x 20 cm | 6 x 8 inches. €9.90</p><p>Family History Large : 20 x 26 cm | 8 x 10 inches. €12.50</p><p>Family Combination (History &amp;amp;amp; Crest) : 26 x 20 cm | 10 x 8 inches.€14.95</p><p>Family Histories and Family Combinations are supplied mounted and ready to frame.<br/>FREE WORLDWIDE POSTAGE</p>",Irish Family Surnames,,General,"imported, unlisted",false,Title,Default Title,,,,,2382,0,shopify,1,deny,manual,9.90,,true,true,,https://irishfamilysurnames.com/wp-content/uploads/2021/04/mcawley-B-H.jpg,1,McAwley,false,McAwley,Learn the full history of your family with a Family History or a Crest/History Combination. Family History Standard : 16 x 20 cm | 6 x 8 inches. €9.90 Family History Large : 20 x 26 cm | 8 x 10 inches. €12.50 Family Combination (History &amp; Crest) : 26 x 20 cm | 10 x 8 inches.€14.95 Family Histories and Family Combin,,,,,,,,,,,,,g,,,true,true,,,unlisted
mcawley,,,,,,,false,,,,,,,,,,,,,,,,,,https://irishfamilysurnames.com/wp-content/uploads/2021/03/irishfamilysurnameslogo2.jpg,2,McAwley,,,,,,,,,,,,,,,,,,,,,,,unlisted
mcawley,,,,,,,false,,,,,,,,,,,,,,,,,,https://irishfamilysurnames.com/wp-content/uploads/2021/04/mcgrath-B-H-300x375.jpg,3,McAwley,,,,,,,,,,,,,,,,,,,,,,,unlisted
mcawley,,,,,,,false,,,,,,,,,,,,,,,,,,https://irishfamilysurnames.com/wp-content/uploads/2021/04/mckee-B-H-300x375.jpg,4,McAwley,,,,,,,,,,,,,,,,,,,,,,,unlisted
mcawley,,,,,,,false,,,,,,,,,,,,,,,,,,https://irishfamilysurnames.com/wp-content/uploads/2021/04/mccormack-B-H-300x375.jpg,5,McAwley,,,,,,,,,,,,,,,,,,,,,,,unlisted
mccabe,McCabe,"<p>Learn the full history of your family with a Family History or a Crest/History Combination.</p><p>Family History Standard : 16 x 20 cm | 6 x 8 inches. €9.90</p><p>Family History Large : 20 x 26 cm | 8 x 10 inches. €12.50</p><p>Family Combination (History &amp;amp;amp; Crest) : 26 x 20 cm | 10 x 8 inches.€14.95</p><p>Family Histories and Family Combinations are supplied mounted and ready to frame.<br/>FREE WORLDWIDE POSTAGE</p>",Irish Family Surnames,,General,"imported, unlisted",false,Title,Default Title,,,,,2393,0,shopify,1,deny,manual,9.90,,true,true,,https://irishfamilysurnames.com/wp-content/uploads/2021/04/mccabe-B-H.jpg,1,McCabe,false,McCabe,Learn the full history of your family with a Family History or a Crest/History Combination. Family History Standard : 16 x 20 cm | 6 x 8 inches. €9.90 Family History Large : 20 x 26 cm | 8 x 10 inches. €12.50 Family Combination (History &amp; Crest) : 26 x 20 cm | 10 x 8 inches.€14.95 Family Histories and Family Combin,,,,,,,,,,,,,g,,,true,true,,,unlisted
mccabe,,,,,,,false,,,,,,,,,,,,,,,,,,https://irishfamilysurnames.com/wp-content/uploads/2021/03/irishfamilysurnameslogo2.jpg,2,McCabe,,,,,,,,,,,,,,,,,,,,,,,unlisted
mccabe,,,,,,,false,,,,,,,,,,,,,,,,,,https://irishfamilysurnames.com/wp-content/uploads/2021/04/mcnally-B-H-300x375.jpg,3,McCabe,,,,,,,,,,,,,,,,,,,,,,,unlisted
mccabe,,,,,,,false,,,,,,,,,,,,,,,,,,https://irishfamilysurnames.com/wp-content/uploads/2021/04/mcauley-B-H-300x375.jpg,4,McCabe,,,,,,,,,,,,,,,,,,,,,,,unlisted
mccabe,,,,,,,false,,,,,,,,,,,,,,,,,,https://irishfamilysurnames.com/wp-content/uploads/2021/04/mcloughlin-B-H-300x375.jpg,5,McCabe,,,,,,,,,,,,,,,,,,,,,,,unlisted
mccarthy,McCarthy,"<p>Learn the full history of your family with a Family History or a Crest/History Combination.</p><p>Family History Standard : 16 x 20 cm | 6 x 8 inches. €9.90</p><p>Family History Large : 20 x 26 cm | 8 x 10 inches. €12.50</p><p>Family Combination (History &amp;amp;amp; Crest) : 26 x 20 cm | 10 x 8 inches.€14.95</p><p>Family Histories and Family Combinations are supplied mounted and ready to frame.<br/>FREE WORLDWIDE POSTAGE</p>",Irish Family Surnames,,General,"imported, unlisted",false,Title,Default Title,,,,,2417,0,shopify,1,deny,manual,9.90,,true,true,,https://irishfamilysurnames.com/wp-content/uploads/2021/04/mccarthy-B-H.jpg,1,McCarthy,false,McCarthy,Learn the full history of your family with a Family History or a Crest/History Combination. Family History Standard : 16 x 20 cm | 6 x 8 inches. €9.90 Family History Large : 20 x 26 cm | 8 x 10 inches. €12.50 Family Combination (History &amp; Crest) : 26 x 20 cm | 10 x 8 inches.€14.95 Family Histories and Family Combin,,,,,,,,,,,,,g,,,true,true,,,unlisted
mccarthy,,,,,,,false,,,,,,,,,,,,,,,,,,https://irishfamilysurnames.com/wp-content/uploads/2021/03/irishfamilysurnameslogo2.jpg,2,McCarthy,,,,,,,,,,,,,,,,,,,,,,,unlisted
mccarthy,,,,,,,false,,,,,,,,,,,,,,,,,,https://irishfamilysurnames.com/wp-content/uploads/2021/04/mcgrath-B-H-300x375.jpg,3,McCarthy,,,,,,,,,,,,,,,,,,,,,,,unlisted
mccarthy,,,,,,,false,,,,,,,,,,,,,,,,,,https://irishfamilysurnames.com/wp-content/uploads/2021/04/mcguire-B-H-300x375.jpg,4,McCarthy,,,,,,,,,,,,,,,,,,,,,,,unlisted
mccarthy,,,,,,,false,,,,,,,,,,,,,,,,,,https://irishfamilysurnames.com/wp-content/uploads/2021/04/mcginley-B-H-300x375.jpg,5,McCarthy,,,,,,,,,,,,,,,,,,,,,,,unlisted
mccormack,McCormack,"<p>Learn the full history of your family with a Family History or a Crest/History Combination.</p><p>Family History Standard : 16 x 20 cm | 6 x 8 inches. €9.90</p><p>Family History Large : 20 x 26 cm | 8 x 10 inches. €12.50</p><p>Family Combination (History &amp;amp;amp; Crest) : 26 x 20 cm | 10 x 8 inches.€14.95</p><p>Family Histories and Family Combinations are supplied mounted and ready to frame.<br/>FREE WORLDWIDE POSTAGE</p>",Irish Family Surnames,,General,"imported, unlisted",false,Title,Default Title,,,,,2428,0,shopify,1,deny,manual,9.90,,true,true,,https://irishfamilysurnames.com/wp-content/uploads/2021/04/mccormack-B-H.jpg,1,McCormack,false,McCormack,Learn the full history of your family with a Family History or a Crest/History Combination. Family History Standard : 16 x 20 cm | 6 x 8 inches. €9.90 Family History Large : 20 x 26 cm | 8 x 10 inches. €12.50 Family Combination (History &amp; Crest) : 26 x 20 cm | 10 x 8 inches.€14.95 Family Histories and Family Combin,,,,,,,,,,,,,g,,,true,true,,,unlisted
mccormack,,,,,,,false,,,,,,,,,,,,,,,,,,https://irishfamilysurnames.com/wp-content/uploads/2021/03/irishfamilysurnameslogo2.jpg,2,McCormack,,,,,,,,,,,,,,,,,,,,,,,unlisted
mccormack,,,,,,,false,,,,,,,,,,,,,,,,,,https://irishfamilysurnames.com/wp-content/uploads/2021/04/mcdonagh-B-H-300x375.jpg,3,McCormack,,,,,,,,,,,,,,,,,,,,,,,unlisted
mccormack,,,,,,,false,,,,,,,,,,,,,,,,,,https://irishfamilysurnames.com/wp-content/uploads/2021/04/mcmanus-B-H-300x375.jpg,4,McCormack,,,,,,,,,,,,,,,,,,,,,,,unlisted
mccormack,,,,,,,false,,,,,,,,,,,,,,,,,,https://irishfamilysurnames.com/wp-content/uploads/2021/04/mclaughlin-B-H-300x375.jpg,5,McCormack,,,,,,,,,,,,,,,,,,,,,,,unlisted
mccormick,McCormick,"<p>Learn the full history of your family with a Family History or a Crest/History Combination.</p><p>Family History Standard : 16 x 20 cm | 6 x 8 inches. €9.90</p><p>Family History Large : 20 x 26 cm | 8 x 10 inches. €12.50</p><p>Family Combination (History &amp;amp;amp; Crest) : 26 x 20 cm | 10 x 8 inches.€14.95</p><p>Family Histories and Family Combinations are supplied mounted and ready to frame.<br/>FREE WORLDWIDE POSTAGE</p>",Irish Family Surnames,,General,"imported, unlisted",false,Title,Default Title,,,,,2439,0,shopify,1,deny,manual,9.90,,true,true,,https://irishfamilysurnames.com/wp-content/uploads/2021/04/mccormick-B-H.jpg,1,McCormick,false,McCormick,Learn the full history of your family with a Family History or a Crest/History Combination. Family History Standard : 16 x 20 cm | 6 x 8 inches. €9.90 Family History Large : 20 x 26 cm | 8 x 10 inches. €12.50 Family Combination (History &amp; Crest) : 26 x 20 cm | 10 x 8 inches.€14.95 Family Histories and Family Combin,,,,,,,,,,,,,g,,,true,true,,,unlisted
mccormick,,,,,,,false,,,,,,,,,,,,,,,,,,https://irishfamilysurnames.com/wp-content/uploads/2021/03/irishfamilysurnameslogo2.jpg,2,McCormick,,,,,,,,,,,,,,,,,,,,,,,unlisted
mccormick,,,,,,,false,,,,,,,,,,,,,,,,,,https://irishfamilysurnames.com/wp-content/uploads/2021/04/mcdonnell-B-H-300x375.jpg,3,McCormick,,,,,,,,,,,,,,,,,,,,,,,unlisted
mccormick,,,,,,,false,,,,,,,,,,,,,,,,,,https://irishfamilysurnames.com/wp-content/uploads/2021/04/mcmahon-B-H-300x375.jpg,4,McCormick,,,,,,,,,,,,,,,,,,,,,,,unlisted
mccormick,,,,,,,false,,,,,,,,,,,,,,,,,,https://irishfamilysurnames.com/wp-content/uploads/2021/04/mcevoy-B-H-300x375.jpg,5,McCormick,,,,,,,,,,,,,,,,,,,,,,,unlisted
mcdonagh,McDonagh,"<p>Learn the full history of your family with a Family History or a Crest/History Combination.</p><p>Family History Standard : 16 x 20 cm | 6 x 8 inches. €9.90</p><p>Family History Large : 20 x 26 cm | 8 x 10 inches. €12.50</p><p>Family Combination (History &amp;amp;amp; Crest) : 26 x 20 cm | 10 x 8 inches.€14.95</p><p>Family Histories and Family Combinations are supplied mounted and ready to frame.<br/>FREE WORLDWIDE POSTAGE</p>",Irish Family Surnames,,General,"imported, unlisted",false,Title,Default Title,,,,,2473,0,shopify,1,deny,manual,9.90,,true,true,,https://irishfamilysurnames.com/wp-content/uploads/2021/04/mcdonagh-B-H.jpg,1,McDonagh,false,McDonagh,Learn the full history of your family with a Family History or a Crest/History Combination. Family History Standard : 16 x 20 cm | 6 x 8 inches. €9.90 Family History Large : 20 x 26 cm | 8 x 10 inches. €12.50 Family Combination (History &amp; Crest) : 26 x 20 cm | 10 x 8 inches.€14.95 Family Histories and Family Combin,,,,,,,,,,,,,g,,,true,true,,,unlisted
mcdonagh,,,,,,,false,,,,,,,,,,,,,,,,,,https://irishfamilysurnames.com/wp-content/uploads/2021/03/irishfamilysurnameslogo2.jpg,2,McDonagh,,,,,,,,,,,,,,,,,,,,,,,unlisted
mcdonagh,,,,,,,false,,,,,,,,,,,,,,,,,,https://irishfamilysurnames.com/wp-content/uploads/2021/04/mckenna-B-H-300x375.jpg,3,McDonagh,,,,,,,,,,,,,,,,,,,,,,,unlisted
mcdonagh,,,,,,,false,,,,,,,,,,,,,,,,,,https://irishfamilysurnames.com/wp-content/uploads/2021/04/mcgowan-B-H-300x375.jpg,4,McDonagh,,,,,,,,,,,,,,,,,,,,,,,unlisted
mcdonagh,,,,,,,false,,,,,,,,,,,,,,,,,,https://irishfamilysurnames.com/wp-content/uploads/2021/04/mcnamara-B-H-300x375.jpg,5,McDonagh,,,,,,,,,,,,,,,,,,,,,,,unlisted
mcdonald,McDonald,"<p>Learn the full history of your family with a Family History or a Crest/History Combination.</p><p>Family History Standard : 16 x 20 cm | 6 x 8 inches. €9.90</p><p>Family History Large : 20 x 26 cm | 8 x 10 inches. €12.50</p><p>Family Combination (History &amp;amp;amp; Crest) : 26 x 20 cm | 10 x 8 inches.€14.95</p><p>Family Histories and Family Combinations are supplied mounted and ready to frame.<br/>FREE WORLDWIDE POSTAGE</p>",Irish Family Surnames,,General,"imported, unlisted",false,Title,Default Title,,,,,2484,0,shopify,1,deny,manual,9.90,,true,true,,https://irishfamilysurnames.com/wp-content/uploads/2021/04/mcdonald-B-H.jpg,1,McDonald,false,McDonald,Learn the full history of your family with a Family History or a Crest/History Combination. Family History Standard : 16 x 20 cm | 6 x 8 inches. €9.90 Family History Large : 20 x 26 cm | 8 x 10 inches. €12.50 Family Combination (History &amp; Crest) : 26 x 20 cm | 10 x 8 inches.€14.95 Family Histories and Family Combin,,,,,,,,,,,,,g,,,true,true,,,unlisted
mcdonald,,,,,,,false,,,,,,,,,,,,,,,,,,https://irishfamilysurnames.com/wp-content/uploads/2021/03/irishfamilysurnameslogo2.jpg,2,McDonald,,,,,,,,,,,,,,,,,,,,,,,unlisted
mcdonald,,,,,,,false,,,,,,,,,,,,,,,,,,https://irishfamilysurnames.com/wp-content/uploads/2021/04/mccabe-B-H-300x375.jpg,3,McDonald,,,,,,,,,,,,,,,,,,,,,,,unlisted
mcdonald,,,,,,,false,,,,,,,,,,,,,,,,,,https://irishfamilysurnames.com/wp-content/uploads/2021/04/mcdowell-B-H-300x375.jpg,4,McDonald,,,,,,,,,,,,,,,,,,,,,,,unlisted
mcdonald,,,,,,,false,,,,,,,,,,,,,,,,,,https://irishfamilysurnames.com/wp-content/uploads/2021/04/mcgowan-B-H-300x375.jpg,5,McDonald,,,,,,,,,,,,,,,,,,,,,,,unlisted
mcdonnell,McDonnell,"<p>Learn the full history of your family with a Family History or a Crest/History Combination.</p><p>Family History Standard : 16 x 20 cm | 6 x 8 inches. €9.90</p><p>Family History Large : 20 x 26 cm | 8 x 10 inches. €12.50</p><p>Family Combination (History &amp;amp;amp; Crest) : 26 x 20 cm | 10 x 8 inches.€14.95</p><p>Family Histories and Family Combinations are supplied mounted and ready to frame.<br/>FREE WORLDWIDE POSTAGE</p>",Irish Family Surnames,,General,"imported, unlisted",false,Title,Default Title,,,,,2495,0,shopify,1,deny,manual,9.90,,true,true,,https://irishfamilysurnames.com/wp-content/uploads/2021/04/mcdonnell-B-H.jpg,1,McDonnell,false,McDonnell,Learn the full history of your family with a Family History or a Crest/History Combination. Family History Standard : 16 x 20 cm | 6 x 8 inches. €9.90 Family History Large : 20 x 26 cm | 8 x 10 inches. €12.50 Family Combination (History &amp; Crest) : 26 x 20 cm | 10 x 8 inches.€14.95 Family Histories and Family Combin,,,,,,,,,,,,,g,,,true,true,,,unlisted
mcdonnell,,,,,,,false,,,,,,,,,,,,,,,,,,https://irishfamilysurnames.com/wp-content/uploads/2021/03/irishfamilysurnameslogo2.jpg,2,McDonnell,,,,,,,,,,,,,,,,,,,,,,,unlisted
mcdonnell,,,,,,,false,,,,,,,,,,,,,,,,,,https://irishfamilysurnames.com/wp-content/uploads/2021/04/mcelroy-B-H-300x375.jpg,3,McDonnell,,,,,,,,,,,,,,,,,,,,,,,unlisted
mcdonnell,,,,,,,false,,,,,,,,,,,,,,,,,,https://irishfamilysurnames.com/wp-content/uploads/2021/04/mcinerney-B-H-300x375.jpg,4,McDonnell,,,,,,,,,,,,,,,,,,,,,,,unlisted
mcdonnell,,,,,,,false,,,,,,,,,,,,,,,,,,https://irishfamilysurnames.com/wp-content/uploads/2021/04/mcgovern-B-H-300x375.jpg,5,McDonnell,,,,,,,,,,,,,,,,,,,,,,,unlisted
mcdowell,McDowell,"<p>Learn the full history of your family with a Family History or a Crest/History Combination.</p><p>Family History Standard : 16 x 20 cm | 6 x 8 inches. €9.90</p><p>Family History Large : 20 x 26 cm | 8 x 10 inches. €12.50</p><p>Family Combination (History &amp;amp;amp; Crest) : 26 x 20 cm | 10 x 8 inches.€14.95</p><p>Family Histories and Family Combinations are supplied mounted and ready to frame.<br/>FREE WORLDWIDE POSTAGE</p>",Irish Family Surnames,,General,"imported, unlisted",false,Title,Default Title,,,,,2506,0,shopify,1,deny,manual,9.90,,true,true,,https://irishfamilysurnames.com/wp-content/uploads/2021/04/mcdowell-B-H.jpg,1,McDowell,false,McDowell,Learn the full history of your family with a Family History or a Crest/History Combination. Family History Standard : 16 x 20 cm | 6 x 8 inches. €9.90 Family History Large : 20 x 26 cm | 8 x 10 inches. €12.50 Family Combination (History &amp; Crest) : 26 x 20 cm | 10 x 8 inches.€14.95 Family Histories and Family Combin,,,,,,,,,,,,,g,,,true,true,,,unlisted
mcdowell,,,,,,,false,,,,,,,,,,,,,,,,,,https://irishfamilysurnames.com/wp-content/uploads/2021/03/irishfamilysurnameslogo2.jpg,2,McDowell,,,,,,,,,,,,,,,,,,,,,,,unlisted
mcdowell,,,,,,,false,,,,,,,,,,,,,,,,,,https://irishfamilysurnames.com/wp-content/uploads/2021/04/mckenna-B-H-300x375.jpg,3,McDowell,,,,,,,,,,,,,,,,,,,,,,,unlisted
mcdowell,,,,,,,false,,,,,,,,,,,,,,,,,,https://irishfamilysurnames.com/wp-content/uploads/2021/04/mcinerney-B-H-300x375.jpg,4,McDowell,,,,,,,,,,,,,,,,,,,,,,,unlisted
mcdowell,,,,,,,false,,,,,,,,,,,,,,,,,,https://irishfamilysurnames.com/wp-content/uploads/2021/04/mcguire-B-H-300x375.jpg,5,McDowell,,,,,,,,,,,,,,,,,,,,,,,unlisted
mcelroy,McElroy,"<p>Learn the full history of your family with a Family History or a Crest/History Combination.</p><p>Family History Standard : 16 x 20 cm | 6 x 8 inches. €9.90</p><p>Family History Large : 20 x 26 cm | 8 x 10 inches. €12.50</p><p>Family Combination (History &amp;amp;amp; Crest) : 26 x 20 cm | 10 x 8 inches.€14.95</p><p>Family Histories and Family Combinations are supplied mounted and ready to frame.<br/>FREE WORLDWIDE POSTAGE</p>",Irish Family Surnames,,General,"imported, unlisted",false,Title,Default Title,,,,,2518,0,shopify,1,deny,manual,9.90,,true,true,,https://irishfamilysurnames.com/wp-content/uploads/2021/04/mcelroy-B-H.jpg,1,McElroy,false,McElroy,Learn the full history of your family with a Family History or a Crest/History Combination. Family History Standard : 16 x 20 cm | 6 x 8 inches. €9.90 Family History Large : 20 x 26 cm | 8 x 10 inches. €12.50 Family Combination (History &amp; Crest) : 26 x 20 cm | 10 x 8 inches.€14.95 Family Histories and Family Combin,,,,,,,,,,,,,g,,,true,true,,,unlisted
mcelroy,,,,,,,false,,,,,,,,,,,,,,,,,,https://irishfamilysurnames.com/wp-content/uploads/2021/03/irishfamilysurnameslogo2.jpg,2,McElroy,,,,,,,,,,,,,,,,,,,,,,,unlisted
mcelroy,,,,,,,false,,,,,,,,,,,,,,,,,,https://irishfamilysurnames.com/wp-content/uploads/2021/04/mcdonnell-B-H-300x375.jpg,3,McElroy,,,,,,,,,,,,,,,,,,,,,,,unlisted
mcelroy,,,,,,,false,,,,,,,,,,,,,,,,,,https://irishfamilysurnames.com/wp-content/uploads/2021/04/mchugh-B-H-300x375.jpg,4,McElroy,,,,,,,,,,,,,,,,,,,,,,,unlisted
mcelroy,,,,,,,false,,,,,,,,,,,,,,,,,,https://irishfamilysurnames.com/wp-content/uploads/2021/04/mccormick-B-H-300x375.jpg,5,McElroy,,,,,,,,,,,,,,,,,,,,,,,unlisted
mcgee,McGee,"<p>Learn the full history of your family with a Family History or a Crest/History Combination.</p><p>Family History Standard : 16 x 20 cm | 6 x 8 inches. €9.90</p><p>Family History Large : 20 x 26 cm | 8 x 10 inches. €12.50</p><p>Family Combination (History &amp;amp;amp; Crest) : 26 x 20 cm | 10 x 8 inches.€14.95</p><p>Family Histories and Family Combinations are supplied mounted and ready to frame.<br/>FREE WORLDWIDE POSTAGE</p>",Irish Family Surnames,,General,"imported, unlisted",false,Title,Default Title,,,,,2541,0,shopify,1,deny,manual,9.90,,true,true,,https://irishfamilysurnames.com/wp-content/uploads/2021/04/mcgee-B-H.jpg,1,McGee,false,McGee,Learn the full history of your family with a Family History or a Crest/History Combination. Family History Standard : 16 x 20 cm | 6 x 8 inches. €9.90 Family History Large : 20 x 26 cm | 8 x 10 inches. €12.50 Family Combination (History &amp; Crest) : 26 x 20 cm | 10 x 8 inches.€14.95 Family Histories and Family Combin,,,,,,,,,,,,,g,,,true,true,,,unlisted
mcgee,,,,,,,false,,,,,,,,,,,,,,,,,,https://irishfamilysurnames.com/wp-content/uploads/2021/03/irishfamilysurnameslogo2.jpg,2,McGee,,,,,,,,,,,,,,,,,,,,,,,unlisted
mcgee,,,,,,,false,,,,,,,,,,,,,,,,,,https://irishfamilysurnames.com/wp-content/uploads/2021/04/mcdonnell-B-H-300x375.jpg,3,McGee,,,,,,,,,,,,,,,,,,,,,,,unlisted
mcgee,,,,,,,false,,,,,,,,,,,,,,,,,,https://irishfamilysurnames.com/wp-content/uploads/2021/04/mcdowell-B-H-300x375.jpg,4,McGee,,,,,,,,,,,,,,,,,,,,,,,unlisted
mcgee,,,,,,,false,,,,,,,,,,,,,,,,,,https://irishfamilysurnames.com/wp-content/uploads/2021/04/mcnally-B-H-300x375.jpg,5,McGee,,,,,,,,,,,,,,,,,,,,,,,unlisted
mcginley,McGinley,"<p>Learn the full history of your family with a Family History or a Crest/History Combination.</p><p>Family History Standard : 16 x 20 cm | 6 x 8 inches. €9.90</p><p>Family History Large : 20 x 26 cm | 8 x 10 inches. €12.50</p><p>Family Combination (History &amp;amp;amp; Crest) : 26 x 20 cm | 10 x 8 inches.€14.95</p><p>Family Histories and Family Combinations are supplied mounted and ready to frame.<br/>FREE WORLDWIDE POSTAGE</p>",Irish Family Surnames,,General,"imported, unlisted",false,Title,Default Title,,,,,2552,0,shopify,1,deny,manual,9.90,,true,true,,https://irishfamilysurnames.com/wp-content/uploads/2021/04/mcginley-B-H.jpg,1,McGinley,false,McGinley,Learn the full history of your family with a Family History or a Crest/History Combination. Family History Standard : 16 x 20 cm | 6 x 8 inches. €9.90 Family History Large : 20 x 26 cm | 8 x 10 inches. €12.50 Family Combination (History &amp; Crest) : 26 x 20 cm | 10 x 8 inches.€14.95 Family Histories and Family Combin,,,,,,,,,,,,,g,,,true,true,,,unlisted
mcginley,,,,,,,false,,,,,,,,,,,,,,,,,,https://irishfamilysurnames.com/wp-content/uploads/2021/03/irishfamilysurnameslogo2.jpg,2,McGinley,,,,,,,,,,,,,,,,,,,,,,,unlisted
mcginley,,,,,,,false,,,,,,,,,,,,,,,,,,https://irishfamilysurnames.com/wp-content/uploads/2021/04/mckee-B-H-300x375.jpg,3,McGinley,,,,,,,,,,,,,,,,,,,,,,,unlisted
mcginley,,,,,,,false,,,,,,,,,,,,,,,,,,https://irishfamilysurnames.com/wp-content/uploads/2021/04/mcdonagh-B-H-300x375.jpg,4,McGinley,,,,,,,,,,,,,,,,,,,,,,,unlisted
mcginley,,,,,,,false,,,,,,,,,,,,,,,,,,https://irishfamilysurnames.com/wp-content/uploads/2021/04/mcdonnell-B-H-300x375.jpg,5,McGinley,,,,,,,,,,,,,,,,,,,,,,,unlisted
mcgovern,McGovern,"<p>Learn the full history of your family with a Family History or a Crest/History Combination.</p><p>Family History Standard : 16 x 20 cm | 6 x 8 inches. €9.90</p><p>Family History Large : 20 x 26 cm | 8 x 10 inches. €12.50</p><p>Family Combination (History &amp;amp;amp; Crest) : 26 x 20 cm | 10 x 8 inches.€14.95</p><p>Family Histories and Family Combinations are supplied mounted and ready to frame.<br/>FREE WORLDWIDE POSTAGE</p>",Irish Family Surnames,,General,"imported, unlisted",false,Title,Default Title,,,,,2563,0,shopify,1,deny,manual,9.90,,true,true,,https://irishfamilysurnames.com/wp-content/uploads/2021/04/mcgovern-B-H.jpg,1,McGovern,false,McGovern,Learn the full history of your family with a Family History or a Crest/History Combination. Family History Standard : 16 x 20 cm | 6 x 8 inches. €9.90 Family History Large : 20 x 26 cm | 8 x 10 inches. €12.50 Family Combination (History &amp; Crest) : 26 x 20 cm | 10 x 8 inches.€14.95 Family Histories and Family Combin,,,,,,,,,,,,,g,,,true,true,,,unlisted
mcgovern,,,,,,,false,,,,,,,,,,,,,,,,,,https://irishfamilysurnames.com/wp-content/uploads/2021/03/irishfamilysurnameslogo2.jpg,2,McGovern,,,,,,,,,,,,,,,,,,,,,,,unlisted
mcgovern,,,,,,,false,,,,,,,,,,,,,,,,,,https://irishfamilysurnames.com/wp-content/uploads/2021/04/mcelroy-B-H-300x375.jpg,3,McGovern,,,,,,,,,,,,,,,,,,,,,,,unlisted
mcgovern,,,,,,,false,,,,,,,,,,,,,,,,,,https://irishfamilysurnames.com/wp-content/uploads/2021/04/mcdermott-B-H-300x375.jpg,4,McGovern,,,,,,,,,,,,,,,,,,,,,,,unlisted
mcgovern,,,,,,,false,,,,,,,,,,,,,,,,,,https://irishfamilysurnames.com/wp-content/uploads/2021/04/mcevoy-B-H-300x375.jpg,5,McGovern,,,,,,,,,,,,,,,,,,,,,,,unlisted
mcgowan,McGowan,"<p>Learn the full history of your family with a Family History or a Crest/History Combination.</p><p>Family History Standard : 16 x 20 cm | 6 x 8 inches. €9.90</p><p>Family History Large : 20 x 26 cm | 8 x 10 inches. €12.50</p><p>Family Combination (History &amp;amp;amp; Crest) : 26 x 20 cm | 10 x 8 inches.€14.95</p><p>Family Histories and Family Combinations are supplied mounted and ready to frame.<br/>FREE WORLDWIDE POSTAGE</p>",Irish Family Surnames,,General,"imported, unlisted",false,Title,Default Title,,,,,2574,0,shopify,1,deny,manual,9.90,,true,true,,https://irishfamilysurnames.com/wp-content/uploads/2021/04/mcgowan-B-H.jpg,1,McGowan,false,McGowan,Learn the full history of your family with a Family History or a Crest/History Combination. Family History Standard : 16 x 20 cm | 6 x 8 inches. €9.90 Family History Large : 20 x 26 cm | 8 x 10 inches. €12.50 Family Combination (History &amp; Crest) : 26 x 20 cm | 10 x 8 inches.€14.95 Family Histories and Family Combin,,,,,,,,,,,,,g,,,true,true,,,unlisted
mcgowan,,,,,,,false,,,,,,,,,,,,,,,,,,https://irishfamilysurnames.com/wp-content/uploads/2021/03/irishfamilysurnameslogo2.jpg,2,McGowan,,,,,,,,,,,,,,,,,,,,,,,unlisted
mcgowan,,,,,,,false,,,,,,,,,,,,,,,,,,https://irishfamilysurnames.com/wp-content/uploads/2021/04/mcgee-B-H-300x375.jpg,3,McGowan,,,,,,,,,,,,,,,,,,,,,,,unlisted
mcgowan,,,,,,,false,,,,,,,,,,,,,,,,,,https://irishfamilysurnames.com/wp-content/uploads/2021/04/mcinerney-B-H-300x375.jpg,4,McGowan,,,,,,,,,,,,,,,,,,,,,,,unlisted
mcgowan,,,,,,,false,,,,,,,,,,,,,,,,,,https://irishfamilysurnames.com/wp-content/uploads/2021/04/mcelroy-B-H-300x375.jpg,5,McGowan,,,,,,,,,,,,,,,,,,,,,,,unlisted
mcgrath,McGrath,"<p>Learn the full history of your family with a Family History or a Crest/History Combination.</p><p>Family History Standard : 16 x 20 cm | 6 x 8 inches. €9.90</p><p>Family History Large : 20 x 26 cm | 8 x 10 inches. €12.50</p><p>Family Combination (History &amp;amp;amp; Crest) : 26 x 20 cm | 10 x 8 inches.€14.95</p><p>Family Histories and Family Combinations are supplied mounted and ready to frame.<br/>FREE WORLDWIDE POSTAGE</p>",Irish Family Surnames,,General,"imported, unlisted",false,Title,Default Title,,,,,2586,0,shopify,1,deny,manual,9.90,,true,true,,https://irishfamilysurnames.com/wp-content/uploads/2021/04/mcgrath-B-H.jpg,1,McGrath,false,McGrath,Learn the full history of your family with a Family History or a Crest/History Combination. Family History Standard : 16 x 20 cm | 6 x 8 inches. €9.90 Family History Large : 20 x 26 cm | 8 x 10 inches. €12.50 Family Combination (History &amp; Crest) : 26 x 20 cm | 10 x 8 inches.€14.95 Family Histories and Family Combin,,,,,,,,,,,,,g,,,true,true,,,unlisted
mcgrath,,,,,,,false,,,,,,,,,,,,,,,,,,https://irishfamilysurnames.com/wp-content/uploads/2021/03/irishfamilysurnameslogo2.jpg,2,McGrath,,,,,,,,,,,,,,,,,,,,,,,unlisted
mcgrath,,,,,,,false,,,,,,,,,,,,,,,,,,https://irishfamilysurnames.com/wp-content/uploads/2021/04/mckee-B-H-300x375.jpg,3,McGrath,,,,,,,,,,,,,,,,,,,,,,,unlisted
mcgrath,,,,,,,false,,,,,,,,,,,,,,,,,,https://irishfamilysurnames.com/wp-content/uploads/2021/04/mcevoy-B-H-300x375.jpg,4,McGrath,,,,,,,,,,,,,,,,,,,,,,,unlisted
mcgrath,,,,,,,false,,,,,,,,,,,,,,,,,,https://irishfamilysurnames.com/wp-content/uploads/2021/04/mcguinness-B-H-300x375.jpg,5,McGrath,,,,,,,,,,,,,,,,,,,,,,,unlisted
mcguinness,McGuinness,"<p>Learn the full history of your family with a Family History or a Crest/History Combination.</p><p>Family History Standard : 16 x 20 cm | 6 x 8 inches. €9.90</p><p>Family History Large : 20 x 26 cm | 8 x 10 inches. €12.50</p><p>Family Combination (History &amp;amp;amp; Crest) : 26 x 20 cm | 10 x 8 inches.€14.95</p><p>Family Histories and Family Combinations are supplied mounted and ready to frame.<br/>FREE WORLDWIDE POSTAGE</p>",Irish Family Surnames,,General,"imported, unlisted",false,Title,Default Title,,,,,2597,0,shopify,1,deny,manual,9.90,,true,true,,https://irishfamilysurnames.com/wp-content/uploads/2021/04/mcguinness-B-H.jpg,1,McGuinness,false,McGuinness,Learn the full history of your family with a Family History or a Crest/History Combination. Family History Standard : 16 x 20 cm | 6 x 8 inches. €9.90 Family History Large : 20 x 26 cm | 8 x 10 inches. €12.50 Family Combination (History &amp; Crest) : 26 x 20 cm | 10 x 8 inches.€14.95 Family Histories and Family Combin,,,,,,,,,,,,,g,,,true,true,,,unlisted
mcguinness,,,,,,,false,,,,,,,,,,,,,,,,,,https://irishfamilysurnames.com/wp-content/uploads/2021/03/irishfamilysurnameslogo2.jpg,2,McGuinness,,,,,,,,,,,,,,,,,,,,,,,unlisted
mcguinness,,,,,,,false,,,,,,,,,,,,,,,,,,https://irishfamilysurnames.com/wp-content/uploads/2021/04/mccormack-B-H-300x375.jpg,3,McGuinness,,,,,,,,,,,,,,,,,,,,,,,unlisted
mcguinness,,,,,,,false,,,,,,,,,,,,,,,,,,https://irishfamilysurnames.com/wp-content/uploads/2021/04/mcmahon-B-H-300x375.jpg,4,McGuinness,,,,,,,,,,,,,,,,,,,,,,,unlisted
mcguinness,,,,,,,false,,,,,,,,,,,,,,,,,,https://irishfamilysurnames.com/wp-content/uploads/2021/04/mclaughlin-B-H-300x375.jpg,5,McGuinness,,,,,,,,,,,,,,,,,,,,,,,unlisted
mcguire,McGuire,"<p>Learn the full history of your family with a Family History or a Crest/History Combination.</p><p>Family History Standard : 16 x 20 cm | 6 x 8 inches. €9.90</p><p>Family History Large : 20 x 26 cm | 8 x 10 inches. €12.50</p><p>Family Combination (History &amp;amp;amp; Crest) : 26 x 20 cm | 10 x 8 inches.€14.95</p><p>Family Histories and Family Combinations are supplied mounted and ready to frame.<br/>FREE WORLDWIDE POSTAGE</p>",Irish Family Surnames,,General,"imported, unlisted",false,Title,Default Title,,,,,2608,0,shopify,1,deny,manual,9.90,,true,true,,https://irishfamilysurnames.com/wp-content/uploads/2021/04/mcguire-B-H.jpg,1,McGuire,false,McGuire,Learn the full history of your family with a Family History or a Crest/History Combination. Family History Standard : 16 x 20 cm | 6 x 8 inches. €9.90 Family History Large : 20 x 26 cm | 8 x 10 inches. €12.50 Family Combination (History &amp; Crest) : 26 x 20 cm | 10 x 8 inches.€14.95 Family Histories and Family Combin,,,,,,,,,,,,,g,,,true,true,,,unlisted
mcguire,,,,,,,false,,,,,,,,,,,,,,,,,,https://irishfamilysurnames.com/wp-content/uploads/2021/03/irishfamilysurnameslogo2.jpg,2,McGuire,,,,,,,,,,,,,,,,,,,,,,,unlisted
mcguire,,,,,,,false,,,,,,,,,,,,,,,,,,https://irishfamilysurnames.com/wp-content/uploads/2021/04/mcmahon-B-H-300x375.jpg,3,McGuire,,,,,,,,,,,,,,,,,,,,,,,unlisted
mcguire,,,,,,,false,,,,,,,,,,,,,,,,,,https://irishfamilysurnames.com/wp-content/uploads/2021/04/mcnamara-B-H-300x375.jpg,4,McGuire,,,,,,,,,,,,,,,,,,,,,,,unlisted
mcguire,,,,,,,false,,,,,,,,,,,,,,,,,,https://irishfamilysurnames.com/wp-content/uploads/2021/04/mcdonnell-B-H-300x375.jpg,5,McGuire,,,,,,,,,,,,,,,,,,,,,,,unlisted
mcinerney,McInerney,"<p>Learn the full history of your family with a Family History or a Crest/History Combination.</p><p>Family History Standard : 16 x 20 cm | 6 x 8 inches. €9.90</p><p>Family History Large : 20 x 26 cm | 8 x 10 inches. €12.50</p><p>Family Combination (History &amp;amp;amp; Crest) : 26 x 20 cm | 10 x 8 inches.€14.95</p><p>Family Histories and Family Combinations are supplied mounted and ready to frame.<br/>FREE WORLDWIDE POSTAGE</p>",Irish Family Surnames,,General,"imported, unlisted",false,Title,Default Title,,,,,2632,0,shopify,1,deny,manual,9.90,,true,true,,https://irishfamilysurnames.com/wp-content/uploads/2021/04/mcinerney-B-H.jpg,1,McInerney,false,McInerney,Learn the full history of your family with a Family History or a Crest/History Combination. Family History Standard : 16 x 20 cm | 6 x 8 inches. €9.90 Family History Large : 20 x 26 cm | 8 x 10 inches. €12.50 Family Combination (History &amp; Crest) : 26 x 20 cm | 10 x 8 inches.€14.95 Family Histories and Family Combin,,,,,,,,,,,,,g,,,true,true,,,unlisted
mcinerney,,,,,,,false,,,,,,,,,,,,,,,,,,https://irishfamilysurnames.com/wp-content/uploads/2021/03/irishfamilysurnameslogo2.jpg,2,McInerney,,,,,,,,,,,,,,,,,,,,,,,unlisted
mcinerney,,,,,,,false,,,,,,,,,,,,,,,,,,https://irishfamilysurnames.com/wp-content/uploads/2021/04/mckenna-B-H-300x375.jpg,3,McInerney,,,,,,,,,,,,,,,,,,,,,,,unlisted
mcinerney,,,,,,,false,,,,,,,,,,,,,,,,,,https://irishfamilysurnames.com/wp-content/uploads/2021/04/mcdowell-B-H-300x375.jpg,4,McInerney,,,,,,,,,,,,,,,,,,,,,,,unlisted
mcinerney,,,,,,,false,,,,,,,,,,,,,,,,,,https://irishfamilysurnames.com/wp-content/uploads/2021/04/mcmanus-B-H-300x375.jpg,5,McInerney,,,,,,,,,,,,,,,,,,,,,,,unlisted
mckee,McKee,"<p>Learn the full history of your family with a Family History or a Crest/History Combination.</p><p>Family History Standard : 16 x 20 cm | 6 x 8 inches. €9.90</p><p>Family History Large : 20 x 26 cm | 8 x 10 inches. €12.50</p><p>Family Combination (History &amp;amp;amp; Crest) : 26 x 20 cm | 10 x 8 inches.€14.95</p><p>Family Histories and Family Combinations are supplied mounted and ready to frame.<br/>FREE WORLDWIDE POSTAGE</p>",Irish Family Surnames,,General,"imported, unlisted",false,Title,Default Title,,,,,2643,0,shopify,1,deny,manual,9.90,,true,true,,https://irishfamilysurnames.com/wp-content/uploads/2021/04/mckee-B-H.jpg,1,McKee,false,McKee,Learn the full history of your family with a Family History or a Crest/History Combination. Family History Standard : 16 x 20 cm | 6 x 8 inches. €9.90 Family History Large : 20 x 26 cm | 8 x 10 inches. €12.50 Family Combination (History &amp; Crest) : 26 x 20 cm | 10 x 8 inches.€14.95 Family Histories and Family Combin,,,,,,,,,,,,,g,,,true,true,,,unlisted
mckee,,,,,,,false,,,,,,,,,,,,,,,,,,https://irishfamilysurnames.com/wp-content/uploads/2021/03/irishfamilysurnameslogo2.jpg,2,McKee,,,,,,,,,,,,,,,,,,,,,,,unlisted
mckee,,,,,,,false,,,,,,,,,,,,,,,,,,https://irishfamilysurnames.com/wp-content/uploads/2021/04/mcdonald-B-H-300x375.jpg,3,McKee,,,,,,,,,,,,,,,,,,,,,,,unlisted
mckee,,,,,,,false,,,,,,,,,,,,,,,,,,https://irishfamilysurnames.com/wp-content/uploads/2021/04/mcmanus-B-H-300x375.jpg,4,McKee,,,,,,,,,,,,,,,,,,,,,,,unlisted
mckee,,,,,,,false,,,,,,,,,,,,,,,,,,https://irishfamilysurnames.com/wp-content/uploads/2021/04/mcmahon-B-H-300x375.jpg,5,McKee,,,,,,,,,,,,,,,,,,,,,,,unlisted
mckenna,McKenna,"<p>Learn the full history of your family with a Family History or a Crest/History Combination.</p><p>Family History Standard : 16 x 20 cm | 6 x 8 inches. €9.90</p><p>Family History Large : 20 x 26 cm | 8 x 10 inches. €12.50</p><p>Family Combination (History &amp;amp;amp; Crest) : 26 x 20 cm | 10 x 8 inches.€14.95</p><p>Family Histories and Family Combinations are supplied mounted and ready to frame.<br/>FREE WORLDWIDE POSTAGE</p>",Irish Family Surnames,,General,"imported, unlisted",false,Title,Default Title,,,,,2670,0,shopify,1,deny,manual,9.90,,true,true,,https://irishfamilysurnames.com/wp-content/uploads/2021/04/mckenna-B-H.jpg,1,McKenna,false,McKenna,Learn the full history of your family with a Family History or a Crest/History Combination. Family History Standard : 16 x 20 cm | 6 x 8 inches. €9.90 Family History Large : 20 x 26 cm | 8 x 10 inches. €12.50 Family Combination (History &amp; Crest) : 26 x 20 cm | 10 x 8 inches.€14.95 Family Histories and Family Combin,,,,,,,,,,,,,g,,,true,true,,,unlisted
mckenna,,,,,,,false,,,,,,,,,,,,,,,,,,https://irishfamilysurnames.com/wp-content/uploads/2021/03/irishfamilysurnameslogo2.jpg,2,McKenna,,,,,,,,,,,,,,,,,,,,,,,unlisted
mckenna,,,,,,,false,,,,,,,,,,,,,,,,,,https://irishfamilysurnames.com/wp-content/uploads/2021/04/mcawley-B-H-300x375.jpg,3,McKenna,,,,,,,,,,,,,,,,,,,,,,,unlisted
mckenna,,,,,,,false,,,,,,,,,,,,,,,,,,https://irishfamilysurnames.com/wp-content/uploads/2021/04/mcgrath-B-H-300x375.jpg,4,McKenna,,,,,,,,,,,,,,,,,,,,,,,unlisted
mckenna,,,,,,,false,,,,,,,,,,,,,,,,,,https://irishfamilysurnames.com/wp-content/uploads/2021/04/mccarthy-B-H-300x375.jpg,5,McKenna,,,,,,,,,,,,,,,,,,,,,,,unlisted
mckeogh,McKeogh,"<p>Learn the full history of your family with a Family History or a Crest/History Combination.</p><p>Family History Standard : 16 x 20 cm | 6 x 8 inches. €9.90</p><p>Family History Large : 20 x 26 cm | 8 x 10 inches. €12.50</p><p>Family Combination (History &amp;amp;amp; Crest) : 26 x 20 cm | 10 x 8 inches.€14.95</p><p>Family Histories and Family Combinations are supplied mounted and ready to frame.<br/>FREE WORLDWIDE POSTAGE</p>",Irish Family Surnames,,General,"imported, unlisted",false,Title,Default Title,,,,,2677,0,shopify,1,deny,manual,9.90,,true,true,,https://irishfamilysurnames.com/wp-content/uploads/2021/04/mckeogh-B-H.jpg,1,McKeogh,false,McKeogh,Learn the full history of your family with a Family History or a Crest/History Combination. Family History Standard : 16 x 20 cm | 6 x 8 inches. €9.90 Family History Large : 20 x 26 cm | 8 x 10 inches. €12.50 Family Combination (History &amp; Crest) : 26 x 20 cm | 10 x 8 inches.€14.95 Family Histories and Family Combin,,,,,,,,,,,,,g,,,true,true,,,unlisted
mckeogh,,,,,,,false,,,,,,,,,,,,,,,,,,https://irishfamilysurnames.com/wp-content/uploads/2021/03/irishfamilysurnameslogo2.jpg,2,McKeogh,,,,,,,,,,,,,,,,,,,,,,,unlisted
mckeogh,,,,,,,false,,,,,,,,,,,,,,,,,,https://irishfamilysurnames.com/wp-content/uploads/2021/04/mcinerney-B-H-300x375.jpg,3,McKeogh,,,,,,,,,,,,,,,,,,,,,,,unlisted
mckeogh,,,,,,,false,,,,,,,,,,,,,,,,,,https://irishfamilysurnames.com/wp-content/uploads/2021/04/mclaughlin-B-H-300x375.jpg,4,McKeogh,,,,,,,,,,,,,,,,,,,,,,,unlisted
mckeogh,,,,,,,false,,,,,,,,,,,,,,,,,,https://irishfamilysurnames.com/wp-content/uploads/2021/04/mcawley-B-H-300x375.jpg,5,McKeogh,,,,,,,,,,,,,,,,,,,,,,,unlisted
mclaughlin,McLaughlin,"<p>Learn the full history of your family with a Family History or a Crest/History Combination.</p><p>Family History Standard : 16 x 20 cm | 6 x 8 inches. €9.90</p><p>Family History Large : 20 x 26 cm | 8 x 10 inches. €12.50</p><p>Family Combination (History &amp;amp;amp; Crest) : 26 x 20 cm | 10 x 8 inches.€14.95</p><p>Family Histories and Family Combinations are supplied mounted and ready to frame.<br/>FREE WORLDWIDE POSTAGE</p>",Irish Family Surnames,,General,"imported, unlisted",false,Title,Default Title,,,,,2684,0,shopify,1,deny,manual,9.90,,true,true,,https://irishfamilysurnames.com/wp-content/uploads/2021/04/mclaughlin-B-H.jpg,1,McLaughlin,false,McLaughlin,Learn the full history of your family with a Family History or a Crest/History Combination. Family History Standard : 16 x 20 cm | 6 x 8 inches. €9.90 Family History Large : 20 x 26 cm | 8 x 10 inches. €12.50 Family Combination (History &amp; Crest) : 26 x 20 cm | 10 x 8 inches.€14.95 Family Histories and Family Combin,,,,,,,,,,,,,g,,,true,true,,,unlisted
mclaughlin,,,,,,,false,,,,,,,,,,,,,,,,,,https://irishfamilysurnames.com/wp-content/uploads/2021/03/irishfamilysurnameslogo2.jpg,2,McLaughlin,,,,,,,,,,,,,,,,,,,,,,,unlisted
mclaughlin,,,,,,,false,,,,,,,,,,,,,,,,,,https://irishfamilysurnames.com/wp-content/uploads/2021/04/mccarthy-B-H-300x375.jpg,3,McLaughlin,,,,,,,,,,,,,,,,,,,,,,,unlisted
mclaughlin,,,,,,,false,,,,,,,,,,,,,,,,,,https://irishfamilysurnames.com/wp-content/uploads/2021/04/mcmanus-B-H-300x375.jpg,4,McLaughlin,,,,,,,,,,,,,,,,,,,,,,,unlisted
mclaughlin,,,,,,,false,,,,,,,,,,,,,,,,,,https://irishfamilysurnames.com/wp-content/uploads/2021/04/mcdermott-B-H-300x375.jpg,5,McLaughlin,,,,,,,,,,,,,,,,,,,,,,,unlisted
mcloughlin,McLoughlin,"<p>Learn the full history of your family with a Family History or a Crest/History Combination.</p><p>Family History Standard : 16 x 20 cm | 6 x 8 inches. €9.90</p><p>Family History Large : 20 x 26 cm | 8 x 10 inches. €12.50</p><p>Family Combination (History &amp;amp;amp; Crest) : 26 x 20 cm | 10 x 8 inches.€14.95</p><p>Family Histories and Family Combinations are supplied mounted and ready to frame.<br/>FREE WORLDWIDE POSTAGE</p>",Irish Family Surnames,,General,"imported, unlisted",false,Title,Default Title,,,,,2691,0,shopify,1,deny,manual,9.90,,true,true,,https://irishfamilysurnames.com/wp-content/uploads/2021/04/mcloughlin-B-H.jpg,1,McLoughlin,false,McLoughlin,Learn the full history of your family with a Family History or a Crest/History Combination. Family History Standard : 16 x 20 cm | 6 x 8 inches. €9.90 Family History Large : 20 x 26 cm | 8 x 10 inches. €12.50 Family Combination (History &amp; Crest) : 26 x 20 cm | 10 x 8 inches.€14.95 Family Histories and Family Combin,,,,,,,,,,,,,g,,,true,true,,,unlisted
mcloughlin,,,,,,,false,,,,,,,,,,,,,,,,,,https://irishfamilysurnames.com/wp-content/uploads/2021/03/irishfamilysurnameslogo2.jpg,2,McLoughlin,,,,,,,,,,,,,,,,,,,,,,,unlisted
mcloughlin,,,,,,,false,,,,,,,,,,,,,,,,,,https://irishfamilysurnames.com/wp-content/uploads/2021/04/mcguire-B-H-300x375.jpg,3,McLoughlin,,,,,,,,,,,,,,,,,,,,,,,unlisted
mcloughlin,,,,,,,false,,,,,,,,,,,,,,,,,,https://irishfamilysurnames.com/wp-content/uploads/2021/04/mcawley-B-H-300x375.jpg,4,McLoughlin,,,,,,,,,,,,,,,,,,,,,,,unlisted
mcloughlin,,,,,,,false,,,,,,,,,,,,,,,,,,https://irishfamilysurnames.com/wp-content/uploads/2021/04/mcdonnell-B-H-300x375.jpg,5,McLoughlin,,,,,,,,,,,,,,,,,,,,,,,unlisted
mcmahon,McMahon,"<p>Learn the full history of your family with a Family History or a Crest/History Combination.</p><p>Family History Standard : 16 x 20 cm | 6 x 8 inches. €9.90</p><p>Family History Large : 20 x 26 cm | 8 x 10 inches. €12.50</p><p>Family Combination (History &amp;amp;amp; Crest) : 26 x 20 cm | 10 x 8 inches.€14.95</p><p>Family Histories and Family Combinations are supplied mounted and ready to frame.<br/>FREE WORLDWIDE POSTAGE</p>",Irish Family Surnames,,General,"imported, unlisted",false,Title,Default Title,,,,,2698,0,shopify,1,deny,manual,9.90,,true,true,,https://irishfamilysurnames.com/wp-content/uploads/2021/04/mcmahon-B-H.jpg,1,McMahon,false,McMahon,Learn the full history of your family with a Family History or a Crest/History Combination. Family History Standard : 16 x 20 cm | 6 x 8 inches. €9.90 Family History Large : 20 x 26 cm | 8 x 10 inches. €12.50 Family Combination (History &amp; Crest) : 26 x 20 cm | 10 x 8 inches.€14.95 Family Histories and Family Combin,,,,,,,,,,,,,g,,,true,true,,,unlisted
mcmahon,,,,,,,false,,,,,,,,,,,,,,,,,,https://irishfamilysurnames.com/wp-content/uploads/2021/03/irishfamilysurnameslogo2.jpg,2,McMahon,,,,,,,,,,,,,,,,,,,,,,,unlisted
mcmahon,,,,,,,false,,,,,,,,,,,,,,,,,,https://irishfamilysurnames.com/wp-content/uploads/2021/04/mccarthy-B-H-300x375.jpg,3,McMahon,,,,,,,,,,,,,,,,,,,,,,,unlisted
mcmahon,,,,,,,false,,,,,,,,,,,,,,,,,,https://irishfamilysurnames.com/wp-content/uploads/2021/04/mcgowan-B-H-300x375.jpg,4,McMahon,,,,,,,,,,,,,,,,,,,,,,,unlisted
mcmahon,,,,,,,false,,,,,,,,,,,,,,,,,,https://irishfamilysurnames.com/wp-content/uploads/2021/04/mcdowell-B-H-300x375.jpg,5,McMahon,,,,,,,,,,,,,,,,,,,,,,,unlisted
mcmanus,McManus,"<p>Learn the full history of your family with a Family History or a Crest/History Combination.</p><p>Family History Standard : 16 x 20 cm | 6 x 8 inches. €9.90</p><p>Family History Large : 20 x 26 cm | 8 x 10 inches. €12.50</p><p>Family Combination (History &amp;amp;amp; Crest) : 26 x 20 cm | 10 x 8 inches.€14.95</p><p>Family Histories and Family Combinations are supplied mounted and ready to frame.<br/>FREE WORLDWIDE POSTAGE</p>",Irish Family Surnames,,General,"imported, unlisted",false,Title,Default Title,,,,,2725,0,shopify,1,deny,manual,9.90,,true,true,,https://irishfamilysurnames.com/wp-content/uploads/2021/04/mcmanus-B-H.jpg,1,McManus,false,McManus,Learn the full history of your family with a Family History or a Crest/History Combination. Family History Standard : 16 x 20 cm | 6 x 8 inches. €9.90 Family History Large : 20 x 26 cm | 8 x 10 inches. €12.50 Family Combination (History &amp; Crest) : 26 x 20 cm | 10 x 8 inches.€14.95 Family Histories and Family Combin,,,,,,,,,,,,,g,,,true,true,,,unlisted
mcmanus,,,,,,,false,,,,,,,,,,,,,,,,,,https://irishfamilysurnames.com/wp-content/uploads/2021/03/irishfamilysurnameslogo2.jpg,2,McManus,,,,,,,,,,,,,,,,,,,,,,,unlisted
mcmanus,,,,,,,false,,,,,,,,,,,,,,,,,,https://irishfamilysurnames.com/wp-content/uploads/2021/04/mcnamara-B-H-300x375.jpg,3,McManus,,,,,,,,,,,,,,,,,,,,,,,unlisted
mcmanus,,,,,,,false,,,,,,,,,,,,,,,,,,https://irishfamilysurnames.com/wp-content/uploads/2021/04/mcginley-B-H-300x375.jpg,4,McManus,,,,,,,,,,,,,,,,,,,,,,,unlisted
mcmanus,,,,,,,false,,,,,,,,,,,,,,,,,,https://irishfamilysurnames.com/wp-content/uploads/2021/04/mcgee-B-H-300x375.jpg,5,McManus,,,,,,,,,,,,,,,,,,,,,,,unlisted
mcnally,McNally,"<p>Learn the full history of your family with a Family History or a Crest/History Combination.</p><p>Family History Standard : 16 x 20 cm | 6 x 8 inches. €9.90</p><p>Family History Large : 20 x 26 cm | 8 x 10 inches. €12.50</p><p>Family Combination (History &amp;amp;amp; Crest) : 26 x 20 cm | 10 x 8 inches.€14.95</p><p>Family Histories and Family Combinations are supplied mounted and ready to frame.<br/>FREE WORLDWIDE POSTAGE</p>",Irish Family Surnames,,General,"imported, unlisted",false,Title,Default Title,,,,,2732,0,shopify,1,deny,manual,9.90,,true,true,,https://irishfamilysurnames.com/wp-content/uploads/2021/04/mcnally-B-H.jpg,1,McNally,false,McNally,Learn the full history of your family with a Family History or a Crest/History Combination. Family History Standard : 16 x 20 cm | 6 x 8 inches. €9.90 Family History Large : 20 x 26 cm | 8 x 10 inches. €12.50 Family Combination (History &amp; Crest) : 26 x 20 cm | 10 x 8 inches.€14.95 Family Histories and Family Combin,,,,,,,,,,,,,g,,,true,true,,,unlisted
mcnally,,,,,,,false,,,,,,,,,,,,,,,,,,https://irishfamilysurnames.com/wp-content/uploads/2021/03/irishfamilysurnameslogo2.jpg,2,McNally,,,,,,,,,,,,,,,,,,,,,,,unlisted
mcnally,,,,,,,false,,,,,,,,,,,,,,,,,,https://irishfamilysurnames.com/wp-content/uploads/2021/04/mcmahon-B-H-300x375.jpg,3,McNally,,,,,,,,,,,,,,,,,,,,,,,unlisted
mcnally,,,,,,,false,,,,,,,,,,,,,,,,,,https://irishfamilysurnames.com/wp-content/uploads/2021/04/mcmanus-B-H-300x375.jpg,4,McNally,,,,,,,,,,,,,,,,,,,,,,,unlisted
mcnally,,,,,,,false,,,,,,,,,,,,,,,,,,https://irishfamilysurnames.com/wp-content/uploads/2021/04/mccormack-B-H-300x375.jpg,5,McNally,,,,,,,,,,,,,,,,,,,,,,,unlisted
mcnamara,McNamara,"<p>Learn the full history of your family with a Family History or a Crest/History Combination.</p><p>Family History Standard : 16 x 20 cm | 6 x 8 inches. €9.90</p><p>Family History Large : 20 x 26 cm | 8 x 10 inches. €12.50</p><p>Family Combination (History &amp;amp;amp; Crest) : 26 x 20 cm | 10 x 8 inches.€14.95</p><p>Family Histories and Family Combinations are supplied mounted and ready to frame.<br/>FREE WORLDWIDE POSTAGE</p>",Irish Family Surnames,,General,"imported, unlisted",false,Title,Default Title,,,,,2739,0,shopify,1,deny,manual,9.90,,true,true,,https://irishfamilysurnames.com/wp-content/uploads/2021/04/mcnamara-B-H.jpg,1,McNamara,false,McNamara,Learn the full history of your family with a Family History or a Crest/History Combination. Family History Standard : 16 x 20 cm | 6 x 8 inches. €9.90 Family History Large : 20 x 26 cm | 8 x 10 inches. €12.50 Family Combination (History &amp; Crest) : 26 x 20 cm | 10 x 8 inches.€14.95 Family Histories and Family Combin,,,,,,,,,,,,,g,,,true,true,,,unlisted
mcnamara,,,,,,,false,,,,,,,,,,,,,,,,,,https://irishfamilysurnames.com/wp-content/uploads/2021/03/irishfamilysurnameslogo2.jpg,2,McNamara,,,,,,,,,,,,,,,,,,,,,,,unlisted
mcnamara,,,,,,,false,,,,,,,,,,,,,,,,,,https://irishfamilysurnames.com/wp-content/uploads/2021/04/mcdonnell-B-H-300x375.jpg,3,McNamara,,,,,,,,,,,,,,,,,,,,,,,unlisted
mcnamara,,,,,,,false,,,,,,,,,,,,,,,,,,https://irishfamilysurnames.com/wp-content/uploads/2021/04/mcgowan-B-H-300x375.jpg,4,McNamara,,,,,,,,,,,,,,,,,,,,,,,unlisted
mcnamara,,,,,,,false,,,,,,,,,,,,,,,,,,https://irishfamilysurnames.com/wp-content/uploads/2021/04/mcdermott-B-H-300x375.jpg,5,McNamara,,,,,,,,,,,,,,,,,,,,,,,unlisted
mcsweeney,McSweeney,"<p>Learn the full history of your family with a Family History or a Crest/History Combination.</p><p>Family History Standard : 16 x 20 cm | 6 x 8 inches. €9.90</p><p>Family History Large : 20 x 26 cm | 8 x 10 inches. €12.50</p><p>Family Combination (History &amp;amp;amp; Crest) : 26 x 20 cm | 10 x 8 inches.€14.95</p><p>Family Histories and Family Combinations are supplied mounted and ready to frame.<br/>FREE WORLDWIDE POSTAGE</p>",Irish Family Surnames,,General,"imported, unlisted",false,Title,Default Title,,,,,2746,0,shopify,1,deny,manual,9.90,,true,true,,https://irishfamilysurnames.com/wp-content/uploads/2021/04/mcsweeney-B-H.jpg,1,McSweeney,false,McSweeney,Learn the full history of your family with a Family History or a Crest/History Combination. Family History Standard : 16 x 20 cm | 6 x 8 inches. €9.90 Family History Large : 20 x 26 cm | 8 x 10 inches. €12.50 Family Combination (History &amp; Crest) : 26 x 20 cm | 10 x 8 inches.€14.95 Family Histories and Family Combin,,,,,,,,,,,,,g,,,true,true,,,unlisted
mcsweeney,,,,,,,false,,,,,,,,,,,,,,,,,,https://irishfamilysurnames.com/wp-content/uploads/2021/03/irishfamilysurnameslogo2.jpg,2,McSweeney,,,,,,,,,,,,,,,,,,,,,,,unlisted
mcsweeney,,,,,,,false,,,,,,,,,,,,,,,,,,https://irishfamilysurnames.com/wp-content/uploads/2021/04/mccarthy-B-H-300x375.jpg,3,McSweeney,,,,,,,,,,,,,,,,,,,,,,,unlisted
mcsweeney,,,,,,,false,,,,,,,,,,,,,,,,,,https://irishfamilysurnames.com/wp-content/uploads/2021/04/mcgee-B-H-300x375.jpg,4,McSweeney,,,,,,,,,,,,,,,,,,,,,,,unlisted
mcsweeney,,,,,,,false,,,,,,,,,,,,,,,,,,https://irishfamilysurnames.com/wp-content/uploads/2021/04/mcdonagh-B-H-300x375.jpg,5,McSweeney,,,,,,,,,,,,,,,,,,,,,,,unlisted
power,Power,"<p>Learn the full history of your family with a Family History or a Crest/History Combination.</p><p>Family History Standard : 16 x 20 cm | 6 x 8 inches. €9.90</p><p>Family History Large : 20 x 26 cm | 8 x 10 inches. €12.50</p><p>Family Combination (History &amp;amp;amp; Crest) : 26 x 20 cm | 10 x 8 inches.€14.95</p><p>Family Histories and Family Combinations are supplied mounted and ready to frame.<br/>FREE WORLDWIDE POSTAGE</p>",Irish Family Surnames,,General,"imported, unlisted",false,Title,Default Title,,,,,2801,0,shopify,1,deny,manual,9.90,,true,true,,https://irishfamilysurnames.com/wp-content/uploads/2021/04/power-B-H.jpg,1,Power,false,Power,Learn the full history of your family with a Family History or a Crest/History Combination. Family History Standard : 16 x 20 cm | 6 x 8 inches. €9.90 Family History Large : 20 x 26 cm | 8 x 10 inches. €12.50 Family Combination (History &amp; Crest) : 26 x 20 cm | 10 x 8 inches.€14.95 Family Histories and Family Combin,,,,,,,,,,,,,g,,,true,true,,,unlisted
power,,,,,,,false,,,,,,,,,,,,,,,,,,https://irishfamilysurnames.com/wp-content/uploads/2021/03/irishfamilysurnameslogo2.jpg,2,Power,,,,,,,,,,,,,,,,,,,,,,,unlisted
power,,,,,,,false,,,,,,,,,,,,,,,,,,https://irishfamilysurnames.com/wp-content/uploads/2021/04/powers-B-H-300x375.jpg,3,Power,,,,,,,,,,,,,,,,,,,,,,,unlisted
power,,,,,,,false,,,,,,,,,,,,,,,,,,https://irishfamilysurnames.com/wp-content/uploads/2021/04/phelan-B-H-300x375.jpg,4,Power,,,,,,,,,,,,,,,,,,,,,,,unlisted
reagan,Reagan,"<p>Learn the full history of your family with a Family History or a Crest/History Combination.</p><p>Family History Standard : 16 x 20 cm | 6 x 8 inches. €9.90</p><p>Family History Large : 20 x 26 cm | 8 x 10 inches. €12.50</p><p>Family Combination (History &amp;amp;amp; Crest) : 26 x 20 cm | 10 x 8 inches.€14.95</p><p>Family Histories and Family Combinations are supplied mounted and ready to frame.<br/>FREE WORLDWIDE POSTAGE</p>",Irish Family Surnames,,General,"imported, unlisted",false,Title,Default Title,,,,,2856,0,shopify,1,deny,manual,9.90,,true,true,,https://irishfamilysurnames.com/wp-content/uploads/2021/04/reagan-B-H.jpg,1,Reagan,false,Reagan,Learn the full history of your family with a Family History or a Crest/History Combination. Family History Standard : 16 x 20 cm | 6 x 8 inches. €9.90 Family History Large : 20 x 26 cm | 8 x 10 inches. €12.50 Family Combination (History &amp; Crest) : 26 x 20 cm | 10 x 8 inches.€14.95 Family Histories and Family Combin,,,,,,,,,,,,,g,,,true,true,,,unlisted
reagan,,,,,,,false,,,,,,,,,,,,,,,,,,https://irishfamilysurnames.com/wp-content/uploads/2021/03/irishfamilysurnameslogo2.jpg,2,Reagan,,,,,,,,,,,,,,,,,,,,,,,unlisted
reagan,,,,,,,false,,,,,,,,,,,,,,,,,,https://irishfamilysurnames.com/wp-content/uploads/2021/04/rourke-B-H-300x375.jpg,3,Reagan,,,,,,,,,,,,,,,,,,,,,,,unlisted
reagan,,,,,,,false,,,,,,,,,,,,,,,,,,https://irishfamilysurnames.com/wp-content/uploads/2021/04/roach-B-H-300x375.jpg,4,Reagan,,,,,,,,,,,,,,,,,,,,,,,unlisted
reagan,,,,,,,false,,,,,,,,,,,,,,,,,,https://irishfamilysurnames.com/wp-content/uploads/2021/04/russell-B-H-300x375.jpg,5,Reagan,,,,,,,,,,,,,,,,,,,,,,,unlisted
reardon,Reardon,"<p>Learn the full history of your family with a Family History or a Crest/History Combination.</p><p>Family History Standard : 16 x 20 cm | 6 x 8 inches. €9.90</p><p>Family History Large : 20 x 26 cm | 8 x 10 inches. €12.50</p><p>Family Combination (History &amp;amp;amp; Crest) : 26 x 20 cm | 10 x 8 inches.€14.95</p><p>Family Histories and Family Combinations are supplied mounted and ready to frame.<br/>FREE WORLDWIDE POSTAGE</p>",Irish Family Surnames,,General,"imported, unlisted",false,Title,Default Title,,,,,2867,0,shopify,1,deny,manual,9.90,,true,true,,https://irishfamilysurnames.com/wp-content/uploads/2021/04/reardon-B-H.jpg,1,Reardon,false,Reardon,Learn the full history of your family with a Family History or a Crest/History Combination. Family History Standard : 16 x 20 cm | 6 x 8 inches. €9.90 Family History Large : 20 x 26 cm | 8 x 10 inches. €12.50 Family Combination (History &amp; Crest) : 26 x 20 cm | 10 x 8 inches.€14.95 Family Histories and Family Combin,,,,,,,,,,,,,g,,,true,true,,,unlisted
reardon,,,,,,,false,,,,,,,,,,,,,,,,,,https://irishfamilysurnames.com/wp-content/uploads/2021/03/irishfamilysurnameslogo2.jpg,2,Reardon,,,,,,,,,,,,,,,,,,,,,,,unlisted
reardon,,,,,,,false,,,,,,,,,,,,,,,,,,https://irishfamilysurnames.com/wp-content/uploads/2021/04/reagan-B-H-300x375.jpg,3,Reardon,,,,,,,,,,,,,,,,,,,,,,,unlisted
reardon,,,,,,,false,,,,,,,,,,,,,,,,,,https://irishfamilysurnames.com/wp-content/uploads/2021/04/rooney-B-H-300x375.jpg,4,Reardon,,,,,,,,,,,,,,,,,,,,,,,unlisted
reardon,,,,,,,false,,,,,,,,,,,,,,,,,,https://irishfamilysurnames.com/wp-content/uploads/2021/04/reid-B-H-300x375.jpg,5,Reardon,,,,,,,,,,,,,,,,,,,,,,,unlisted
redmond,Redmond,"<p>Learn the full history of your family with a Family History or a Crest/History Combination.</p><p>Family History Standard : 16 x 20 cm | 6 x 8 inches. €9.90</p><p>Family History Large : 20 x 26 cm | 8 x 10 inches. €12.50</p><p>Family Combination (History &amp;amp;amp; Crest) : 26 x 20 cm | 10 x 8 inches.€14.95</p><p>Family Histories and Family Combinations are supplied mounted and ready to frame.<br/>FREE WORLDWIDE POSTAGE</p>",Irish Family Surnames,,General,"imported, unlisted",false,Title,Default Title,,,,,2878,0,shopify,1,deny,manual,9.90,,true,true,,https://irishfamilysurnames.com/wp-content/uploads/2021/04/redmond-B-H.jpg,1,Redmond,false,Redmond,Learn the full history of your family with a Family History or a Crest/History Combination. Family History Standard : 16 x 20 cm | 6 x 8 inches. €9.90 Family History Large : 20 x 26 cm | 8 x 10 inches. €12.50 Family Combination (History &amp; Crest) : 26 x 20 cm | 10 x 8 inches.€14.95 Family Histories and Family Combin,,,,,,,,,,,,,g,,,true,true,,,unlisted
redmond,,,,,,,false,,,,,,,,,,,,,,,,,,https://irishfamilysurnames.com/wp-content/uploads/2021/03/irishfamilysurnameslogo2.jpg,2,Redmond,,,,,,,,,,,,,,,,,,,,,,,unlisted
redmond,,,,,,,false,,,,,,,,,,,,,,,,,,https://irishfamilysurnames.com/wp-content/uploads/2021/04/reid-B-H-300x375.jpg,3,Redmond,,,,,,,,,,,,,,,,,,,,,,,unlisted
redmond,,,,,,,false,,,,,,,,,,,,,,,,,,https://irishfamilysurnames.com/wp-content/uploads/2021/04/reagan-B-H-300x375.jpg,4,Redmond,,,,,,,,,,,,,,,,,,,,,,,unlisted
redmond,,,,,,,false,,,,,,,,,,,,,,,,,,https://irishfamilysurnames.com/wp-content/uploads/2021/04/roark-B-H-300x375.jpg,5,Redmond,,,,,,,,,,,,,,,,,,,,,,,unlisted
regan,Regan,"<p>Learn the full history of your family with a Family History or a Crest/History Combination.</p><p>Family History Standard : 16 x 20 cm | 6 x 8 inches. €9.90</p><p>Family History Large : 20 x 26 cm | 8 x 10 inches. €12.50</p><p>Family Combination (History &amp;amp;amp; Crest) : 26 x 20 cm | 10 x 8 inches.€14.95</p><p>Family Histories and Family Combinations are supplied mounted and ready to frame.<br/>FREE WORLDWIDE POSTAGE</p>",Irish Family Surnames,,General,"imported, unlisted",false,Title,Default Title,,,,,2890,0,shopify,1,deny,manual,9.90,,true,true,,https://irishfamilysurnames.com/wp-content/uploads/2021/04/regan-B-H.jpg,1,Regan,false,Regan,Learn the full history of your family with a Family History or a Crest/History Combination. Family History Standard : 16 x 20 cm | 6 x 8 inches. €9.90 Family History Large : 20 x 26 cm | 8 x 10 inches. €12.50 Family Combination (History &amp; Crest) : 26 x 20 cm | 10 x 8 inches.€14.95 Family Histories and Family Combin,,,,,,,,,,,,,g,,,true,true,,,unlisted
regan,,,,,,,false,,,,,,,,,,,,,,,,,,https://irishfamilysurnames.com/wp-content/uploads/2021/03/irishfamilysurnameslogo2.jpg,2,Regan,,,,,,,,,,,,,,,,,,,,,,,unlisted
regan,,,,,,,false,,,,,,,,,,,,,,,,,,https://irishfamilysurnames.com/wp-content/uploads/2021/04/reid-B-H-300x375.jpg,3,Regan,,,,,,,,,,,,,,,,,,,,,,,unlisted
regan,,,,,,,false,,,,,,,,,,,,,,,,,,https://irishfamilysurnames.com/wp-content/uploads/2021/04/rourke-B-H-300x375.jpg,4,Regan,,,,,,,,,,,,,,,,,,,,,,,unlisted
regan,,,,,,,false,,,,,,,,,,,,,,,,,,https://irishfamilysurnames.com/wp-content/uploads/2021/04/riley-B-H-300x375.jpg,5,Regan,,,,,,,,,,,,,,,,,,,,,,,unlisted
reynolds,Reynolds,"<p>Learn the full history of your family with a Family History or a Crest/History Combination.</p><p>Family History Standard : 16 x 20 cm | 6 x 8 inches. €9.90</p><p>Family History Large : 20 x 26 cm | 8 x 10 inches. €12.50</p><p>Family Combination (History &amp;amp;amp; Crest) : 26 x 20 cm | 10 x 8 inches.€14.95</p><p>Family Histories and Family Combinations are supplied mounted and ready to frame.<br/>FREE WORLDWIDE POSTAGE</p>",Irish Family Surnames,,General,"imported, unlisted",false,Title,Default Title,,,,,2927,0,shopify,1,deny,manual,9.90,,true,true,,https://irishfamilysurnames.com/wp-content/uploads/2021/04/reynolds-B-H.jpg,1,Reynolds,false,Reynolds,Learn the full history of your family with a Family History or a Crest/History Combination. Family History Standard : 16 x 20 cm | 6 x 8 inches. €9.90 Family History Large : 20 x 26 cm | 8 x 10 inches. €12.50 Family Combination (History &amp; Crest) : 26 x 20 cm | 10 x 8 inches.€14.95 Family Histories and Family Combin,,,,,,,,,,,,,g,,,true,true,,,unlisted
reynolds,,,,,,,false,,,,,,,,,,,,,,,,,,https://irishfamilysurnames.com/wp-content/uploads/2021/03/irishfamilysurnameslogo2.jpg,2,Reynolds,,,,,,,,,,,,,,,,,,,,,,,unlisted
reynolds,,,,,,,false,,,,,,,,,,,,,,,,,,https://irishfamilysurnames.com/wp-content/uploads/2021/04/reid-B-H-300x375.jpg,3,Reynolds,,,,,,,,,,,,,,,,,,,,,,,unlisted
reynolds,,,,,,,false,,,,,,,,,,,,,,,,,,https://irishfamilysurnames.com/wp-content/uploads/2021/04/reagan-B-H-300x375.jpg,4,Reynolds,,,,,,,,,,,,,,,,,,,,,,,unlisted
reynolds,,,,,,,false,,,,,,,,,,,,,,,,,,https://irishfamilysurnames.com/wp-content/uploads/2021/04/reilly-B-H-300x375.jpg,5,Reynolds,,,,,,,,,,,,,,,,,,,,,,,unlisted
roche,Roche,"<p>Learn the full history of your family with a Family History or a Crest/History Combination.</p><p>Family History Standard : 16 x 20 cm | 6 x 8 inches. €9.90</p><p>Family History Large : 20 x 26 cm | 8 x 10 inches. €12.50</p><p>Family Combination (History &amp;amp;amp; Crest) : 26 x 20 cm | 10 x 8 inches.€14.95</p><p>Family Histories and Family Combinations are supplied mounted and ready to frame.<br/>FREE WORLDWIDE POSTAGE</p>",Irish Family Surnames,,General,"imported, unlisted",false,Title,Default Title,,,,,2983,0,shopify,1,deny,manual,9.90,,true,true,,https://irishfamilysurnames.com/wp-content/uploads/2021/04/roche-B-H.jpg,1,Roche,false,Roche,Learn the full history of your family with a Family History or a Crest/History Combination. Family History Standard : 16 x 20 cm | 6 x 8 inches. €9.90 Family History Large : 20 x 26 cm | 8 x 10 inches. €12.50 Family Combination (History &amp; Crest) : 26 x 20 cm | 10 x 8 inches.€14.95 Family Histories and Family Combin,,,,,,,,,,,,,g,,,true,true,,,unlisted
roche,,,,,,,false,,,,,,,,,,,,,,,,,,https://irishfamilysurnames.com/wp-content/uploads/2021/03/irishfamilysurnameslogo2.jpg,2,Roche,,,,,,,,,,,,,,,,,,,,,,,unlisted
roche,,,,,,,false,,,,,,,,,,,,,,,,,,https://irishfamilysurnames.com/wp-content/uploads/2021/04/rafferty-B-H-300x375.jpg,3,Roche,,,,,,,,,,,,,,,,,,,,,,,unlisted
roche,,,,,,,false,,,,,,,,,,,,,,,,,,https://irishfamilysurnames.com/wp-content/uploads/2021/04/rourke-B-H-300x375.jpg,4,Roche,,,,,,,,,,,,,,,,,,,,,,,unlisted
roche,,,,,,,false,,,,,,,,,,,,,,,,,,https://irishfamilysurnames.com/wp-content/uploads/2021/04/russell-B-H-300x375.jpg,5,Roche,,,,,,,,,,,,,,,,,,,,,,,unlisted
rooney,Rooney,"<p>Learn the full history of your family with a Family History or a Crest/History Combination.</p><p>Family History Standard : 16 x 20 cm | 6 x 8 inches. €9.90</p><p>Family History Large : 20 x 26 cm | 8 x 10 inches. €12.50</p><p>Family Combination (History &amp;amp;amp; Crest) : 26 x 20 cm | 10 x 8 inches.€14.95</p><p>Family Histories and Family Combinations are supplied mounted and ready to frame.<br/>FREE WORLDWIDE POSTAGE</p>",Irish Family Surnames,,General,"imported, unlisted",false,Title,Default Title,,,,,2994,0,shopify,1,deny,manual,9.90,,true,true,,https://irishfamilysurnames.com/wp-content/uploads/2021/04/rooney-B-H.jpg,1,Rooney,false,Rooney,Learn the full history of your family with a Family History or a Crest/History Combination. Family History Standard : 16 x 20 cm | 6 x 8 inches. €9.90 Family History Large : 20 x 26 cm | 8 x 10 inches. €12.50 Family Combination (History &amp; Crest) : 26 x 20 cm | 10 x 8 inches.€14.95 Family Histories and Family Combin,,,,,,,,,,,,,g,,,true,true,,,unlisted
rooney,,,,,,,false,,,,,,,,,,,,,,,,,,https://irishfamilysurnames.com/wp-content/uploads/2021/03/irishfamilysurnameslogo2.jpg,2,Rooney,,,,,,,,,,,,,,,,,,,,,,,unlisted
rooney,,,,,,,false,,,,,,,,,,,,,,,,,,https://irishfamilysurnames.com/wp-content/uploads/2021/04/riordan-B-H-300x375.jpg,3,Rooney,,,,,,,,,,,,,,,,,,,,,,,unlisted
rooney,,,,,,,false,,,,,,,,,,,,,,,,,,https://irishfamilysurnames.com/wp-content/uploads/2021/04/redmond-B-H-300x375.jpg,4,Rooney,,,,,,,,,,,,,,,,,,,,,,,unlisted
rooney,,,,,,,false,,,,,,,,,,,,,,,,,,https://irishfamilysurnames.com/wp-content/uploads/2021/04/roark-B-H-300x375.jpg,5,Rooney,,,,,,,,,,,,,,,,,,,,,,,unlisted
rourke,Rourke,"<p>Learn the full history of your family with a Family History or a Crest/History Combination.</p><p>Family History Standard : 16 x 20 cm | 6 x 8 inches. €9.90</p><p>Family History Large : 20 x 26 cm | 8 x 10 inches. €12.50</p><p>Family Combination (History &amp;amp;amp; Crest) : 26 x 20 cm | 10 x 8 inches.€14.95</p><p>Family Histories and Family Combinations are supplied mounted and ready to frame.<br/>FREE WORLDWIDE POSTAGE</p>",Irish Family Surnames,,General,"imported, unlisted",false,Title,Default Title,,,,,3005,0,shopify,1,deny,manual,9.90,,true,true,,https://irishfamilysurnames.com/wp-content/uploads/2021/04/rourke-B-H.jpg,1,Rourke,false,Rourke,Learn the full history of your family with a Family History or a Crest/History Combination. Family History Standard : 16 x 20 cm | 6 x 8 inches. €9.90 Family History Large : 20 x 26 cm | 8 x 10 inches. €12.50 Family Combination (History &amp; Crest) : 26 x 20 cm | 10 x 8 inches.€14.95 Family Histories and Family Combin,,,,,,,,,,,,,g,,,true,true,,,unlisted
rourke,,,,,,,false,,,,,,,,,,,,,,,,,,https://irishfamilysurnames.com/wp-content/uploads/2021/03/irishfamilysurnameslogo2.jpg,2,Rourke,,,,,,,,,,,,,,,,,,,,,,,unlisted
rourke,,,,,,,false,,,,,,,,,,,,,,,,,,https://irishfamilysurnames.com/wp-content/uploads/2021/04/roche-B-H-300x375.jpg,3,Rourke,,,,,,,,,,,,,,,,,,,,,,,unlisted
rourke,,,,,,,false,,,,,,,,,,,,,,,,,,https://irishfamilysurnames.com/wp-content/uploads/2021/04/riley-B-H-300x375.jpg,4,Rourke,,,,,,,,,,,,,,,,,,,,,,,unlisted
rourke,,,,,,,false,,,,,,,,,,,,,,,,,,https://irishfamilysurnames.com/wp-content/uploads/2021/04/reagan-B-H-300x375.jpg,5,Rourke,,,,,,,,,,,,,,,,,,,,,,,unlisted
russell,Russell,"<p>Learn the full history of your family with a Family History or a Crest/History Combination.</p><p>Family History Standard : 16 x 20 cm | 6 x 8 inches. €9.90</p><p>Family History Large : 20 x 26 cm | 8 x 10 inches. €12.50</p><p>Family Combination (History &amp;amp;amp; Crest) : 26 x 20 cm | 10 x 8 inches.€14.95</p><p>Family Histories and Family Combinations are supplied mounted and ready to frame.<br/>FREE WORLDWIDE POSTAGE</p>",Irish Family Surnames,,General,"imported, unlisted",false,Title,Default Title,,,,,3017,0,shopify,1,deny,manual,9.90,,true,true,,https://irishfamilysurnames.com/wp-content/uploads/2021/04/russell-B-H.jpg,1,Russell,false,Russell,Learn the full history of your family with a Family History or a Crest/History Combination. Family History Standard : 16 x 20 cm | 6 x 8 inches. €9.90 Family History Large : 20 x 26 cm | 8 x 10 inches. €12.50 Family Combination (History &amp; Crest) : 26 x 20 cm | 10 x 8 inches.€14.95 Family Histories and Family Combin,,,,,,,,,,,,,g,,,true,true,,,unlisted
russell,,,,,,,false,,,,,,,,,,,,,,,,,,https://irishfamilysurnames.com/wp-content/uploads/2021/03/irishfamilysurnameslogo2.jpg,2,Russell,,,,,,,,,,,,,,,,,,,,,,,unlisted
russell,,,,,,,false,,,,,,,,,,,,,,,,,,https://irishfamilysurnames.com/wp-content/uploads/2021/04/reilly-B-H-300x375.jpg,3,Russell,,,,,,,,,,,,,,,,,,,,,,,unlisted
russell,,,,,,,false,,,,,,,,,,,,,,,,,,https://irishfamilysurnames.com/wp-content/uploads/2021/04/roach-B-H-300x375.jpg,4,Russell,,,,,,,,,,,,,,,,,,,,,,,unlisted
russell,,,,,,,false,,,,,,,,,,,,,,,,,,https://irishfamilysurnames.com/wp-content/uploads/2021/04/rooney-B-H-300x375.jpg,5,Russell,,,,,,,,,,,,,,,,,,,,,,,unlisted
ryan,Ryan,"<p>Learn the full history of your family with a Family History or a Crest/History Combination.</p><p>Family History Standard : 16 x 20 cm | 6 x 8 inches. €9.90</p><p>Family History Large : 20 x 26 cm | 8 x 10 inches. €12.50</p><p>Family Combination (History &amp;amp;amp; Crest) : 26 x 20 cm | 10 x 8 inches.€14.95</p><p>Family Histories and Family Combinations are supplied mounted and ready to frame.<br/>FREE WORLDWIDE POSTAGE</p>",Irish Family Surnames,,General,"imported, unlisted",false,Title,Default Title,,,,,3030,0,shopify,1,deny,manual,9.90,,true,true,,https://irishfamilysurnames.com/wp-content/uploads/2021/04/ryan-B-H.jpg,1,Ryan,false,Ryan,Learn the full history of your family with a Family History or a Crest/History Combination. Family History Standard : 16 x 20 cm | 6 x 8 inches. €9.90 Family History Large : 20 x 26 cm | 8 x 10 inches. €12.50 Family Combination (History &amp; Crest) : 26 x 20 cm | 10 x 8 inches.€14.95 Family Histories and Family Combin,,,,,,,,,,,,,g,,,true,true,,,unlisted
ryan,,,,,,,false,,,,,,,,,,,,,,,,,,https://irishfamilysurnames.com/wp-content/uploads/2021/03/irishfamilysurnameslogo2.jpg,2,Ryan,,,,,,,,,,,,,,,,,,,,,,,unlisted
ryan,,,,,,,false,,,,,,,,,,,,,,,,,,https://irishfamilysurnames.com/wp-content/uploads/2021/04/roche-B-H-300x375.jpg,3,Ryan,,,,,,,,,,,,,,,,,,,,,,,unlisted
ryan,,,,,,,false,,,,,,,,,,,,,,,,,,https://irishfamilysurnames.com/wp-content/uploads/2021/04/redmond-B-H-300x375.jpg,4,Ryan,,,,,,,,,,,,,,,,,,,,,,,unlisted
ryan,,,,,,,false,,,,,,,,,,,,,,,,,,https://irishfamilysurnames.com/wp-content/uploads/2021/04/roark-B-H-300x375.jpg,5,Ryan,,,,,,,,,,,,,,,,,,,,,,,unlisted
butler,Butler,"<p>Learn the full history of your family with a Family History or a Crest/History Combination.</p><p>Family History Standard : 16 x 20 cm | 6 x 8 inches. €9.90</p><p>Family History Large : 20 x 26 cm | 8 x 10 inches. €12.50</p><p>Family Combination (History &amp;amp;amp; Crest) : 26 x 20 cm | 10 x 8 inches.€14.95</p><p>Family Histories and Family Combinations are supplied mounted and ready to frame.<br/>FREE WORLDWIDE POSTAGE</p>",Irish Family Surnames,,General,"imported, unlisted",false,Title,Default Title,,,,,3308,0,shopify,1,deny,manual,9.90,,true,true,,https://irishfamilysurnames.com/wp-content/uploads/2021/04/butler-B-H.jpg,1,Butler,false,Butler,Learn the full history of your family with a Family History or a Crest/History Combination. Family History Standard : 16 x 20 cm | 6 x 8 inches. €9.90 Family History Large : 20 x 26 cm | 8 x 10 inches. €12.50 Family Combination (History &amp; Crest) : 26 x 20 cm | 10 x 8 inches.€14.95 Family Histories and Family Combin,,,,,,,,,,,,,g,,,true,true,,,unlisted
butler,,,,,,,false,,,,,,,,,,,,,,,,,,https://irishfamilysurnames.com/wp-content/uploads/2021/03/irishfamilysurnameslogo2.jpg,2,Butler,,,,,,,,,,,,,,,,,,,,,,,unlisted
butler,,,,,,,false,,,,,,,,,,,,,,,,,,https://irishfamilysurnames.com/wp-content/uploads/2021/04/burns-B-H-300x375.jpg,3,Butler,,,,,,,,,,,,,,,,,,,,,,,unlisted
butler,,,,,,,false,,,,,,,,,,,,,,,,,,https://irishfamilysurnames.com/wp-content/uploads/2021/04/brown-B-H-300x375.jpg,4,Butler,,,,,,,,,,,,,,,,,,,,,,,unlisted
butler,,,,,,,false,,,,,,,,,,,,,,,,,,https://irishfamilysurnames.com/wp-content/uploads/2021/04/buckley-B-H-300x375.jpg,5,Butler,,,,,,,,,,,,,,,,,,,,,,,unlisted
byrne,Byrne,"<p>Learn the full history of your family with a Family History or a Crest/History Combination.</p><p>Family History Standard : 16 x 20 cm | 6 x 8 inches. €9.90</p><p>Family History Large : 20 x 26 cm | 8 x 10 inches. €12.50</p><p>Family Combination (History &amp;amp;amp; Crest) : 26 x 20 cm | 10 x 8 inches.€14.95</p><p>Family Histories and Family Combinations are supplied mounted and ready to frame.<br/>FREE WORLDWIDE POSTAGE</p>",Irish Family Surnames,,General,"imported, unlisted",false,Title,Default Title,,,,,3319,0,shopify,1,deny,manual,9.90,,true,true,,https://irishfamilysurnames.com/wp-content/uploads/2021/04/byrne-B-H.jpg,1,Byrne,false,Byrne,Learn the full history of your family with a Family History or a Crest/History Combination. Family History Standard : 16 x 20 cm | 6 x 8 inches. €9.90 Family History Large : 20 x 26 cm | 8 x 10 inches. €12.50 Family Combination (History &amp; Crest) : 26 x 20 cm | 10 x 8 inches.€14.95 Family Histories and Family Combin,,,,,,,,,,,,,g,,,true,true,,,unlisted
byrne,,,,,,,false,,,,,,,,,,,,,,,,,,https://irishfamilysurnames.com/wp-content/uploads/2021/03/irishfamilysurnameslogo2.jpg,2,Byrne,,,,,,,,,,,,,,,,,,,,,,,unlisted
byrne,,,,,,,false,,,,,,,,,,,,,,,,,,https://irishfamilysurnames.com/wp-content/uploads/2021/04/browne-B-H-300x375.jpg,3,Byrne,,,,,,,,,,,,,,,,,,,,,,,unlisted
byrne,,,,,,,false,,,,,,,,,,,,,,,,,,https://irishfamilysurnames.com/wp-content/uploads/2021/04/butler-B-H-300x375.jpg,4,Byrne,,,,,,,,,,,,,,,,,,,,,,,unlisted
byrne,,,,,,,false,,,,,,,,,,,,,,,,,,https://irishfamilysurnames.com/wp-content/uploads/2021/04/burke-B-H-300x375.jpg,5,Byrne,,,,,,,,,,,,,,,,,,,,,,,unlisted
burns,Burns,"<p>Learn the full history of your family with a Family History or a Crest/History Combination.</p><p>Family History Standard : 16 x 20 cm | 6 x 8 inches. €9.90</p><p>Family History Large : 20 x 26 cm | 8 x 10 inches. €12.50</p><p>Family Combination (History &amp;amp;amp; Crest) : 26 x 20 cm | 10 x 8 inches.€14.95</p><p>Family Histories and Family Combinations are supplied mounted and ready to frame.<br/>FREE WORLDWIDE POSTAGE</p>",Irish Family Surnames,,General,"imported, unlisted",false,Title,Default Title,,,,,3297,0,shopify,1,deny,manual,9.90,,true,true,,https://irishfamilysurnames.com/wp-content/uploads/2021/04/burns-B-H.jpg,1,Burns,false,Burns,Learn the full history of your family with a Family History or a Crest/History Combination. Family History Standard : 16 x 20 cm | 6 x 8 inches. €9.90 Family History Large : 20 x 26 cm | 8 x 10 inches. €12.50 Family Combination (History &amp; Crest) : 26 x 20 cm | 10 x 8 inches.€14.95 Family Histories and Family Combin,,,,,,,,,,,,,g,,,true,true,,,unlisted
burns,,,,,,,false,,,,,,,,,,,,,,,,,,https://irishfamilysurnames.com/wp-content/uploads/2021/03/irishfamilysurnameslogo2.jpg,2,Burns,,,,,,,,,,,,,,,,,,,,,,,unlisted
burns,,,,,,,false,,,,,,,,,,,,,,,,,,https://irishfamilysurnames.com/wp-content/uploads/2021/04/bolger-B-H-300x375.jpg,3,Burns,,,,,,,,,,,,,,,,,,,,,,,unlisted
burns,,,,,,,false,,,,,,,,,,,,,,,,,,https://irishfamilysurnames.com/wp-content/uploads/2021/04/boland-B-H-300x375.jpg,4,Burns,,,,,,,,,,,,,,,,,,,,,,,unlisted
burns,,,,,,,false,,,,,,,,,,,,,,,,,,https://irishfamilysurnames.com/wp-content/uploads/2021/04/burk-B-H-300x375.jpg,5,Burns,,,,,,,,,,,,,,,,,,,,,,,unlisted
burke,Burke,"<p>Learn the full history of your family with a Family History or a Crest/History Combination.</p><p>Family History Standard : 16 x 20 cm | 6 x 8 inches. €9.90</p><p>Family History Large : 20 x 26 cm | 8 x 10 inches. €12.50</p><p>Family Combination (History &amp;amp;amp; Crest) : 26 x 20 cm | 10 x 8 inches.€14.95</p><p>Family Histories and Family Combinations are supplied mounted and ready to frame.<br/>FREE WORLDWIDE POSTAGE</p>",Irish Family Surnames,,General,"imported, unlisted",false,Title,Default Title,,,,,3286,0,shopify,1,deny,manual,9.90,,true,true,,https://irishfamilysurnames.com/wp-content/uploads/2021/04/burke-B-H.jpg,1,Burke,false,Burke,Learn the full history of your family with a Family History or a Crest/History Combination. Family History Standard : 16 x 20 cm | 6 x 8 inches. €9.90 Family History Large : 20 x 26 cm | 8 x 10 inches. €12.50 Family Combination (History &amp; Crest) : 26 x 20 cm | 10 x 8 inches.€14.95 Family Histories and Family Combin,,,,,,,,,,,,,g,,,true,true,,,unlisted
burke,,,,,,,false,,,,,,,,,,,,,,,,,,https://irishfamilysurnames.com/wp-content/uploads/2021/03/irishfamilysurnameslogo2.jpg,2,Burke,,,,,,,,,,,,,,,,,,,,,,,unlisted
burke,,,,,,,false,,,,,,,,,,,,,,,,,,https://irishfamilysurnames.com/wp-content/uploads/2021/04/brown-B-H-300x375.jpg,3,Burke,,,,,,,,,,,,,,,,,,,,,,,unlisted
burke,,,,,,,false,,,,,,,,,,,,,,,,,,https://irishfamilysurnames.com/wp-content/uploads/2021/04/browne-B-H-300x375.jpg,4,Burke,,,,,,,,,,,,,,,,,,,,,,,unlisted
burke,,,,,,,false,,,,,,,,,,,,,,,,,,https://irishfamilysurnames.com/wp-content/uploads/2021/04/bradley-B-H-300x375.jpg,5,Burke,,,,,,,,,,,,,,,,,,,,,,,unlisted
burk,Burk,"<p>Learn the full history of your family with a Family History or a Crest/History Combination.</p><p>Family History Standard : 16 x 20 cm | 6 x 8 inches. €9.90</p><p>Family History Large : 20 x 26 cm | 8 x 10 inches. €12.50</p><p>Family Combination (History &amp;amp;amp; Crest) : 26 x 20 cm | 10 x 8 inches.€14.95</p><p>Family Histories and Family Combinations are supplied mounted and ready to frame.<br/>FREE WORLDWIDE POSTAGE</p>",Irish Family Surnames,,General,"imported, unlisted",false,Title,Default Title,,,,,3275,0,shopify,1,deny,manual,9.90,,true,true,,https://irishfamilysurnames.com/wp-content/uploads/2021/04/burk-B-H.jpg,1,Burk,false,Burk,Learn the full history of your family with a Family History or a Crest/History Combination. Family History Standard : 16 x 20 cm | 6 x 8 inches. €9.90 Family History Large : 20 x 26 cm | 8 x 10 inches. €12.50 Family Combination (History &amp; Crest) : 26 x 20 cm | 10 x 8 inches.€14.95 Family Histories and Family Combin,,,,,,,,,,,,,g,,,true,true,,,unlisted
burk,,,,,,,false,,,,,,,,,,,,,,,,,,https://irishfamilysurnames.com/wp-content/uploads/2021/03/irishfamilysurnameslogo2.jpg,2,Burk,,,,,,,,,,,,,,,,,,,,,,,unlisted
burk,,,,,,,false,,,,,,,,,,,,,,,,,,https://irishfamilysurnames.com/wp-content/uploads/2021/04/bolger-B-H-300x375.jpg,3,Burk,,,,,,,,,,,,,,,,,,,,,,,unlisted
burk,,,,,,,false,,,,,,,,,,,,,,,,,,https://irishfamilysurnames.com/wp-content/uploads/2021/04/butler-B-H-300x375.jpg,4,Burk,,,,,,,,,,,,,,,,,,,,,,,unlisted
burk,,,,,,,false,,,,,,,,,,,,,,,,,,https://irishfamilysurnames.com/wp-content/uploads/2021/04/bourke-B-H-300x375.jpg,5,Burk,,,,,,,,,,,,,,,,,,,,,,,unlisted
buckley,Buckley,"<p>Learn the full history of your family with a Family History or a Crest/History Combination.</p><p>Family History Standard : 16 x 20 cm | 6 x 8 inches. €9.90</p><p>Family History Large : 20 x 26 cm | 8 x 10 inches. €12.50</p><p>Family Combination (History &amp;amp;amp; Crest) : 26 x 20 cm | 10 x 8 inches.€14.95</p><p>Family Histories and Family Combinations are supplied mounted and ready to frame.<br/>FREE WORLDWIDE POSTAGE</p>",Irish Family Surnames,,General,"imported, unlisted",false,Title,Default Title,,,,,3264,0,shopify,1,deny,manual,9.90,,true,true,,https://irishfamilysurnames.com/wp-content/uploads/2021/04/buckley-B-H.jpg,1,Buckley,false,Buckley,Learn the full history of your family with a Family History or a Crest/History Combination. Family History Standard : 16 x 20 cm | 6 x 8 inches. €9.90 Family History Large : 20 x 26 cm | 8 x 10 inches. €12.50 Family Combination (History &amp; Crest) : 26 x 20 cm | 10 x 8 inches.€14.95 Family Histories and Family Combin,,,,,,,,,,,,,g,,,true,true,,,unlisted
buckley,,,,,,,false,,,,,,,,,,,,,,,,,,https://irishfamilysurnames.com/wp-content/uploads/2021/03/irishfamilysurnameslogo2.jpg,2,Buckley,,,,,,,,,,,,,,,,,,,,,,,unlisted
buckley,,,,,,,false,,,,,,,,,,,,,,,,,,https://irishfamilysurnames.com/wp-content/uploads/2021/04/byrne-B-H-300x375.jpg,3,Buckley,,,,,,,,,,,,,,,,,,,,,,,unlisted
buckley,,,,,,,false,,,,,,,,,,,,,,,,,,https://irishfamilysurnames.com/wp-content/uploads/2021/04/brennan-B-H-300x375.jpg,4,Buckley,,,,,,,,,,,,,,,,,,,,,,,unlisted
buckley,,,,,,,false,,,,,,,,,,,,,,,,,,https://irishfamilysurnames.com/wp-content/uploads/2021/04/barry-B-H-300x375.jpg,5,Buckley,,,,,,,,,,,,,,,,,,,,,,,unlisted
browne,Browne,"<p>Learn the full history of your family with a Family History or a Crest/History Combination.</p><p>Family History Standard : 16 x 20 cm | 6 x 8 inches. €9.90</p><p>Family History Large : 20 x 26 cm | 8 x 10 inches. €12.50</p><p>Family Combination (History &amp;amp;amp; Crest) : 26 x 20 cm | 10 x 8 inches.€14.95</p><p>Family Histories and Family Combinations are supplied mounted and ready to frame.<br/>FREE WORLDWIDE POSTAGE</p>",Irish Family Surnames,,General,"imported, unlisted",false,Title,Default Title,,,,,3253,0,shopify,1,deny,manual,9.90,,true,true,,https://irishfamilysurnames.com/wp-content/uploads/2021/04/browne-B-H.jpg,1,Browne,false,Browne,Learn the full history of your family with a Family History or a Crest/History Combination. Family History Standard : 16 x 20 cm | 6 x 8 inches. €9.90 Family History Large : 20 x 26 cm | 8 x 10 inches. €12.50 Family Combination (History &amp; Crest) : 26 x 20 cm | 10 x 8 inches.€14.95 Family Histories and Family Combin,,,,,,,,,,,,,g,,,true,true,,,unlisted
browne,,,,,,,false,,,,,,,,,,,,,,,,,,https://irishfamilysurnames.com/wp-content/uploads/2021/03/irishfamilysurnameslogo2.jpg,2,Browne,,,,,,,,,,,,,,,,,,,,,,,unlisted
browne,,,,,,,false,,,,,,,,,,,,,,,,,,https://irishfamilysurnames.com/wp-content/uploads/2021/04/burns-B-H-300x375.jpg,3,Browne,,,,,,,,,,,,,,,,,,,,,,,unlisted
browne,,,,,,,false,,,,,,,,,,,,,,,,,,https://irishfamilysurnames.com/wp-content/uploads/2021/04/bell-B-H-300x375.jpg,4,Browne,,,,,,,,,,,,,,,,,,,,,,,unlisted
browne,,,,,,,false,,,,,,,,,,,,,,,,,,https://irishfamilysurnames.com/wp-content/uploads/2021/04/boyle-B-H-300x375.jpg,5,Browne,,,,,,,,,,,,,,,,,,,,,,,unlisted
brown,Brown,"<p>Learn the full history of your family with a Family History or a Crest/History Combination.</p><p>Family History Standard : 16 x 20 cm | 6 x 8 inches. €9.90</p><p>Family History Large : 20 x 26 cm | 8 x 10 inches. €12.50</p><p>Family Combination (History &amp;amp;amp; Crest) : 26 x 20 cm | 10 x 8 inches.€14.95</p><p>Family Histories and Family Combinations are supplied mounted and ready to frame.<br/>FREE WORLDWIDE POSTAGE</p>",Irish Family Surnames,,General,"imported, unlisted",false,Title,Default Title,,,,,3242,0,shopify,1,deny,manual,9.90,,true,true,,https://irishfamilysurnames.com/wp-content/uploads/2021/04/brown-B-H.jpg,1,Brown,false,Brown,Learn the full history of your family with a Family History or a Crest/History Combination. Family History Standard : 16 x 20 cm | 6 x 8 inches. €9.90 Family History Large : 20 x 26 cm | 8 x 10 inches. €12.50 Family Combination (History &amp; Crest) : 26 x 20 cm | 10 x 8 inches.€14.95 Family Histories and Family Combin,,,,,,,,,,,,,g,,,true,true,,,unlisted
brown,,,,,,,false,,,,,,,,,,,,,,,,,,https://irishfamilysurnames.com/wp-content/uploads/2021/03/irishfamilysurnameslogo2.jpg,2,Brown,,,,,,,,,,,,,,,,,,,,,,,unlisted
brown,,,,,,,false,,,,,,,,,,,,,,,,,,https://irishfamilysurnames.com/wp-content/uploads/2021/04/barry-B-H-300x375.jpg,3,Brown,,,,,,,,,,,,,,,,,,,,,,,unlisted
brown,,,,,,,false,,,,,,,,,,,,,,,,,,https://irishfamilysurnames.com/wp-content/uploads/2021/04/brady-B-H-300x375.jpg,4,Brown,,,,,,,,,,,,,,,,,,,,,,,unlisted
brown,,,,,,,false,,,,,,,,,,,,,,,,,,https://irishfamilysurnames.com/wp-content/uploads/2021/04/burke-B-H-300x375.jpg,5,Brown,,,,,,,,,,,,,,,,,,,,,,,unlisted
brophy,Brophy,"<p>Learn the full history of your family with a Family History or a Crest/History Combination.</p><p>Family History Standard : 16 x 20 cm | 6 x 8 inches. €9.90</p><p>Family History Large : 20 x 26 cm | 8 x 10 inches. €12.50</p><p>Family Combination (History &amp;amp;amp; Crest) : 26 x 20 cm | 10 x 8 inches.€14.95</p><p>Family Histories and Family Combinations are supplied mounted and ready to frame.<br/>FREE WORLDWIDE POSTAGE</p>",Irish Family Surnames,,General,"imported, unlisted",false,Title,Default Title,,,,,3231,0,shopify,1,deny,manual,9.90,,true,true,,https://irishfamilysurnames.com/wp-content/uploads/2021/04/brophy-B-H.jpg,1,Brophy,false,Brophy,Learn the full history of your family with a Family History or a Crest/History Combination. Family History Standard : 16 x 20 cm | 6 x 8 inches. €9.90 Family History Large : 20 x 26 cm | 8 x 10 inches. €12.50 Family Combination (History &amp; Crest) : 26 x 20 cm | 10 x 8 inches.€14.95 Family Histories and Family Combin,,,,,,,,,,,,,g,,,true,true,,,unlisted
brophy,,,,,,,false,,,,,,,,,,,,,,,,,,https://irishfamilysurnames.com/wp-content/uploads/2021/03/irishfamilysurnameslogo2.jpg,2,Brophy,,,,,,,,,,,,,,,,,,,,,,,unlisted
brophy,,,,,,,false,,,,,,,,,,,,,,,,,,https://irishfamilysurnames.com/wp-content/uploads/2021/04/barry-B-H-300x375.jpg,3,Brophy,,,,,,,,,,,,,,,,,,,,,,,unlisted
brophy,,,,,,,false,,,,,,,,,,,,,,,,,,https://irishfamilysurnames.com/wp-content/uploads/2021/04/boylan-B-H-300x375.jpg,4,Brophy,,,,,,,,,,,,,,,,,,,,,,,unlisted
brophy,,,,,,,false,,,,,,,,,,,,,,,,,,https://irishfamilysurnames.com/wp-content/uploads/2021/04/burke-B-H-300x375.jpg,5,Brophy,,,,,,,,,,,,,,,,,,,,,,,unlisted
brien,Brien,"<p>Learn the full history of your family with a Family History or a Crest/History Combination.</p><p>Family History Standard : 16 x 20 cm | 6 x 8 inches. €9.90</p><p>Family History Large : 20 x 26 cm | 8 x 10 inches. €12.50</p><p>Family Combination (History &amp;amp;amp; Crest) : 26 x 20 cm | 10 x 8 inches.€14.95</p><p>Family Histories and Family Combinations are supplied mounted and ready to frame.<br/>FREE WORLDWIDE POSTAGE</p>",Irish Family Surnames,,General,"imported, unlisted",false,Title,Default Title,,,,,3220,0,shopify,1,deny,manual,9.90,,true,true,,https://irishfamilysurnames.com/wp-content/uploads/2021/04/brien-B-H.jpg,1,Brien,false,Brien,Learn the full history of your family with a Family History or a Crest/History Combination. Family History Standard : 16 x 20 cm | 6 x 8 inches. €9.90 Family History Large : 20 x 26 cm | 8 x 10 inches. €12.50 Family Combination (History &amp; Crest) : 26 x 20 cm | 10 x 8 inches.€14.95 Family Histories and Family Combin,,,,,,,,,,,,,g,,,true,true,,,unlisted
brien,,,,,,,false,,,,,,,,,,,,,,,,,,https://irishfamilysurnames.com/wp-content/uploads/2021/03/irishfamilysurnameslogo2.jpg,2,Brien,,,,,,,,,,,,,,,,,,,,,,,unlisted
brien,,,,,,,false,,,,,,,,,,,,,,,,,,https://irishfamilysurnames.com/wp-content/uploads/2021/04/boyle-B-H-300x375.jpg,3,Brien,,,,,,,,,,,,,,,,,,,,,,,unlisted
brien,,,,,,,false,,,,,,,,,,,,,,,,,,https://irishfamilysurnames.com/wp-content/uploads/2021/04/bell-B-H-300x375.jpg,4,Brien,,,,,,,,,,,,,,,,,,,,,,,unlisted
brien,,,,,,,false,,,,,,,,,,,,,,,,,,https://irishfamilysurnames.com/wp-content/uploads/2021/04/bourke-B-H-300x375.jpg,5,Brien,,,,,,,,,,,,,,,,,,,,,,,unlisted
brennan,Brennan,"<p>Learn the full history of your family with a Family History or a Crest/History Combination.</p><p>Family History Standard : 16 x 20 cm | 6 x 8 inches. €9.90</p><p>Family History Large : 20 x 26 cm | 8 x 10 inches. €12.50</p><p>Family Combination (History &amp;amp;amp; Crest) : 26 x 20 cm | 10 x 8 inches.€14.95</p><p>Family Histories and Family Combinations are supplied mounted and ready to frame.<br/>FREE WORLDWIDE POSTAGE</p>",Irish Family Surnames,,General,"imported, unlisted",false,Title,Default Title,,,,,3209,0,shopify,1,deny,manual,9.90,,true,true,,https://irishfamilysurnames.com/wp-content/uploads/2021/04/brennan-B-H.jpg,1,Brennan,false,Brennan,Learn the full history of your family with a Family History or a Crest/History Combination. Family History Standard : 16 x 20 cm | 6 x 8 inches. €9.90 Family History Large : 20 x 26 cm | 8 x 10 inches. €12.50 Family Combination (History &amp; Crest) : 26 x 20 cm | 10 x 8 inches.€14.95 Family Histories and Family Combin,,,,,,,,,,,,,g,,,true,true,,,unlisted
brennan,,,,,,,false,,,,,,,,,,,,,,,,,,https://irishfamilysurnames.com/wp-content/uploads/2021/03/irishfamilysurnameslogo2.jpg,2,Brennan,,,,,,,,,,,,,,,,,,,,,,,unlisted
brennan,,,,,,,false,,,,,,,,,,,,,,,,,,https://irishfamilysurnames.com/wp-content/uploads/2021/04/barry-B-H-300x375.jpg,3,Brennan,,,,,,,,,,,,,,,,,,,,,,,unlisted
brennan,,,,,,,false,,,,,,,,,,,,,,,,,,https://irishfamilysurnames.com/wp-content/uploads/2021/04/boyle-B-H-300x375.jpg,4,Brennan,,,,,,,,,,,,,,,,,,,,,,,unlisted
brennan,,,,,,,false,,,,,,,,,,,,,,,,,,https://irishfamilysurnames.com/wp-content/uploads/2021/04/brophy-B-H-300x375.jpg,5,Brennan,,,,,,,,,,,,,,,,,,,,,,,unlisted
brady,Brady,"<p>Learn the full history of your family with a Family History or a Crest/History Combination.</p><p>Family History Standard : 16 x 20 cm | 6 x 8 inches. €9.90</p><p>Family History Large : 20 x 26 cm | 8 x 10 inches. €12.50</p><p>Family Combination (History &amp;amp;amp; Crest) : 26 x 20 cm | 10 x 8 inches.€14.95</p><p>Family Histories and Family Combinations are supplied mounted and ready to frame.<br/>FREE WORLDWIDE POSTAGE</p>",Irish Family Surnames,,General,"imported, unlisted",false,Title,Default Title,,,,,3198,0,shopify,1,deny,manual,9.90,,true,true,,https://irishfamilysurnames.com/wp-content/uploads/2021/04/brady-B-H.jpg,1,Brady,false,Brady,Learn the full history of your family with a Family History or a Crest/History Combination. Family History Standard : 16 x 20 cm | 6 x 8 inches. €9.90 Family History Large : 20 x 26 cm | 8 x 10 inches. €12.50 Family Combination (History &amp; Crest) : 26 x 20 cm | 10 x 8 inches.€14.95 Family Histories and Family Combin,,,,,,,,,,,,,g,,,true,true,,,unlisted
brady,,,,,,,false,,,,,,,,,,,,,,,,,,https://irishfamilysurnames.com/wp-content/uploads/2021/03/irishfamilysurnameslogo2.jpg,2,Brady,,,,,,,,,,,,,,,,,,,,,,,unlisted
brady,,,,,,,false,,,,,,,,,,,,,,,,,,https://irishfamilysurnames.com/wp-content/uploads/2021/04/browne-B-H-300x375.jpg,3,Brady,,,,,,,,,,,,,,,,,,,,,,,unlisted
brady,,,,,,,false,,,,,,,,,,,,,,,,,,https://irishfamilysurnames.com/wp-content/uploads/2021/04/bradley-B-H-300x375.jpg,4,Brady,,,,,,,,,,,,,,,,,,,,,,,unlisted
brady,,,,,,,false,,,,,,,,,,,,,,,,,,https://irishfamilysurnames.com/wp-content/uploads/2021/04/burke-B-H-300x375.jpg,5,Brady,,,,,,,,,,,,,,,,,,,,,,,unlisted
blake,Blake,"<p>Learn the full history of your family with a Family History or a Crest/History Combination.</p><p>Family History Standard : 16 x 20 cm | 6 x 8 inches. €9.90</p><p>Family History Large : 20 x 26 cm | 8 x 10 inches. €12.50</p><p>Family Combination (History &amp;amp;amp; Crest) : 26 x 20 cm | 10 x 8 inches.€14.95</p><p>Family Histories and Family Combinations are supplied mounted and ready to frame.<br/>FREE WORLDWIDE POSTAGE</p>",Irish Family Surnames,,General,"imported, unlisted",false,Title,Default Title,,,,,3121,0,shopify,1,deny,manual,9.90,,true,true,,https://irishfamilysurnames.com/wp-content/uploads/2021/04/blake-B-H.jpg,1,Blake,false,Blake,Learn the full history of your family with a Family History or a Crest/History Combination. Family History Standard : 16 x 20 cm | 6 x 8 inches. €9.90 Family History Large : 20 x 26 cm | 8 x 10 inches. €12.50 Family Combination (History &amp; Crest) : 26 x 20 cm | 10 x 8 inches.€14.95 Family Histories and Family Combin,,,,,,,,,,,,,g,,,true,true,,,unlisted
blake,,,,,,,false,,,,,,,,,,,,,,,,,,https://irishfamilysurnames.com/wp-content/uploads/2021/03/irishfamilysurnameslogo2.jpg,2,Blake,,,,,,,,,,,,,,,,,,,,,,,unlisted
blake,,,,,,,false,,,,,,,,,,,,,,,,,,https://irishfamilysurnames.com/wp-content/uploads/2021/04/brady-B-H-300x375.jpg,3,Blake,,,,,,,,,,,,,,,,,,,,,,,unlisted
blake,,,,,,,false,,,,,,,,,,,,,,,,,,https://irishfamilysurnames.com/wp-content/uploads/2021/04/byrne-B-H-300x375.jpg,4,Blake,,,,,,,,,,,,,,,,,,,,,,,unlisted
blake,,,,,,,false,,,,,,,,,,,,,,,,,,https://irishfamilysurnames.com/wp-content/uploads/2021/04/browne-B-H-300x375.jpg,5,Blake,,,,,,,,,,,,,,,,,,,,,,,unlisted
behan,Behan,"<p>Learn the full history of your family with a Family History or a Crest/History Combination.</p><p>Family History Standard : 16 x 20 cm | 6 x 8 inches. €9.90</p><p>Family History Large : 20 x 26 cm | 8 x 10 inches. €12.50</p><p>Family Combination (History &amp;amp;amp; Crest) : 26 x 20 cm | 10 x 8 inches.€14.95</p><p>Family Histories and Family Combinations are supplied mounted and ready to frame.<br/>FREE WORLDWIDE POSTAGE</p>",Irish Family Surnames,,General,"imported, unlisted",false,Title,Default Title,,,,,3099,0,shopify,1,deny,manual,9.90,,true,true,,https://irishfamilysurnames.com/wp-content/uploads/2021/04/behan-B-H.jpg,1,Behan,false,Behan,Learn the full history of your family with a Family History or a Crest/History Combination. Family History Standard : 16 x 20 cm | 6 x 8 inches. €9.90 Family History Large : 20 x 26 cm | 8 x 10 inches. €12.50 Family Combination (History &amp; Crest) : 26 x 20 cm | 10 x 8 inches.€14.95 Family Histories and Family Combin,,,,,,,,,,,,,g,,,true,true,,,unlisted
behan,,,,,,,false,,,,,,,,,,,,,,,,,,https://irishfamilysurnames.com/wp-content/uploads/2021/03/irishfamilysurnameslogo2.jpg,2,Behan,,,,,,,,,,,,,,,,,,,,,,,unlisted
behan,,,,,,,false,,,,,,,,,,,,,,,,,,https://irishfamilysurnames.com/wp-content/uploads/2021/04/boland-B-H-300x375.jpg,3,Behan,,,,,,,,,,,,,,,,,,,,,,,unlisted
behan,,,,,,,false,,,,,,,,,,,,,,,,,,https://irishfamilysurnames.com/wp-content/uploads/2021/04/bradley-B-H-300x375.jpg,4,Behan,,,,,,,,,,,,,,,,,,,,,,,unlisted
behan,,,,,,,false,,,,,,,,,,,,,,,,,,https://irishfamilysurnames.com/wp-content/uploads/2021/04/burns-B-H-300x375.jpg,5,Behan,,,,,,,,,,,,,,,,,,,,,,,unlisted
barry,Barry,"<p>Learn the full history of your family with a Family History or a Crest/History Combination.</p><p>Family History Standard : 16 x 20 cm | 6 x 8 inches. €9.90</p><p>Family History Large : 20 x 26 cm | 8 x 10 inches. €12.50</p><p>Family Combination (History &amp;amp;amp; Crest) : 26 x 20 cm | 10 x 8 inches.€14.95</p><p>Family Histories and Family Combinations are supplied mounted and ready to frame.<br/>FREE WORLDWIDE POSTAGE</p>",Irish Family Surnames,,General,"imported, unlisted",false,Title,Default Title,,,,,3088,0,shopify,1,deny,manual,9.90,,true,true,,https://irishfamilysurnames.com/wp-content/uploads/2021/04/barry-B-H.jpg,1,Barry,false,Barry,Learn the full history of your family with a Family History or a Crest/History Combination. Family History Standard : 16 x 20 cm | 6 x 8 inches. €9.90 Family History Large : 20 x 26 cm | 8 x 10 inches. €12.50 Family Combination (History &amp; Crest) : 26 x 20 cm | 10 x 8 inches.€14.95 Family Histories and Family Combin,,,,,,,,,,,,,g,,,true,true,,,unlisted
barry,,,,,,,false,,,,,,,,,,,,,,,,,,https://irishfamilysurnames.com/wp-content/uploads/2021/03/irishfamilysurnameslogo2.jpg,2,Barry,,,,,,,,,,,,,,,,,,,,,,,unlisted
barry,,,,,,,false,,,,,,,,,,,,,,,,,,https://irishfamilysurnames.com/wp-content/uploads/2021/04/bell-B-H-300x375.jpg,3,Barry,,,,,,,,,,,,,,,,,,,,,,,unlisted
barry,,,,,,,false,,,,,,,,,,,,,,,,,,https://irishfamilysurnames.com/wp-content/uploads/2021/04/brady-B-H-300x375.jpg,4,Barry,,,,,,,,,,,,,,,,,,,,,,,unlisted
barry,,,,,,,false,,,,,,,,,,,,,,,,,,https://irishfamilysurnames.com/wp-content/uploads/2021/04/brien-B-H-300x375.jpg,5,Barry,,,,,,,,,,,,,,,,,,,,,,,unlisted
barrett,Barrett,"<p>Learn the full history of your family with a Family History or a Crest/History Combination.</p><p>Family History Standard : 16 x 20 cm | 6 x 8 inches. €9.90</p><p>Family History Large : 20 x 26 cm | 8 x 10 inches. €12.50</p><p>Family Combination (History &amp;amp;amp; Crest) : 26 x 20 cm | 10 x 8 inches.€14.95</p><p>Family Histories and Family Combinations are supplied mounted and ready to frame.<br/>FREE WORLDWIDE POSTAGE</p>",Irish Family Surnames,,General,"imported, unlisted",false,Title,Default Title,,,,,3077,0,shopify,1,deny,manual,9.90,,true,true,,https://irishfamilysurnames.com/wp-content/uploads/2021/04/barrett-B-H.jpg,1,Barrett,false,Barrett,Learn the full history of your family with a Family History or a Crest/History Combination. Family History Standard : 16 x 20 cm | 6 x 8 inches. €9.90 Family History Large : 20 x 26 cm | 8 x 10 inches. €12.50 Family Combination (History &amp; Crest) : 26 x 20 cm | 10 x 8 inches.€14.95 Family Histories and Family Combin,,,,,,,,,,,,,g,,,true,true,,,unlisted
barrett,,,,,,,false,,,,,,,,,,,,,,,,,,https://irishfamilysurnames.com/wp-content/uploads/2021/03/irishfamilysurnameslogo2.jpg,2,Barrett,,,,,,,,,,,,,,,,,,,,,,,unlisted
barrett,,,,,,,false,,,,,,,,,,,,,,,,,,https://irishfamilysurnames.com/wp-content/uploads/2021/04/bell-B-H-300x375.jpg,3,Barrett,,,,,,,,,,,,,,,,,,,,,,,unlisted
barrett,,,,,,,false,,,,,,,,,,,,,,,,,,https://irishfamilysurnames.com/wp-content/uploads/2021/04/burk-B-H-300x375.jpg,4,Barrett,,,,,,,,,,,,,,,,,,,,,,,unlisted
barrett,,,,,,,false,,,,,,,,,,,,,,,,,,https://irishfamilysurnames.com/wp-content/uploads/2021/04/brophy-B-H-300x375.jpg,5,Barrett,,,,,,,,,,,,,,,,,,,,,,,unlisted
allen,Allen,"<p>Learn the full history of your family with a Family History or a Crest/History Combination.</p><p>Family History Standard : 16 x 20 cm | 6 x 8 inches. €9.90</p><p>Family History Large : 20 x 26 cm | 8 x 10 inches. €12.50</p><p>Family Combination (History &amp;amp;amp; Crest) : 26 x 20 cm | 10 x 8 inches.€14.95</p><p>Family Histories and Family Combinations are supplied mounted and ready to frame.<br/>FREE WORLDWIDE POSTAGE</p>",Irish Family Surnames,,General,"imported, unlisted",false,Title,Default Title,,,,,3063,0,shopify,1,deny,manual,9.90,,true,true,,https://irishfamilysurnames.com/wp-content/uploads/2021/04/allen-B-H.jpg,1,Allen,false,Allen,Learn the full history of your family with a Family History or a Crest/History Combination. Family History Standard : 16 x 20 cm | 6 x 8 inches. €9.90 Family History Large : 20 x 26 cm | 8 x 10 inches. €12.50 Family Combination (History &amp; Crest) : 26 x 20 cm | 10 x 8 inches.€14.95 Family Histories and Family Combin,,,,,,,,,,,,,g,,,true,true,,,unlisted
allen,,,,,,,false,,,,,,,,,,,,,,,,,,https://irishfamilysurnames.com/wp-content/uploads/2021/03/irishfamilysurnameslogo2.jpg,2,Allen,,,,,,,,,,,,,,,,,,,,,,,unlisted
allen,,,,,,,false,,,,,,,,,,,,,,,,,,https://irishfamilysurnames.com/wp-content/uploads/2021/04/aherne-B-H-300x375.jpg,3,Allen,,,,,,,,,,,,,,,,,,,,,,,unlisted
allen,,,,,,,false,,,,,,,,,,,,,,,,,,https://irishfamilysurnames.com/wp-content/uploads/2021/04/ahern-B-H-300x375.jpg,4,Allen,,,,,,,,,,,,,,,,,,,,,,,unlisted
ahern,Ahern,"<p>Learn the full history of your family with a Family History or a Crest/History Combination.</p><p>Family History Standard : 16 x 20 cm | 6 x 8 inches. €9.90</p><p>Family History Large : 20 x 26 cm | 8 x 10 inches. €12.50</p><p>Family Combination (History &amp;amp;amp; Crest) : 26 x 20 cm | 10 x 8 inches.€14.95</p><p>Family Histories and Family Combinations are supplied mounted and ready to frame.<br/>FREE WORLDWIDE POSTAGE</p>",Irish Family Surnames,,General,"imported, unlisted",false,Title,Default Title,,,,,3052,0,shopify,1,deny,manual,9.90,,true,true,,https://irishfamilysurnames.com/wp-content/uploads/2021/04/ahern-B-H.jpg,1,Ahern,false,Ahern,Learn the full history of your family with a Family History or a Crest/History Combination. Family History Standard : 16 x 20 cm | 6 x 8 inches. €9.90 Family History Large : 20 x 26 cm | 8 x 10 inches. €12.50 Family Combination (History &amp; Crest) : 26 x 20 cm | 10 x 8 inches.€14.95 Family Histories and Family Combin,,,,,,,,,,,,,g,,,true,true,,,unlisted
ahern,,,,,,,false,,,,,,,,,,,,,,,,,,https://irishfamilysurnames.com/wp-content/uploads/2021/03/irishfamilysurnameslogo2.jpg,2,Ahern,,,,,,,,,,,,,,,,,,,,,,,unlisted
ahern,,,,,,,false,,,,,,,,,,,,,,,,,,https://irishfamilysurnames.com/wp-content/uploads/2021/04/allen-B-H-300x375.jpg,3,Ahern,,,,,,,,,,,,,,,,,,,,,,,unlisted
ahern,,,,,,,false,,,,,,,,,,,,,,,,,,https://irishfamilysurnames.com/wp-content/uploads/2021/04/aherne-B-H-300x375.jpg,4,Ahern,,,,,,,,,,,,,,,,,,,,,,,unlisted
aherne,Aherne,"<p>Learn the full history of your family with a Family History or a Crest/History Combination.</p><p>Family History Standard : 16 x 20 cm | 6 x 8 inches. €9.90</p><p>Family History Large : 20 x 26 cm | 8 x 10 inches. €12.50</p><p>Family Combination (History &amp;amp;amp; Crest) : 26 x 20 cm | 10 x 8 inches.€14.95</p><p>Family Histories and Family Combinations are supplied mounted and ready to frame.<br/>FREE WORLDWIDE POSTAGE</p>",Irish Family Surnames,,General,"imported, unlisted",false,Title,Default Title,,,,,3041,0,shopify,1,deny,manual,9.90,,true,true,,https://irishfamilysurnames.com/wp-content/uploads/2021/04/aherne-B-H.jpg,1,Aherne,false,Aherne,Learn the full history of your family with a Family History or a Crest/History Combination. Family History Standard : 16 x 20 cm | 6 x 8 inches. €9.90 Family History Large : 20 x 26 cm | 8 x 10 inches. €12.50 Family Combination (History &amp; Crest) : 26 x 20 cm | 10 x 8 inches.€14.95 Family Histories and Family Combin,,,,,,,,,,,,,g,,,true,true,,,unlisted
aherne,,,,,,,false,,,,,,,,,,,,,,,,,,https://irishfamilysurnames.com/wp-content/uploads/2021/03/irishfamilysurnameslogo2.jpg,2,Aherne,,,,,,,,,,,,,,,,,,,,,,,unlisted
aherne,,,,,,,false,,,,,,,,,,,,,,,,,,https://irishfamilysurnames.com/wp-content/uploads/2021/04/allen-B-H-300x375.jpg,3,Aherne,,,,,,,,,,,,,,,,,,,,,,,unlisted
aherne,,,,,,,false,,,,,,,,,,,,,,,,,,https://irishfamilysurnames.com/wp-content/uploads/2021/04/ahern-B-H-300x375.jpg,4,Aherne,,,,,,,,,,,,,,,,,,,,,,,unlisted
mcevoy,McEvoy,"<p>Learn the full history of your family with a Family History or a Crest/History Combination.</p><p>Family History Standard : 16 x 20 cm | 6 x 8 inches. €9.90</p><p>Family History Large : 20 x 26 cm | 8 x 10 inches. €12.50</p><p>Family Combination (History &amp;amp;amp; Crest) : 26 x 20 cm | 10 x 8 inches.€14.95</p><p>Family Histories and Family Combinations are supplied mounted and ready to frame.<br/>FREE WORLDWIDE POSTAGE</p>",Irish Family Surnames,,General,"imported, unlisted",false,Title,Default Title,,,,,2530,0,shopify,1,deny,manual,9.90,,true,true,,https://irishfamilysurnames.com/wp-content/uploads/2021/04/mcevoy-B-H.jpg,1,McEvoy,false,McEvoy,Learn the full history of your family with a Family History or a Crest/History Combination. Family History Standard : 16 x 20 cm | 6 x 8 inches. €9.90 Family History Large : 20 x 26 cm | 8 x 10 inches. €12.50 Family Combination (History &amp; Crest) : 26 x 20 cm | 10 x 8 inches.€14.95 Family Histories and Family Combin,,,,,,,,,,,,,g,,,true,true,,,unlisted
mcevoy,,,,,,,false,,,,,,,,,,,,,,,,,,https://irishfamilysurnames.com/wp-content/uploads/2021/03/irishfamilysurnameslogo2.jpg,2,McEvoy,,,,,,,,,,,,,,,,,,,,,,,unlisted
mcevoy,,,,,,,false,,,,,,,,,,,,,,,,,,https://irishfamilysurnames.com/wp-content/uploads/2021/04/mchugh-B-H-300x375.jpg,3,McEvoy,,,,,,,,,,,,,,,,,,,,,,,unlisted
mcevoy,,,,,,,false,,,,,,,,,,,,,,,,,,https://irishfamilysurnames.com/wp-content/uploads/2021/04/mcelroy-B-H-300x375.jpg,4,McEvoy,,,,,,,,,,,,,,,,,,,,,,,unlisted
mcevoy,,,,,,,false,,,,,,,,,,,,,,,,,,https://irishfamilysurnames.com/wp-content/uploads/2021/04/mcdermot-B-H-300x375.jpg,5,McEvoy,,,,,,,,,,,,,,,,,,,,,,,unlisted
mchugh,McHugh,"<p>Learn the full history of your family with a Family History or a Crest/History Combination.</p><p>Family History Standard : 16 x 20 cm | 6 x 8 inches. €9.90</p><p>Family History Large : 20 x 26 cm | 8 x 10 inches. €12.50</p><p>Family Combination (History &amp;amp;amp; Crest) : 26 x 20 cm | 10 x 8 inches.€14.95</p><p>Family Histories and Family Combinations are supplied mounted and ready to frame.<br/>FREE WORLDWIDE POSTAGE</p>",Irish Family Surnames,,General,"imported, unlisted",false,Title,Default Title,,,,,2621,0,shopify,1,deny,manual,9.90,,true,true,,https://irishfamilysurnames.com/wp-content/uploads/2021/04/mchugh-B-H.jpg,1,McHugh,false,McHugh,Learn the full history of your family with a Family History or a Crest/History Combination. Family History Standard : 16 x 20 cm | 6 x 8 inches. €9.90 Family History Large : 20 x 26 cm | 8 x 10 inches. €12.50 Family Combination (History &amp; Crest) : 26 x 20 cm | 10 x 8 inches.€14.95 Family Histories and Family Combin,,,,,,,,,,,,,g,,,true,true,,,unlisted
mchugh,,,,,,,false,,,,,,,,,,,,,,,,,,https://irishfamilysurnames.com/wp-content/uploads/2021/03/irishfamilysurnameslogo2.jpg,2,McHugh,,,,,,,,,,,,,,,,,,,,,,,unlisted
mchugh,,,,,,,false,,,,,,,,,,,,,,,,,,https://irishfamilysurnames.com/wp-content/uploads/2021/04/mccabe-B-H-300x375.jpg,3,McHugh,,,,,,,,,,,,,,,,,,,,,,,unlisted
mchugh,,,,,,,false,,,,,,,,,,,,,,,,,,https://irishfamilysurnames.com/wp-content/uploads/2021/04/mcdermott-B-H-300x375.jpg,4,McHugh,,,,,,,,,,,,,,,,,,,,,,,unlisted
mchugh,,,,,,,false,,,,,,,,,,,,,,,,,,https://irishfamilysurnames.com/wp-content/uploads/2021/04/mccormack-B-H-300x375.jpg,5,McHugh,,,,,,,,,,,,,,,,,,,,,,,unlisted
rafferty,Rafferty,"<p>Learn the full history of your family with a Family History or a Crest/History Combination.</p><p>Family History Standard : 16 x 20 cm | 6 x 8 inches. €9.90</p><p>Family History Large : 20 x 26 cm | 8 x 10 inches. €12.50</p><p>Family Combination (History &amp;amp;amp; Crest) : 26 x 20 cm | 10 x 8 inches.€14.95</p><p>Family Histories and Family Combinations are supplied mounted and ready to frame.<br/>FREE WORLDWIDE POSTAGE</p>",Irish Family Surnames,,General,"imported, unlisted",false,Title,Default Title,,,,,2845,0,shopify,1,deny,manual,9.90,,true,true,,https://irishfamilysurnames.com/wp-content/uploads/2021/04/rafferty-B-H.jpg,1,Rafferty,false,Rafferty,Learn the full history of your family with a Family History or a Crest/History Combination. Family History Standard : 16 x 20 cm | 6 x 8 inches. €9.90 Family History Large : 20 x 26 cm | 8 x 10 inches. €12.50 Family Combination (History &amp; Crest) : 26 x 20 cm | 10 x 8 inches.€14.95 Family Histories and Family Combin,,,,,,,,,,,,,g,,,true,true,,,unlisted
rafferty,,,,,,,false,,,,,,,,,,,,,,,,,,https://irishfamilysurnames.com/wp-content/uploads/2021/03/irishfamilysurnameslogo2.jpg,2,Rafferty,,,,,,,,,,,,,,,,,,,,,,,unlisted
rafferty,,,,,,,false,,,,,,,,,,,,,,,,,,https://irishfamilysurnames.com/wp-content/uploads/2021/04/reardon-B-H-300x375.jpg,3,Rafferty,,,,,,,,,,,,,,,,,,,,,,,unlisted
rafferty,,,,,,,false,,,,,,,,,,,,,,,,,,https://irishfamilysurnames.com/wp-content/uploads/2021/04/reid-B-H-300x375.jpg,4,Rafferty,,,,,,,,,,,,,,,,,,,,,,,unlisted
rafferty,,,,,,,false,,,,,,,,,,,,,,,,,,https://irishfamilysurnames.com/wp-content/uploads/2021/04/russell-B-H-300x375.jpg,5,Rafferty,,,,,,,,,,,,,,,,,,,,,,,unlisted
riley,Riley,"<p>Learn the full history of your family with a Family History or a Crest/History Combination.</p><p>Family History Standard : 16 x 20 cm | 6 x 8 inches. €9.90</p><p>Family History Large : 20 x 26 cm | 8 x 10 inches. €12.50</p><p>Family Combination (History &amp;amp;amp; Crest) : 26 x 20 cm | 10 x 8 inches.€14.95</p><p>Family Histories and Family Combinations are supplied mounted and ready to frame.<br/>FREE WORLDWIDE POSTAGE</p>",Irish Family Surnames,,General,"imported, unlisted",false,Title,Default Title,,,,,2939,0,shopify,1,deny,manual,9.90,,true,true,,https://irishfamilysurnames.com/wp-content/uploads/2021/04/riley-B-H.jpg,1,Riley,false,Riley,Learn the full history of your family with a Family History or a Crest/History Combination. Family History Standard : 16 x 20 cm | 6 x 8 inches. €9.90 Family History Large : 20 x 26 cm | 8 x 10 inches. €12.50 Family Combination (History &amp; Crest) : 26 x 20 cm | 10 x 8 inches.€14.95 Family Histories and Family Combin,,,,,,,,,,,,,g,,,true,true,,,unlisted
riley,,,,,,,false,,,,,,,,,,,,,,,,,,https://irishfamilysurnames.com/wp-content/uploads/2021/03/irishfamilysurnameslogo2.jpg,2,Riley,,,,,,,,,,,,,,,,,,,,,,,unlisted
riley,,,,,,,false,,,,,,,,,,,,,,,,,,https://irishfamilysurnames.com/wp-content/uploads/2021/04/roark-B-H-300x375.jpg,3,Riley,,,,,,,,,,,,,,,,,,,,,,,unlisted
riley,,,,,,,false,,,,,,,,,,,,,,,,,,https://irishfamilysurnames.com/wp-content/uploads/2021/04/rooney-B-H-300x375.jpg,4,Riley,,,,,,,,,,,,,,,,,,,,,,,unlisted
riley,,,,,,,false,,,,,,,,,,,,,,,,,,https://irishfamilysurnames.com/wp-content/uploads/2021/04/roche-B-H-300x375.jpg,5,Riley,,,,,,,,,,,,,,,,,,,,,,,unlisted
roark,Roark,"<p>Learn the full history of your family with a Family History or a Crest/History Combination.</p><p>Family History Standard : 16 x 20 cm | 6 x 8 inches. €9.90</p><p>Family History Large : 20 x 26 cm | 8 x 10 inches. €12.50</p><p>Family Combination (History &amp;amp;amp; Crest) : 26 x 20 cm | 10 x 8 inches.€14.95</p><p>Family Histories and Family Combinations are supplied mounted and ready to frame.<br/>FREE WORLDWIDE POSTAGE</p>",Irish Family Surnames,,General,"imported, unlisted",false,Title,Default Title,,,,,2973,0,shopify,1,deny,manual,9.90,,true,true,,https://irishfamilysurnames.com/wp-content/uploads/2021/04/roark-B-H.jpg,1,Roark,false,Roark,Learn the full history of your family with a Family History or a Crest/History Combination. Family History Standard : 16 x 20 cm | 6 x 8 inches. €9.90 Family History Large : 20 x 26 cm | 8 x 10 inches. €12.50 Family Combination (History &amp; Crest) : 26 x 20 cm | 10 x 8 inches.€14.95 Family Histories and Family Combin,,,,,,,,,,,,,g,,,true,true,,,unlisted
roark,,,,,,,false,,,,,,,,,,,,,,,,,,https://irishfamilysurnames.com/wp-content/uploads/2021/03/irishfamilysurnameslogo2.jpg,2,Roark,,,,,,,,,,,,,,,,,,,,,,,unlisted
roark,,,,,,,false,,,,,,,,,,,,,,,,,,https://irishfamilysurnames.com/wp-content/uploads/2021/04/redmond-B-H-300x375.jpg,3,Roark,,,,,,,,,,,,,,,,,,,,,,,unlisted
roark,,,,,,,false,,,,,,,,,,,,,,,,,,https://irishfamilysurnames.com/wp-content/uploads/2021/04/regan-B-H-300x375.jpg,4,Roark,,,,,,,,,,,,,,,,,,,,,,,unlisted
roark,,,,,,,false,,,,,,,,,,,,,,,,,,https://irishfamilysurnames.com/wp-content/uploads/2021/04/rafferty-B-H-300x375.jpg,5,Roark,,,,,,,,,,,,,,,,,,,,,,,unlisted
callaghan,Callaghan,"<p>Learn the full history of your family with a Family History or a Crest/History Combination.</p><p>Family History Standard : 16 x 20 cm | 6 x 8 inches. €9.90</p><p>Family History Large : 20 x 26 cm | 8 x 10 inches. €12.50</p><p>Family Combination (History &amp;amp;amp; Crest) : 26 x 20 cm | 10 x 8 inches.€14.95</p><p>Family Histories and Family Combinations are supplied mounted and ready to frame.<br/>FREE WORLDWIDE POSTAGE</p>",Irish Family Surnames,,General,"imported, unlisted",false,Title,Default Title,,,,,3352,0,shopify,1,deny,manual,9.90,,true,true,,https://irishfamilysurnames.com/wp-content/uploads/2021/04/callaghan-B-H.jpg,1,Callaghan,false,Callaghan,Learn the full history of your family with a Family History or a Crest/History Combination. Family History Standard : 16 x 20 cm | 6 x 8 inches. €9.90 Family History Large : 20 x 26 cm | 8 x 10 inches. €12.50 Family Combination (History &amp; Crest) : 26 x 20 cm | 10 x 8 inches.€14.95 Family Histories and Family Combin,,,,,,,,,,,,,g,,,true,true,,,unlisted
callaghan,,,,,,,false,,,,,,,,,,,,,,,,,,https://irishfamilysurnames.com/wp-content/uploads/2021/03/irishfamilysurnameslogo2.jpg,2,Callaghan,,,,,,,,,,,,,,,,,,,,,,,unlisted
callaghan,,,,,,,false,,,,,,,,,,,,,,,,,,https://irishfamilysurnames.com/wp-content/uploads/2021/04/carr-B-H-300x375.jpg,3,Callaghan,,,,,,,,,,,,,,,,,,,,,,,unlisted
callaghan,,,,,,,false,,,,,,,,,,,,,,,,,,https://irishfamilysurnames.com/wp-content/uploads/2021/04/carey-B-H-300x375.jpg,4,Callaghan,,,,,,,,,,,,,,,,,,,,,,,unlisted
callaghan,,,,,,,false,,,,,,,,,,,,,,,,,,https://irishfamilysurnames.com/wp-content/uploads/2021/04/collins-B-H-300x375.jpg,5,Callaghan,,,,,,,,,,,,,,,,,,,,,,,unlisted
campbell,Campbell,"<p>Learn the full history of your family with a Family History or a Crest/History Combination.</p><p>Family History Standard : 16 x 20 cm | 6 x 8 inches. €9.90</p><p>Family History Large : 20 x 26 cm | 8 x 10 inches. €12.50</p><p>Family Combination (History &amp;amp;amp; Crest) : 26 x 20 cm | 10 x 8 inches.€14.95</p><p>Family Histories and Family Combinations are supplied mounted and ready to frame.<br/>FREE WORLDWIDE POSTAGE</p>",Irish Family Surnames,,General,"imported, unlisted",false,Title,Default Title,,,,,3374,0,shopify,1,deny,manual,9.90,,true,true,,https://irishfamilysurnames.com/wp-content/uploads/2021/04/campbell-B-H.jpg,1,Campbell,false,Campbell,Learn the full history of your family with a Family History or a Crest/History Combination. Family History Standard : 16 x 20 cm | 6 x 8 inches. €9.90 Family History Large : 20 x 26 cm | 8 x 10 inches. €12.50 Family Combination (History &amp; Crest) : 26 x 20 cm | 10 x 8 inches.€14.95 Family Histories and Family Combin,,,,,,,,,,,,,g,,,true,true,,,unlisted
campbell,,,,,,,false,,,,,,,,,,,,,,,,,,https://irishfamilysurnames.com/wp-content/uploads/2021/03/irishfamilysurnameslogo2.jpg,2,Campbell,,,,,,,,,,,,,,,,,,,,,,,unlisted
campbell,,,,,,,false,,,,,,,,,,,,,,,,,,https://irishfamilysurnames.com/wp-content/uploads/2021/04/clark-B-H-300x375.jpg,3,Campbell,,,,,,,,,,,,,,,,,,,,,,,unlisted
campbell,,,,,,,false,,,,,,,,,,,,,,,,,,https://irishfamilysurnames.com/wp-content/uploads/2021/04/connell-B-H-300x375.jpg,4,Campbell,,,,,,,,,,,,,,,,,,,,,,,unlisted
campbell,,,,,,,false,,,,,,,,,,,,,,,,,,https://irishfamilysurnames.com/wp-content/uploads/2021/04/clarke-B-H-300x375.jpg,5,Campbell,,,,,,,,,,,,,,,,,,,,,,,unlisted
carney,Carney,"<p>Learn the full history of your family with a Family History or a Crest/History Combination.</p><p>Family History Standard : 16 x 20 cm | 6 x 8 inches. €9.90</p><p>Family History Large : 20 x 26 cm | 8 x 10 inches. €12.50</p><p>Family Combination (History &amp;amp;amp; Crest) : 26 x 20 cm | 10 x 8 inches.€14.95</p><p>Family Histories and Family Combinations are supplied mounted and ready to frame.<br/>FREE WORLDWIDE POSTAGE</p>",Irish Family Surnames,,General,"imported, unlisted",false,Title,Default Title,,,,,3385,0,shopify,1,deny,manual,9.90,,true,true,,https://irishfamilysurnames.com/wp-content/uploads/2021/04/carney-B-H.jpg,1,Carney,false,Carney,Learn the full history of your family with a Family History or a Crest/History Combination. Family History Standard : 16 x 20 cm | 6 x 8 inches. €9.90 Family History Large : 20 x 26 cm | 8 x 10 inches. €12.50 Family Combination (History &amp; Crest) : 26 x 20 cm | 10 x 8 inches.€14.95 Family Histories and Family Combin,,,,,,,,,,,,,g,,,true,true,,,unlisted
carney,,,,,,,false,,,,,,,,,,,,,,,,,,https://irishfamilysurnames.com/wp-content/uploads/2021/03/irishfamilysurnameslogo2.jpg,2,Carney,,,,,,,,,,,,,,,,,,,,,,,unlisted
carney,,,,,,,false,,,,,,,,,,,,,,,,,,https://irishfamilysurnames.com/wp-content/uploads/2021/04/carthy-B-H-300x375.jpg,3,Carney,,,,,,,,,,,,,,,,,,,,,,,unlisted
carney,,,,,,,false,,,,,,,,,,,,,,,,,,https://irishfamilysurnames.com/wp-content/uploads/2021/04/corcoran-B-H-300x375.jpg,4,Carney,,,,,,,,,,,,,,,,,,,,,,,unlisted
carney,,,,,,,false,,,,,,,,,,,,,,,,,,https://irishfamilysurnames.com/wp-content/uploads/2021/04/condon-B-H-300x375.jpg,5,Carney,,,,,,,,,,,,,,,,,,,,,,,unlisted
carey,Carey,"<p>Learn the full history of your family with a Family History or a Crest/History Combination.</p><p>Family History Standard : 16 x 20 cm | 6 x 8 inches. €9.90</p><p>Family History Large : 20 x 26 cm | 8 x 10 inches. €12.50</p><p>Family Combination (History &amp;amp;amp; Crest) : 26 x 20 cm | 10 x 8 inches.€14.95</p><p>Family Histories and Family Combinations are supplied mounted and ready to frame.<br/>FREE WORLDWIDE POSTAGE</p>",Irish Family Surnames,,General,"imported, unlisted",false,Title,Default Title,,,,,3400,0,shopify,1,deny,manual,9.90,,true,true,,https://irishfamilysurnames.com/wp-content/uploads/2021/04/carey-B-H.jpg,1,Carey,false,Carey,Learn the full history of your family with a Family History or a Crest/History Combination. Family History Standard : 16 x 20 cm | 6 x 8 inches. €9.90 Family History Large : 20 x 26 cm | 8 x 10 inches. €12.50 Family Combination (History &amp; Crest) : 26 x 20 cm | 10 x 8 inches.€14.95 Family Histories and Family Combin,,,,,,,,,,,,,g,,,true,true,,,unlisted
carey,,,,,,,false,,,,,,,,,,,,,,,,,,https://irishfamilysurnames.com/wp-content/uploads/2021/03/irishfamilysurnameslogo2.jpg,2,Carey,,,,,,,,,,,,,,,,,,,,,,,unlisted
carey,,,,,,,false,,,,,,,,,,,,,,,,,,https://irishfamilysurnames.com/wp-content/uploads/2021/04/carroll-B-H-300x375.jpg,3,Carey,,,,,,,,,,,,,,,,,,,,,,,unlisted
carey,,,,,,,false,,,,,,,,,,,,,,,,,,https://irishfamilysurnames.com/wp-content/uploads/2021/04/clery-B-H-300x375.jpg,4,Carey,,,,,,,,,,,,,,,,,,,,,,,unlisted
carey,,,,,,,false,,,,,,,,,,,,,,,,,,https://irishfamilysurnames.com/wp-content/uploads/2021/04/carney-B-H-300x375.jpg,5,Carey,,,,,,,,,,,,,,,,,,,,,,,unlisted
nolan,Nolan,"<p>Learn the full history of your family with a Family History or a Crest/History Combination.</p><p>Family History Standard : 16 x 20 cm | 6 x 8 inches. €9.90</p><p>Family History Large : 20 x 26 cm | 8 x 10 inches. €12.50</p><p>Family Combination (History &amp;amp;amp; Crest) : 26 x 20 cm | 10 x 8 inches.€14.95</p><p>Family Histories and Family Combinations are supplied mounted and ready to frame.<br/>FREE WORLDWIDE POSTAGE</p>",Irish Family Surnames,,General,"imported, unlisted",false,Title,Default Title,,,,,2831,0,shopify,1,deny,manual,9.90,,true,true,,https://irishfamilysurnames.com/wp-content/uploads/2021/04/nolan-B-H.jpg,1,Nolan,false,Nolan,Learn the full history of your family with a Family History or a Crest/History Combination. Family History Standard : 16 x 20 cm | 6 x 8 inches. €9.90 Family History Large : 20 x 26 cm | 8 x 10 inches. €12.50 Family Combination (History &amp; Crest) : 26 x 20 cm | 10 x 8 inches.€14.95 Family Histories and Family Combin,,,,,,,,,,,,,g,,,true,true,,,unlisted
nolan,,,,,,,false,,,,,,,,,,,,,,,,,,https://irishfamilysurnames.com/wp-content/uploads/2021/03/irishfamilysurnameslogo2.jpg,2,Nolan,,,,,,,,,,,,,,,,,,,,,,,unlisted
nolan,,,,,,,false,,,,,,,,,,,,,,,,,,https://irishfamilysurnames.com/wp-content/uploads/2021/04/neill-B-H-300x375.jpg,3,Nolan,,,,,,,,,,,,,,,,,,,,,,,unlisted
nolan,,,,,,,false,,,,,,,,,,,,,,,,,,https://irishfamilysurnames.com/wp-content/uploads/2021/04/nugent-B-H-300x375.jpg,4,Nolan,,,,,,,,,,,,,,,,,,,,,,,unlisted
nolan,,,,,,,false,,,,,,,,,,,,,,,,,,https://irishfamilysurnames.com/wp-content/uploads/2021/04/nally-B-H-300x375.jpg,5,Nolan,,,,,,,,,,,,,,,,,,,,,,,unlisted
nugent,Nugent,"<p>Learn the full history of your family with a Family History or a Crest/History Combination.</p><p>Family History Standard : 16 x 20 cm | 6 x 8 inches. €9.90</p><p>Family History Large : 20 x 26 cm | 8 x 10 inches. €12.50</p><p>Family Combination (History &amp;amp;amp; Crest) : 26 x 20 cm | 10 x 8 inches.€14.95</p><p>Family Histories and Family Combinations are supplied mounted and ready to frame.<br/>FREE WORLDWIDE POSTAGE</p>",Irish Family Surnames,,General,"imported, unlisted",false,Title,Default Title,,,,,2838,0,shopify,1,deny,manual,9.90,,true,true,,https://irishfamilysurnames.com/wp-content/uploads/2021/04/nugent-B-H.jpg,1,Nugent,false,Nugent,Learn the full history of your family with a Family History or a Crest/History Combination. Family History Standard : 16 x 20 cm | 6 x 8 inches. €9.90 Family History Large : 20 x 26 cm | 8 x 10 inches. €12.50 Family Combination (History &amp; Crest) : 26 x 20 cm | 10 x 8 inches.€14.95 Family Histories and Family Combin,,,,,,,,,,,,,g,,,true,true,,,unlisted
nugent,,,,,,,false,,,,,,,,,,,,,,,,,,https://irishfamilysurnames.com/wp-content/uploads/2021/03/irishfamilysurnameslogo2.jpg,2,Nugent,,,,,,,,,,,,,,,,,,,,,,,unlisted
nugent,,,,,,,false,,,,,,,,,,,,,,,,,,https://irishfamilysurnames.com/wp-content/uploads/2021/04/nolan-B-H-300x375.jpg,3,Nugent,,,,,,,,,,,,,,,,,,,,,,,unlisted
nugent,,,,,,,false,,,,,,,,,,,,,,,,,,https://irishfamilysurnames.com/wp-content/uploads/2021/04/neill-B-H-300x375.jpg,4,Nugent,,,,,,,,,,,,,,,,,,,,,,,unlisted
nugent,,,,,,,false,,,,,,,,,,,,,,,,,,https://irishfamilysurnames.com/wp-content/uploads/2021/04/nally-B-H-300x375.jpg,5,Nugent,,,,,,,,,,,,,,,,,,,,,,,unlisted
neill,Neill,"<p>Learn the full history of your family with a Family History or a Crest/History Combination.</p><p>Family History Standard : 16 x 20 cm | 6 x 8 inches. €9.90</p><p>Family History Large : 20 x 26 cm | 8 x 10 inches. €12.50</p><p>Family Combination (History &amp;amp;amp; Crest) : 26 x 20 cm | 10 x 8 inches.€14.95</p><p>Family Histories and Family Combinations are supplied mounted and ready to frame.<br/>FREE WORLDWIDE POSTAGE</p>",Irish Family Surnames,,General,"imported, unlisted",false,Title,Default Title,,,,,2824,0,shopify,1,deny,manual,9.90,,true,true,,https://irishfamilysurnames.com/wp-content/uploads/2021/04/neill-B-H.jpg,1,Neill,false,Neill,Learn the full history of your family with a Family History or a Crest/History Combination. Family History Standard : 16 x 20 cm | 6 x 8 inches. €9.90 Family History Large : 20 x 26 cm | 8 x 10 inches. €12.50 Family Combination (History &amp; Crest) : 26 x 20 cm | 10 x 8 inches.€14.95 Family Histories and Family Combin,,,,,,,,,,,,,g,,,true,true,,,unlisted
neill,,,,,,,false,,,,,,,,,,,,,,,,,,https://irishfamilysurnames.com/wp-content/uploads/2021/03/irishfamilysurnameslogo2.jpg,2,Neill,,,,,,,,,,,,,,,,,,,,,,,unlisted
neill,,,,,,,false,,,,,,,,,,,,,,,,,,https://irishfamilysurnames.com/wp-content/uploads/2021/04/nally-B-H-300x375.jpg,3,Neill,,,,,,,,,,,,,,,,,,,,,,,unlisted
neill,,,,,,,false,,,,,,,,,,,,,,,,,,https://irishfamilysurnames.com/wp-content/uploads/2021/04/nugent-B-H-300x375.jpg,4,Neill,,,,,,,,,,,,,,,,,,,,,,,unlisted
neill,,,,,,,false,,,,,,,,,,,,,,,,,,https://irishfamilysurnames.com/wp-content/uploads/2021/04/nolan-B-H-300x375.jpg,5,Neill,,,,,,,,,,,,,,,,,,,,,,,unlisted
nally,Nally,"<p>Learn the full history of your family with a Family History or a Crest/History Combination.</p><p>Family History Standard : 16 x 20 cm | 6 x 8 inches. €9.90</p><p>Family History Large : 20 x 26 cm | 8 x 10 inches. €12.50</p><p>Family Combination (History &amp;amp;amp; Crest) : 26 x 20 cm | 10 x 8 inches.€14.95</p><p>Family Histories and Family Combinations are supplied mounted and ready to frame.<br/>FREE WORLDWIDE POSTAGE</p>",Irish Family Surnames,,General,"imported, unlisted",false,Title,Default Title,,,,,2753,0,shopify,1,deny,manual,9.90,,true,true,,https://irishfamilysurnames.com/wp-content/uploads/2021/04/nally-B-H.jpg,1,Nally,false,Nally,Learn the full history of your family with a Family History or a Crest/History Combination. Family History Standard : 16 x 20 cm | 6 x 8 inches. €9.90 Family History Large : 20 x 26 cm | 8 x 10 inches. €12.50 Family Combination (History &amp; Crest) : 26 x 20 cm | 10 x 8 inches.€14.95 Family Histories and Family Combin,,,,,,,,,,,,,g,,,true,true,,,unlisted
nally,,,,,,,false,,,,,,,,,,,,,,,,,,https://irishfamilysurnames.com/wp-content/uploads/2021/03/irishfamilysurnameslogo2.jpg,2,Nally,,,,,,,,,,,,,,,,,,,,,,,unlisted
nally,,,,,,,false,,,,,,,,,,,,,,,,,,https://irishfamilysurnames.com/wp-content/uploads/2021/04/nolan-B-H-300x375.jpg,3,Nally,,,,,,,,,,,,,,,,,,,,,,,unlisted
nally,,,,,,,false,,,,,,,,,,,,,,,,,,https://irishfamilysurnames.com/wp-content/uploads/2021/04/neill-B-H-300x375.jpg,4,Nally,,,,,,,,,,,,,,,,,,,,,,,unlisted
nally,,,,,,,false,,,,,,,,,,,,,,,,,,https://irishfamilysurnames.com/wp-content/uploads/2021/04/nugent-B-H-300x375.jpg,5,Nally,,,,,,,,,,,,,,,,,,,,,,,unlisted
obrien,O'Brien,"<p>Learn the full history of your family with a Family History or a Crest/History Combination.</p><p>Family History Standard : 16 x 20 cm | 6 x 8 inches. €9.90</p><p>Family History Large : 20 x 26 cm | 8 x 10 inches. €12.50</p><p>Family Combination (History &amp;amp;amp; Crest) : 26 x 20 cm | 10 x 8 inches.€14.95</p><p>Family Histories and Family Combinations are supplied mounted and ready to frame.<br/>FREE WORLDWIDE POSTAGE</p>",Irish Family Surnames,,General,"imported, unlisted",false,Title,Default Title,,,,,3477,0,shopify,1,deny,manual,9.90,,true,true,,https://irishfamilysurnames.com/wp-content/uploads/2021/04/o-brien-B-H.jpg,1,O'Brien,false,O'Brien,Learn the full history of your family with a Family History or a Crest/History Combination. Family History Standard : 16 x 20 cm | 6 x 8 inches. €9.90 Family History Large : 20 x 26 cm | 8 x 10 inches. €12.50 Family Combination (History &amp; Crest) : 26 x 20 cm | 10 x 8 inches.€14.95 Family Histories and Family Combin,,,,,,,,,,,,,g,,,true,true,,,unlisted
obrien,,,,,,,false,,,,,,,,,,,,,,,,,,https://irishfamilysurnames.com/wp-content/uploads/2021/03/irishfamilysurnameslogo2.jpg,2,O'Brien,,,,,,,,,,,,,,,,,,,,,,,unlisted
obrien,,,,,,,false,,,,,,,,,,,,,,,,,,https://irishfamilysurnames.com/wp-content/uploads/2021/04/o-connor-B-H-300x375.jpg,3,O'Brien,,,,,,,,,,,,,,,,,,,,,,,unlisted
obrien,,,,,,,false,,,,,,,,,,,,,,,,,,https://irishfamilysurnames.com/wp-content/uploads/2021/04/o-hagan-B-H-300x375.jpg,4,O'Brien,,,,,,,,,,,,,,,,,,,,,,,unlisted
obrien,,,,,,,false,,,,,,,,,,,,,,,,,,https://irishfamilysurnames.com/wp-content/uploads/2021/04/odonohoe-B-H-300x375.jpg,5,O'Brien,,,,,,,,,,,,,,,,,,,,,,,unlisted
obyrne,O'Byrne,"<p>Learn the full history of your family with a Family History or a Crest/History Combination.</p><p>Family History Standard : 16 x 20 cm | 6 x 8 inches. €9.90</p><p>Family History Large : 20 x 26 cm | 8 x 10 inches. €12.50</p><p>Family Combination (History &amp;amp;amp; Crest) : 26 x 20 cm | 10 x 8 inches.€14.95</p><p>Family Histories and Family Combinations are supplied mounted and ready to frame.<br/>FREE WORLDWIDE POSTAGE</p>",Irish Family Surnames,,General,"imported, unlisted",false,Title,Default Title,,,,,3484,0,shopify,1,deny,manual,9.90,,true,true,,https://irishfamilysurnames.com/wp-content/uploads/2021/04/o-byrne-B-H.jpg,1,O'Byrne,false,O'Byrne,Learn the full history of your family with a Family History or a Crest/History Combination. Family History Standard : 16 x 20 cm | 6 x 8 inches. €9.90 Family History Large : 20 x 26 cm | 8 x 10 inches. €12.50 Family Combination (History &amp; Crest) : 26 x 20 cm | 10 x 8 inches.€14.95 Family Histories and Family Combin,,,,,,,,,,,,,g,,,true,true,,,unlisted
obyrne,,,,,,,false,,,,,,,,,,,,,,,,,,https://irishfamilysurnames.com/wp-content/uploads/2021/03/irishfamilysurnameslogo2.jpg,2,O'Byrne,,,,,,,,,,,,,,,,,,,,,,,unlisted
obyrne,,,,,,,false,,,,,,,,,,,,,,,,,,https://irishfamilysurnames.com/wp-content/uploads/2021/04/o-flaherty-B-H-300x375.jpg,3,O'Byrne,,,,,,,,,,,,,,,,,,,,,,,unlisted
obyrne,,,,,,,false,,,,,,,,,,,,,,,,,,https://irishfamilysurnames.com/wp-content/uploads/2021/04/o-flynn-B-H-300x375.jpg,4,O'Byrne,,,,,,,,,,,,,,,,,,,,,,,unlisted
obyrne,,,,,,,false,,,,,,,,,,,,,,,,,,https://irishfamilysurnames.com/wp-content/uploads/2021/04/o-donoghue-B-H-300x375.jpg,5,O'Byrne,,,,,,,,,,,,,,,,,,,,,,,unlisted
quigley,Quigley,"<p>Learn the full history of your family with a Family History or a Crest/History Combination.</p><p>Family History Standard : 16 x 20 cm | 6 x 8 inches. €9.90</p><p>Family History Large : 20 x 26 cm | 8 x 10 inches. €12.50</p><p>Family Combination (History &amp;amp;amp; Crest) : 26 x 20 cm | 10 x 8 inches.€14.95</p><p>Family Histories and Family Combinations are supplied mounted and ready to frame.<br/>FREE WORLDWIDE POSTAGE</p>",Irish Family Surnames,,General,"imported, unlisted",false,Title,Default Title,,,,,3491,0,shopify,1,deny,manual,9.90,,true,true,,https://irishfamilysurnames.com/wp-content/uploads/2021/04/quigley-B-H.jpg,1,Quigley,false,Quigley,Learn the full history of your family with a Family History or a Crest/History Combination. Family History Standard : 16 x 20 cm | 6 x 8 inches. €9.90 Family History Large : 20 x 26 cm | 8 x 10 inches. €12.50 Family Combination (History &amp; Crest) : 26 x 20 cm | 10 x 8 inches.€14.95 Family Histories and Family Combin,,,,,,,,,,,,,g,,,true,true,,,unlisted
quigley,,,,,,,false,,,,,,,,,,,,,,,,,,https://irishfamilysurnames.com/wp-content/uploads/2021/03/irishfamilysurnameslogo2.jpg,2,Quigley,,,,,,,,,,,,,,,,,,,,,,,unlisted
quigley,,,,,,,false,,,,,,,,,,,,,,,,,,https://irishfamilysurnames.com/wp-content/uploads/2021/04/quinn-B-H-300x375.jpg,3,Quigley,,,,,,,,,,,,,,,,,,,,,,,unlisted
quigley,,,,,,,false,,,,,,,,,,,,,,,,,,https://irishfamilysurnames.com/wp-content/uploads/2021/04/quinlan-B-H-300x375.jpg,4,Quigley,,,,,,,,,,,,,,,,,,,,,,,unlisted
quinlan,Quinlan,"<p>Learn the full history of your family with a Family History or a Crest/History Combination.</p><p>Family History Standard : 16 x 20 cm | 6 x 8 inches. €9.90</p><p>Family History Large : 20 x 26 cm | 8 x 10 inches. €12.50</p><p>Family Combination (History &amp;amp;amp; Crest) : 26 x 20 cm | 10 x 8 inches.€14.95</p><p>Family Histories and Family Combinations are supplied mounted and ready to frame.<br/>FREE WORLDWIDE POSTAGE</p>",Irish Family Surnames,,General,"imported, unlisted",false,Title,Default Title,,,,,3510,0,shopify,1,deny,manual,9.90,,true,true,,https://irishfamilysurnames.com/wp-content/uploads/2021/04/quinlan-B-H.jpg,1,Quinlan,false,Quinlan,Learn the full history of your family with a Family History or a Crest/History Combination. Family History Standard : 16 x 20 cm | 6 x 8 inches. €9.90 Family History Large : 20 x 26 cm | 8 x 10 inches. €12.50 Family Combination (History &amp; Crest) : 26 x 20 cm | 10 x 8 inches.€14.95 Family Histories and Family Combin,,,,,,,,,,,,,g,,,true,true,,,unlisted
quinlan,,,,,,,false,,,,,,,,,,,,,,,,,,https://irishfamilysurnames.com/wp-content/uploads/2021/03/irishfamilysurnameslogo2.jpg,2,Quinlan,,,,,,,,,,,,,,,,,,,,,,,unlisted
quinlan,,,,,,,false,,,,,,,,,,,,,,,,,,https://irishfamilysurnames.com/wp-content/uploads/2021/04/quigley-B-H-300x375.jpg,3,Quinlan,,,,,,,,,,,,,,,,,,,,,,,unlisted
quinlan,,,,,,,false,,,,,,,,,,,,,,,,,,https://irishfamilysurnames.com/wp-content/uploads/2021/04/quinn-B-H-300x375.jpg,4,Quinlan,,,,,,,,,,,,,,,,,,,,,,,unlisted
quinn,Quinn,"<p>Learn the full history of your family with a Family History or a Crest/History Combination.</p><p>Family History Standard : 16 x 20 cm | 6 x 8 inches. €9.90</p><p>Family History Large : 20 x 26 cm | 8 x 10 inches. €12.50</p><p>Family Combination (History &amp;amp;amp; Crest) : 26 x 20 cm | 10 x 8 inches.€14.95</p><p>Family Histories and Family Combinations are supplied mounted and ready to frame.<br/>FREE WORLDWIDE POSTAGE</p>",Irish Family Surnames,,General,"imported, unlisted",false,Title,Default Title,,,,,3517,0,shopify,1,deny,manual,9.90,,true,true,,https://irishfamilysurnames.com/wp-content/uploads/2021/04/quinn-B-H.jpg,1,Quinn,false,Quinn,Learn the full history of your family with a Family History or a Crest/History Combination. Family History Standard : 16 x 20 cm | 6 x 8 inches. €9.90 Family History Large : 20 x 26 cm | 8 x 10 inches. €12.50 Family Combination (History &amp; Crest) : 26 x 20 cm | 10 x 8 inches.€14.95 Family Histories and Family Combin,,,,,,,,,,,,,g,,,true,true,,,unlisted
quinn,,,,,,,false,,,,,,,,,,,,,,,,,,https://irishfamilysurnames.com/wp-content/uploads/2021/03/irishfamilysurnameslogo2.jpg,2,Quinn,,,,,,,,,,,,,,,,,,,,,,,unlisted
quinn,,,,,,,false,,,,,,,,,,,,,,,,,,https://irishfamilysurnames.com/wp-content/uploads/2021/04/quinlan-B-H-300x375.jpg,3,Quinn,,,,,,,,,,,,,,,,,,,,,,,unlisted
quinn,,,,,,,false,,,,,,,,,,,,,,,,,,https://irishfamilysurnames.com/wp-content/uploads/2021/04/quigley-B-H-300x375.jpg,4,Quinn,,,,,,,,,,,,,,,,,,,,,,,unlisted
powers,Powers,"<p>Learn the full history of your family with a Family History or a Crest/History Combination.</p><p>Family History Standard : 16 x 20 cm | 6 x 8 inches. €9.90</p><p>Family History Large : 20 x 26 cm | 8 x 10 inches. €12.50</p><p>Family Combination (History &amp;amp;amp; Crest) : 26 x 20 cm | 10 x 8 inches.€14.95</p><p>Family Histories and Family Combinations are supplied mounted and ready to frame.<br/>FREE WORLDWIDE POSTAGE</p>",Irish Family Surnames,,General,"imported, unlisted",false,Title,Default Title,,,,,2808,0,shopify,1,deny,manual,9.90,,true,true,,https://irishfamilysurnames.com/wp-content/uploads/2021/04/powers-B-H.jpg,1,Powers,false,Powers,Learn the full history of your family with a Family History or a Crest/History Combination. Family History Standard : 16 x 20 cm | 6 x 8 inches. €9.90 Family History Large : 20 x 26 cm | 8 x 10 inches. €12.50 Family Combination (History &amp; Crest) : 26 x 20 cm | 10 x 8 inches.€14.95 Family Histories and Family Combin,,,,,,,,,,,,,g,,,true,true,,,unlisted
powers,,,,,,,false,,,,,,,,,,,,,,,,,,https://irishfamilysurnames.com/wp-content/uploads/2021/03/irishfamilysurnameslogo2.jpg,2,Powers,,,,,,,,,,,,,,,,,,,,,,,unlisted
powers,,,,,,,false,,,,,,,,,,,,,,,,,,https://irishfamilysurnames.com/wp-content/uploads/2021/04/power-B-H-300x375.jpg,3,Powers,,,,,,,,,,,,,,,,,,,,,,,unlisted
powers,,,,,,,false,,,,,,,,,,,,,,,,,,https://irishfamilysurnames.com/wp-content/uploads/2021/04/phelan-B-H-300x375.jpg,4,Powers,,,,,,,,,,,,,,,,,,,,,,,unlisted
ocallaghan,O'Callaghan,"<p>Learn the full history of your family with a Family History or a Crest/History Combination.</p><p>Family History Standard : 16 x 20 cm | 6 x 8 inches. €9.90</p><p>Family History Large : 20 x 26 cm | 8 x 10 inches. €12.50</p><p>Family Combination (History &amp;amp;amp; Crest) : 26 x 20 cm | 10 x 8 inches.€14.95</p><p>Family Histories and Family Combinations are supplied mounted and ready to frame.<br/>FREE WORLDWIDE POSTAGE</p>",Irish Family Surnames,,General,"imported, unlisted",false,Title,Default Title,,,,,3527,0,shopify,1,deny,manual,9.90,,true,true,,https://irishfamilysurnames.com/wp-content/uploads/2021/04/o-callaghan-B-H.jpg,1,O'Callaghan,false,O'Callaghan,Learn the full history of your family with a Family History or a Crest/History Combination. Family History Standard : 16 x 20 cm | 6 x 8 inches. €9.90 Family History Large : 20 x 26 cm | 8 x 10 inches. €12.50 Family Combination (History &amp; Crest) : 26 x 20 cm | 10 x 8 inches.€14.95 Family Histories and Family Combin,,,,,,,,,,,,,g,,,true,true,,,unlisted
ocallaghan,,,,,,,false,,,,,,,,,,,,,,,,,,https://irishfamilysurnames.com/wp-content/uploads/2021/03/irishfamilysurnameslogo2.jpg,2,O'Callaghan,,,,,,,,,,,,,,,,,,,,,,,unlisted
ocallaghan,,,,,,,false,,,,,,,,,,,,,,,,,,https://irishfamilysurnames.com/wp-content/uploads/2021/04/o-hagan-B-H-300x375.jpg,3,O'Callaghan,,,,,,,,,,,,,,,,,,,,,,,unlisted
ocallaghan,,,,,,,false,,,,,,,,,,,,,,,,,,https://irishfamilysurnames.com/wp-content/uploads/2021/04/o-boyle-B-H-300x375.jpg,4,O'Callaghan,,,,,,,,,,,,,,,,,,,,,,,unlisted
ocallaghan,,,,,,,false,,,,,,,,,,,,,,,,,,https://irishfamilysurnames.com/wp-content/uploads/2021/04/o-byrne-B-H-300x375.jpg,5,O'Callaghan,,,,,,,,,,,,,,,,,,,,,,,unlisted
oconnell,O'Connell,"<p>Learn the full history of your family with a Family History or a Crest/History Combination.</p><p>Family History Standard : 16 x 20 cm | 6 x 8 inches. €9.90</p><p>Family History Large : 20 x 26 cm | 8 x 10 inches. €12.50</p><p>Family Combination (History &amp;amp;amp; Crest) : 26 x 20 cm | 10 x 8 inches.€14.95</p><p>Family Histories and Family Combinations are supplied mounted and ready to frame.<br/>FREE WORLDWIDE POSTAGE</p>",Irish Family Surnames,,General,"imported, unlisted",false,Title,Default Title,,,,,3557,0,shopify,1,deny,manual,9.90,,true,true,,https://irishfamilysurnames.com/wp-content/uploads/2021/04/o-connell-B-H.jpg,1,O'Connell,false,O'Connell,Learn the full history of your family with a Family History or a Crest/History Combination. Family History Standard : 16 x 20 cm | 6 x 8 inches. €9.90 Family History Large : 20 x 26 cm | 8 x 10 inches. €12.50 Family Combination (History &amp; Crest) : 26 x 20 cm | 10 x 8 inches.€14.95 Family Histories and Family Combin,,,,,,,,,,,,,g,,,true,true,,,unlisted
oconnell,,,,,,,false,,,,,,,,,,,,,,,,,,https://irishfamilysurnames.com/wp-content/uploads/2021/03/irishfamilysurnameslogo2.jpg,2,O'Connell,,,,,,,,,,,,,,,,,,,,,,,unlisted
oconnell,,,,,,,false,,,,,,,,,,,,,,,,,,https://irishfamilysurnames.com/wp-content/uploads/2021/04/o-carroll-B-H-300x375.jpg,3,O'Connell,,,,,,,,,,,,,,,,,,,,,,,unlisted
oconnell,,,,,,,false,,,,,,,,,,,,,,,,,,https://irishfamilysurnames.com/wp-content/uploads/2021/04/o-flynn-B-H-300x375.jpg,4,O'Connell,,,,,,,,,,,,,,,,,,,,,,,unlisted
oconnell,,,,,,,false,,,,,,,,,,,,,,,,,,https://irishfamilysurnames.com/wp-content/uploads/2021/04/o-donoghoe-B-H-300x375.jpg,5,O'Connell,,,,,,,,,,,,,,,,,,,,,,,unlisted
oconnor,O'Connor,"<p>Learn the full history of your family with a Family History or a Crest/History Combination.</p><p>Family History Standard : 16 x 20 cm | 6 x 8 inches. €9.90</p><p>Family History Large : 20 x 26 cm | 8 x 10 inches. €12.50</p><p>Family Combination (History &amp;amp;amp; Crest) : 26 x 20 cm | 10 x 8 inches.€14.95</p><p>Family Histories and Family Combinations are supplied mounted and ready to frame.<br/>FREE WORLDWIDE POSTAGE</p>",Irish Family Surnames,,General,"imported, unlisted",false,Title,Default Title,,,,,3564,0,shopify,1,deny,manual,9.90,,true,true,,https://irishfamilysurnames.com/wp-content/uploads/2021/04/o-connor-B-H.jpg,1,O'Connor,false,O'Connor,Learn the full history of your family with a Family History or a Crest/History Combination. Family History Standard : 16 x 20 cm | 6 x 8 inches. €9.90 Family History Large : 20 x 26 cm | 8 x 10 inches. €12.50 Family Combination (History &amp; Crest) : 26 x 20 cm | 10 x 8 inches.€14.95 Family Histories and Family Combin,,,,,,,,,,,,,g,,,true,true,,,unlisted
oconnor,,,,,,,false,,,,,,,,,,,,,,,,,,https://irishfamilysurnames.com/wp-content/uploads/2021/03/irishfamilysurnameslogo2.jpg,2,O'Connor,,,,,,,,,,,,,,,,,,,,,,,unlisted
oconnor,,,,,,,false,,,,,,,,,,,,,,,,,,https://irishfamilysurnames.com/wp-content/uploads/2021/04/o-hart-B-H-300x375.jpg,3,O'Connor,,,,,,,,,,,,,,,,,,,,,,,unlisted
oconnor,,,,,,,false,,,,,,,,,,,,,,,,,,https://irishfamilysurnames.com/wp-content/uploads/2021/04/o-connell-B-H-300x375.jpg,4,O'Connor,,,,,,,,,,,,,,,,,,,,,,,unlisted
oconnor,,,,,,,false,,,,,,,,,,,,,,,,,,https://irishfamilysurnames.com/wp-content/uploads/2021/04/o-carroll-B-H-300x375.jpg,5,O'Connor,,,,,,,,,,,,,,,,,,,,,,,unlisted
odaugherty,O'Daugherty,"<p>Learn the full history of your family with a Family History or a Crest/History Combination.</p><p>Family History Standard : 16 x 20 cm | 6 x 8 inches. €9.90</p><p>Family History Large : 20 x 26 cm | 8 x 10 inches. €12.50</p><p>Family Combination (History &amp;amp;amp; Crest) : 26 x 20 cm | 10 x 8 inches.€14.95</p><p>Family Histories and Family Combinations are supplied mounted and ready to frame.<br/>FREE WORLDWIDE POSTAGE</p>",Irish Family Surnames,,General,"imported, unlisted",false,Title,Default Title,,,,,3571,0,shopify,1,deny,manual,9.90,,true,true,,https://irishfamilysurnames.com/wp-content/uploads/2021/04/o-daugherty-B-H.jpg,1,O'Daugherty,false,O'Daugherty,Learn the full history of your family with a Family History or a Crest/History Combination. Family History Standard : 16 x 20 cm | 6 x 8 inches. €9.90 Family History Large : 20 x 26 cm | 8 x 10 inches. €12.50 Family Combination (History &amp; Crest) : 26 x 20 cm | 10 x 8 inches.€14.95 Family Histories and Family Combin,,,,,,,,,,,,,g,,,true,true,,,unlisted
odaugherty,,,,,,,false,,,,,,,,,,,,,,,,,,https://irishfamilysurnames.com/wp-content/uploads/2021/03/irishfamilysurnameslogo2.jpg,2,O'Daugherty,,,,,,,,,,,,,,,,,,,,,,,unlisted
odaugherty,,,,,,,false,,,,,,,,,,,,,,,,,,https://irishfamilysurnames.com/wp-content/uploads/2021/04/o-kelly-B-H-300x375.jpg,3,O'Daugherty,,,,,,,,,,,,,,,,,,,,,,,unlisted
odaugherty,,,,,,,false,,,,,,,,,,,,,,,,,,https://irishfamilysurnames.com/wp-content/uploads/2021/04/o-hara-B-H-300x375.jpg,4,O'Daugherty,,,,,,,,,,,,,,,,,,,,,,,unlisted
odaugherty,,,,,,,false,,,,,,,,,,,,,,,,,,https://irishfamilysurnames.com/wp-content/uploads/2021/04/o-gorman-B-H-300x375.jpg,5,O'Daugherty,,,,,,,,,,,,,,,,,,,,,,,unlisted
odonnell,O'Donnell,"<p>Learn the full history of your family with a Family History or a Crest/History Combination.</p><p>Family History Standard : 16 x 20 cm | 6 x 8 inches. €9.90</p><p>Family History Large : 20 x 26 cm | 8 x 10 inches. €12.50</p><p>Family Combination (History &amp;amp;amp; Crest) : 26 x 20 cm | 10 x 8 inches.€14.95</p><p>Family Histories and Family Combinations are supplied mounted and ready to frame.<br/>FREE WORLDWIDE POSTAGE</p>",Irish Family Surnames,,General,"imported, unlisted",false,Title,Default Title,,,,,3597,0,shopify,1,deny,manual,9.90,,true,true,,https://irishfamilysurnames.com/wp-content/uploads/2021/04/o-donnell-B-H.jpg,1,O'Donnell,false,O'Donnell,Learn the full history of your family with a Family History or a Crest/History Combination. Family History Standard : 16 x 20 cm | 6 x 8 inches. €9.90 Family History Large : 20 x 26 cm | 8 x 10 inches. €12.50 Family Combination (History &amp; Crest) : 26 x 20 cm | 10 x 8 inches.€14.95 Family Histories and Family Combin,,,,,,,,,,,,,g,,,true,true,,,unlisted
odonnell,,,,,,,false,,,,,,,,,,,,,,,,,,https://irishfamilysurnames.com/wp-content/uploads/2021/03/irishfamilysurnameslogo2.jpg,2,O'Donnell,,,,,,,,,,,,,,,,,,,,,,,unlisted
odonnell,,,,,,,false,,,,,,,,,,,,,,,,,,https://irishfamilysurnames.com/wp-content/uploads/2021/04/o-boyle-B-H-300x375.jpg,3,O'Donnell,,,,,,,,,,,,,,,,,,,,,,,unlisted
odonnell,,,,,,,false,,,,,,,,,,,,,,,,,,https://irishfamilysurnames.com/wp-content/uploads/2021/04/o-byrne-B-H-300x375.jpg,4,O'Donnell,,,,,,,,,,,,,,,,,,,,,,,unlisted
odonnell,,,,,,,false,,,,,,,,,,,,,,,,,,https://irishfamilysurnames.com/wp-content/uploads/2021/04/o-brien-B-H-300x375.jpg,5,O'Donnell,,,,,,,,,,,,,,,,,,,,,,,unlisted
odonoghoe,O'Donoghoe,"<p>Learn the full history of your family with a Family History or a Crest/History Combination.</p><p>Family History Standard : 16 x 20 cm | 6 x 8 inches. €9.90</p><p>Family History Large : 20 x 26 cm | 8 x 10 inches. €12.50</p><p>Family Combination (History &amp;amp;amp; Crest) : 26 x 20 cm | 10 x 8 inches.€14.95</p><p>Family Histories and Family Combinations are supplied mounted and ready to frame.<br/>FREE WORLDWIDE POSTAGE</p>",Irish Family Surnames,,General,"imported, unlisted",false,Title,Default Title,,,,,3604,0,shopify,1,deny,manual,9.90,,true,true,,https://irishfamilysurnames.com/wp-content/uploads/2021/04/o-donoghoe-B-H.jpg,1,O'Donoghoe,false,O'Donoghoe,Learn the full history of your family with a Family History or a Crest/History Combination. Family History Standard : 16 x 20 cm | 6 x 8 inches. €9.90 Family History Large : 20 x 26 cm | 8 x 10 inches. €12.50 Family Combination (History &amp; Crest) : 26 x 20 cm | 10 x 8 inches.€14.95 Family Histories and Family Combin,,,,,,,,,,,,,g,,,true,true,,,unlisted
odonoghoe,,,,,,,false,,,,,,,,,,,,,,,,,,https://irishfamilysurnames.com/wp-content/uploads/2021/03/irishfamilysurnameslogo2.jpg,2,O'Donoghoe,,,,,,,,,,,,,,,,,,,,,,,unlisted
odonoghoe,,,,,,,false,,,,,,,,,,,,,,,,,,https://irishfamilysurnames.com/wp-content/uploads/2021/04/o-flanagan-B-H-300x375.jpg,3,O'Donoghoe,,,,,,,,,,,,,,,,,,,,,,,unlisted
odonoghoe,,,,,,,false,,,,,,,,,,,,,,,,,,https://irishfamilysurnames.com/wp-content/uploads/2021/04/o-connell-B-H-300x375.jpg,4,O'Donoghoe,,,,,,,,,,,,,,,,,,,,,,,unlisted
odonoghoe,,,,,,,false,,,,,,,,,,,,,,,,,,https://irishfamilysurnames.com/wp-content/uploads/2021/04/odonohoe-B-H-300x375.jpg,5,O'Donoghoe,,,,,,,,,,,,,,,,,,,,,,,unlisted
odonoghue,O'Donoghue,"<p>Learn the full history of your family with a Family History or a Crest/History Combination.</p><p>Family History Standard : 16 x 20 cm | 6 x 8 inches. €9.90</p><p>Family History Large : 20 x 26 cm | 8 x 10 inches. €12.50</p><p>Family Combination (History &amp;amp;amp; Crest) : 26 x 20 cm | 10 x 8 inches.€14.95</p><p>Family Histories and Family Combinations are supplied mounted and ready to frame.<br/>FREE WORLDWIDE POSTAGE</p>",Irish Family Surnames,,General,"imported, unlisted",false,Title,Default Title,,,,,3611,0,shopify,1,deny,manual,9.90,,true,true,,https://irishfamilysurnames.com/wp-content/uploads/2021/04/o-donoghue-B-H.jpg,1,O'Donoghue,false,O'Donoghue,Learn the full history of your family with a Family History or a Crest/History Combination. Family History Standard : 16 x 20 cm | 6 x 8 inches. €9.90 Family History Large : 20 x 26 cm | 8 x 10 inches. €12.50 Family Combination (History &amp; Crest) : 26 x 20 cm | 10 x 8 inches.€14.95 Family Histories and Family Combin,,,,,,,,,,,,,g,,,true,true,,,unlisted
odonoghue,,,,,,,false,,,,,,,,,,,,,,,,,,https://irishfamilysurnames.com/wp-content/uploads/2021/03/irishfamilysurnameslogo2.jpg,2,O'Donoghue,,,,,,,,,,,,,,,,,,,,,,,unlisted
odonoghue,,,,,,,false,,,,,,,,,,,,,,,,,,https://irishfamilysurnames.com/wp-content/uploads/2021/04/o-gorman-B-H-300x375.jpg,3,O'Donoghue,,,,,,,,,,,,,,,,,,,,,,,unlisted
odonoghue,,,,,,,false,,,,,,,,,,,,,,,,,,https://irishfamilysurnames.com/wp-content/uploads/2021/04/o-higgins-B-H-300x375.jpg,4,O'Donoghue,,,,,,,,,,,,,,,,,,,,,,,unlisted
odonoghue,,,,,,,false,,,,,,,,,,,,,,,,,,https://irishfamilysurnames.com/wp-content/uploads/2021/04/o-brien-B-H-300x375.jpg,5,O'Donoghue,,,,,,,,,,,,,,,,,,,,,,,unlisted
odriscoll,O'Driscoll,"<p>Learn the full history of your family with a Family History or a Crest/History Combination.</p><p>Family History Standard : 16 x 20 cm | 6 x 8 inches. €9.90</p><p>Family History Large : 20 x 26 cm | 8 x 10 inches. €12.50</p><p>Family Combination (History &amp;amp;amp; Crest) : 26 x 20 cm | 10 x 8 inches.€14.95</p><p>Family Histories and Family Combinations are supplied mounted and ready to frame.<br/>FREE WORLDWIDE POSTAGE</p>",Irish Family Surnames,,General,"imported, unlisted",false,Title,Default Title,,,,,3653,0,shopify,1,deny,manual,9.90,,true,true,,https://irishfamilysurnames.com/wp-content/uploads/2021/04/o-driscoll-B-H.jpg,1,O'Driscoll,false,O'Driscoll,Learn the full history of your family with a Family History or a Crest/History Combination. Family History Standard : 16 x 20 cm | 6 x 8 inches. €9.90 Family History Large : 20 x 26 cm | 8 x 10 inches. €12.50 Family Combination (History &amp; Crest) : 26 x 20 cm | 10 x 8 inches.€14.95 Family Histories and Family Combin,,,,,,,,,,,,,g,,,true,true,,,unlisted
odriscoll,,,,,,,false,,,,,,,,,,,,,,,,,,https://irishfamilysurnames.com/wp-content/uploads/2021/03/irishfamilysurnameslogo2.jpg,2,O'Driscoll,,,,,,,,,,,,,,,,,,,,,,,unlisted
odriscoll,,,,,,,false,,,,,,,,,,,,,,,,,,https://irishfamilysurnames.com/wp-content/uploads/2021/04/o-daugherty-B-H-300x375.jpg,3,O'Driscoll,,,,,,,,,,,,,,,,,,,,,,,unlisted
odriscoll,,,,,,,false,,,,,,,,,,,,,,,,,,https://irishfamilysurnames.com/wp-content/uploads/2021/04/o-dougherty-B-H-300x375.jpg,4,O'Driscoll,,,,,,,,,,,,,,,,,,,,,,,unlisted
odriscoll,,,,,,,false,,,,,,,,,,,,,,,,,,https://irishfamilysurnames.com/wp-content/uploads/2021/04/o-carroll-B-H-300x375.jpg,5,O'Driscoll,,,,,,,,,,,,,,,,,,,,,,,unlisted
odwyer,O'Dwyer,"<p>Learn the full history of your family with a Family History or a Crest/History Combination.</p><p>Family History Standard : 16 x 20 cm | 6 x 8 inches. €9.90</p><p>Family History Large : 20 x 26 cm | 8 x 10 inches. €12.50</p><p>Family Combination (History &amp;amp;amp; Crest) : 26 x 20 cm | 10 x 8 inches.€14.95</p><p>Family Histories and Family Combinations are supplied mounted and ready to frame.<br/>FREE WORLDWIDE POSTAGE</p>",Irish Family Surnames,,General,"imported, unlisted",false,Title,Default Title,,,,,3675,0,shopify,1,deny,manual,9.90,,true,true,,https://irishfamilysurnames.com/wp-content/uploads/2021/04/o-dwyer-B-H.jpg,1,O'Dwyer,false,O'Dwyer,Learn the full history of your family with a Family History or a Crest/History Combination. Family History Standard : 16 x 20 cm | 6 x 8 inches. €9.90 Family History Large : 20 x 26 cm | 8 x 10 inches. €12.50 Family Combination (History &amp; Crest) : 26 x 20 cm | 10 x 8 inches.€14.95 Family Histories and Family Combin,,,,,,,,,,,,,g,,,true,true,,,unlisted
odwyer,,,,,,,false,,,,,,,,,,,,,,,,,,https://irishfamilysurnames.com/wp-content/uploads/2021/03/irishfamilysurnameslogo2.jpg,2,O'Dwyer,,,,,,,,,,,,,,,,,,,,,,,unlisted
odwyer,,,,,,,false,,,,,,,,,,,,,,,,,,https://irishfamilysurnames.com/wp-content/uploads/2021/04/o-callaghan-B-H-300x375.jpg,3,O'Dwyer,,,,,,,,,,,,,,,,,,,,,,,unlisted
odwyer,,,,,,,false,,,,,,,,,,,,,,,,,,https://irishfamilysurnames.com/wp-content/uploads/2021/04/ohanlon-B-H-300x375.jpg,4,O'Dwyer,,,,,,,,,,,,,,,,,,,,,,,unlisted
odwyer,,,,,,,false,,,,,,,,,,,,,,,,,,https://irishfamilysurnames.com/wp-content/uploads/2021/04/o-keefe-B-H-300x375.jpg,5,O'Dwyer,,,,,,,,,,,,,,,,,,,,,,,unlisted
ofarrell,O'Farrell,"<p>Learn the full history of your family with a Family History or a Crest/History Combination.</p><p>Family History Standard : 16 x 20 cm | 6 x 8 inches. €9.90</p><p>Family History Large : 20 x 26 cm | 8 x 10 inches. €12.50</p><p>Family Combination (History &amp;amp;amp; Crest) : 26 x 20 cm | 10 x 8 inches.€14.95</p><p>Family Histories and Family Combinations are supplied mounted and ready to frame.<br/>FREE WORLDWIDE POSTAGE</p>",Irish Family Surnames,,General,"imported, unlisted",false,Title,Default Title,,,,,3686,0,shopify,1,deny,manual,9.90,,true,true,,https://irishfamilysurnames.com/wp-content/uploads/2021/04/o-farrell-B-H.jpg,1,O'Farrell,false,O'Farrell,Learn the full history of your family with a Family History or a Crest/History Combination. Family History Standard : 16 x 20 cm | 6 x 8 inches. €9.90 Family History Large : 20 x 26 cm | 8 x 10 inches. €12.50 Family Combination (History &amp; Crest) : 26 x 20 cm | 10 x 8 inches.€14.95 Family Histories and Family Combin,,,,,,,,,,,,,g,,,true,true,,,unlisted
ofarrell,,,,,,,false,,,,,,,,,,,,,,,,,,https://irishfamilysurnames.com/wp-content/uploads/2021/03/irishfamilysurnameslogo2.jpg,2,O'Farrell,,,,,,,,,,,,,,,,,,,,,,,unlisted
ofarrell,,,,,,,false,,,,,,,,,,,,,,,,,,https://irishfamilysurnames.com/wp-content/uploads/2021/04/o-hart-B-H-300x375.jpg,3,O'Farrell,,,,,,,,,,,,,,,,,,,,,,,unlisted
ofarrell,,,,,,,false,,,,,,,,,,,,,,,,,,https://irishfamilysurnames.com/wp-content/uploads/2021/04/o-halloran-B-H-300x375.jpg,4,O'Farrell,,,,,,,,,,,,,,,,,,,,,,,unlisted
ofarrell,,,,,,,false,,,,,,,,,,,,,,,,,,https://irishfamilysurnames.com/wp-content/uploads/2021/04/o-daugherty-B-H-300x375.jpg,5,O'Farrell,,,,,,,,,,,,,,,,,,,,,,,unlisted
oflaherty,O'Flaherty,"<p>Learn the full history of your family with a Family History or a Crest/History Combination.</p><p>Family History Standard : 16 x 20 cm | 6 x 8 inches. €9.90</p><p>Family History Large : 20 x 26 cm | 8 x 10 inches. €12.50</p><p>Family Combination (History &amp;amp;amp; Crest) : 26 x 20 cm | 10 x 8 inches.€14.95</p><p>Family Histories and Family Combinations are supplied mounted and ready to frame.<br/>FREE WORLDWIDE POSTAGE</p>",Irish Family Surnames,,General,"imported, unlisted",false,Title,Default Title,,,,,3697,0,shopify,1,deny,manual,9.90,,true,true,,https://irishfamilysurnames.com/wp-content/uploads/2021/04/o-flaherty-B-H.jpg,1,O'Flaherty,false,O'Flaherty,Learn the full history of your family with a Family History or a Crest/History Combination. Family History Standard : 16 x 20 cm | 6 x 8 inches. €9.90 Family History Large : 20 x 26 cm | 8 x 10 inches. €12.50 Family Combination (History &amp; Crest) : 26 x 20 cm | 10 x 8 inches.€14.95 Family Histories and Family Combin,,,,,,,,,,,,,g,,,true,true,,,unlisted
oflaherty,,,,,,,false,,,,,,,,,,,,,,,,,,https://irishfamilysurnames.com/wp-content/uploads/2021/03/irishfamilysurnameslogo2.jpg,2,O'Flaherty,,,,,,,,,,,,,,,,,,,,,,,unlisted
oflaherty,,,,,,,false,,,,,,,,,,,,,,,,,,https://irishfamilysurnames.com/wp-content/uploads/2021/04/o-connell-B-H-300x375.jpg,3,O'Flaherty,,,,,,,,,,,,,,,,,,,,,,,unlisted
oflaherty,,,,,,,false,,,,,,,,,,,,,,,,,,https://irishfamilysurnames.com/wp-content/uploads/2021/04/o-farrell-B-H-300x375.jpg,4,O'Flaherty,,,,,,,,,,,,,,,,,,,,,,,unlisted
oflaherty,,,,,,,false,,,,,,,,,,,,,,,,,,https://irishfamilysurnames.com/wp-content/uploads/2021/04/o-driscoll-B-H-300x375.jpg,5,O'Flaherty,,,,,,,,,,,,,,,,,,,,,,,unlisted
oflanagan,O'Flanagan,"<p>Learn the full history of your family with a Family History or a Crest/History Combination.</p><p>Family History Standard : 16 x 20 cm | 6 x 8 inches. €9.90</p><p>Family History Large : 20 x 26 cm | 8 x 10 inches. €12.50</p><p>Family Combination (History &amp;amp;amp; Crest) : 26 x 20 cm | 10 x 8 inches.€14.95</p><p>Family Histories and Family Combinations are supplied mounted and ready to frame.<br/>FREE WORLDWIDE POSTAGE</p>",Irish Family Surnames,,General,"imported, unlisted",false,Title,Default Title,,,,,3708,0,shopify,1,deny,manual,9.90,,true,true,,https://irishfamilysurnames.com/wp-content/uploads/2021/04/o-flanagan-B-H.jpg,1,O'Flanagan,false,O'Flanagan,Learn the full history of your family with a Family History or a Crest/History Combination. Family History Standard : 16 x 20 cm | 6 x 8 inches. €9.90 Family History Large : 20 x 26 cm | 8 x 10 inches. €12.50 Family Combination (History &amp; Crest) : 26 x 20 cm | 10 x 8 inches.€14.95 Family Histories and Family Combin,,,,,,,,,,,,,g,,,true,true,,,unlisted
oflanagan,,,,,,,false,,,,,,,,,,,,,,,,,,https://irishfamilysurnames.com/wp-content/uploads/2021/03/irishfamilysurnameslogo2.jpg,2,O'Flanagan,,,,,,,,,,,,,,,,,,,,,,,unlisted
oflanagan,,,,,,,false,,,,,,,,,,,,,,,,,,https://irishfamilysurnames.com/wp-content/uploads/2021/04/o-laughlin-B-H-300x375.jpg,3,O'Flanagan,,,,,,,,,,,,,,,,,,,,,,,unlisted
oflanagan,,,,,,,false,,,,,,,,,,,,,,,,,,https://irishfamilysurnames.com/wp-content/uploads/2021/04/o-byrne-B-H-300x375.jpg,4,O'Flanagan,,,,,,,,,,,,,,,,,,,,,,,unlisted
oflanagan,,,,,,,false,,,,,,,,,,,,,,,,,,https://irishfamilysurnames.com/wp-content/uploads/2021/04/o-connell-B-H-300x375.jpg,5,O'Flanagan,,,,,,,,,,,,,,,,,,,,,,,unlisted
oflynn,O'Flynn,"<p>Learn the full history of your family with a Family History or a Crest/History Combination.</p><p>Family History Standard : 16 x 20 cm | 6 x 8 inches. €9.90</p><p>Family History Large : 20 x 26 cm | 8 x 10 inches. €12.50</p><p>Family Combination (History &amp;amp;amp; Crest) : 26 x 20 cm | 10 x 8 inches.€14.95</p><p>Family Histories and Family Combinations are supplied mounted and ready to frame.<br/>FREE WORLDWIDE POSTAGE</p>",Irish Family Surnames,,General,"imported, unlisted",false,Title,Default Title,,,,,3719,0,shopify,1,deny,manual,9.90,,true,true,,https://irishfamilysurnames.com/wp-content/uploads/2021/04/o-flynn-B-H.jpg,1,O'Flynn,false,O'Flynn,Learn the full history of your family with a Family History or a Crest/History Combination. Family History Standard : 16 x 20 cm | 6 x 8 inches. €9.90 Family History Large : 20 x 26 cm | 8 x 10 inches. €12.50 Family Combination (History &amp; Crest) : 26 x 20 cm | 10 x 8 inches.€14.95 Family Histories and Family Combin,,,,,,,,,,,,,g,,,true,true,,,unlisted
oflynn,,,,,,,false,,,,,,,,,,,,,,,,,,https://irishfamilysurnames.com/wp-content/uploads/2021/03/irishfamilysurnameslogo2.jpg,2,O'Flynn,,,,,,,,,,,,,,,,,,,,,,,unlisted
oflynn,,,,,,,false,,,,,,,,,,,,,,,,,,https://irishfamilysurnames.com/wp-content/uploads/2021/04/o-carroll-B-H-300x375.jpg,3,O'Flynn,,,,,,,,,,,,,,,,,,,,,,,unlisted
oflynn,,,,,,,false,,,,,,,,,,,,,,,,,,https://irishfamilysurnames.com/wp-content/uploads/2021/04/o-hagan-B-H-300x375.jpg,4,O'Flynn,,,,,,,,,,,,,,,,,,,,,,,unlisted
oflynn,,,,,,,false,,,,,,,,,,,,,,,,,,https://irishfamilysurnames.com/wp-content/uploads/2021/04/o-farrell-B-H-300x375.jpg,5,O'Flynn,,,,,,,,,,,,,,,,,,,,,,,unlisted
ogorman,O'Gorman,"<p>Learn the full history of your family with a Family History or a Crest/History Combination.</p><p>Family History Standard : 16 x 20 cm | 6 x 8 inches. €9.90</p><p>Family History Large : 20 x 26 cm | 8 x 10 inches. €12.50</p><p>Family Combination (History &amp;amp;amp; Crest) : 26 x 20 cm | 10 x 8 inches.€14.95</p><p>Family Histories and Family Combinations are supplied mounted and ready to frame.<br/>FREE WORLDWIDE POSTAGE</p>",Irish Family Surnames,,General,"imported, unlisted",false,Title,Default Title,,,,,3730,0,shopify,1,deny,manual,9.90,,true,true,,https://irishfamilysurnames.com/wp-content/uploads/2021/04/o-gorman-B-H.jpg,1,O'Gorman,false,O'Gorman,Learn the full history of your family with a Family History or a Crest/History Combination. Family History Standard : 16 x 20 cm | 6 x 8 inches. €9.90 Family History Large : 20 x 26 cm | 8 x 10 inches. €12.50 Family Combination (History &amp; Crest) : 26 x 20 cm | 10 x 8 inches.€14.95 Family Histories and Family Combin,,,,,,,,,,,,,g,,,true,true,,,unlisted
ogorman,,,,,,,false,,,,,,,,,,,,,,,,,,https://irishfamilysurnames.com/wp-content/uploads/2021/03/irishfamilysurnameslogo2.jpg,2,O'Gorman,,,,,,,,,,,,,,,,,,,,,,,unlisted
ogorman,,,,,,,false,,,,,,,,,,,,,,,,,,https://irishfamilysurnames.com/wp-content/uploads/2021/04/o-connor-B-H-300x375.jpg,3,O'Gorman,,,,,,,,,,,,,,,,,,,,,,,unlisted
ogorman,,,,,,,false,,,,,,,,,,,,,,,,,,https://irishfamilysurnames.com/wp-content/uploads/2021/04/o-dougherty-B-H-300x375.jpg,4,O'Gorman,,,,,,,,,,,,,,,,,,,,,,,unlisted
ogorman,,,,,,,false,,,,,,,,,,,,,,,,,,https://irishfamilysurnames.com/wp-content/uploads/2021/04/o-duffy-B-H-300x375.jpg,5,O'Gorman,,,,,,,,,,,,,,,,,,,,,,,unlisted
ogrady,O'Grady,"<p>Learn the full history of your family with a Family History or a Crest/History Combination.</p><p>Family History Standard : 16 x 20 cm | 6 x 8 inches. €9.90</p><p>Family History Large : 20 x 26 cm | 8 x 10 inches. €12.50</p><p>Family Combination (History &amp;amp;amp; Crest) : 26 x 20 cm | 10 x 8 inches.€14.95</p><p>Family Histories and Family Combinations are supplied mounted and ready to frame.<br/>FREE WORLDWIDE POSTAGE</p>",Irish Family Surnames,,General,"imported, unlisted",false,Title,Default Title,,,,,3741,0,shopify,1,deny,manual,9.90,,true,true,,https://irishfamilysurnames.com/wp-content/uploads/2021/04/o-grady-B-H.jpg,1,O'Grady,false,O'Grady,Learn the full history of your family with a Family History or a Crest/History Combination. Family History Standard : 16 x 20 cm | 6 x 8 inches. €9.90 Family History Large : 20 x 26 cm | 8 x 10 inches. €12.50 Family Combination (History &amp; Crest) : 26 x 20 cm | 10 x 8 inches.€14.95 Family Histories and Family Combin,,,,,,,,,,,,,g,,,true,true,,,unlisted
ogrady,,,,,,,false,,,,,,,,,,,,,,,,,,https://irishfamilysurnames.com/wp-content/uploads/2021/03/irishfamilysurnameslogo2.jpg,2,O'Grady,,,,,,,,,,,,,,,,,,,,,,,unlisted
ogrady,,,,,,,false,,,,,,,,,,,,,,,,,,https://irishfamilysurnames.com/wp-content/uploads/2021/04/o-brien-B-H-300x375.jpg,3,O'Grady,,,,,,,,,,,,,,,,,,,,,,,unlisted
ogrady,,,,,,,false,,,,,,,,,,,,,,,,,,https://irishfamilysurnames.com/wp-content/uploads/2021/04/o-duffy-B-H-300x375.jpg,4,O'Grady,,,,,,,,,,,,,,,,,,,,,,,unlisted
ogrady,,,,,,,false,,,,,,,,,,,,,,,,,,https://irishfamilysurnames.com/wp-content/uploads/2021/04/ohanlon-B-H-300x375.jpg,5,O'Grady,,,,,,,,,,,,,,,,,,,,,,,unlisted
ohalloran,O'Halloran,"<p>Learn the full history of your family with a Family History or a Crest/History Combination.</p><p>Family History Standard : 16 x 20 cm | 6 x 8 inches. €9.90</p><p>Family History Large : 20 x 26 cm | 8 x 10 inches. €12.50</p><p>Family Combination (History &amp;amp;amp; Crest) : 26 x 20 cm | 10 x 8 inches.€14.95</p><p>Family Histories and Family Combinations are supplied mounted and ready to frame.<br/>FREE WORLDWIDE POSTAGE</p>",Irish Family Surnames,,General,"imported, unlisted",false,Title,Default Title,,,,,3763,0,shopify,1,deny,manual,9.90,,true,true,,https://irishfamilysurnames.com/wp-content/uploads/2021/04/o-halloran-B-H.jpg,1,O'Halloran,false,O'Halloran,Learn the full history of your family with a Family History or a Crest/History Combination. Family History Standard : 16 x 20 cm | 6 x 8 inches. €9.90 Family History Large : 20 x 26 cm | 8 x 10 inches. €12.50 Family Combination (History &amp; Crest) : 26 x 20 cm | 10 x 8 inches.€14.95 Family Histories and Family Combin,,,,,,,,,,,,,g,,,true,true,,,unlisted
ohalloran,,,,,,,false,,,,,,,,,,,,,,,,,,https://irishfamilysurnames.com/wp-content/uploads/2021/03/irishfamilysurnameslogo2.jpg,2,O'Halloran,,,,,,,,,,,,,,,,,,,,,,,unlisted
ohalloran,,,,,,,false,,,,,,,,,,,,,,,,,,https://irishfamilysurnames.com/wp-content/uploads/2021/04/o-hart-B-H-300x375.jpg,3,O'Halloran,,,,,,,,,,,,,,,,,,,,,,,unlisted
ohalloran,,,,,,,false,,,,,,,,,,,,,,,,,,https://irishfamilysurnames.com/wp-content/uploads/2021/04/o-farrell-B-H-300x375.jpg,4,O'Halloran,,,,,,,,,,,,,,,,,,,,,,,unlisted
ohalloran,,,,,,,false,,,,,,,,,,,,,,,,,,https://irishfamilysurnames.com/wp-content/uploads/2021/04/o-flanagan-B-H-300x375.jpg,5,O'Halloran,,,,,,,,,,,,,,,,,,,,,,,unlisted
ohara,O'Hara,"<p>Learn the full history of your family with a Family History or a Crest/History Combination.</p><p>Family History Standard : 16 x 20 cm | 6 x 8 inches. €9.90</p><p>Family History Large : 20 x 26 cm | 8 x 10 inches. €12.50</p><p>Family Combination (History &amp;amp;amp; Crest) : 26 x 20 cm | 10 x 8 inches.€14.95</p><p>Family Histories and Family Combinations are supplied mounted and ready to frame.<br/>FREE WORLDWIDE POSTAGE</p>",Irish Family Surnames,,General,"imported, unlisted",false,Title,Default Title,,,,,3784,0,shopify,1,deny,manual,9.90,,true,true,,https://irishfamilysurnames.com/wp-content/uploads/2021/04/o-hara-B-H.jpg,1,O'Hara,false,O'Hara,Learn the full history of your family with a Family History or a Crest/History Combination. Family History Standard : 16 x 20 cm | 6 x 8 inches. €9.90 Family History Large : 20 x 26 cm | 8 x 10 inches. €12.50 Family Combination (History &amp; Crest) : 26 x 20 cm | 10 x 8 inches.€14.95 Family Histories and Family Combin,,,,,,,,,,,,,g,,,true,true,,,unlisted
ohara,,,,,,,false,,,,,,,,,,,,,,,,,,https://irishfamilysurnames.com/wp-content/uploads/2021/03/irishfamilysurnameslogo2.jpg,2,O'Hara,,,,,,,,,,,,,,,,,,,,,,,unlisted
ohara,,,,,,,false,,,,,,,,,,,,,,,,,,https://irishfamilysurnames.com/wp-content/uploads/2021/04/o-carroll-B-H-300x375.jpg,3,O'Hara,,,,,,,,,,,,,,,,,,,,,,,unlisted
ohara,,,,,,,false,,,,,,,,,,,,,,,,,,https://irishfamilysurnames.com/wp-content/uploads/2021/04/o-higgins-B-H-300x375.jpg,4,O'Hara,,,,,,,,,,,,,,,,,,,,,,,unlisted
ohara,,,,,,,false,,,,,,,,,,,,,,,,,,https://irishfamilysurnames.com/wp-content/uploads/2021/04/o-brien-B-H-300x375.jpg,5,O'Hara,,,,,,,,,,,,,,,,,,,,,,,unlisted
ohart,O'Hart,"<p>Learn the full history of your family with a Family History or a Crest/History Combination.</p><p>Family History Standard : 16 x 20 cm | 6 x 8 inches. €9.90</p><p>Family History Large : 20 x 26 cm | 8 x 10 inches. €12.50</p><p>Family Combination (History &amp;amp;amp; Crest) : 26 x 20 cm | 10 x 8 inches.€14.95</p><p>Family Histories and Family Combinations are supplied mounted and ready to frame.<br/>FREE WORLDWIDE POSTAGE</p>",Irish Family Surnames,,General,"imported, unlisted",false,Title,Default Title,,,,,3796,0,shopify,1,deny,manual,9.90,,true,true,,https://irishfamilysurnames.com/wp-content/uploads/2021/04/o-hart-B-H.jpg,1,O'Hart,false,O'Hart,Learn the full history of your family with a Family History or a Crest/History Combination. Family History Standard : 16 x 20 cm | 6 x 8 inches. €9.90 Family History Large : 20 x 26 cm | 8 x 10 inches. €12.50 Family Combination (History &amp; Crest) : 26 x 20 cm | 10 x 8 inches.€14.95 Family Histories and Family Combin,,,,,,,,,,,,,g,,,true,true,,,unlisted
ohart,,,,,,,false,,,,,,,,,,,,,,,,,,https://irishfamilysurnames.com/wp-content/uploads/2021/03/irishfamilysurnameslogo2.jpg,2,O'Hart,,,,,,,,,,,,,,,,,,,,,,,unlisted
ohart,,,,,,,false,,,,,,,,,,,,,,,,,,https://irishfamilysurnames.com/wp-content/uploads/2021/04/o-donoghoe-B-H-300x375.jpg,3,O'Hart,,,,,,,,,,,,,,,,,,,,,,,unlisted
ohart,,,,,,,false,,,,,,,,,,,,,,,,,,https://irishfamilysurnames.com/wp-content/uploads/2021/04/o-keefe-B-H-300x375.jpg,4,O'Hart,,,,,,,,,,,,,,,,,,,,,,,unlisted
ohart,,,,,,,false,,,,,,,,,,,,,,,,,,https://irishfamilysurnames.com/wp-content/uploads/2021/04/o-kelly-B-H-300x375.jpg,5,O'Hart,,,,,,,,,,,,,,,,,,,,,,,unlisted
ohiggins,O'Higgins,"<p>Learn the full history of your family with a Family History or a Crest/History Combination.</p><p>Family History Standard : 16 x 20 cm | 6 x 8 inches. €9.90</p><p>Family History Large : 20 x 26 cm | 8 x 10 inches. €12.50</p><p>Family Combination (History &amp;amp;amp; Crest) : 26 x 20 cm | 10 x 8 inches.€14.95</p><p>Family Histories and Family Combinations are supplied mounted and ready to frame.<br/>FREE WORLDWIDE POSTAGE</p>",Irish Family Surnames,,General,"imported, unlisted",false,Title,Default Title,,,,,3807,0,shopify,1,deny,manual,9.90,,true,true,,https://irishfamilysurnames.com/wp-content/uploads/2021/04/o-higgins-B-H.jpg,1,O'Higgins,false,O'Higgins,Learn the full history of your family with a Family History or a Crest/History Combination. Family History Standard : 16 x 20 cm | 6 x 8 inches. €9.90 Family History Large : 20 x 26 cm | 8 x 10 inches. €12.50 Family Combination (History &amp; Crest) : 26 x 20 cm | 10 x 8 inches.€14.95 Family Histories and Family Combin,,,,,,,,,,,,,g,,,true,true,,,unlisted
ohiggins,,,,,,,false,,,,,,,,,,,,,,,,,,https://irishfamilysurnames.com/wp-content/uploads/2021/03/irishfamilysurnameslogo2.jpg,2,O'Higgins,,,,,,,,,,,,,,,,,,,,,,,unlisted
ohiggins,,,,,,,false,,,,,,,,,,,,,,,,,,https://irishfamilysurnames.com/wp-content/uploads/2021/04/o-byrne-B-H-300x375.jpg,3,O'Higgins,,,,,,,,,,,,,,,,,,,,,,,unlisted
ohiggins,,,,,,,false,,,,,,,,,,,,,,,,,,https://irishfamilysurnames.com/wp-content/uploads/2021/04/o-gorman-B-H-300x375.jpg,4,O'Higgins,,,,,,,,,,,,,,,,,,,,,,,unlisted
ohiggins,,,,,,,false,,,,,,,,,,,,,,,,,,https://irishfamilysurnames.com/wp-content/uploads/2021/04/odonohoe-B-H-300x375.jpg,5,O'Higgins,,,,,,,,,,,,,,,,,,,,,,,unlisted
okeefe,O'Keefe,"<p>Learn the full history of your family with a Family History or a Crest/History Combination.</p><p>Family History Standard : 16 x 20 cm | 6 x 8 inches. €9.90</p><p>Family History Large : 20 x 26 cm | 8 x 10 inches. €12.50</p><p>Family Combination (History &amp;amp;amp; Crest) : 26 x 20 cm | 10 x 8 inches.€14.95</p><p>Family Histories and Family Combinations are supplied mounted and ready to frame.<br/>FREE WORLDWIDE POSTAGE</p>",Irish Family Surnames,,General,"imported, unlisted",false,Title,Default Title,,,,,3818,0,shopify,1,deny,manual,9.90,,true,true,,https://irishfamilysurnames.com/wp-content/uploads/2021/04/o-keefe-B-H.jpg,1,O'Keefe,false,O'Keefe,Learn the full history of your family with a Family History or a Crest/History Combination. Family History Standard : 16 x 20 cm | 6 x 8 inches. €9.90 Family History Large : 20 x 26 cm | 8 x 10 inches. €12.50 Family Combination (History &amp; Crest) : 26 x 20 cm | 10 x 8 inches.€14.95 Family Histories and Family Combin,,,,,,,,,,,,,g,,,true,true,,,unlisted
okeefe,,,,,,,false,,,,,,,,,,,,,,,,,,https://irishfamilysurnames.com/wp-content/uploads/2021/03/irishfamilysurnameslogo2.jpg,2,O'Keefe,,,,,,,,,,,,,,,,,,,,,,,unlisted
okeefe,,,,,,,false,,,,,,,,,,,,,,,,,,https://irishfamilysurnames.com/wp-content/uploads/2021/04/o-callaghan-B-H-300x375.jpg,3,O'Keefe,,,,,,,,,,,,,,,,,,,,,,,unlisted
okeefe,,,,,,,false,,,,,,,,,,,,,,,,,,https://irishfamilysurnames.com/wp-content/uploads/2021/04/o-keeffe-B-H-300x375.jpg,4,O'Keefe,,,,,,,,,,,,,,,,,,,,,,,unlisted
okeefe,,,,,,,false,,,,,,,,,,,,,,,,,,https://irishfamilysurnames.com/wp-content/uploads/2021/04/o-laughlin-B-H-300x375.jpg,5,O'Keefe,,,,,,,,,,,,,,,,,,,,,,,unlisted
okeeffe,O'Keeffe,"<p>Learn the full history of your family with a Family History or a Crest/History Combination.</p><p>Family History Standard : 16 x 20 cm | 6 x 8 inches. €9.90</p><p>Family History Large : 20 x 26 cm | 8 x 10 inches. €12.50</p><p>Family Combination (History &amp;amp;amp; Crest) : 26 x 20 cm | 10 x 8 inches.€14.95</p><p>Family Histories and Family Combinations are supplied mounted and ready to frame.<br/>FREE WORLDWIDE POSTAGE</p>",Irish Family Surnames,,General,"imported, unlisted",false,Title,Default Title,,,,,3829,0,shopify,1,deny,manual,9.90,,true,true,,https://irishfamilysurnames.com/wp-content/uploads/2021/04/o-keeffe-B-H.jpg,1,O'Keeffe,false,O'Keeffe,Learn the full history of your family with a Family History or a Crest/History Combination. Family History Standard : 16 x 20 cm | 6 x 8 inches. €9.90 Family History Large : 20 x 26 cm | 8 x 10 inches. €12.50 Family Combination (History &amp; Crest) : 26 x 20 cm | 10 x 8 inches.€14.95 Family Histories and Family Combin,,,,,,,,,,,,,g,,,true,true,,,unlisted
okeeffe,,,,,,,false,,,,,,,,,,,,,,,,,,https://irishfamilysurnames.com/wp-content/uploads/2021/03/irishfamilysurnameslogo2.jpg,2,O'Keeffe,,,,,,,,,,,,,,,,,,,,,,,unlisted
okeeffe,,,,,,,false,,,,,,,,,,,,,,,,,,https://irishfamilysurnames.com/wp-content/uploads/2021/04/o-dwyer-B-H-300x375.jpg,3,O'Keeffe,,,,,,,,,,,,,,,,,,,,,,,unlisted
okeeffe,,,,,,,false,,,,,,,,,,,,,,,,,,https://irishfamilysurnames.com/wp-content/uploads/2021/04/o-connor-B-H-300x375.jpg,4,O'Keeffe,,,,,,,,,,,,,,,,,,,,,,,unlisted
okeeffe,,,,,,,false,,,,,,,,,,,,,,,,,,https://irishfamilysurnames.com/wp-content/uploads/2021/04/o-keefe-B-H-300x375.jpg,5,O'Keeffe,,,,,,,,,,,,,,,,,,,,,,,unlisted
okelly,O'Kelly,"<p>Learn the full history of your family with a Family History or a Crest/History Combination.</p><p>Family History Standard : 16 x 20 cm | 6 x 8 inches. €9.90</p><p>Family History Large : 20 x 26 cm | 8 x 10 inches. €12.50</p><p>Family Combination (History &amp;amp;amp; Crest) : 26 x 20 cm | 10 x 8 inches.€14.95</p><p>Family Histories and Family Combinations are supplied mounted and ready to frame.<br/>FREE WORLDWIDE POSTAGE</p>",Irish Family Surnames,,General,"imported, unlisted",false,Title,Default Title,,,,,3841,0,shopify,1,deny,manual,9.90,,true,true,,https://irishfamilysurnames.com/wp-content/uploads/2021/04/o-kelly-B-H.jpg,1,O'Kelly,false,O'Kelly,Learn the full history of your family with a Family History or a Crest/History Combination. Family History Standard : 16 x 20 cm | 6 x 8 inches. €9.90 Family History Large : 20 x 26 cm | 8 x 10 inches. €12.50 Family Combination (History &amp; Crest) : 26 x 20 cm | 10 x 8 inches.€14.95 Family Histories and Family Combin,,,,,,,,,,,,,g,,,true,true,,,unlisted
okelly,,,,,,,false,,,,,,,,,,,,,,,,,,https://irishfamilysurnames.com/wp-content/uploads/2021/03/irishfamilysurnameslogo2.jpg,2,O'Kelly,,,,,,,,,,,,,,,,,,,,,,,unlisted
okelly,,,,,,,false,,,,,,,,,,,,,,,,,,https://irishfamilysurnames.com/wp-content/uploads/2021/04/o-callaghan-B-H-300x375.jpg,3,O'Kelly,,,,,,,,,,,,,,,,,,,,,,,unlisted
okelly,,,,,,,false,,,,,,,,,,,,,,,,,,https://irishfamilysurnames.com/wp-content/uploads/2021/04/o-dougherty-B-H-300x375.jpg,4,O'Kelly,,,,,,,,,,,,,,,,,,,,,,,unlisted
okelly,,,,,,,false,,,,,,,,,,,,,,,,,,https://irishfamilysurnames.com/wp-content/uploads/2021/04/o-flynn-B-H-300x375.jpg,5,O'Kelly,,,,,,,,,,,,,,,,,,,,,,,unlisted
olaughlin,O'Laughlin,"<p>Learn the full history of your family with a Family History or a Crest/History Combination.</p><p>Family History Standard : 16 x 20 cm | 6 x 8 inches. €9.90</p><p>Family History Large : 20 x 26 cm | 8 x 10 inches. €12.50</p><p>Family Combination (History &amp;amp;amp; Crest) : 26 x 20 cm | 10 x 8 inches.€14.95</p><p>Family Histories and Family Combinations are supplied mounted and ready to frame.<br/>FREE WORLDWIDE POSTAGE</p>",Irish Family Surnames,,General,"imported, unlisted",false,Title,Default Title,,,,,3852,0,shopify,1,deny,manual,9.90,,true,true,,https://irishfamilysurnames.com/wp-content/uploads/2021/04/o-laughlin-B-H.jpg,1,O'Laughlin,false,O'Laughlin,Learn the full history of your family with a Family History or a Crest/History Combination. Family History Standard : 16 x 20 cm | 6 x 8 inches. €9.90 Family History Large : 20 x 26 cm | 8 x 10 inches. €12.50 Family Combination (History &amp; Crest) : 26 x 20 cm | 10 x 8 inches.€14.95 Family Histories and Family Combin,,,,,,,,,,,,,g,,,true,true,,,unlisted
olaughlin,,,,,,,false,,,,,,,,,,,,,,,,,,https://irishfamilysurnames.com/wp-content/uploads/2021/03/irishfamilysurnameslogo2.jpg,2,O'Laughlin,,,,,,,,,,,,,,,,,,,,,,,unlisted
olaughlin,,,,,,,false,,,,,,,,,,,,,,,,,,https://irishfamilysurnames.com/wp-content/uploads/2021/04/o-flynn-B-H-300x375.jpg,3,O'Laughlin,,,,,,,,,,,,,,,,,,,,,,,unlisted
olaughlin,,,,,,,false,,,,,,,,,,,,,,,,,,https://irishfamilysurnames.com/wp-content/uploads/2021/04/ohanlon-B-H-300x375.jpg,4,O'Laughlin,,,,,,,,,,,,,,,,,,,,,,,unlisted
olaughlin,,,,,,,false,,,,,,,,,,,,,,,,,,https://irishfamilysurnames.com/wp-content/uploads/2021/04/o-farrell-B-H-300x375.jpg,5,O'Laughlin,,,,,,,,,,,,,,,,,,,,,,,unlisted
oleary,O'Leary,"<p>Learn the full history of your family with a Family History or a Crest/History Combination.</p><p>Family History Standard : 16 x 20 cm | 6 x 8 inches. €9.90</p><p>Family History Large : 20 x 26 cm | 8 x 10 inches. €12.50</p><p>Family Combination (History &amp;amp;amp; Crest) : 26 x 20 cm | 10 x 8 inches.€14.95</p><p>Family Histories and Family Combinations are supplied mounted and ready to frame.<br/>FREE WORLDWIDE POSTAGE</p>",Irish Family Surnames,,General,"imported, unlisted",false,Title,Default Title,,,,,3863,0,shopify,1,deny,manual,9.90,,true,true,,https://irishfamilysurnames.com/wp-content/uploads/2021/04/o-leary-B-H.jpg,1,O'Leary,false,O'Leary,Learn the full history of your family with a Family History or a Crest/History Combination. Family History Standard : 16 x 20 cm | 6 x 8 inches. €9.90 Family History Large : 20 x 26 cm | 8 x 10 inches. €12.50 Family Combination (History &amp; Crest) : 26 x 20 cm | 10 x 8 inches.€14.95 Family Histories and Family Combin,,,,,,,,,,,,,g,,,true,true,,,unlisted
oleary,,,,,,,false,,,,,,,,,,,,,,,,,,https://irishfamilysurnames.com/wp-content/uploads/2021/03/irishfamilysurnameslogo2.jpg,2,O'Leary,,,,,,,,,,,,,,,,,,,,,,,unlisted
oleary,,,,,,,false,,,,,,,,,,,,,,,,,,https://irishfamilysurnames.com/wp-content/uploads/2021/04/o-daugherty-B-H-300x375.jpg,3,O'Leary,,,,,,,,,,,,,,,,,,,,,,,unlisted
oleary,,,,,,,false,,,,,,,,,,,,,,,,,,https://irishfamilysurnames.com/wp-content/uploads/2021/04/o-kelly-B-H-300x375.jpg,4,O'Leary,,,,,,,,,,,,,,,,,,,,,,,unlisted
oleary,,,,,,,false,,,,,,,,,,,,,,,,,,https://irishfamilysurnames.com/wp-content/uploads/2021/04/o-hara-B-H-300x375.jpg,5,O'Leary,,,,,,,,,,,,,,,,,,,,,,,unlisted
oloughlin,O'Loughlin,"<p>Learn the full history of your family with a Family History or a Crest/History Combination.</p><p>Family History Standard : 16 x 20 cm | 6 x 8 inches. €9.90</p><p>Family History Large : 20 x 26 cm | 8 x 10 inches. €12.50</p><p>Family Combination (History &amp;amp;amp; Crest) : 26 x 20 cm | 10 x 8 inches.€14.95</p><p>Family Histories and Family Combinations are supplied mounted and ready to frame.<br/>FREE WORLDWIDE POSTAGE</p>",Irish Family Surnames,,General,"imported, unlisted",false,Title,Default Title,,,,,3875,0,shopify,1,deny,manual,9.90,,true,true,,https://irishfamilysurnames.com/wp-content/uploads/2021/04/o-loughlin-B-H.jpg,1,O'Loughlin,false,O'Loughlin,Learn the full history of your family with a Family History or a Crest/History Combination. Family History Standard : 16 x 20 cm | 6 x 8 inches. €9.90 Family History Large : 20 x 26 cm | 8 x 10 inches. €12.50 Family Combination (History &amp; Crest) : 26 x 20 cm | 10 x 8 inches.€14.95 Family Histories and Family Combin,,,,,,,,,,,,,g,,,true,true,,,unlisted
oloughlin,,,,,,,false,,,,,,,,,,,,,,,,,,https://irishfamilysurnames.com/wp-content/uploads/2021/03/irishfamilysurnameslogo2.jpg,2,O'Loughlin,,,,,,,,,,,,,,,,,,,,,,,unlisted
oloughlin,,,,,,,false,,,,,,,,,,,,,,,,,,https://irishfamilysurnames.com/wp-content/uploads/2021/04/o-keeffe-B-H-300x375.jpg,3,O'Loughlin,,,,,,,,,,,,,,,,,,,,,,,unlisted
oloughlin,,,,,,,false,,,,,,,,,,,,,,,,,,https://irishfamilysurnames.com/wp-content/uploads/2021/04/o-flanagan-B-H-300x375.jpg,4,O'Loughlin,,,,,,,,,,,,,,,,,,,,,,,unlisted
oloughlin,,,,,,,false,,,,,,,,,,,,,,,,,,https://irishfamilysurnames.com/wp-content/uploads/2021/04/o-driscoll-B-H-300x375.jpg,5,O'Loughlin,,,,,,,,,,,,,,,,,,,,,,,unlisted
omahoney,O'Mahoney,"<p>Learn the full history of your family with a Family History or a Crest/History Combination.</p><p>Family History Standard : 16 x 20 cm | 6 x 8 inches. €9.90</p><p>Family History Large : 20 x 26 cm | 8 x 10 inches. €12.50</p><p>Family Combination (History &amp;amp;amp; Crest) : 26 x 20 cm | 10 x 8 inches.€14.95</p><p>Family Histories and Family Combinations are supplied mounted and ready to frame.<br/>FREE WORLDWIDE POSTAGE</p>",Irish Family Surnames,,General,"imported, unlisted",false,Title,Default Title,,,,,3887,0,shopify,1,deny,manual,9.90,,true,true,,https://irishfamilysurnames.com/wp-content/uploads/2021/04/o-mahoney-B-H.jpg,1,O'Mahoney,false,O'Mahoney,Learn the full history of your family with a Family History or a Crest/History Combination. Family History Standard : 16 x 20 cm | 6 x 8 inches. €9.90 Family History Large : 20 x 26 cm | 8 x 10 inches. €12.50 Family Combination (History &amp; Crest) : 26 x 20 cm | 10 x 8 inches.€14.95 Family Histories and Family Combin,,,,,,,,,,,,,g,,,true,true,,,unlisted
omahoney,,,,,,,false,,,,,,,,,,,,,,,,,,https://irishfamilysurnames.com/wp-content/uploads/2021/03/irishfamilysurnameslogo2.jpg,2,O'Mahoney,,,,,,,,,,,,,,,,,,,,,,,unlisted
omahoney,,,,,,,false,,,,,,,,,,,,,,,,,,https://irishfamilysurnames.com/wp-content/uploads/2021/04/o-flynn-B-H-300x375.jpg,3,O'Mahoney,,,,,,,,,,,,,,,,,,,,,,,unlisted
omahoney,,,,,,,false,,,,,,,,,,,,,,,,,,https://irishfamilysurnames.com/wp-content/uploads/2021/04/o-driscoll-B-H-300x375.jpg,4,O'Mahoney,,,,,,,,,,,,,,,,,,,,,,,unlisted
omahoney,,,,,,,false,,,,,,,,,,,,,,,,,,https://irishfamilysurnames.com/wp-content/uploads/2021/04/o-higgins-B-H-300x375.jpg,5,O'Mahoney,,,,,,,,,,,,,,,,,,,,,,,unlisted
omahony,O'Mahony,"<p>Learn the full history of your family with a Family History or a Crest/History Combination.</p><p>Family History Standard : 16 x 20 cm | 6 x 8 inches. €9.90</p><p>Family History Large : 20 x 26 cm | 8 x 10 inches. €12.50</p><p>Family Combination (History &amp;amp;amp; Crest) : 26 x 20 cm | 10 x 8 inches.€14.95</p><p>Family Histories and Family Combinations are supplied mounted and ready to frame.<br/>FREE WORLDWIDE POSTAGE</p>",Irish Family Surnames,,General,"imported, unlisted",false,Title,Default Title,,,,,3898,0,shopify,1,deny,manual,9.90,,true,true,,https://irishfamilysurnames.com/wp-content/uploads/2021/04/o-mahony-B-H.jpg,1,O'Mahony,false,O'Mahony,Learn the full history of your family with a Family History or a Crest/History Combination. Family History Standard : 16 x 20 cm | 6 x 8 inches. €9.90 Family History Large : 20 x 26 cm | 8 x 10 inches. €12.50 Family Combination (History &amp; Crest) : 26 x 20 cm | 10 x 8 inches.€14.95 Family Histories and Family Combin,,,,,,,,,,,,,g,,,true,true,,,unlisted
omahony,,,,,,,false,,,,,,,,,,,,,,,,,,https://irishfamilysurnames.com/wp-content/uploads/2021/03/irishfamilysurnameslogo2.jpg,2,O'Mahony,,,,,,,,,,,,,,,,,,,,,,,unlisted
omahony,,,,,,,false,,,,,,,,,,,,,,,,,,https://irishfamilysurnames.com/wp-content/uploads/2021/04/o-halloran-B-H-300x375.jpg,3,O'Mahony,,,,,,,,,,,,,,,,,,,,,,,unlisted
omahony,,,,,,,false,,,,,,,,,,,,,,,,,,https://irishfamilysurnames.com/wp-content/uploads/2021/04/o-driscoll-B-H-300x375.jpg,4,O'Mahony,,,,,,,,,,,,,,,,,,,,,,,unlisted
omahony,,,,,,,false,,,,,,,,,,,,,,,,,,https://irishfamilysurnames.com/wp-content/uploads/2021/04/o-dwyer-B-H-300x375.jpg,5,O'Mahony,,,,,,,,,,,,,,,,,,,,,,,unlisted
omalley,O'Malley,"<p>Learn the full history of your family with a Family History or a Crest/History Combination.</p><p>Family History Standard : 16 x 20 cm | 6 x 8 inches. €9.90</p><p>Family History Large : 20 x 26 cm | 8 x 10 inches. €12.50</p><p>Family Combination (History &amp;amp;amp; Crest) : 26 x 20 cm | 10 x 8 inches.€14.95</p><p>Family Histories and Family Combinations are supplied mounted and ready to frame.<br/>FREE WORLDWIDE POSTAGE</p>",Irish Family Surnames,,General,"imported, unlisted",false,Title,Default Title,,,,,3909,0,shopify,1,deny,manual,9.90,,true,true,,https://irishfamilysurnames.com/wp-content/uploads/2021/04/o-malley-B-H.jpg,1,O'Malley,false,O'Malley,Learn the full history of your family with a Family History or a Crest/History Combination. Family History Standard : 16 x 20 cm | 6 x 8 inches. €9.90 Family History Large : 20 x 26 cm | 8 x 10 inches. €12.50 Family Combination (History &amp; Crest) : 26 x 20 cm | 10 x 8 inches.€14.95 Family Histories and Family Combin,,,,,,,,,,,,,g,,,true,true,,,unlisted
omalley,,,,,,,false,,,,,,,,,,,,,,,,,,https://irishfamilysurnames.com/wp-content/uploads/2021/03/irishfamilysurnameslogo2.jpg,2,O'Malley,,,,,,,,,,,,,,,,,,,,,,,unlisted
omalley,,,,,,,false,,,,,,,,,,,,,,,,,,https://irishfamilysurnames.com/wp-content/uploads/2021/04/o-driscoll-B-H-300x375.jpg,3,O'Malley,,,,,,,,,,,,,,,,,,,,,,,unlisted
omalley,,,,,,,false,,,,,,,,,,,,,,,,,,https://irishfamilysurnames.com/wp-content/uploads/2021/04/o-donoghoe-B-H-300x375.jpg,4,O'Malley,,,,,,,,,,,,,,,,,,,,,,,unlisted
omalley,,,,,,,false,,,,,,,,,,,,,,,,,,https://irishfamilysurnames.com/wp-content/uploads/2021/04/o-connell-B-H-300x375.jpg,5,O'Malley,,,,,,,,,,,,,,,,,,,,,,,unlisted
omara,O'Mara,"<p>Learn the full history of your family with a Family History or a Crest/History Combination.</p><p>Family History Standard : 16 x 20 cm | 6 x 8 inches. €9.90</p><p>Family History Large : 20 x 26 cm | 8 x 10 inches. €12.50</p><p>Family Combination (History &amp;amp;amp; Crest) : 26 x 20 cm | 10 x 8 inches.€14.95</p><p>Family Histories and Family Combinations are supplied mounted and ready to frame.<br/>FREE WORLDWIDE POSTAGE</p>",Irish Family Surnames,,General,"imported, unlisted",false,Title,Default Title,,,,,3921,0,shopify,1,deny,manual,9.90,,true,true,,https://irishfamilysurnames.com/wp-content/uploads/2021/04/o-mara-B-H.jpg,1,O'Mara,false,O'Mara,Learn the full history of your family with a Family History or a Crest/History Combination. Family History Standard : 16 x 20 cm | 6 x 8 inches. €9.90 Family History Large : 20 x 26 cm | 8 x 10 inches. €12.50 Family Combination (History &amp; Crest) : 26 x 20 cm | 10 x 8 inches.€14.95 Family Histories and Family Combin,,,,,,,,,,,,,g,,,true,true,,,unlisted
omara,,,,,,,false,,,,,,,,,,,,,,,,,,https://irishfamilysurnames.com/wp-content/uploads/2021/03/irishfamilysurnameslogo2.jpg,2,O'Mara,,,,,,,,,,,,,,,,,,,,,,,unlisted
omara,,,,,,,false,,,,,,,,,,,,,,,,,,https://irishfamilysurnames.com/wp-content/uploads/2021/04/o-flanagan-B-H-300x375.jpg,3,O'Mara,,,,,,,,,,,,,,,,,,,,,,,unlisted
omara,,,,,,,false,,,,,,,,,,,,,,,,,,https://irishfamilysurnames.com/wp-content/uploads/2021/04/o-flaherty-B-H-300x375.jpg,4,O'Mara,,,,,,,,,,,,,,,,,,,,,,,unlisted
omara,,,,,,,false,,,,,,,,,,,,,,,,,,https://irishfamilysurnames.com/wp-content/uploads/2021/04/o-duffy-B-H-300x375.jpg,5,O'Mara,,,,,,,,,,,,,,,,,,,,,,,unlisted
omeara,O'Meara,"<p>Learn the full history of your family with a Family History or a Crest/History Combination.</p><p>Family History Standard : 16 x 20 cm | 6 x 8 inches. €9.90</p><p>Family History Large : 20 x 26 cm | 8 x 10 inches. €12.50</p><p>Family Combination (History &amp;amp;amp; Crest) : 26 x 20 cm | 10 x 8 inches.€14.95</p><p>Family Histories and Family Combinations are supplied mounted and ready to frame.<br/>FREE WORLDWIDE POSTAGE</p>",Irish Family Surnames,,General,"imported, unlisted",false,Title,Default Title,,,,,3932,0,shopify,1,deny,manual,9.90,,true,true,,https://irishfamilysurnames.com/wp-content/uploads/2021/04/o-meara-B-H.jpg,1,O'Meara,false,O'Meara,Learn the full history of your family with a Family History or a Crest/History Combination. Family History Standard : 16 x 20 cm | 6 x 8 inches. €9.90 Family History Large : 20 x 26 cm | 8 x 10 inches. €12.50 Family Combination (History &amp; Crest) : 26 x 20 cm | 10 x 8 inches.€14.95 Family Histories and Family Combin,,,,,,,,,,,,,g,,,true,true,,,unlisted
omeara,,,,,,,false,,,,,,,,,,,,,,,,,,https://irishfamilysurnames.com/wp-content/uploads/2021/03/irishfamilysurnameslogo2.jpg,2,O'Meara,,,,,,,,,,,,,,,,,,,,,,,unlisted
omeara,,,,,,,false,,,,,,,,,,,,,,,,,,https://irishfamilysurnames.com/wp-content/uploads/2021/04/o-donoghoe-B-H-300x375.jpg,3,O'Meara,,,,,,,,,,,,,,,,,,,,,,,unlisted
omeara,,,,,,,false,,,,,,,,,,,,,,,,,,https://irishfamilysurnames.com/wp-content/uploads/2021/04/o-flanagan-B-H-300x375.jpg,4,O'Meara,,,,,,,,,,,,,,,,,,,,,,,unlisted
omeara,,,,,,,false,,,,,,,,,,,,,,,,,,https://irishfamilysurnames.com/wp-content/uploads/2021/04/o-doherty-B-H-300x375.jpg,5,O'Meara,,,,,,,,,,,,,,,,,,,,,,,unlisted
oreagan,O'Reagan,"<p>Learn the full history of your family with a Family History or a Crest/History Combination.</p><p>Family History Standard : 16 x 20 cm | 6 x 8 inches. €9.90</p><p>Family History Large : 20 x 26 cm | 8 x 10 inches. €12.50</p><p>Family Combination (History &amp;amp;amp; Crest) : 26 x 20 cm | 10 x 8 inches.€14.95</p><p>Family Histories and Family Combinations are supplied mounted and ready to frame.<br/>FREE WORLDWIDE POSTAGE</p>",Irish Family Surnames,,General,"imported, unlisted",false,Title,Default Title,,,,,3964,0,shopify,1,deny,manual,9.90,,true,true,,https://irishfamilysurnames.com/wp-content/uploads/2021/04/o-reagan-B-H.jpg,1,O'Reagan,false,O'Reagan,Learn the full history of your family with a Family History or a Crest/History Combination. Family History Standard : 16 x 20 cm | 6 x 8 inches. €9.90 Family History Large : 20 x 26 cm | 8 x 10 inches. €12.50 Family Combination (History &amp; Crest) : 26 x 20 cm | 10 x 8 inches.€14.95 Family Histories and Family Combin,,,,,,,,,,,,,g,,,true,true,,,unlisted
oreagan,,,,,,,false,,,,,,,,,,,,,,,,,,https://irishfamilysurnames.com/wp-content/uploads/2021/03/irishfamilysurnameslogo2.jpg,2,O'Reagan,,,,,,,,,,,,,,,,,,,,,,,unlisted
oreagan,,,,,,,false,,,,,,,,,,,,,,,,,,https://irishfamilysurnames.com/wp-content/uploads/2021/04/o-halloran-B-H-300x375.jpg,3,O'Reagan,,,,,,,,,,,,,,,,,,,,,,,unlisted
oreagan,,,,,,,false,,,,,,,,,,,,,,,,,,https://irishfamilysurnames.com/wp-content/uploads/2021/04/o-connor-B-H-300x375.jpg,4,O'Reagan,,,,,,,,,,,,,,,,,,,,,,,unlisted
oreagan,,,,,,,false,,,,,,,,,,,,,,,,,,https://irishfamilysurnames.com/wp-content/uploads/2021/04/o-carroll-B-H-300x375.jpg,5,O'Reagan,,,,,,,,,,,,,,,,,,,,,,,unlisted
oreilly,O'Reilly,"<p>Learn the full history of your family with a Family History or a Crest/History Combination.</p><p>Family History Standard : 16 x 20 cm | 6 x 8 inches. €9.90</p><p>Family History Large : 20 x 26 cm | 8 x 10 inches. €12.50</p><p>Family Combination (History &amp;amp;amp; Crest) : 26 x 20 cm | 10 x 8 inches.€14.95</p><p>Family Histories and Family Combinations are supplied mounted and ready to frame.<br/>FREE WORLDWIDE POSTAGE</p>",Irish Family Surnames,,General,"imported, unlisted",false,Title,Default Title,,,,,3986,0,shopify,1,deny,manual,9.90,,true,true,,https://irishfamilysurnames.com/wp-content/uploads/2021/04/o-reilly-B-H.jpg,1,O'Reilly,false,O'Reilly,Learn the full history of your family with a Family History or a Crest/History Combination. Family History Standard : 16 x 20 cm | 6 x 8 inches. €9.90 Family History Large : 20 x 26 cm | 8 x 10 inches. €12.50 Family Combination (History &amp; Crest) : 26 x 20 cm | 10 x 8 inches.€14.95 Family Histories and Family Combin,,,,,,,,,,,,,g,,,true,true,,,unlisted
oreilly,,,,,,,false,,,,,,,,,,,,,,,,,,https://irishfamilysurnames.com/wp-content/uploads/2021/03/irishfamilysurnameslogo2.jpg,2,O'Reilly,,,,,,,,,,,,,,,,,,,,,,,unlisted
oreilly,,,,,,,false,,,,,,,,,,,,,,,,,,https://irishfamilysurnames.com/wp-content/uploads/2021/04/o-callaghan-B-H-300x375.jpg,3,O'Reilly,,,,,,,,,,,,,,,,,,,,,,,unlisted
oreilly,,,,,,,false,,,,,,,,,,,,,,,,,,https://irishfamilysurnames.com/wp-content/uploads/2021/04/o-brien-B-H-300x375.jpg,4,O'Reilly,,,,,,,,,,,,,,,,,,,,,,,unlisted
oreilly,,,,,,,false,,,,,,,,,,,,,,,,,,https://irishfamilysurnames.com/wp-content/uploads/2021/04/o-keefe-B-H-300x375.jpg,5,O'Reilly,,,,,,,,,,,,,,,,,,,,,,,unlisted
orourke,O'Rourke,"<p>Learn the full history of your family with a Family History or a Crest/History Combination.</p><p>Family History Standard : 16 x 20 cm | 6 x 8 inches. €9.90</p><p>Family History Large : 20 x 26 cm | 8 x 10 inches. €12.50</p><p>Family Combination (History &amp;amp;amp; Crest) : 26 x 20 cm | 10 x 8 inches.€14.95</p><p>Family Histories and Family Combinations are supplied mounted and ready to frame.<br/>FREE WORLDWIDE POSTAGE</p>",Irish Family Surnames,,General,"imported, unlisted",false,Title,Default Title,,,,,4009,0,shopify,1,deny,manual,9.90,,true,true,,https://irishfamilysurnames.com/wp-content/uploads/2021/04/o-rourke-B-H.jpg,1,O'Rourke,false,O'Rourke,Learn the full history of your family with a Family History or a Crest/History Combination. Family History Standard : 16 x 20 cm | 6 x 8 inches. €9.90 Family History Large : 20 x 26 cm | 8 x 10 inches. €12.50 Family Combination (History &amp; Crest) : 26 x 20 cm | 10 x 8 inches.€14.95 Family Histories and Family Combin,,,,,,,,,,,,,g,,,true,true,,,unlisted
orourke,,,,,,,false,,,,,,,,,,,,,,,,,,https://irishfamilysurnames.com/wp-content/uploads/2021/03/irishfamilysurnameslogo2.jpg,2,O'Rourke,,,,,,,,,,,,,,,,,,,,,,,unlisted
orourke,,,,,,,false,,,,,,,,,,,,,,,,,,https://irishfamilysurnames.com/wp-content/uploads/2021/04/o-farrell-B-H-300x375.jpg,3,O'Rourke,,,,,,,,,,,,,,,,,,,,,,,unlisted
orourke,,,,,,,false,,,,,,,,,,,,,,,,,,https://irishfamilysurnames.com/wp-content/uploads/2021/04/o-donnell-B-H-300x375.jpg,4,O'Rourke,,,,,,,,,,,,,,,,,,,,,,,unlisted
orourke,,,,,,,false,,,,,,,,,,,,,,,,,,https://irishfamilysurnames.com/wp-content/uploads/2021/04/o-dougherty-B-H-300x375.jpg,5,O'Rourke,,,,,,,,,,,,,,,,,,,,,,,unlisted
oshaughnessy,O'Shaughnessy,"<p>Learn the full history of your family with a Family History or a Crest/History Combination.</p><p>Family History Standard : 16 x 20 cm | 6 x 8 inches. €9.90</p><p>Family History Large : 20 x 26 cm | 8 x 10 inches. €12.50</p><p>Family Combination (History &amp;amp;amp; Crest) : 26 x 20 cm | 10 x 8 inches.€14.95</p><p>Family Histories and Family Combinations are supplied mounted and ready to frame.<br/>FREE WORLDWIDE POSTAGE</p>",Irish Family Surnames,,General,"imported, unlisted",false,Title,Default Title,,,,,4036,0,shopify,1,deny,manual,9.90,,true,true,,https://irishfamilysurnames.com/wp-content/uploads/2021/04/o-shaughnessy-B-H.jpg,1,O'Shaughnessy,false,O'Shaughnessy,Learn the full history of your family with a Family History or a Crest/History Combination. Family History Standard : 16 x 20 cm | 6 x 8 inches. €9.90 Family History Large : 20 x 26 cm | 8 x 10 inches. €12.50 Family Combination (History &amp; Crest) : 26 x 20 cm | 10 x 8 inches.€14.95 Family Histories and Family Combin,,,,,,,,,,,,,g,,,true,true,,,unlisted
oshaughnessy,,,,,,,false,,,,,,,,,,,,,,,,,,https://irishfamilysurnames.com/wp-content/uploads/2021/03/irishfamilysurnameslogo2.jpg,2,O'Shaughnessy,,,,,,,,,,,,,,,,,,,,,,,unlisted
oshaughnessy,,,,,,,false,,,,,,,,,,,,,,,,,,https://irishfamilysurnames.com/wp-content/uploads/2021/04/o-dwyer-B-H-300x375.jpg,3,O'Shaughnessy,,,,,,,,,,,,,,,,,,,,,,,unlisted
oshaughnessy,,,,,,,false,,,,,,,,,,,,,,,,,,https://irishfamilysurnames.com/wp-content/uploads/2021/04/o-carroll-B-H-300x375.jpg,4,O'Shaughnessy,,,,,,,,,,,,,,,,,,,,,,,unlisted
oshaughnessy,,,,,,,false,,,,,,,,,,,,,,,,,,https://irishfamilysurnames.com/wp-content/uploads/2021/04/o-halloran-B-H-300x375.jpg,5,O'Shaughnessy,,,,,,,,,,,,,,,,,,,,,,,unlisted
oshea,O'Shea,"<p>Learn the full history of your family with a Family History or a Crest/History Combination.</p><p>Family History Standard : 16 x 20 cm | 6 x 8 inches. €9.90</p><p>Family History Large : 20 x 26 cm | 8 x 10 inches. €12.50</p><p>Family Combination (History &amp;amp;amp; Crest) : 26 x 20 cm | 10 x 8 inches.€14.95</p><p>Family Histories and Family Combinations are supplied mounted and ready to frame.<br/>FREE WORLDWIDE POSTAGE</p>",Irish Family Surnames,,General,"imported, unlisted",false,Title,Default Title,,,,,4043,0,shopify,1,deny,manual,9.90,,true,true,,https://irishfamilysurnames.com/wp-content/uploads/2021/04/o-shea-B-H.jpg,1,O'Shea,false,O'Shea,Learn the full history of your family with a Family History or a Crest/History Combination. Family History Standard : 16 x 20 cm | 6 x 8 inches. €9.90 Family History Large : 20 x 26 cm | 8 x 10 inches. €12.50 Family Combination (History &amp; Crest) : 26 x 20 cm | 10 x 8 inches.€14.95 Family Histories and Family Combin,,,,,,,,,,,,,g,,,true,true,,,unlisted
oshea,,,,,,,false,,,,,,,,,,,,,,,,,,https://irishfamilysurnames.com/wp-content/uploads/2021/03/irishfamilysurnameslogo2.jpg,2,O'Shea,,,,,,,,,,,,,,,,,,,,,,,unlisted
oshea,,,,,,,false,,,,,,,,,,,,,,,,,,https://irishfamilysurnames.com/wp-content/uploads/2021/04/o-flanagan-B-H-300x375.jpg,3,O'Shea,,,,,,,,,,,,,,,,,,,,,,,unlisted
oshea,,,,,,,false,,,,,,,,,,,,,,,,,,https://irishfamilysurnames.com/wp-content/uploads/2021/04/o-brien-B-H-300x375.jpg,4,O'Shea,,,,,,,,,,,,,,,,,,,,,,,unlisted
oshea,,,,,,,false,,,,,,,,,,,,,,,,,,https://irishfamilysurnames.com/wp-content/uploads/2021/04/o-flaherty-B-H-300x375.jpg,5,O'Shea,,,,,,,,,,,,,,,,,,,,,,,unlisted
osullivan,O'Sullivan,"<p>Learn the full history of your family with a Family History or a Crest/History Combination.</p><p>Family History Standard : 16 x 20 cm | 6 x 8 inches. €9.90</p><p>Family History Large : 20 x 26 cm | 8 x 10 inches. €12.50</p><p>Family Combination (History &amp;amp;amp; Crest) : 26 x 20 cm | 10 x 8 inches.€14.95</p><p>Family Histories and Family Combinations are supplied mounted and ready to frame.<br/>FREE WORLDWIDE POSTAGE</p>",Irish Family Surnames,,General,"imported, unlisted",false,Title,Default Title,,,,,4050,0,shopify,1,deny,manual,9.90,,true,true,,https://irishfamilysurnames.com/wp-content/uploads/2021/04/o-sullivan-B-H.jpg,1,O'Sullivan,false,O'Sullivan,Learn the full history of your family with a Family History or a Crest/History Combination. Family History Standard : 16 x 20 cm | 6 x 8 inches. €9.90 Family History Large : 20 x 26 cm | 8 x 10 inches. €12.50 Family Combination (History &amp; Crest) : 26 x 20 cm | 10 x 8 inches.€14.95 Family Histories and Family Combin,,,,,,,,,,,,,g,,,true,true,,,unlisted
osullivan,,,,,,,false,,,,,,,,,,,,,,,,,,https://irishfamilysurnames.com/wp-content/uploads/2021/03/irishfamilysurnameslogo2.jpg,2,O'Sullivan,,,,,,,,,,,,,,,,,,,,,,,unlisted
osullivan,,,,,,,false,,,,,,,,,,,,,,,,,,https://irishfamilysurnames.com/wp-content/uploads/2021/04/ohanlon-B-H-300x375.jpg,3,O'Sullivan,,,,,,,,,,,,,,,,,,,,,,,unlisted
osullivan,,,,,,,false,,,,,,,,,,,,,,,,,,https://irishfamilysurnames.com/wp-content/uploads/2021/04/o-dougherty-B-H-300x375.jpg,4,O'Sullivan,,,,,,,,,,,,,,,,,,,,,,,unlisted
osullivan,,,,,,,false,,,,,,,,,,,,,,,,,,https://irishfamilysurnames.com/wp-content/uploads/2021/04/o-hara-B-H-300x375.jpg,5,O'Sullivan,,,,,,,,,,,,,,,,,,,,,,,unlisted
otoole,O'Toole,"<p>Learn the full history of your family with a Family History or a Crest/History Combination.</p><p>Family History Standard : 16 x 20 cm | 6 x 8 inches. €9.90</p><p>Family History Large : 20 x 26 cm | 8 x 10 inches. €12.50</p><p>Family Combination (History &amp;amp;amp; Crest) : 26 x 20 cm | 10 x 8 inches.€14.95</p><p>Family Histories and Family Combinations are supplied mounted and ready to frame.<br/>FREE WORLDWIDE POSTAGE</p>",Irish Family Surnames,,General,"imported, unlisted",false,Title,Default Title,,,,,4057,0,shopify,1,deny,manual,9.90,,true,true,,https://irishfamilysurnames.com/wp-content/uploads/2021/04/o-toole-B-H.jpg,1,O'Toole,false,O'Toole,Learn the full history of your family with a Family History or a Crest/History Combination. Family History Standard : 16 x 20 cm | 6 x 8 inches. €9.90 Family History Large : 20 x 26 cm | 8 x 10 inches. €12.50 Family Combination (History &amp; Crest) : 26 x 20 cm | 10 x 8 inches.€14.95 Family Histories and Family Combin,,,,,,,,,,,,,g,,,true,true,,,unlisted
otoole,,,,,,,false,,,,,,,,,,,,,,,,,,https://irishfamilysurnames.com/wp-content/uploads/2021/03/irishfamilysurnameslogo2.jpg,2,O'Toole,,,,,,,,,,,,,,,,,,,,,,,unlisted
otoole,,,,,,,false,,,,,,,,,,,,,,,,,,https://irishfamilysurnames.com/wp-content/uploads/2021/04/o-dougherty-B-H-300x375.jpg,3,O'Toole,,,,,,,,,,,,,,,,,,,,,,,unlisted
otoole,,,,,,,false,,,,,,,,,,,,,,,,,,https://irishfamilysurnames.com/wp-content/uploads/2021/04/o-boyle-B-H-300x375.jpg,4,O'Toole,,,,,,,,,,,,,,,,,,,,,,,unlisted
otoole,,,,,,,false,,,,,,,,,,,,,,,,,,https://irishfamilysurnames.com/wp-content/uploads/2021/04/o-higgins-B-H-300x375.jpg,5,O'Toole,,,,,,,,,,,,,,,,,,,,,,,unlisted
scott,Scott,"<p>Learn the full history of your family with a Family History or a Crest/History Combination.</p><p>Family History Standard : 16 x 20 cm | 6 x 8 inches. €9.90</p><p>Family History Large : 20 x 26 cm | 8 x 10 inches. €12.50</p><p>Family Combination (History &amp;amp;amp; Crest) : 26 x 20 cm | 10 x 8 inches.€14.95</p><p>Family Histories and Family Combinations are supplied mounted and ready to frame.<br/>FREE WORLDWIDE POSTAGE</p>",Irish Family Surnames,,General,"imported, unlisted",false,Title,Default Title,,,,,4064,0,shopify,1,deny,manual,9.90,,true,true,,https://irishfamilysurnames.com/wp-content/uploads/2021/04/scott-B-H.jpg,1,Scott,false,Scott,Learn the full history of your family with a Family History or a Crest/History Combination. Family History Standard : 16 x 20 cm | 6 x 8 inches. €9.90 Family History Large : 20 x 26 cm | 8 x 10 inches. €12.50 Family Combination (History &amp; Crest) : 26 x 20 cm | 10 x 8 inches.€14.95 Family Histories and Family Combin,,,,,,,,,,,,,g,,,true,true,,,unlisted
scott,,,,,,,false,,,,,,,,,,,,,,,,,,https://irishfamilysurnames.com/wp-content/uploads/2021/03/irishfamilysurnameslogo2.jpg,2,Scott,,,,,,,,,,,,,,,,,,,,,,,unlisted
scott,,,,,,,false,,,,,,,,,,,,,,,,,,https://irishfamilysurnames.com/wp-content/uploads/2021/04/stapleton-B-H-300x375.jpg,3,Scott,,,,,,,,,,,,,,,,,,,,,,,unlisted
scott,,,,,,,false,,,,,,,,,,,,,,,,,,https://irishfamilysurnames.com/wp-content/uploads/2021/04/sheehan-B-H-300x375.jpg,4,Scott,,,,,,,,,,,,,,,,,,,,,,,unlisted
scott,,,,,,,false,,,,,,,,,,,,,,,,,,https://irishfamilysurnames.com/wp-content/uploads/2021/04/sullivan-B-H-300x375.jpg,5,Scott,,,,,,,,,,,,,,,,,,,,,,,unlisted
scully,Scully,"<p>Learn the full history of your family with a Family History or a Crest/History Combination.</p><p>Family History Standard : 16 x 20 cm | 6 x 8 inches. €9.90</p><p>Family History Large : 20 x 26 cm | 8 x 10 inches. €12.50</p><p>Family Combination (History &amp;amp;amp; Crest) : 26 x 20 cm | 10 x 8 inches.€14.95</p><p>Family Histories and Family Combinations are supplied mounted and ready to frame.<br/>FREE WORLDWIDE POSTAGE</p>",Irish Family Surnames,,General,"imported, unlisted",false,Title,Default Title,,,,,4075,0,shopify,1,deny,manual,9.90,,true,true,,https://irishfamilysurnames.com/wp-content/uploads/2021/04/scully-B-H.jpg,1,Scully,false,Scully,Learn the full history of your family with a Family History or a Crest/History Combination. Family History Standard : 16 x 20 cm | 6 x 8 inches. €9.90 Family History Large : 20 x 26 cm | 8 x 10 inches. €12.50 Family Combination (History &amp; Crest) : 26 x 20 cm | 10 x 8 inches.€14.95 Family Histories and Family Combin,,,,,,,,,,,,,g,,,true,true,,,unlisted
scully,,,,,,,false,,,,,,,,,,,,,,,,,,https://irishfamilysurnames.com/wp-content/uploads/2021/03/irishfamilysurnameslogo2.jpg,2,Scully,,,,,,,,,,,,,,,,,,,,,,,unlisted
scully,,,,,,,false,,,,,,,,,,,,,,,,,,https://irishfamilysurnames.com/wp-content/uploads/2021/04/slattery-B-H-300x375.jpg,3,Scully,,,,,,,,,,,,,,,,,,,,,,,unlisted
scully,,,,,,,false,,,,,,,,,,,,,,,,,,https://irishfamilysurnames.com/wp-content/uploads/2021/04/scott-B-H-300x375.jpg,4,Scully,,,,,,,,,,,,,,,,,,,,,,,unlisted
scully,,,,,,,false,,,,,,,,,,,,,,,,,,https://irishfamilysurnames.com/wp-content/uploads/2021/04/sullivan-B-H-300x375.jpg,5,Scully,,,,,,,,,,,,,,,,,,,,,,,unlisted
shanahan,Shanahan,"<p>Learn the full history of your family with a Family History or a Crest/History Combination.</p><p>Family History Standard : 16 x 20 cm | 6 x 8 inches. €9.90</p><p>Family History Large : 20 x 26 cm | 8 x 10 inches. €12.50</p><p>Family Combination (History &amp;amp;amp; Crest) : 26 x 20 cm | 10 x 8 inches.€14.95</p><p>Family Histories and Family Combinations are supplied mounted and ready to frame.<br/>FREE WORLDWIDE POSTAGE</p>",Irish Family Surnames,,General,"imported, unlisted",false,Title,Default Title,,,,,4087,0,shopify,1,deny,manual,9.90,,true,true,,https://irishfamilysurnames.com/wp-content/uploads/2021/04/shanahan-B-H.jpg,1,Shanahan,false,Shanahan,Learn the full history of your family with a Family History or a Crest/History Combination. Family History Standard : 16 x 20 cm | 6 x 8 inches. €9.90 Family History Large : 20 x 26 cm | 8 x 10 inches. €12.50 Family Combination (History &amp; Crest) : 26 x 20 cm | 10 x 8 inches.€14.95 Family Histories and Family Combin,,,,,,,,,,,,,g,,,true,true,,,unlisted
shanahan,,,,,,,false,,,,,,,,,,,,,,,,,,https://irishfamilysurnames.com/wp-content/uploads/2021/03/irishfamilysurnameslogo2.jpg,2,Shanahan,,,,,,,,,,,,,,,,,,,,,,,unlisted
shanahan,,,,,,,false,,,,,,,,,,,,,,,,,,https://irishfamilysurnames.com/wp-content/uploads/2021/04/scully-B-H-300x375.jpg,3,Shanahan,,,,,,,,,,,,,,,,,,,,,,,unlisted
shanahan,,,,,,,false,,,,,,,,,,,,,,,,,,https://irishfamilysurnames.com/wp-content/uploads/2021/04/slattery-B-H-300x375.jpg,4,Shanahan,,,,,,,,,,,,,,,,,,,,,,,unlisted
shanahan,,,,,,,false,,,,,,,,,,,,,,,,,,https://irishfamilysurnames.com/wp-content/uploads/2021/04/sullivan-B-H-300x375.jpg,5,Shanahan,,,,,,,,,,,,,,,,,,,,,,,unlisted
shannon,Shannon,"<p>Learn the full history of your family with a Family History or a Crest/History Combination.</p><p>Family History Standard : 16 x 20 cm | 6 x 8 inches. €9.90</p><p>Family History Large : 20 x 26 cm | 8 x 10 inches. €12.50</p><p>Family Combination (History &amp;amp;amp; Crest) : 26 x 20 cm | 10 x 8 inches.€14.95</p><p>Family Histories and Family Combinations are supplied mounted and ready to frame.<br/>FREE WORLDWIDE POSTAGE</p>",Irish Family Surnames,,General,"imported, unlisted",false,Title,Default Title,,,,,4098,0,shopify,1,deny,manual,9.90,,true,true,,https://irishfamilysurnames.com/wp-content/uploads/2021/04/shannon-B-H.jpg,1,Shannon,false,Shannon,Learn the full history of your family with a Family History or a Crest/History Combination. Family History Standard : 16 x 20 cm | 6 x 8 inches. €9.90 Family History Large : 20 x 26 cm | 8 x 10 inches. €12.50 Family Combination (History &amp; Crest) : 26 x 20 cm | 10 x 8 inches.€14.95 Family Histories and Family Combin,,,,,,,,,,,,,g,,,true,true,,,unlisted
shannon,,,,,,,false,,,,,,,,,,,,,,,,,,https://irishfamilysurnames.com/wp-content/uploads/2021/03/irishfamilysurnameslogo2.jpg,2,Shannon,,,,,,,,,,,,,,,,,,,,,,,unlisted
shannon,,,,,,,false,,,,,,,,,,,,,,,,,,https://irishfamilysurnames.com/wp-content/uploads/2021/04/sheehan-B-H-300x375.jpg,3,Shannon,,,,,,,,,,,,,,,,,,,,,,,unlisted
shannon,,,,,,,false,,,,,,,,,,,,,,,,,,https://irishfamilysurnames.com/wp-content/uploads/2021/04/sheehy-B-H-300x375.jpg,4,Shannon,,,,,,,,,,,,,,,,,,,,,,,unlisted
shannon,,,,,,,false,,,,,,,,,,,,,,,,,,https://irishfamilysurnames.com/wp-content/uploads/2021/04/scully-B-H-300x375.jpg,5,Shannon,,,,,,,,,,,,,,,,,,,,,,,unlisted
shaughnessy,Shaughnessy,"<p>Learn the full history of your family with a Family History or a Crest/History Combination.</p><p>Family History Standard : 16 x 20 cm | 6 x 8 inches. €9.90</p><p>Family History Large : 20 x 26 cm | 8 x 10 inches. €12.50</p><p>Family Combination (History &amp;amp;amp; Crest) : 26 x 20 cm | 10 x 8 inches.€14.95</p><p>Family Histories and Family Combinations are supplied mounted and ready to frame.<br/>FREE WORLDWIDE POSTAGE</p>",Irish Family Surnames,,General,"imported, unlisted",false,Title,Default Title,,,,,4109,0,shopify,1,deny,manual,9.90,,true,true,,https://irishfamilysurnames.com/wp-content/uploads/2021/04/shaughnessy-B-H.jpg,1,Shaughnessy,false,Shaughnessy,Learn the full history of your family with a Family History or a Crest/History Combination. Family History Standard : 16 x 20 cm | 6 x 8 inches. €9.90 Family History Large : 20 x 26 cm | 8 x 10 inches. €12.50 Family Combination (History &amp; Crest) : 26 x 20 cm | 10 x 8 inches.€14.95 Family Histories and Family Combin,,,,,,,,,,,,,g,,,true,true,,,unlisted
shaughnessy,,,,,,,false,,,,,,,,,,,,,,,,,,https://irishfamilysurnames.com/wp-content/uploads/2021/03/irishfamilysurnameslogo2.jpg,2,Shaughnessy,,,,,,,,,,,,,,,,,,,,,,,unlisted
shaughnessy,,,,,,,false,,,,,,,,,,,,,,,,,,https://irishfamilysurnames.com/wp-content/uploads/2021/04/stapleton-B-H-300x375.jpg,3,Shaughnessy,,,,,,,,,,,,,,,,,,,,,,,unlisted
shaughnessy,,,,,,,false,,,,,,,,,,,,,,,,,,https://irishfamilysurnames.com/wp-content/uploads/2021/04/sweeney-B-H-300x375.jpg,4,Shaughnessy,,,,,,,,,,,,,,,,,,,,,,,unlisted
shaughnessy,,,,,,,false,,,,,,,,,,,,,,,,,,https://irishfamilysurnames.com/wp-content/uploads/2021/04/stewart-B-H-300x375.jpg,5,Shaughnessy,,,,,,,,,,,,,,,,,,,,,,,unlisted
shea,Shea,"<p>Learn the full history of your family with a Family History or a Crest/History Combination.</p><p>Family History Standard : 16 x 20 cm | 6 x 8 inches. €9.90</p><p>Family History Large : 20 x 26 cm | 8 x 10 inches. €12.50</p><p>Family Combination (History &amp;amp;amp; Crest) : 26 x 20 cm | 10 x 8 inches.€14.95</p><p>Family Histories and Family Combinations are supplied mounted and ready to frame.<br/>FREE WORLDWIDE POSTAGE</p>",Irish Family Surnames,,General,"imported, unlisted",false,Title,Default Title,,,,,4120,0,shopify,1,deny,manual,9.90,,true,true,,https://irishfamilysurnames.com/wp-content/uploads/2021/04/shea-B-H.jpg,1,Shea,false,Shea,Learn the full history of your family with a Family History or a Crest/History Combination. Family History Standard : 16 x 20 cm | 6 x 8 inches. €9.90 Family History Large : 20 x 26 cm | 8 x 10 inches. €12.50 Family Combination (History &amp; Crest) : 26 x 20 cm | 10 x 8 inches.€14.95 Family Histories and Family Combin,,,,,,,,,,,,,g,,,true,true,,,unlisted
shea,,,,,,,false,,,,,,,,,,,,,,,,,,https://irishfamilysurnames.com/wp-content/uploads/2021/03/irishfamilysurnameslogo2.jpg,2,Shea,,,,,,,,,,,,,,,,,,,,,,,unlisted
shea,,,,,,,false,,,,,,,,,,,,,,,,,,https://irishfamilysurnames.com/wp-content/uploads/2021/04/sheehan-B-H-300x375.jpg,3,Shea,,,,,,,,,,,,,,,,,,,,,,,unlisted
shea,,,,,,,false,,,,,,,,,,,,,,,,,,https://irishfamilysurnames.com/wp-content/uploads/2021/04/scully-B-H-300x375.jpg,4,Shea,,,,,,,,,,,,,,,,,,,,,,,unlisted
shea,,,,,,,false,,,,,,,,,,,,,,,,,,https://irishfamilysurnames.com/wp-content/uploads/2021/04/smyth-B-H-300x375.jpg,5,Shea,,,,,,,,,,,,,,,,,,,,,,,unlisted
sheehan,Sheehan,"<p>Learn the full history of your family with a Family History or a Crest/History Combination.</p><p>Family History Standard : 16 x 20 cm | 6 x 8 inches. €9.90</p><p>Family History Large : 20 x 26 cm | 8 x 10 inches. €12.50</p><p>Family Combination (History &amp;amp;amp; Crest) : 26 x 20 cm | 10 x 8 inches.€14.95</p><p>Family Histories and Family Combinations are supplied mounted and ready to frame.<br/>FREE WORLDWIDE POSTAGE</p>",Irish Family Surnames,,General,"imported, unlisted",false,Title,Default Title,,,,,4131,0,shopify,1,deny,manual,9.90,,true,true,,https://irishfamilysurnames.com/wp-content/uploads/2021/04/sheehan-B-H.jpg,1,Sheehan,false,Sheehan,Learn the full history of your family with a Family History or a Crest/History Combination. Family History Standard : 16 x 20 cm | 6 x 8 inches. €9.90 Family History Large : 20 x 26 cm | 8 x 10 inches. €12.50 Family Combination (History &amp; Crest) : 26 x 20 cm | 10 x 8 inches.€14.95 Family Histories and Family Combin,,,,,,,,,,,,,g,,,true,true,,,unlisted
sheehan,,,,,,,false,,,,,,,,,,,,,,,,,,https://irishfamilysurnames.com/wp-content/uploads/2021/03/irishfamilysurnameslogo2.jpg,2,Sheehan,,,,,,,,,,,,,,,,,,,,,,,unlisted
sheehan,,,,,,,false,,,,,,,,,,,,,,,,,,https://irishfamilysurnames.com/wp-content/uploads/2021/04/SHERIDAN-B-H-1-300x375.jpg,3,Sheehan,,,,,,,,,,,,,,,,,,,,,,,unlisted
sheehan,,,,,,,false,,,,,,,,,,,,,,,,,,https://irishfamilysurnames.com/wp-content/uploads/2021/04/shanahan-B-H-300x375.jpg,4,Sheehan,,,,,,,,,,,,,,,,,,,,,,,unlisted
sheehan,,,,,,,false,,,,,,,,,,,,,,,,,,https://irishfamilysurnames.com/wp-content/uploads/2021/04/shaughnessy-B-H-300x375.jpg,5,Sheehan,,,,,,,,,,,,,,,,,,,,,,,unlisted
sheehy,Sheehy,"<p>Learn the full history of your family with a Family History or a Crest/History Combination.</p><p>Family History Standard : 16 x 20 cm | 6 x 8 inches. €9.90</p><p>Family History Large : 20 x 26 cm | 8 x 10 inches. €12.50</p><p>Family Combination (History &amp;amp;amp; Crest) : 26 x 20 cm | 10 x 8 inches.€14.95</p><p>Family Histories and Family Combinations are supplied mounted and ready to frame.<br/>FREE WORLDWIDE POSTAGE</p>",Irish Family Surnames,,General,"imported, unlisted",false,Title,Default Title,,,,,4142,0,shopify,1,deny,manual,9.90,,true,true,,https://irishfamilysurnames.com/wp-content/uploads/2021/04/sheehy-B-H.jpg,1,Sheehy,false,Sheehy,Learn the full history of your family with a Family History or a Crest/History Combination. Family History Standard : 16 x 20 cm | 6 x 8 inches. €9.90 Family History Large : 20 x 26 cm | 8 x 10 inches. €12.50 Family Combination (History &amp; Crest) : 26 x 20 cm | 10 x 8 inches.€14.95 Family Histories and Family Combin,,,,,,,,,,,,,g,,,true,true,,,unlisted
sheehy,,,,,,,false,,,,,,,,,,,,,,,,,,https://irishfamilysurnames.com/wp-content/uploads/2021/03/irishfamilysurnameslogo2.jpg,2,Sheehy,,,,,,,,,,,,,,,,,,,,,,,unlisted
sheehy,,,,,,,false,,,,,,,,,,,,,,,,,,https://irishfamilysurnames.com/wp-content/uploads/2021/04/stapleton-B-H-300x375.jpg,3,Sheehy,,,,,,,,,,,,,,,,,,,,,,,unlisted
sheehy,,,,,,,false,,,,,,,,,,,,,,,,,,https://irishfamilysurnames.com/wp-content/uploads/2021/04/sheehan-B-H-300x375.jpg,4,Sheehy,,,,,,,,,,,,,,,,,,,,,,,unlisted
sheehy,,,,,,,false,,,,,,,,,,,,,,,,,,https://irishfamilysurnames.com/wp-content/uploads/2021/04/stewart-B-H-300x375.jpg,5,Sheehy,,,,,,,,,,,,,,,,,,,,,,,unlisted
slattery,Slattery,"<p>Learn the full history of your family with a Family History or a Crest/History Combination.</p><p>Family History Standard : 16 x 20 cm | 6 x 8 inches. €9.90</p><p>Family History Large : 20 x 26 cm | 8 x 10 inches. €12.50</p><p>Family Combination (History &amp;amp;amp; Crest) : 26 x 20 cm | 10 x 8 inches.€14.95</p><p>Family Histories and Family Combinations are supplied mounted and ready to frame.<br/>FREE WORLDWIDE POSTAGE</p>",Irish Family Surnames,,General,"imported, unlisted",false,Title,Default Title,,,,,4164,0,shopify,1,deny,manual,9.90,,true,true,,https://irishfamilysurnames.com/wp-content/uploads/2021/04/slattery-B-H.jpg,1,Slattery,false,Slattery,Learn the full history of your family with a Family History or a Crest/History Combination. Family History Standard : 16 x 20 cm | 6 x 8 inches. €9.90 Family History Large : 20 x 26 cm | 8 x 10 inches. €12.50 Family Combination (History &amp; Crest) : 26 x 20 cm | 10 x 8 inches.€14.95 Family Histories and Family Combin,,,,,,,,,,,,,g,,,true,true,,,unlisted
slattery,,,,,,,false,,,,,,,,,,,,,,,,,,https://irishfamilysurnames.com/wp-content/uploads/2021/03/irishfamilysurnameslogo2.jpg,2,Slattery,,,,,,,,,,,,,,,,,,,,,,,unlisted
slattery,,,,,,,false,,,,,,,,,,,,,,,,,,https://irishfamilysurnames.com/wp-content/uploads/2021/04/sweeney-B-H-300x375.jpg,3,Slattery,,,,,,,,,,,,,,,,,,,,,,,unlisted
slattery,,,,,,,false,,,,,,,,,,,,,,,,,,https://irishfamilysurnames.com/wp-content/uploads/2021/04/shannon-B-H-300x375.jpg,4,Slattery,,,,,,,,,,,,,,,,,,,,,,,unlisted
slattery,,,,,,,false,,,,,,,,,,,,,,,,,,https://irishfamilysurnames.com/wp-content/uploads/2021/04/scully-B-H-300x375.jpg,5,Slattery,,,,,,,,,,,,,,,,,,,,,,,unlisted
smith,Smith,"<p>Learn the full history of your family with a Family History or a Crest/History Combination.</p><p>Family History Standard : 16 x 20 cm | 6 x 8 inches. €9.90</p><p>Family History Large : 20 x 26 cm | 8 x 10 inches. €12.50</p><p>Family Combination (History &amp;amp;amp; Crest) : 26 x 20 cm | 10 x 8 inches.€14.95</p><p>Family Histories and Family Combinations are supplied mounted and ready to frame.<br/>FREE WORLDWIDE POSTAGE</p>",Irish Family Surnames,,General,"imported, unlisted",false,Title,Default Title,,,,,4176,0,shopify,1,deny,manual,9.90,,true,true,,https://irishfamilysurnames.com/wp-content/uploads/2021/04/smith-B-H.jpg,1,Smith,false,Smith,Learn the full history of your family with a Family History or a Crest/History Combination. Family History Standard : 16 x 20 cm | 6 x 8 inches. €9.90 Family History Large : 20 x 26 cm | 8 x 10 inches. €12.50 Family Combination (History &amp; Crest) : 26 x 20 cm | 10 x 8 inches.€14.95 Family Histories and Family Combin,,,,,,,,,,,,,g,,,true,true,,,unlisted
smith,,,,,,,false,,,,,,,,,,,,,,,,,,https://irishfamilysurnames.com/wp-content/uploads/2021/03/irishfamilysurnameslogo2.jpg,2,Smith,,,,,,,,,,,,,,,,,,,,,,,unlisted
smith,,,,,,,false,,,,,,,,,,,,,,,,,,https://irishfamilysurnames.com/wp-content/uploads/2021/04/SHERIDAN-B-H-1-300x375.jpg,3,Smith,,,,,,,,,,,,,,,,,,,,,,,unlisted
smith,,,,,,,false,,,,,,,,,,,,,,,,,,https://irishfamilysurnames.com/wp-content/uploads/2021/04/shaughnessy-B-H-300x375.jpg,4,Smith,,,,,,,,,,,,,,,,,,,,,,,unlisted
smith,,,,,,,false,,,,,,,,,,,,,,,,,,https://irishfamilysurnames.com/wp-content/uploads/2021/04/sullivan-B-H-300x375.jpg,5,Smith,,,,,,,,,,,,,,,,,,,,,,,unlisted
smyth,Smyth,"<p>Learn the full history of your family with a Family History or a Crest/History Combination.</p><p>Family History Standard : 16 x 20 cm | 6 x 8 inches. €9.90</p><p>Family History Large : 20 x 26 cm | 8 x 10 inches. €12.50</p><p>Family Combination (History &amp;amp;amp; Crest) : 26 x 20 cm | 10 x 8 inches.€14.95</p><p>Family Histories and Family Combinations are supplied mounted and ready to frame.<br/>FREE WORLDWIDE POSTAGE</p>",Irish Family Surnames,,General,"imported, unlisted",false,Title,Default Title,,,,,4187,0,shopify,1,deny,manual,9.90,,true,true,,https://irishfamilysurnames.com/wp-content/uploads/2021/04/smyth-B-H.jpg,1,Smyth,false,Smyth,Learn the full history of your family with a Family History or a Crest/History Combination. Family History Standard : 16 x 20 cm | 6 x 8 inches. €9.90 Family History Large : 20 x 26 cm | 8 x 10 inches. €12.50 Family Combination (History &amp; Crest) : 26 x 20 cm | 10 x 8 inches.€14.95 Family Histories and Family Combin,,,,,,,,,,,,,g,,,true,true,,,unlisted
smyth,,,,,,,false,,,,,,,,,,,,,,,,,,https://irishfamilysurnames.com/wp-content/uploads/2021/03/irishfamilysurnameslogo2.jpg,2,Smyth,,,,,,,,,,,,,,,,,,,,,,,unlisted
smyth,,,,,,,false,,,,,,,,,,,,,,,,,,https://irishfamilysurnames.com/wp-content/uploads/2021/04/sullivan-B-H-300x375.jpg,3,Smyth,,,,,,,,,,,,,,,,,,,,,,,unlisted
smyth,,,,,,,false,,,,,,,,,,,,,,,,,,https://irishfamilysurnames.com/wp-content/uploads/2021/04/SHERIDAN-B-H-1-300x375.jpg,4,Smyth,,,,,,,,,,,,,,,,,,,,,,,unlisted
smyth,,,,,,,false,,,,,,,,,,,,,,,,,,https://irishfamilysurnames.com/wp-content/uploads/2021/04/stapleton-B-H-300x375.jpg,5,Smyth,,,,,,,,,,,,,,,,,,,,,,,unlisted
stewart,Stewart,"<p>Learn the full history of your family with a Family History or a Crest/History Combination.</p><p>Family History Standard : 16 x 20 cm | 6 x 8 inches. €9.90</p><p>Family History Large : 20 x 26 cm | 8 x 10 inches. €12.50</p><p>Family Combination (History &amp;amp;amp; Crest) : 26 x 20 cm | 10 x 8 inches.€14.95</p><p>Family Histories and Family Combinations are supplied mounted and ready to frame.<br/>FREE WORLDWIDE POSTAGE</p>",Irish Family Surnames,,General,"imported, unlisted",false,Title,Default Title,,,,,4210,0,shopify,1,deny,manual,9.90,,true,true,,https://irishfamilysurnames.com/wp-content/uploads/2021/04/stewart-B-H.jpg,1,Stewart,false,Stewart,Learn the full history of your family with a Family History or a Crest/History Combination. Family History Standard : 16 x 20 cm | 6 x 8 inches. €9.90 Family History Large : 20 x 26 cm | 8 x 10 inches. €12.50 Family Combination (History &amp; Crest) : 26 x 20 cm | 10 x 8 inches.€14.95 Family Histories and Family Combin,,,,,,,,,,,,,g,,,true,true,,,unlisted
stewart,,,,,,,false,,,,,,,,,,,,,,,,,,https://irishfamilysurnames.com/wp-content/uploads/2021/03/irishfamilysurnameslogo2.jpg,2,Stewart,,,,,,,,,,,,,,,,,,,,,,,unlisted
stewart,,,,,,,false,,,,,,,,,,,,,,,,,,https://irishfamilysurnames.com/wp-content/uploads/2021/04/shaughnessy-B-H-300x375.jpg,3,Stewart,,,,,,,,,,,,,,,,,,,,,,,unlisted
stewart,,,,,,,false,,,,,,,,,,,,,,,,,,https://irishfamilysurnames.com/wp-content/uploads/2021/04/SHERIDAN-B-H-1-300x375.jpg,4,Stewart,,,,,,,,,,,,,,,,,,,,,,,unlisted
stewart,,,,,,,false,,,,,,,,,,,,,,,,,,https://irishfamilysurnames.com/wp-content/uploads/2021/04/shannon-B-H-300x375.jpg,5,Stewart,,,,,,,,,,,,,,,,,,,,,,,unlisted
carr,Carr,"<p>Learn the full history of your family with a Family History or a Crest/History Combination.</p><p>Family History Standard : 16 x 20 cm | 6 x 8 inches. €9.90</p><p>Family History Large : 20 x 26 cm | 8 x 10 inches. €12.50</p><p>Family Combination (History &amp;amp;amp; Crest) : 26 x 20 cm | 10 x 8 inches.€14.95</p><p>Family Histories and Family Combinations are supplied mounted and ready to frame.<br/>FREE WORLDWIDE POSTAGE</p>",Irish Family Surnames,,General,"imported, unlisted",false,Title,Default Title,,,,,4243,0,shopify,1,deny,manual,9.90,,true,true,,https://irishfamilysurnames.com/wp-content/uploads/2021/04/carr-B-H.jpg,1,Carr,false,Carr,Learn the full history of your family with a Family History or a Crest/History Combination. Family History Standard : 16 x 20 cm | 6 x 8 inches. €9.90 Family History Large : 20 x 26 cm | 8 x 10 inches. €12.50 Family Combination (History &amp; Crest) : 26 x 20 cm | 10 x 8 inches.€14.95 Family Histories and Family Combin,,,,,,,,,,,,,g,,,true,true,,,unlisted
carr,,,,,,,false,,,,,,,,,,,,,,,,,,https://irishfamilysurnames.com/wp-content/uploads/2021/03/irishfamilysurnameslogo2.jpg,2,Carr,,,,,,,,,,,,,,,,,,,,,,,unlisted
carr,,,,,,,false,,,,,,,,,,,,,,,,,,https://irishfamilysurnames.com/wp-content/uploads/2021/04/callahan-B-H-1-300x375.jpg,3,Carr,,,,,,,,,,,,,,,,,,,,,,,unlisted
carr,,,,,,,false,,,,,,,,,,,,,,,,,,https://irishfamilysurnames.com/wp-content/uploads/2021/04/cavanaugh-B-H-300x375.jpg,4,Carr,,,,,,,,,,,,,,,,,,,,,,,unlisted
carr,,,,,,,false,,,,,,,,,,,,,,,,,,https://irishfamilysurnames.com/wp-content/uploads/2021/04/cooney-B-H-300x375.jpg,5,Carr,,,,,,,,,,,,,,,,,,,,,,,unlisted
carroll,Carroll,"<p>Learn the full history of your family with a Family History or a Crest/History Combination.</p><p>Family History Standard : 16 x 20 cm | 6 x 8 inches. €9.90</p><p>Family History Large : 20 x 26 cm | 8 x 10 inches. €12.50</p><p>Family Combination (History &amp;amp;amp; Crest) : 26 x 20 cm | 10 x 8 inches.€14.95</p><p>Family Histories and Family Combinations are supplied mounted and ready to frame.<br/>FREE WORLDWIDE POSTAGE</p>",Irish Family Surnames,,General,"imported, unlisted",false,Title,Default Title,,,,,4254,0,shopify,1,deny,manual,9.90,,true,true,,https://irishfamilysurnames.com/wp-content/uploads/2021/04/carroll-B-H.jpg,1,Carroll,false,Carroll,Learn the full history of your family with a Family History or a Crest/History Combination. Family History Standard : 16 x 20 cm | 6 x 8 inches. €9.90 Family History Large : 20 x 26 cm | 8 x 10 inches. €12.50 Family Combination (History &amp; Crest) : 26 x 20 cm | 10 x 8 inches.€14.95 Family Histories and Family Combin,,,,,,,,,,,,,g,,,true,true,,,unlisted
carroll,,,,,,,false,,,,,,,,,,,,,,,,,,https://irishfamilysurnames.com/wp-content/uploads/2021/03/irishfamilysurnameslogo2.jpg,2,Carroll,,,,,,,,,,,,,,,,,,,,,,,unlisted
carroll,,,,,,,false,,,,,,,,,,,,,,,,,,https://irishfamilysurnames.com/wp-content/uploads/2021/04/collins-B-H-300x375.jpg,3,Carroll,,,,,,,,,,,,,,,,,,,,,,,unlisted
carroll,,,,,,,false,,,,,,,,,,,,,,,,,,https://irishfamilysurnames.com/wp-content/uploads/2021/04/clark-B-H-300x375.jpg,4,Carroll,,,,,,,,,,,,,,,,,,,,,,,unlisted
carroll,,,,,,,false,,,,,,,,,,,,,,,,,,https://irishfamilysurnames.com/wp-content/uploads/2021/04/conlan-B-H-300x375.jpg,5,Carroll,,,,,,,,,,,,,,,,,,,,,,,unlisted
carthy,Carthy,"<p>Learn the full history of your family with a Family History or a Crest/History Combination.</p><p>Family History Standard : 16 x 20 cm | 6 x 8 inches. €9.90</p><p>Family History Large : 20 x 26 cm | 8 x 10 inches. €12.50</p><p>Family Combination (History &amp;amp;amp; Crest) : 26 x 20 cm | 10 x 8 inches.€14.95</p><p>Family Histories and Family Combinations are supplied mounted and ready to frame.<br/>FREE WORLDWIDE POSTAGE</p>",Irish Family Surnames,,General,"imported, unlisted",false,Title,Default Title,,,,,4265,0,shopify,1,deny,manual,9.90,,true,true,,https://irishfamilysurnames.com/wp-content/uploads/2021/04/carthy-B-H.jpg,1,Carthy,false,Carthy,Learn the full history of your family with a Family History or a Crest/History Combination. Family History Standard : 16 x 20 cm | 6 x 8 inches. €9.90 Family History Large : 20 x 26 cm | 8 x 10 inches. €12.50 Family Combination (History &amp; Crest) : 26 x 20 cm | 10 x 8 inches.€14.95 Family Histories and Family Combin,,,,,,,,,,,,,g,,,true,true,,,unlisted
carthy,,,,,,,false,,,,,,,,,,,,,,,,,,https://irishfamilysurnames.com/wp-content/uploads/2021/03/irishfamilysurnameslogo2.jpg,2,Carthy,,,,,,,,,,,,,,,,,,,,,,,unlisted
carthy,,,,,,,false,,,,,,,,,,,,,,,,,,https://irishfamilysurnames.com/wp-content/uploads/2021/04/conroy-B-H-300x375.jpg,3,Carthy,,,,,,,,,,,,,,,,,,,,,,,unlisted
carthy,,,,,,,false,,,,,,,,,,,,,,,,,,https://irishfamilysurnames.com/wp-content/uploads/2021/04/condon-B-H-300x375.jpg,4,Carthy,,,,,,,,,,,,,,,,,,,,,,,unlisted
carthy,,,,,,,false,,,,,,,,,,,,,,,,,,https://irishfamilysurnames.com/wp-content/uploads/2021/04/connor-B-H-300x375.jpg,5,Carthy,,,,,,,,,,,,,,,,,,,,,,,unlisted
cary,Cary,"<p>Learn the full history of your family with a Family History or a Crest/History Combination.</p><p>Family History Standard : 16 x 20 cm | 6 x 8 inches. €9.90</p><p>Family History Large : 20 x 26 cm | 8 x 10 inches. €12.50</p><p>Family Combination (History &amp;amp;amp; Crest) : 26 x 20 cm | 10 x 8 inches.€14.95</p><p>Family Histories and Family Combinations are supplied mounted and ready to frame.<br/>FREE WORLDWIDE POSTAGE</p>",Irish Family Surnames,,General,"imported, unlisted",false,Title,Default Title,,,,,4276,0,shopify,1,deny,manual,9.90,,true,true,,https://irishfamilysurnames.com/wp-content/uploads/2021/04/cary-B-H.jpg,1,Cary,false,Cary,Learn the full history of your family with a Family History or a Crest/History Combination. Family History Standard : 16 x 20 cm | 6 x 8 inches. €9.90 Family History Large : 20 x 26 cm | 8 x 10 inches. €12.50 Family Combination (History &amp; Crest) : 26 x 20 cm | 10 x 8 inches.€14.95 Family Histories and Family Combin,,,,,,,,,,,,,g,,,true,true,,,unlisted
cary,,,,,,,false,,,,,,,,,,,,,,,,,,https://irishfamilysurnames.com/wp-content/uploads/2021/03/irishfamilysurnameslogo2.jpg,2,Cary,,,,,,,,,,,,,,,,,,,,,,,unlisted
cary,,,,,,,false,,,,,,,,,,,,,,,,,,https://irishfamilysurnames.com/wp-content/uploads/2021/04/callaghan-B-H-300x375.jpg,3,Cary,,,,,,,,,,,,,,,,,,,,,,,unlisted
cary,,,,,,,false,,,,,,,,,,,,,,,,,,https://irishfamilysurnames.com/wp-content/uploads/2021/04/cahill-B-H-300x375.jpg,4,Cary,,,,,,,,,,,,,,,,,,,,,,,unlisted
cary,,,,,,,false,,,,,,,,,,,,,,,,,,https://irishfamilysurnames.com/wp-content/uploads/2021/04/conlan-B-H-300x375.jpg,5,Cary,,,,,,,,,,,,,,,,,,,,,,,unlisted
casey,Casey,"<p>Learn the full history of your family with a Family History or a Crest/History Combination.</p><p>Family History Standard : 16 x 20 cm | 6 x 8 inches. €9.90</p><p>Family History Large : 20 x 26 cm | 8 x 10 inches. €12.50</p><p>Family Combination (History &amp;amp;amp; Crest) : 26 x 20 cm | 10 x 8 inches.€14.95</p><p>Family Histories and Family Combinations are supplied mounted and ready to frame.<br/>FREE WORLDWIDE POSTAGE</p>",Irish Family Surnames,,General,"imported, unlisted",false,Title,Default Title,,,,,4287,0,shopify,1,deny,manual,9.90,,true,true,,https://irishfamilysurnames.com/wp-content/uploads/2021/04/casey-B-H.jpg,1,Casey,false,Casey,Learn the full history of your family with a Family History or a Crest/History Combination. Family History Standard : 16 x 20 cm | 6 x 8 inches. €9.90 Family History Large : 20 x 26 cm | 8 x 10 inches. €12.50 Family Combination (History &amp; Crest) : 26 x 20 cm | 10 x 8 inches.€14.95 Family Histories and Family Combin,,,,,,,,,,,,,g,,,true,true,,,unlisted
casey,,,,,,,false,,,,,,,,,,,,,,,,,,https://irishfamilysurnames.com/wp-content/uploads/2021/03/irishfamilysurnameslogo2.jpg,2,Casey,,,,,,,,,,,,,,,,,,,,,,,unlisted
casey,,,,,,,false,,,,,,,,,,,,,,,,,,https://irishfamilysurnames.com/wp-content/uploads/2021/04/carney-B-H-300x375.jpg,3,Casey,,,,,,,,,,,,,,,,,,,,,,,unlisted
casey,,,,,,,false,,,,,,,,,,,,,,,,,,https://irishfamilysurnames.com/wp-content/uploads/2021/04/cleary-B-H-300x375.jpg,4,Casey,,,,,,,,,,,,,,,,,,,,,,,unlisted
casey,,,,,,,false,,,,,,,,,,,,,,,,,,https://irishfamilysurnames.com/wp-content/uploads/2021/04/conlan-B-H-300x375.jpg,5,Casey,,,,,,,,,,,,,,,,,,,,,,,unlisted
cassidy,Cassidy,"<p>Learn the full history of your family with a Family History or a Crest/History Combination.</p><p>Family History Standard : 16 x 20 cm | 6 x 8 inches. €9.90</p><p>Family History Large : 20 x 26 cm | 8 x 10 inches. €12.50</p><p>Family Combination (History &amp;amp;amp; Crest) : 26 x 20 cm | 10 x 8 inches.€14.95</p><p>Family Histories and Family Combinations are supplied mounted and ready to frame.<br/>FREE WORLDWIDE POSTAGE</p>",Irish Family Surnames,,General,"imported, unlisted",false,Title,Default Title,,,,,4298,0,shopify,1,deny,manual,9.90,,true,true,,https://irishfamilysurnames.com/wp-content/uploads/2021/04/cassidy-B-H.jpg,1,Cassidy,false,Cassidy,Learn the full history of your family with a Family History or a Crest/History Combination. Family History Standard : 16 x 20 cm | 6 x 8 inches. €9.90 Family History Large : 20 x 26 cm | 8 x 10 inches. €12.50 Family Combination (History &amp; Crest) : 26 x 20 cm | 10 x 8 inches.€14.95 Family Histories and Family Combin,,,,,,,,,,,,,g,,,true,true,,,unlisted
cassidy,,,,,,,false,,,,,,,,,,,,,,,,,,https://irishfamilysurnames.com/wp-content/uploads/2021/03/irishfamilysurnameslogo2.jpg,2,Cassidy,,,,,,,,,,,,,,,,,,,,,,,unlisted
cassidy,,,,,,,false,,,,,,,,,,,,,,,,,,https://irishfamilysurnames.com/wp-content/uploads/2021/04/carroll-B-H-300x375.jpg,3,Cassidy,,,,,,,,,,,,,,,,,,,,,,,unlisted
cassidy,,,,,,,false,,,,,,,,,,,,,,,,,,https://irishfamilysurnames.com/wp-content/uploads/2021/04/callahan-B-H-1-300x375.jpg,4,Cassidy,,,,,,,,,,,,,,,,,,,,,,,unlisted
cassidy,,,,,,,false,,,,,,,,,,,,,,,,,,https://irishfamilysurnames.com/wp-content/uploads/2021/04/collins-B-H-300x375.jpg,5,Cassidy,,,,,,,,,,,,,,,,,,,,,,,unlisted
cavanagh,Cavanagh,"<p>Learn the full history of your family with a Family History or a Crest/History Combination.</p><p>Family History Standard : 16 x 20 cm | 6 x 8 inches. €9.90</p><p>Family History Large : 20 x 26 cm | 8 x 10 inches. €12.50</p><p>Family Combination (History &amp;amp;amp; Crest) : 26 x 20 cm | 10 x 8 inches.€14.95</p><p>Family Histories and Family Combinations are supplied mounted and ready to frame.<br/>FREE WORLDWIDE POSTAGE</p>",Irish Family Surnames,,General,"imported, unlisted",false,Title,Default Title,,,,,4309,0,shopify,1,deny,manual,9.90,,true,true,,https://irishfamilysurnames.com/wp-content/uploads/2021/04/cavanagh-B-H.jpg,1,Cavanagh,false,Cavanagh,Learn the full history of your family with a Family History or a Crest/History Combination. Family History Standard : 16 x 20 cm | 6 x 8 inches. €9.90 Family History Large : 20 x 26 cm | 8 x 10 inches. €12.50 Family Combination (History &amp; Crest) : 26 x 20 cm | 10 x 8 inches.€14.95 Family Histories and Family Combin,,,,,,,,,,,,,g,,,true,true,,,unlisted
cavanagh,,,,,,,false,,,,,,,,,,,,,,,,,,https://irishfamilysurnames.com/wp-content/uploads/2021/03/irishfamilysurnameslogo2.jpg,2,Cavanagh,,,,,,,,,,,,,,,,,,,,,,,unlisted
cavanagh,,,,,,,false,,,,,,,,,,,,,,,,,,https://irishfamilysurnames.com/wp-content/uploads/2021/04/conway-B-H-300x375.jpg,3,Cavanagh,,,,,,,,,,,,,,,,,,,,,,,unlisted
cavanagh,,,,,,,false,,,,,,,,,,,,,,,,,,https://irishfamilysurnames.com/wp-content/uploads/2021/04/connor-B-H-300x375.jpg,4,Cavanagh,,,,,,,,,,,,,,,,,,,,,,,unlisted
cavanagh,,,,,,,false,,,,,,,,,,,,,,,,,,https://irishfamilysurnames.com/wp-content/uploads/2021/04/campbell-B-H-300x375.jpg,5,Cavanagh,,,,,,,,,,,,,,,,,,,,,,,unlisted
cavanaugh,Cavanaugh,"<p>Learn the full history of your family with a Family History or a Crest/History Combination.</p><p>Family History Standard : 16 x 20 cm | 6 x 8 inches. €9.90</p><p>Family History Large : 20 x 26 cm | 8 x 10 inches. €12.50</p><p>Family Combination (History &amp;amp;amp; Crest) : 26 x 20 cm | 10 x 8 inches.€14.95</p><p>Family Histories and Family Combinations are supplied mounted and ready to frame.<br/>FREE WORLDWIDE POSTAGE</p>",Irish Family Surnames,,General,"imported, unlisted",false,Title,Default Title,,,,,4320,0,shopify,1,deny,manual,9.90,,true,true,,https://irishfamilysurnames.com/wp-content/uploads/2021/04/cavanaugh-B-H.jpg,1,Cavanaugh,false,Cavanaugh,Learn the full history of your family with a Family History or a Crest/History Combination. Family History Standard : 16 x 20 cm | 6 x 8 inches. €9.90 Family History Large : 20 x 26 cm | 8 x 10 inches. €12.50 Family Combination (History &amp; Crest) : 26 x 20 cm | 10 x 8 inches.€14.95 Family Histories and Family Combin,,,,,,,,,,,,,g,,,true,true,,,unlisted
cavanaugh,,,,,,,false,,,,,,,,,,,,,,,,,,https://irishfamilysurnames.com/wp-content/uploads/2021/03/irishfamilysurnameslogo2.jpg,2,Cavanaugh,,,,,,,,,,,,,,,,,,,,,,,unlisted
cavanaugh,,,,,,,false,,,,,,,,,,,,,,,,,,https://irishfamilysurnames.com/wp-content/uploads/2021/04/coleman-B-H-300x375.jpg,3,Cavanaugh,,,,,,,,,,,,,,,,,,,,,,,unlisted
cavanaugh,,,,,,,false,,,,,,,,,,,,,,,,,,https://irishfamilysurnames.com/wp-content/uploads/2021/04/conlan-B-H-300x375.jpg,4,Cavanaugh,,,,,,,,,,,,,,,,,,,,,,,unlisted
cavanaugh,,,,,,,false,,,,,,,,,,,,,,,,,,https://irishfamilysurnames.com/wp-content/uploads/2021/04/corcoran-B-H-300x375.jpg,5,Cavanaugh,,,,,,,,,,,,,,,,,,,,,,,unlisted
clancy,Clancy,"<p>Learn the full history of your family with a Family History or a Crest/History Combination.</p><p>Family History Standard : 16 x 20 cm | 6 x 8 inches. €9.90</p><p>Family History Large : 20 x 26 cm | 8 x 10 inches. €12.50</p><p>Family Combination (History &amp;amp;amp; Crest) : 26 x 20 cm | 10 x 8 inches.€14.95</p><p>Family Histories and Family Combinations are supplied mounted and ready to frame.<br/>FREE WORLDWIDE POSTAGE</p>",Irish Family Surnames,,General,"imported, unlisted",false,Title,Default Title,,,,,4331,0,shopify,1,deny,manual,9.90,,true,true,,https://irishfamilysurnames.com/wp-content/uploads/2021/04/clancy-B-H.jpg,1,Clancy,false,Clancy,Learn the full history of your family with a Family History or a Crest/History Combination. Family History Standard : 16 x 20 cm | 6 x 8 inches. €9.90 Family History Large : 20 x 26 cm | 8 x 10 inches. €12.50 Family Combination (History &amp; Crest) : 26 x 20 cm | 10 x 8 inches.€14.95 Family Histories and Family Combin,,,,,,,,,,,,,g,,,true,true,,,unlisted
clancy,,,,,,,false,,,,,,,,,,,,,,,,,,https://irishfamilysurnames.com/wp-content/uploads/2021/03/irishfamilysurnameslogo2.jpg,2,Clancy,,,,,,,,,,,,,,,,,,,,,,,unlisted
clancy,,,,,,,false,,,,,,,,,,,,,,,,,,https://irishfamilysurnames.com/wp-content/uploads/2021/04/corcoran-B-H-300x375.jpg,3,Clancy,,,,,,,,,,,,,,,,,,,,,,,unlisted
clancy,,,,,,,false,,,,,,,,,,,,,,,,,,https://irishfamilysurnames.com/wp-content/uploads/2021/04/connell-B-H-300x375.jpg,4,Clancy,,,,,,,,,,,,,,,,,,,,,,,unlisted
clancy,,,,,,,false,,,,,,,,,,,,,,,,,,https://irishfamilysurnames.com/wp-content/uploads/2021/04/clarke-B-H-300x375.jpg,5,Clancy,,,,,,,,,,,,,,,,,,,,,,,unlisted
clark,Clark,"<p>Learn the full history of your family with a Family History or a Crest/History Combination.</p><p>Family History Standard : 16 x 20 cm | 6 x 8 inches. €9.90</p><p>Family History Large : 20 x 26 cm | 8 x 10 inches. €12.50</p><p>Family Combination (History &amp;amp;amp; Crest) : 26 x 20 cm | 10 x 8 inches.€14.95</p><p>Family Histories and Family Combinations are supplied mounted and ready to frame.<br/>FREE WORLDWIDE POSTAGE</p>",Irish Family Surnames,,General,"imported, unlisted",false,Title,Default Title,,,,,4343,0,shopify,1,deny,manual,9.90,,true,true,,https://irishfamilysurnames.com/wp-content/uploads/2021/04/clark-B-H.jpg,1,Clark,false,Clark,Learn the full history of your family with a Family History or a Crest/History Combination. Family History Standard : 16 x 20 cm | 6 x 8 inches. €9.90 Family History Large : 20 x 26 cm | 8 x 10 inches. €12.50 Family Combination (History &amp; Crest) : 26 x 20 cm | 10 x 8 inches.€14.95 Family Histories and Family Combin,,,,,,,,,,,,,g,,,true,true,,,unlisted
clark,,,,,,,false,,,,,,,,,,,,,,,,,,https://irishfamilysurnames.com/wp-content/uploads/2021/03/irishfamilysurnameslogo2.jpg,2,Clark,,,,,,,,,,,,,,,,,,,,,,,unlisted
clark,,,,,,,false,,,,,,,,,,,,,,,,,,https://irishfamilysurnames.com/wp-content/uploads/2021/04/callahan-B-H-1-300x375.jpg,3,Clark,,,,,,,,,,,,,,,,,,,,,,,unlisted
clark,,,,,,,false,,,,,,,,,,,,,,,,,,https://irishfamilysurnames.com/wp-content/uploads/2021/04/condon-B-H-300x375.jpg,4,Clark,,,,,,,,,,,,,,,,,,,,,,,unlisted
clark,,,,,,,false,,,,,,,,,,,,,,,,,,https://irishfamilysurnames.com/wp-content/uploads/2021/04/connolly-B-H-300x375.jpg,5,Clark,,,,,,,,,,,,,,,,,,,,,,,unlisted
clarke,Clarke,"<p>Learn the full history of your family with a Family History or a Crest/History Combination.</p><p>Family History Standard : 16 x 20 cm | 6 x 8 inches. €9.90</p><p>Family History Large : 20 x 26 cm | 8 x 10 inches. €12.50</p><p>Family Combination (History &amp;amp;amp; Crest) : 26 x 20 cm | 10 x 8 inches.€14.95</p><p>Family Histories and Family Combinations are supplied mounted and ready to frame.<br/>FREE WORLDWIDE POSTAGE</p>",Irish Family Surnames,,General,"imported, unlisted",false,Title,Default Title,,,,,4354,0,shopify,1,deny,manual,9.90,,true,true,,https://irishfamilysurnames.com/wp-content/uploads/2021/04/clarke-B-H.jpg,1,Clarke,false,Clarke,Learn the full history of your family with a Family History or a Crest/History Combination. Family History Standard : 16 x 20 cm | 6 x 8 inches. €9.90 Family History Large : 20 x 26 cm | 8 x 10 inches. €12.50 Family Combination (History &amp; Crest) : 26 x 20 cm | 10 x 8 inches.€14.95 Family Histories and Family Combin,,,,,,,,,,,,,g,,,true,true,,,unlisted
clarke,,,,,,,false,,,,,,,,,,,,,,,,,,https://irishfamilysurnames.com/wp-content/uploads/2021/03/irishfamilysurnameslogo2.jpg,2,Clarke,,,,,,,,,,,,,,,,,,,,,,,unlisted
clarke,,,,,,,false,,,,,,,,,,,,,,,,,,https://irishfamilysurnames.com/wp-content/uploads/2021/04/condon-B-H-300x375.jpg,3,Clarke,,,,,,,,,,,,,,,,,,,,,,,unlisted
clarke,,,,,,,false,,,,,,,,,,,,,,,,,,https://irishfamilysurnames.com/wp-content/uploads/2021/04/cahill-B-H-300x375.jpg,4,Clarke,,,,,,,,,,,,,,,,,,,,,,,unlisted
clarke,,,,,,,false,,,,,,,,,,,,,,,,,,https://irishfamilysurnames.com/wp-content/uploads/2021/04/callaghan-B-H-300x375.jpg,5,Clarke,,,,,,,,,,,,,,,,,,,,,,,unlisted
cahill,Cahill,"<p>Learn the full history of your family with a Family History or a Crest/History Combination.</p><p>Family History Standard : 16 x 20 cm | 6 x 8 inches. €9.90</p><p>Family History Large : 20 x 26 cm | 8 x 10 inches. €12.50</p><p>Family Combination (History &amp;amp;amp; Crest) : 26 x 20 cm | 10 x 8 inches.€14.95</p><p>Family Histories and Family Combinations are supplied mounted and ready to frame.<br/>FREE WORLDWIDE POSTAGE</p>",Irish Family Surnames,,General,"imported, unlisted",false,Title,Default Title,,,,,3330,0,shopify,1,deny,manual,9.90,,true,true,,https://irishfamilysurnames.com/wp-content/uploads/2021/04/cahill-B-H.jpg,1,Cahill,false,Cahill,Learn the full history of your family with a Family History or a Crest/History Combination. Family History Standard : 16 x 20 cm | 6 x 8 inches. €9.90 Family History Large : 20 x 26 cm | 8 x 10 inches. €12.50 Family Combination (History &amp; Crest) : 26 x 20 cm | 10 x 8 inches.€14.95 Family Histories and Family Combin,,,,,,,,,,,,,g,,,true,true,,,unlisted
cahill,,,,,,,false,,,,,,,,,,,,,,,,,,https://irishfamilysurnames.com/wp-content/uploads/2021/03/irishfamilysurnameslogo2.jpg,2,Cahill,,,,,,,,,,,,,,,,,,,,,,,unlisted
cahill,,,,,,,false,,,,,,,,,,,,,,,,,,https://irishfamilysurnames.com/wp-content/uploads/2021/04/carney-B-H-300x375.jpg,3,Cahill,,,,,,,,,,,,,,,,,,,,,,,unlisted
cahill,,,,,,,false,,,,,,,,,,,,,,,,,,https://irishfamilysurnames.com/wp-content/uploads/2021/04/cary-B-H-300x375.jpg,4,Cahill,,,,,,,,,,,,,,,,,,,,,,,unlisted
cahill,,,,,,,false,,,,,,,,,,,,,,,,,,https://irishfamilysurnames.com/wp-content/uploads/2021/04/conway-B-H-300x375.jpg,5,Cahill,,,,,,,,,,,,,,,,,,,,,,,unlisted
boland,Boland,"<p>Learn the full history of your family with a Family History or a Crest/History Combination.</p><p>Family History Standard : 16 x 20 cm | 6 x 8 inches. €9.90</p><p>Family History Large : 20 x 26 cm | 8 x 10 inches. €12.50</p><p>Family Combination (History &amp;amp;amp; Crest) : 26 x 20 cm | 10 x 8 inches.€14.95</p><p>Family Histories and Family Combinations are supplied mounted and ready to frame.<br/>FREE WORLDWIDE POSTAGE</p>",Irish Family Surnames,,General,"imported, unlisted",false,Title,Default Title,,,,,3132,0,shopify,1,deny,manual,9.90,,true,true,,https://irishfamilysurnames.com/wp-content/uploads/2021/04/boland-B-H.jpg,1,Boland,false,Boland,Learn the full history of your family with a Family History or a Crest/History Combination. Family History Standard : 16 x 20 cm | 6 x 8 inches. €9.90 Family History Large : 20 x 26 cm | 8 x 10 inches. €12.50 Family Combination (History &amp; Crest) : 26 x 20 cm | 10 x 8 inches.€14.95 Family Histories and Family Combin,,,,,,,,,,,,,g,,,true,true,,,unlisted
boland,,,,,,,false,,,,,,,,,,,,,,,,,,https://irishfamilysurnames.com/wp-content/uploads/2021/03/irishfamilysurnameslogo2.jpg,2,Boland,,,,,,,,,,,,,,,,,,,,,,,unlisted
boland,,,,,,,false,,,,,,,,,,,,,,,,,,https://irishfamilysurnames.com/wp-content/uploads/2021/04/brien-B-H-300x375.jpg,3,Boland,,,,,,,,,,,,,,,,,,,,,,,unlisted
boland,,,,,,,false,,,,,,,,,,,,,,,,,,https://irishfamilysurnames.com/wp-content/uploads/2021/04/boyle-B-H-300x375.jpg,4,Boland,,,,,,,,,,,,,,,,,,,,,,,unlisted
boland,,,,,,,false,,,,,,,,,,,,,,,,,,https://irishfamilysurnames.com/wp-content/uploads/2021/04/brophy-B-H-300x375.jpg,5,Boland,,,,,,,,,,,,,,,,,,,,,,,unlisted
bolger,Bolger,"<p>Learn the full history of your family with a Family History or a Crest/History Combination.</p><p>Family History Standard : 16 x 20 cm | 6 x 8 inches. €9.90</p><p>Family History Large : 20 x 26 cm | 8 x 10 inches. €12.50</p><p>Family Combination (History &amp;amp;amp; Crest) : 26 x 20 cm | 10 x 8 inches.€14.95</p><p>Family Histories and Family Combinations are supplied mounted and ready to frame.<br/>FREE WORLDWIDE POSTAGE</p>",Irish Family Surnames,,General,"imported, unlisted",false,Title,Default Title,,,,,3143,0,shopify,1,deny,manual,9.90,,true,true,,https://irishfamilysurnames.com/wp-content/uploads/2021/04/bolger-B-H.jpg,1,Bolger,false,Bolger,Learn the full history of your family with a Family History or a Crest/History Combination. Family History Standard : 16 x 20 cm | 6 x 8 inches. €9.90 Family History Large : 20 x 26 cm | 8 x 10 inches. €12.50 Family Combination (History &amp; Crest) : 26 x 20 cm | 10 x 8 inches.€14.95 Family Histories and Family Combin,,,,,,,,,,,,,g,,,true,true,,,unlisted
bolger,,,,,,,false,,,,,,,,,,,,,,,,,,https://irishfamilysurnames.com/wp-content/uploads/2021/03/irishfamilysurnameslogo2.jpg,2,Bolger,,,,,,,,,,,,,,,,,,,,,,,unlisted
bolger,,,,,,,false,,,,,,,,,,,,,,,,,,https://irishfamilysurnames.com/wp-content/uploads/2021/04/bradley-B-H-300x375.jpg,3,Bolger,,,,,,,,,,,,,,,,,,,,,,,unlisted
bolger,,,,,,,false,,,,,,,,,,,,,,,,,,https://irishfamilysurnames.com/wp-content/uploads/2021/04/bourke-B-H-300x375.jpg,4,Bolger,,,,,,,,,,,,,,,,,,,,,,,unlisted
bolger,,,,,,,false,,,,,,,,,,,,,,,,,,https://irishfamilysurnames.com/wp-content/uploads/2021/04/barrett-B-H-300x375.jpg,5,Bolger,,,,,,,,,,,,,,,,,,,,,,,unlisted
boylan,Boylan,"<p>Learn the full history of your family with a Family History or a Crest/History Combination.</p><p>Family History Standard : 16 x 20 cm | 6 x 8 inches. €9.90</p><p>Family History Large : 20 x 26 cm | 8 x 10 inches. €12.50</p><p>Family Combination (History &amp;amp;amp; Crest) : 26 x 20 cm | 10 x 8 inches.€14.95</p><p>Family Histories and Family Combinations are supplied mounted and ready to frame.<br/>FREE WORLDWIDE POSTAGE</p>",Irish Family Surnames,,General,"imported, unlisted",false,Title,Default Title,,,,,3165,0,shopify,1,deny,manual,9.90,,true,true,,https://irishfamilysurnames.com/wp-content/uploads/2021/04/boylan-B-H.jpg,1,Boylan,false,Boylan,Learn the full history of your family with a Family History or a Crest/History Combination. Family History Standard : 16 x 20 cm | 6 x 8 inches. €9.90 Family History Large : 20 x 26 cm | 8 x 10 inches. €12.50 Family Combination (History &amp; Crest) : 26 x 20 cm | 10 x 8 inches.€14.95 Family Histories and Family Combin,,,,,,,,,,,,,g,,,true,true,,,unlisted
boylan,,,,,,,false,,,,,,,,,,,,,,,,,,https://irishfamilysurnames.com/wp-content/uploads/2021/03/irishfamilysurnameslogo2.jpg,2,Boylan,,,,,,,,,,,,,,,,,,,,,,,unlisted
boylan,,,,,,,false,,,,,,,,,,,,,,,,,,https://irishfamilysurnames.com/wp-content/uploads/2021/04/burns-B-H-300x375.jpg,3,Boylan,,,,,,,,,,,,,,,,,,,,,,,unlisted
boylan,,,,,,,false,,,,,,,,,,,,,,,,,,https://irishfamilysurnames.com/wp-content/uploads/2021/04/behan-B-H-300x375.jpg,4,Boylan,,,,,,,,,,,,,,,,,,,,,,,unlisted
boylan,,,,,,,false,,,,,,,,,,,,,,,,,,https://irishfamilysurnames.com/wp-content/uploads/2021/04/blake-B-H-300x375.jpg,5,Boylan,,,,,,,,,,,,,,,,,,,,,,,unlisted
boyle,Boyle,"<p>Learn the full history of your family with a Family History or a Crest/History Combination.</p><p>Family History Standard : 16 x 20 cm | 6 x 8 inches. €9.90</p><p>Family History Large : 20 x 26 cm | 8 x 10 inches. €12.50</p><p>Family Combination (History &amp;amp;amp; Crest) : 26 x 20 cm | 10 x 8 inches.€14.95</p><p>Family Histories and Family Combinations are supplied mounted and ready to frame.<br/>FREE WORLDWIDE POSTAGE</p>",Irish Family Surnames,,General,"imported, unlisted",false,Title,Default Title,,,,,3176,0,shopify,1,deny,manual,9.90,,true,true,,https://irishfamilysurnames.com/wp-content/uploads/2021/04/boyle-B-H.jpg,1,Boyle,false,Boyle,Learn the full history of your family with a Family History or a Crest/History Combination. Family History Standard : 16 x 20 cm | 6 x 8 inches. €9.90 Family History Large : 20 x 26 cm | 8 x 10 inches. €12.50 Family Combination (History &amp; Crest) : 26 x 20 cm | 10 x 8 inches.€14.95 Family Histories and Family Combin,,,,,,,,,,,,,g,,,true,true,,,unlisted
boyle,,,,,,,false,,,,,,,,,,,,,,,,,,https://irishfamilysurnames.com/wp-content/uploads/2021/03/irishfamilysurnameslogo2.jpg,2,Boyle,,,,,,,,,,,,,,,,,,,,,,,unlisted
boyle,,,,,,,false,,,,,,,,,,,,,,,,,,https://irishfamilysurnames.com/wp-content/uploads/2021/04/boland-B-H-300x375.jpg,3,Boyle,,,,,,,,,,,,,,,,,,,,,,,unlisted
boyle,,,,,,,false,,,,,,,,,,,,,,,,,,https://irishfamilysurnames.com/wp-content/uploads/2021/04/brady-B-H-300x375.jpg,4,Boyle,,,,,,,,,,,,,,,,,,,,,,,unlisted
boyle,,,,,,,false,,,,,,,,,,,,,,,,,,https://irishfamilysurnames.com/wp-content/uploads/2021/04/bolger-B-H-300x375.jpg,5,Boyle,,,,,,,,,,,,,,,,,,,,,,,unlisted
leary,Leary,"<p>Learn the full history of your family with a Family History or a Crest/History Combination.</p><p>Family History Standard : 16 x 20 cm | 6 x 8 inches. €9.90</p><p>Family History Large : 20 x 26 cm | 8 x 10 inches. €12.50</p><p>Family Combination (History &amp;amp;amp; Crest) : 26 x 20 cm | 10 x 8 inches.€14.95</p><p>Family Histories and Family Combinations are supplied mounted and ready to frame.<br/>FREE WORLDWIDE POSTAGE</p>",Irish Family Surnames,,General,"imported, unlisted",false,Title,Default Title,,,,,1916,0,shopify,1,deny,manual,9.90,,true,true,,https://irishfamilysurnames.com/wp-content/uploads/2021/04/leary-B-H-1.jpg,1,Leary,false,Leary,Learn the full history of your family with a Family History or a Crest/History Combination. Family History Standard : 16 x 20 cm | 6 x 8 inches. €9.90 Family History Large : 20 x 26 cm | 8 x 10 inches. €12.50 Family Combination (History &amp; Crest) : 26 x 20 cm | 10 x 8 inches.€14.95 Family Histories and Family Combin,,,,,,,,,,,,,g,,,true,true,,,unlisted
leary,,,,,,,false,,,,,,,,,,,,,,,,,,https://irishfamilysurnames.com/wp-content/uploads/2021/03/irishfamilysurnameslogo2.jpg,2,Leary,,,,,,,,,,,,,,,,,,,,,,,unlisted
leary,,,,,,,false,,,,,,,,,,,,,,,,,,https://irishfamilysurnames.com/wp-content/uploads/2021/04/lalor-B-H-300x375.jpg,3,Leary,,,,,,,,,,,,,,,,,,,,,,,unlisted
leary,,,,,,,false,,,,,,,,,,,,,,,,,,https://irishfamilysurnames.com/wp-content/uploads/2021/04/lynch-B-H-1-300x375.jpg,4,Leary,,,,,,,,,,,,,,,,,,,,,,,unlisted
leary,,,,,,,false,,,,,,,,,,,,,,,,,,https://irishfamilysurnames.com/wp-content/uploads/2021/04/lenihan-B-H-1-300x375.jpg,5,Leary,,,,,,,,,,,,,,,,,,,,,,,unlisted
cleary,Cleary,"<p>Learn the full history of your family with a Family History or a Crest/History Combination.</p><p>Family History Standard : 16 x 20 cm | 6 x 8 inches. €9.90</p><p>Family History Large : 20 x 26 cm | 8 x 10 inches. €12.50</p><p>Family Combination (History &amp;amp;amp; Crest) : 26 x 20 cm | 10 x 8 inches.€14.95</p><p>Family Histories and Family Combinations are supplied mounted and ready to frame.<br/>FREE WORLDWIDE POSTAGE</p>",Irish Family Surnames,,General,"imported, unlisted",false,Title,Default Title,,,,,4366,0,shopify,1,deny,manual,9.90,,true,true,,https://irishfamilysurnames.com/wp-content/uploads/2021/04/cleary-B-H.jpg,1,Cleary,false,Cleary,Learn the full history of your family with a Family History or a Crest/History Combination. Family History Standard : 16 x 20 cm | 6 x 8 inches. €9.90 Family History Large : 20 x 26 cm | 8 x 10 inches. €12.50 Family Combination (History &amp; Crest) : 26 x 20 cm | 10 x 8 inches.€14.95 Family Histories and Family Combin,,,,,,,,,,,,,g,,,true,true,,,unlisted
cleary,,,,,,,false,,,,,,,,,,,,,,,,,,https://irishfamilysurnames.com/wp-content/uploads/2021/03/irishfamilysurnameslogo2.jpg,2,Cleary,,,,,,,,,,,,,,,,,,,,,,,unlisted
cleary,,,,,,,false,,,,,,,,,,,,,,,,,,https://irishfamilysurnames.com/wp-content/uploads/2021/04/carroll-B-H-300x375.jpg,3,Cleary,,,,,,,,,,,,,,,,,,,,,,,unlisted
cleary,,,,,,,false,,,,,,,,,,,,,,,,,,https://irishfamilysurnames.com/wp-content/uploads/2021/04/condon-B-H-300x375.jpg,4,Cleary,,,,,,,,,,,,,,,,,,,,,,,unlisted
cleary,,,,,,,false,,,,,,,,,,,,,,,,,,https://irishfamilysurnames.com/wp-content/uploads/2021/04/cavanaugh-B-H-300x375.jpg,5,Cleary,,,,,,,,,,,,,,,,,,,,,,,unlisted
clery,Clery,"<p>Learn the full history of your family with a Family History or a Crest/History Combination.</p><p>Family History Standard : 16 x 20 cm | 6 x 8 inches. €9.90</p><p>Family History Large : 20 x 26 cm | 8 x 10 inches. €12.50</p><p>Family Combination (History &amp;amp;amp; Crest) : 26 x 20 cm | 10 x 8 inches.€14.95</p><p>Family Histories and Family Combinations are supplied mounted and ready to frame.<br/>FREE WORLDWIDE POSTAGE</p>",Irish Family Surnames,,General,"imported, unlisted",false,Title,Default Title,,,,,4389,0,shopify,1,deny,manual,9.90,,true,true,,https://irishfamilysurnames.com/wp-content/uploads/2021/04/clery-B-H.jpg,1,Clery,false,Clery,Learn the full history of your family with a Family History or a Crest/History Combination. Family History Standard : 16 x 20 cm | 6 x 8 inches. €9.90 Family History Large : 20 x 26 cm | 8 x 10 inches. €12.50 Family Combination (History &amp; Crest) : 26 x 20 cm | 10 x 8 inches.€14.95 Family Histories and Family Combin,,,,,,,,,,,,,g,,,true,true,,,unlisted
clery,,,,,,,false,,,,,,,,,,,,,,,,,,https://irishfamilysurnames.com/wp-content/uploads/2021/03/irishfamilysurnameslogo2.jpg,2,Clery,,,,,,,,,,,,,,,,,,,,,,,unlisted
clery,,,,,,,false,,,,,,,,,,,,,,,,,,https://irishfamilysurnames.com/wp-content/uploads/2021/04/cavanagh-B-H-300x375.jpg,3,Clery,,,,,,,,,,,,,,,,,,,,,,,unlisted
clery,,,,,,,false,,,,,,,,,,,,,,,,,,https://irishfamilysurnames.com/wp-content/uploads/2021/04/callahan-B-H-1-300x375.jpg,4,Clery,,,,,,,,,,,,,,,,,,,,,,,unlisted
clery,,,,,,,false,,,,,,,,,,,,,,,,,,https://irishfamilysurnames.com/wp-content/uploads/2021/04/carroll-B-H-300x375.jpg,5,Clery,,,,,,,,,,,,,,,,,,,,,,,unlisted
coffey,Coffey,"<p>Learn the full history of your family with a Family History or a Crest/History Combination.</p><p>Family History Standard : 16 x 20 cm | 6 x 8 inches. €9.90</p><p>Family History Large : 20 x 26 cm | 8 x 10 inches. €12.50</p><p>Family Combination (History &amp;amp;amp; Crest) : 26 x 20 cm | 10 x 8 inches.€14.95</p><p>Family Histories and Family Combinations are supplied mounted and ready to frame.<br/>FREE WORLDWIDE POSTAGE</p>",Irish Family Surnames,,General,"imported, unlisted",false,Title,Default Title,,,,,4400,0,shopify,1,deny,manual,9.90,,true,true,,https://irishfamilysurnames.com/wp-content/uploads/2021/04/coffey-B-H.jpg,1,Coffey,false,Coffey,Learn the full history of your family with a Family History or a Crest/History Combination. Family History Standard : 16 x 20 cm | 6 x 8 inches. €9.90 Family History Large : 20 x 26 cm | 8 x 10 inches. €12.50 Family Combination (History &amp; Crest) : 26 x 20 cm | 10 x 8 inches.€14.95 Family Histories and Family Combin,,,,,,,,,,,,,g,,,true,true,,,unlisted
coffey,,,,,,,false,,,,,,,,,,,,,,,,,,https://irishfamilysurnames.com/wp-content/uploads/2021/03/irishfamilysurnameslogo2.jpg,2,Coffey,,,,,,,,,,,,,,,,,,,,,,,unlisted
coffey,,,,,,,false,,,,,,,,,,,,,,,,,,https://irishfamilysurnames.com/wp-content/uploads/2021/04/collins-B-H-300x375.jpg,3,Coffey,,,,,,,,,,,,,,,,,,,,,,,unlisted
coffey,,,,,,,false,,,,,,,,,,,,,,,,,,https://irishfamilysurnames.com/wp-content/uploads/2021/04/callahan-B-H-1-300x375.jpg,4,Coffey,,,,,,,,,,,,,,,,,,,,,,,unlisted
coffey,,,,,,,false,,,,,,,,,,,,,,,,,,https://irishfamilysurnames.com/wp-content/uploads/2021/04/carey-B-H-300x375.jpg,5,Coffey,,,,,,,,,,,,,,,,,,,,,,,unlisted
coleman,Coleman,"<p>Learn the full history of your family with a Family History or a Crest/History Combination.</p><p>Family History Standard : 16 x 20 cm | 6 x 8 inches. €9.90</p><p>Family History Large : 20 x 26 cm | 8 x 10 inches. €12.50</p><p>Family Combination (History &amp;amp;amp; Crest) : 26 x 20 cm | 10 x 8 inches.€14.95</p><p>Family Histories and Family Combinations are supplied mounted and ready to frame.<br/>FREE WORLDWIDE POSTAGE</p>",Irish Family Surnames,,General,"imported, unlisted",false,Title,Default Title,,,,,4411,0,shopify,1,deny,manual,9.90,,true,true,,https://irishfamilysurnames.com/wp-content/uploads/2021/04/coleman-B-H.jpg,1,Coleman,false,Coleman,Learn the full history of your family with a Family History or a Crest/History Combination. Family History Standard : 16 x 20 cm | 6 x 8 inches. €9.90 Family History Large : 20 x 26 cm | 8 x 10 inches. €12.50 Family Combination (History &amp; Crest) : 26 x 20 cm | 10 x 8 inches.€14.95 Family Histories and Family Combin,,,,,,,,,,,,,g,,,true,true,,,unlisted
coleman,,,,,,,false,,,,,,,,,,,,,,,,,,https://irishfamilysurnames.com/wp-content/uploads/2021/03/irishfamilysurnameslogo2.jpg,2,Coleman,,,,,,,,,,,,,,,,,,,,,,,unlisted
coleman,,,,,,,false,,,,,,,,,,,,,,,,,,https://irishfamilysurnames.com/wp-content/uploads/2021/04/condon-B-H-300x375.jpg,3,Coleman,,,,,,,,,,,,,,,,,,,,,,,unlisted
coleman,,,,,,,false,,,,,,,,,,,,,,,,,,https://irishfamilysurnames.com/wp-content/uploads/2021/04/corrigan-B-H-300x375.jpg,4,Coleman,,,,,,,,,,,,,,,,,,,,,,,unlisted
coleman,,,,,,,false,,,,,,,,,,,,,,,,,,https://irishfamilysurnames.com/wp-content/uploads/2021/04/connolly-B-H-300x375.jpg,5,Coleman,,,,,,,,,,,,,,,,,,,,,,,unlisted
collins,Collins,"<p>Learn the full history of your family with a Family History or a Crest/History Combination.</p><p>Family History Standard : 16 x 20 cm | 6 x 8 inches. €9.90</p><p>Family History Large : 20 x 26 cm | 8 x 10 inches. €12.50</p><p>Family Combination (History &amp;amp;amp; Crest) : 26 x 20 cm | 10 x 8 inches.€14.95</p><p>Family Histories and Family Combinations are supplied mounted and ready to frame.<br/>FREE WORLDWIDE POSTAGE</p>",Irish Family Surnames,,General,"imported, unlisted",false,Title,Default Title,,,,,4422,0,shopify,1,deny,manual,9.90,,true,true,,https://irishfamilysurnames.com/wp-content/uploads/2021/04/collins-B-H.jpg,1,Collins,false,Collins,Learn the full history of your family with a Family History or a Crest/History Combination. Family History Standard : 16 x 20 cm | 6 x 8 inches. €9.90 Family History Large : 20 x 26 cm | 8 x 10 inches. €12.50 Family Combination (History &amp; Crest) : 26 x 20 cm | 10 x 8 inches.€14.95 Family Histories and Family Combin,,,,,,,,,,,,,g,,,true,true,,,unlisted
collins,,,,,,,false,,,,,,,,,,,,,,,,,,https://irishfamilysurnames.com/wp-content/uploads/2021/03/irishfamilysurnameslogo2.jpg,2,Collins,,,,,,,,,,,,,,,,,,,,,,,unlisted
collins,,,,,,,false,,,,,,,,,,,,,,,,,,https://irishfamilysurnames.com/wp-content/uploads/2021/04/callaghan-B-H-300x375.jpg,3,Collins,,,,,,,,,,,,,,,,,,,,,,,unlisted
collins,,,,,,,false,,,,,,,,,,,,,,,,,,https://irishfamilysurnames.com/wp-content/uploads/2021/04/carney-B-H-300x375.jpg,4,Collins,,,,,,,,,,,,,,,,,,,,,,,unlisted
collins,,,,,,,false,,,,,,,,,,,,,,,,,,https://irishfamilysurnames.com/wp-content/uploads/2021/04/cavanaugh-B-H-300x375.jpg,5,Collins,,,,,,,,,,,,,,,,,,,,,,,unlisted
condon,Condon,"<p>Learn the full history of your family with a Family History or a Crest/History Combination.</p><p>Family History Standard : 16 x 20 cm | 6 x 8 inches. €9.90</p><p>Family History Large : 20 x 26 cm | 8 x 10 inches. €12.50</p><p>Family Combination (History &amp;amp;amp; Crest) : 26 x 20 cm | 10 x 8 inches.€14.95</p><p>Family Histories and Family Combinations are supplied mounted and ready to frame.<br/>FREE WORLDWIDE POSTAGE</p>",Irish Family Surnames,,General,"imported, unlisted",false,Title,Default Title,,,,,4433,0,shopify,1,deny,manual,9.90,,true,true,,https://irishfamilysurnames.com/wp-content/uploads/2021/04/condon-B-H.jpg,1,Condon,false,Condon,Learn the full history of your family with a Family History or a Crest/History Combination. Family History Standard : 16 x 20 cm | 6 x 8 inches. €9.90 Family History Large : 20 x 26 cm | 8 x 10 inches. €12.50 Family Combination (History &amp; Crest) : 26 x 20 cm | 10 x 8 inches.€14.95 Family Histories and Family Combin,,,,,,,,,,,,,g,,,true,true,,,unlisted
condon,,,,,,,false,,,,,,,,,,,,,,,,,,https://irishfamilysurnames.com/wp-content/uploads/2021/03/irishfamilysurnameslogo2.jpg,2,Condon,,,,,,,,,,,,,,,,,,,,,,,unlisted
condon,,,,,,,false,,,,,,,,,,,,,,,,,,https://irishfamilysurnames.com/wp-content/uploads/2021/04/casey-B-H-300x375.jpg,3,Condon,,,,,,,,,,,,,,,,,,,,,,,unlisted
condon,,,,,,,false,,,,,,,,,,,,,,,,,,https://irishfamilysurnames.com/wp-content/uploads/2021/04/clarke-B-H-300x375.jpg,4,Condon,,,,,,,,,,,,,,,,,,,,,,,unlisted
condon,,,,,,,false,,,,,,,,,,,,,,,,,,https://irishfamilysurnames.com/wp-content/uploads/2021/04/clery-B-H-300x375.jpg,5,Condon,,,,,,,,,,,,,,,,,,,,,,,unlisted
conlan,Conlan,"<p>Learn the full history of your family with a Family History or a Crest/History Combination.</p><p>Family History Standard : 16 x 20 cm | 6 x 8 inches. €9.90</p><p>Family History Large : 20 x 26 cm | 8 x 10 inches. €12.50</p><p>Family Combination (History &amp;amp;amp; Crest) : 26 x 20 cm | 10 x 8 inches.€14.95</p><p>Family Histories and Family Combinations are supplied mounted and ready to frame.<br/>FREE WORLDWIDE POSTAGE</p>",Irish Family Surnames,,General,"imported, unlisted",false,Title,Default Title,,,,,4445,0,shopify,1,deny,manual,9.90,,true,true,,https://irishfamilysurnames.com/wp-content/uploads/2021/04/conlan-B-H.jpg,1,Conlan,false,Conlan,Learn the full history of your family with a Family History or a Crest/History Combination. Family History Standard : 16 x 20 cm | 6 x 8 inches. €9.90 Family History Large : 20 x 26 cm | 8 x 10 inches. €12.50 Family Combination (History &amp; Crest) : 26 x 20 cm | 10 x 8 inches.€14.95 Family Histories and Family Combin,,,,,,,,,,,,,g,,,true,true,,,unlisted
conlan,,,,,,,false,,,,,,,,,,,,,,,,,,https://irishfamilysurnames.com/wp-content/uploads/2021/03/irishfamilysurnameslogo2.jpg,2,Conlan,,,,,,,,,,,,,,,,,,,,,,,unlisted
conlan,,,,,,,false,,,,,,,,,,,,,,,,,,https://irishfamilysurnames.com/wp-content/uploads/2021/04/cosgrave-B-H-300x375.jpg,3,Conlan,,,,,,,,,,,,,,,,,,,,,,,unlisted
conlan,,,,,,,false,,,,,,,,,,,,,,,,,,https://irishfamilysurnames.com/wp-content/uploads/2021/04/conroy-B-H-300x375.jpg,4,Conlan,,,,,,,,,,,,,,,,,,,,,,,unlisted
conlan,,,,,,,false,,,,,,,,,,,,,,,,,,https://irishfamilysurnames.com/wp-content/uploads/2021/04/corrigan-B-H-300x375.jpg,5,Conlan,,,,,,,,,,,,,,,,,,,,,,,unlisted
connell,Connell,"<p>Learn the full history of your family with a Family History or a Crest/History Combination.</p><p>Family History Standard : 16 x 20 cm | 6 x 8 inches. €9.90</p><p>Family History Large : 20 x 26 cm | 8 x 10 inches. €12.50</p><p>Family Combination (History &amp;amp;amp; Crest) : 26 x 20 cm | 10 x 8 inches.€14.95</p><p>Family Histories and Family Combinations are supplied mounted and ready to frame.<br/>FREE WORLDWIDE POSTAGE</p>",Irish Family Surnames,,General,"imported, unlisted",false,Title,Default Title,,,,,4456,0,shopify,1,deny,manual,9.90,,true,true,,https://irishfamilysurnames.com/wp-content/uploads/2021/04/connell-B-H.jpg,1,Connell,false,Connell,Learn the full history of your family with a Family History or a Crest/History Combination. Family History Standard : 16 x 20 cm | 6 x 8 inches. €9.90 Family History Large : 20 x 26 cm | 8 x 10 inches. €12.50 Family Combination (History &amp; Crest) : 26 x 20 cm | 10 x 8 inches.€14.95 Family Histories and Family Combin,,,,,,,,,,,,,g,,,true,true,,,unlisted
connell,,,,,,,false,,,,,,,,,,,,,,,,,,https://irishfamilysurnames.com/wp-content/uploads/2021/03/irishfamilysurnameslogo2.jpg,2,Connell,,,,,,,,,,,,,,,,,,,,,,,unlisted
connell,,,,,,,false,,,,,,,,,,,,,,,,,,https://irishfamilysurnames.com/wp-content/uploads/2021/04/coffey-B-H-300x375.jpg,3,Connell,,,,,,,,,,,,,,,,,,,,,,,unlisted
connell,,,,,,,false,,,,,,,,,,,,,,,,,,https://irishfamilysurnames.com/wp-content/uploads/2021/04/cassidy-B-H-300x375.jpg,4,Connell,,,,,,,,,,,,,,,,,,,,,,,unlisted
connell,,,,,,,false,,,,,,,,,,,,,,,,,,https://irishfamilysurnames.com/wp-content/uploads/2021/04/campbell-B-H-300x375.jpg,5,Connell,,,,,,,,,,,,,,,,,,,,,,,unlisted
connolly,Connolly,"<p>Learn the full history of your family with a Family History or a Crest/History Combination.</p><p>Family History Standard : 16 x 20 cm | 6 x 8 inches. €9.90</p><p>Family History Large : 20 x 26 cm | 8 x 10 inches. €12.50</p><p>Family Combination (History &amp;amp;amp; Crest) : 26 x 20 cm | 10 x 8 inches.€14.95</p><p>Family Histories and Family Combinations are supplied mounted and ready to frame.<br/>FREE WORLDWIDE POSTAGE</p>",Irish Family Surnames,,General,"imported, unlisted",false,Title,Default Title,,,,,4467,0,shopify,1,deny,manual,9.90,,true,true,,https://irishfamilysurnames.com/wp-content/uploads/2021/04/connolly-B-H.jpg,1,Connolly,false,Connolly,Learn the full history of your family with a Family History or a Crest/History Combination. Family History Standard : 16 x 20 cm | 6 x 8 inches. €9.90 Family History Large : 20 x 26 cm | 8 x 10 inches. €12.50 Family Combination (History &amp; Crest) : 26 x 20 cm | 10 x 8 inches.€14.95 Family Histories and Family Combin,,,,,,,,,,,,,g,,,true,true,,,unlisted
connolly,,,,,,,false,,,,,,,,,,,,,,,,,,https://irishfamilysurnames.com/wp-content/uploads/2021/03/irishfamilysurnameslogo2.jpg,2,Connolly,,,,,,,,,,,,,,,,,,,,,,,unlisted
connolly,,,,,,,false,,,,,,,,,,,,,,,,,,https://irishfamilysurnames.com/wp-content/uploads/2021/04/conroy-B-H-300x375.jpg,3,Connolly,,,,,,,,,,,,,,,,,,,,,,,unlisted
connolly,,,,,,,false,,,,,,,,,,,,,,,,,,https://irishfamilysurnames.com/wp-content/uploads/2021/04/cahill-B-H-300x375.jpg,4,Connolly,,,,,,,,,,,,,,,,,,,,,,,unlisted
connolly,,,,,,,false,,,,,,,,,,,,,,,,,,https://irishfamilysurnames.com/wp-content/uploads/2021/04/condon-B-H-300x375.jpg,5,Connolly,,,,,,,,,,,,,,,,,,,,,,,unlisted
connor,Connor,"<p>Learn the full history of your family with a Family History or a Crest/History Combination.</p><p>Family History Standard : 16 x 20 cm | 6 x 8 inches. €9.90</p><p>Family History Large : 20 x 26 cm | 8 x 10 inches. €12.50</p><p>Family Combination (History &amp;amp;amp; Crest) : 26 x 20 cm | 10 x 8 inches.€14.95</p><p>Family Histories and Family Combinations are supplied mounted and ready to frame.<br/>FREE WORLDWIDE POSTAGE</p>",Irish Family Surnames,,General,"imported, unlisted",false,Title,Default Title,,,,,4478,0,shopify,1,deny,manual,9.90,,true,true,,https://irishfamilysurnames.com/wp-content/uploads/2021/04/connor-B-H.jpg,1,Connor,false,Connor,Learn the full history of your family with a Family History or a Crest/History Combination. Family History Standard : 16 x 20 cm | 6 x 8 inches. €9.90 Family History Large : 20 x 26 cm | 8 x 10 inches. €12.50 Family Combination (History &amp; Crest) : 26 x 20 cm | 10 x 8 inches.€14.95 Family Histories and Family Combin,,,,,,,,,,,,,g,,,true,true,,,unlisted
connor,,,,,,,false,,,,,,,,,,,,,,,,,,https://irishfamilysurnames.com/wp-content/uploads/2021/03/irishfamilysurnameslogo2.jpg,2,Connor,,,,,,,,,,,,,,,,,,,,,,,unlisted
connor,,,,,,,false,,,,,,,,,,,,,,,,,,https://irishfamilysurnames.com/wp-content/uploads/2021/04/corrigan-B-H-300x375.jpg,3,Connor,,,,,,,,,,,,,,,,,,,,,,,unlisted
connor,,,,,,,false,,,,,,,,,,,,,,,,,,https://irishfamilysurnames.com/wp-content/uploads/2021/04/cavanaugh-B-H-300x375.jpg,4,Connor,,,,,,,,,,,,,,,,,,,,,,,unlisted
connor,,,,,,,false,,,,,,,,,,,,,,,,,,https://irishfamilysurnames.com/wp-content/uploads/2021/04/connolly-B-H-300x375.jpg,5,Connor,,,,,,,,,,,,,,,,,,,,,,,unlisted
conroy,Conroy,"<p>Learn the full history of your family with a Family History or a Crest/History Combination.</p><p>Family History Standard : 16 x 20 cm | 6 x 8 inches. €9.90</p><p>Family History Large : 20 x 26 cm | 8 x 10 inches. €12.50</p><p>Family Combination (History &amp;amp;amp; Crest) : 26 x 20 cm | 10 x 8 inches.€14.95</p><p>Family Histories and Family Combinations are supplied mounted and ready to frame.<br/>FREE WORLDWIDE POSTAGE</p>",Irish Family Surnames,,General,"imported, unlisted",false,Title,Default Title,,,,,4489,0,shopify,1,deny,manual,9.90,,true,true,,https://irishfamilysurnames.com/wp-content/uploads/2021/04/conroy-B-H.jpg,1,Conroy,false,Conroy,Learn the full history of your family with a Family History or a Crest/History Combination. Family History Standard : 16 x 20 cm | 6 x 8 inches. €9.90 Family History Large : 20 x 26 cm | 8 x 10 inches. €12.50 Family Combination (History &amp; Crest) : 26 x 20 cm | 10 x 8 inches.€14.95 Family Histories and Family Combin,,,,,,,,,,,,,g,,,true,true,,,unlisted
conroy,,,,,,,false,,,,,,,,,,,,,,,,,,https://irishfamilysurnames.com/wp-content/uploads/2021/03/irishfamilysurnameslogo2.jpg,2,Conroy,,,,,,,,,,,,,,,,,,,,,,,unlisted
conroy,,,,,,,false,,,,,,,,,,,,,,,,,,https://irishfamilysurnames.com/wp-content/uploads/2021/04/cosgrave-B-H-300x375.jpg,3,Conroy,,,,,,,,,,,,,,,,,,,,,,,unlisted
conroy,,,,,,,false,,,,,,,,,,,,,,,,,,https://irishfamilysurnames.com/wp-content/uploads/2021/04/condon-B-H-300x375.jpg,4,Conroy,,,,,,,,,,,,,,,,,,,,,,,unlisted
conroy,,,,,,,false,,,,,,,,,,,,,,,,,,https://irishfamilysurnames.com/wp-content/uploads/2021/04/cleary-B-H-300x375.jpg,5,Conroy,,,,,,,,,,,,,,,,,,,,,,,unlisted
conway,Conway,"<p>Learn the full history of your family with a Family History or a Crest/History Combination.</p><p>Family History Standard : 16 x 20 cm | 6 x 8 inches. €9.90</p><p>Family History Large : 20 x 26 cm | 8 x 10 inches. €12.50</p><p>Family Combination (History &amp;amp;amp; Crest) : 26 x 20 cm | 10 x 8 inches.€14.95</p><p>Family Histories and Family Combinations are supplied mounted and ready to frame.<br/>FREE WORLDWIDE POSTAGE</p>",Irish Family Surnames,,General,"imported, unlisted",false,Title,Default Title,,,,,4500,0,shopify,1,deny,manual,9.90,,true,true,,https://irishfamilysurnames.com/wp-content/uploads/2021/04/conway-B-H.jpg,1,Conway,false,Conway,Learn the full history of your family with a Family History or a Crest/History Combination. Family History Standard : 16 x 20 cm | 6 x 8 inches. €9.90 Family History Large : 20 x 26 cm | 8 x 10 inches. €12.50 Family Combination (History &amp; Crest) : 26 x 20 cm | 10 x 8 inches.€14.95 Family Histories and Family Combin,,,,,,,,,,,,,g,,,true,true,,,unlisted
conway,,,,,,,false,,,,,,,,,,,,,,,,,,https://irishfamilysurnames.com/wp-content/uploads/2021/03/irishfamilysurnameslogo2.jpg,2,Conway,,,,,,,,,,,,,,,,,,,,,,,unlisted
conway,,,,,,,false,,,,,,,,,,,,,,,,,,https://irishfamilysurnames.com/wp-content/uploads/2021/04/clarke-B-H-300x375.jpg,3,Conway,,,,,,,,,,,,,,,,,,,,,,,unlisted
conway,,,,,,,false,,,,,,,,,,,,,,,,,,https://irishfamilysurnames.com/wp-content/uploads/2021/04/cooney-B-H-300x375.jpg,4,Conway,,,,,,,,,,,,,,,,,,,,,,,unlisted
conway,,,,,,,false,,,,,,,,,,,,,,,,,,https://irishfamilysurnames.com/wp-content/uploads/2021/04/carney-B-H-300x375.jpg,5,Conway,,,,,,,,,,,,,,,,,,,,,,,unlisted
cooney,Cooney,"<p>Learn the full history of your family with a Family History or a Crest/History Combination.</p><p>Family History Standard : 16 x 20 cm | 6 x 8 inches. €9.90</p><p>Family History Large : 20 x 26 cm | 8 x 10 inches. €12.50</p><p>Family Combination (History &amp;amp;amp; Crest) : 26 x 20 cm | 10 x 8 inches.€14.95</p><p>Family Histories and Family Combinations are supplied mounted and ready to frame.<br/>FREE WORLDWIDE POSTAGE</p>",Irish Family Surnames,,General,"imported, unlisted",false,Title,Default Title,,,,,4512,0,shopify,1,deny,manual,9.90,,true,true,,https://irishfamilysurnames.com/wp-content/uploads/2021/04/cooney-B-H.jpg,1,Cooney,false,Cooney,Learn the full history of your family with a Family History or a Crest/History Combination. Family History Standard : 16 x 20 cm | 6 x 8 inches. €9.90 Family History Large : 20 x 26 cm | 8 x 10 inches. €12.50 Family Combination (History &amp; Crest) : 26 x 20 cm | 10 x 8 inches.€14.95 Family Histories and Family Combin,,,,,,,,,,,,,g,,,true,true,,,unlisted
cooney,,,,,,,false,,,,,,,,,,,,,,,,,,https://irishfamilysurnames.com/wp-content/uploads/2021/03/irishfamilysurnameslogo2.jpg,2,Cooney,,,,,,,,,,,,,,,,,,,,,,,unlisted
cooney,,,,,,,false,,,,,,,,,,,,,,,,,,https://irishfamilysurnames.com/wp-content/uploads/2021/04/corcoran-B-H-300x375.jpg,3,Cooney,,,,,,,,,,,,,,,,,,,,,,,unlisted
cooney,,,,,,,false,,,,,,,,,,,,,,,,,,https://irishfamilysurnames.com/wp-content/uploads/2021/04/carroll-B-H-300x375.jpg,4,Cooney,,,,,,,,,,,,,,,,,,,,,,,unlisted
cooney,,,,,,,false,,,,,,,,,,,,,,,,,,https://irishfamilysurnames.com/wp-content/uploads/2021/04/connolly-B-H-300x375.jpg,5,Cooney,,,,,,,,,,,,,,,,,,,,,,,unlisted
corcoran,Corcoran,"<p>Learn the full history of your family with a Family History or a Crest/History Combination.</p><p>Family History Standard : 16 x 20 cm | 6 x 8 inches. €9.90</p><p>Family History Large : 20 x 26 cm | 8 x 10 inches. €12.50</p><p>Family Combination (History &amp;amp;amp; Crest) : 26 x 20 cm | 10 x 8 inches.€14.95</p><p>Family Histories and Family Combinations are supplied mounted and ready to frame.<br/>FREE WORLDWIDE POSTAGE</p>",Irish Family Surnames,,General,"imported, unlisted",false,Title,Default Title,,,,,4534,0,shopify,1,deny,manual,9.90,,true,true,,https://irishfamilysurnames.com/wp-content/uploads/2021/04/corcoran-B-H.jpg,1,Corcoran,false,Corcoran,Learn the full history of your family with a Family History or a Crest/History Combination. Family History Standard : 16 x 20 cm | 6 x 8 inches. €9.90 Family History Large : 20 x 26 cm | 8 x 10 inches. €12.50 Family Combination (History &amp; Crest) : 26 x 20 cm | 10 x 8 inches.€14.95 Family Histories and Family Combin,,,,,,,,,,,,,g,,,true,true,,,unlisted
corcoran,,,,,,,false,,,,,,,,,,,,,,,,,,https://irishfamilysurnames.com/wp-content/uploads/2021/03/irishfamilysurnameslogo2.jpg,2,Corcoran,,,,,,,,,,,,,,,,,,,,,,,unlisted
corcoran,,,,,,,false,,,,,,,,,,,,,,,,,,https://irishfamilysurnames.com/wp-content/uploads/2021/04/cosgrave-B-H-300x375.jpg,3,Corcoran,,,,,,,,,,,,,,,,,,,,,,,unlisted
corcoran,,,,,,,false,,,,,,,,,,,,,,,,,,https://irishfamilysurnames.com/wp-content/uploads/2021/04/collins-B-H-300x375.jpg,4,Corcoran,,,,,,,,,,,,,,,,,,,,,,,unlisted
corcoran,,,,,,,false,,,,,,,,,,,,,,,,,,https://irishfamilysurnames.com/wp-content/uploads/2021/04/carney-B-H-300x375.jpg,5,Corcoran,,,,,,,,,,,,,,,,,,,,,,,unlisted
mcdermot,McDermot,"<p>Learn the full history of your family with a Family History or a Crest/History Combination.</p><p>Family History Standard : 16 x 20 cm | 6 x 8 inches. €9.90</p><p>Family History Large : 20 x 26 cm | 8 x 10 inches. €12.50</p><p>Family Combination (History &amp;amp;amp; Crest) : 26 x 20 cm | 10 x 8 inches.€14.95</p><p>Family Histories and Family Combinations are supplied mounted and ready to frame.<br/>FREE WORLDWIDE POSTAGE</p>",Irish Family Surnames,,General,"imported, unlisted",false,Title,Default Title,,,,,2451,0,shopify,1,deny,manual,9.90,,true,true,,https://irishfamilysurnames.com/wp-content/uploads/2021/04/mcdermot-B-H.jpg,1,McDermot,false,McDermot,Learn the full history of your family with a Family History or a Crest/History Combination. Family History Standard : 16 x 20 cm | 6 x 8 inches. €9.90 Family History Large : 20 x 26 cm | 8 x 10 inches. €12.50 Family Combination (History &amp; Crest) : 26 x 20 cm | 10 x 8 inches.€14.95 Family Histories and Family Combin,,,,,,,,,,,,,g,,,true,true,,,unlisted
mcdermot,,,,,,,false,,,,,,,,,,,,,,,,,,https://irishfamilysurnames.com/wp-content/uploads/2021/03/irishfamilysurnameslogo2.jpg,2,McDermot,,,,,,,,,,,,,,,,,,,,,,,unlisted
mcdermot,,,,,,,false,,,,,,,,,,,,,,,,,,https://irishfamilysurnames.com/wp-content/uploads/2021/04/mclaughlin-B-H-300x375.jpg,3,McDermot,,,,,,,,,,,,,,,,,,,,,,,unlisted
mcdermot,,,,,,,false,,,,,,,,,,,,,,,,,,https://irishfamilysurnames.com/wp-content/uploads/2021/04/mccabe-B-H-300x375.jpg,4,McDermot,,,,,,,,,,,,,,,,,,,,,,,unlisted
mcdermot,,,,,,,false,,,,,,,,,,,,,,,,,,https://irishfamilysurnames.com/wp-content/uploads/2021/04/mckeogh-B-H-300x375.jpg,5,McDermot,,,,,,,,,,,,,,,,,,,,,,,unlisted
sheridan,Sheridan,"<p>Learn the full history of your family with a Family History or a Crest/History Combination.</p><p>Family History Standard : 16 x 20 cm | 6 x 8 inches. €9.90</p><p>Family History Large : 20 x 26 cm | 8 x 10 inches. €12.50</p><p>Family Combination (History &amp;amp;amp; Crest) : 26 x 20 cm | 10 x 8 inches.€14.95</p><p>Family Histories and Family Combinations are supplied mounted and ready to frame.<br/>FREE WORLDWIDE POSTAGE</p>",Irish Family Surnames,,General,"imported, unlisted",false,Title,Default Title,,,,,4153,0,shopify,1,deny,manual,9.90,,true,true,,https://irishfamilysurnames.com/wp-content/uploads/2021/04/SHERIDAN-B-H-1.jpg,1,Sheridan,false,Sheridan,Learn the full history of your family with a Family History or a Crest/History Combination. Family History Standard : 16 x 20 cm | 6 x 8 inches. €9.90 Family History Large : 20 x 26 cm | 8 x 10 inches. €12.50 Family Combination (History &amp; Crest) : 26 x 20 cm | 10 x 8 inches.€14.95 Family Histories and Family Combin,,,,,,,,,,,,,g,,,true,true,,,unlisted
sheridan,,,,,,,false,,,,,,,,,,,,,,,,,,https://irishfamilysurnames.com/wp-content/uploads/2021/03/irishfamilysurnameslogo2.jpg,2,Sheridan,,,,,,,,,,,,,,,,,,,,,,,unlisted
sheridan,,,,,,,false,,,,,,,,,,,,,,,,,,https://irishfamilysurnames.com/wp-content/uploads/2021/04/smyth-B-H-300x375.jpg,3,Sheridan,,,,,,,,,,,,,,,,,,,,,,,unlisted
sheridan,,,,,,,false,,,,,,,,,,,,,,,,,,https://irishfamilysurnames.com/wp-content/uploads/2021/04/sheehy-B-H-300x375.jpg,4,Sheridan,,,,,,,,,,,,,,,,,,,,,,,unlisted
sheridan,,,,,,,false,,,,,,,,,,,,,,,,,,https://irishfamilysurnames.com/wp-content/uploads/2021/04/shea-B-H-300x375.jpg,5,Sheridan,,,,,,,,,,,,,,,,,,,,,,,unlisted
ohanlon,O'Hanlon,"<p>Learn the full history of your family with a Family History or a Crest/History Combination.</p><p>Family History Standard : 16 x 20 cm | 6 x 8 inches. €9.90</p><p>Family History Large : 20 x 26 cm | 8 x 10 inches. €12.50</p><p>Family Combination (History &amp;amp;amp; Crest) : 26 x 20 cm | 10 x 8 inches.€14.95</p><p>Family Histories and Family Combinations are supplied mounted and ready to frame.<br/>FREE WORLDWIDE POSTAGE</p>",Irish Family Surnames,,General,"imported, unlisted",false,Title,Default Title,,,,,3774,0,shopify,1,deny,manual,9.90,,true,true,,https://irishfamilysurnames.com/wp-content/uploads/2021/04/ohanlon-B-H.jpg,1,O'Hanlon,false,O'Hanlon,Learn the full history of your family with a Family History or a Crest/History Combination. Family History Standard : 16 x 20 cm | 6 x 8 inches. €9.90 Family History Large : 20 x 26 cm | 8 x 10 inches. €12.50 Family Combination (History &amp; Crest) : 26 x 20 cm | 10 x 8 inches.€14.95 Family Histories and Family Combin,,,,,,,,,,,,,g,,,true,true,,,unlisted
ohanlon,,,,,,,false,,,,,,,,,,,,,,,,,,https://irishfamilysurnames.com/wp-content/uploads/2021/03/irishfamilysurnameslogo2.jpg,2,O'Hanlon,,,,,,,,,,,,,,,,,,,,,,,unlisted
ohanlon,,,,,,,false,,,,,,,,,,,,,,,,,,https://irishfamilysurnames.com/wp-content/uploads/2021/04/o-doherty-B-H-300x375.jpg,3,O'Hanlon,,,,,,,,,,,,,,,,,,,,,,,unlisted
ohanlon,,,,,,,false,,,,,,,,,,,,,,,,,,https://irishfamilysurnames.com/wp-content/uploads/2021/04/o-byrne-B-H-300x375.jpg,4,O'Hanlon,,,,,,,,,,,,,,,,,,,,,,,unlisted
ohanlon,,,,,,,false,,,,,,,,,,,,,,,,,,https://irishfamilysurnames.com/wp-content/uploads/2021/04/o-driscoll-B-H-300x375.jpg,5,O'Hanlon,,,,,,,,,,,,,,,,,,,,,,,unlisted
oneal,O'Neal,"<p>Learn the full history of your family with a Family History or a Crest/History Combination.</p><p>Family History Standard : 16 x 20 cm | 6 x 8 inches. €9.90</p><p>Family History Large : 20 x 26 cm | 8 x 10 inches. €12.50</p><p>Family Combination (History &amp;amp;amp; Crest) : 26 x 20 cm | 10 x 8 inches.€14.95</p><p>Family Histories and Family Combinations are supplied mounted and ready to frame.<br/>FREE WORLDWIDE POSTAGE</p>",Irish Family Surnames,,General,"imported, unlisted",false,Title,Default Title,,,,,3943,0,shopify,1,deny,manual,9.90,,true,true,,https://irishfamilysurnames.com/wp-content/uploads/2021/04/o-neal-B-H.jpg,1,O'Neal,false,O'Neal,Learn the full history of your family with a Family History or a Crest/History Combination. Family History Standard : 16 x 20 cm | 6 x 8 inches. €9.90 Family History Large : 20 x 26 cm | 8 x 10 inches. €12.50 Family Combination (History &amp; Crest) : 26 x 20 cm | 10 x 8 inches.€14.95 Family Histories and Family Combin,,,,,,,,,,,,,g,,,true,true,,,unlisted
oneal,,,,,,,false,,,,,,,,,,,,,,,,,,https://irishfamilysurnames.com/wp-content/uploads/2021/03/irishfamilysurnameslogo2.jpg,2,O'Neal,,,,,,,,,,,,,,,,,,,,,,,unlisted
oneal,,,,,,,false,,,,,,,,,,,,,,,,,,https://irishfamilysurnames.com/wp-content/uploads/2021/04/o-keeffe-B-H-300x375.jpg,3,O'Neal,,,,,,,,,,,,,,,,,,,,,,,unlisted
oneal,,,,,,,false,,,,,,,,,,,,,,,,,,https://irishfamilysurnames.com/wp-content/uploads/2021/04/o-kelly-B-H-300x375.jpg,4,O'Neal,,,,,,,,,,,,,,,,,,,,,,,unlisted
oneal,,,,,,,false,,,,,,,,,,,,,,,,,,https://irishfamilysurnames.com/wp-content/uploads/2021/04/o-hara-B-H-300x375.jpg,5,O'Neal,,,,,,,,,,,,,,,,,,,,,,,unlisted
oneill,O'Neill,"<p>Learn the full history of your family with a Family History or a Crest/History Combination.</p><p>Family History Standard : 16 x 20 cm | 6 x 8 inches. €9.90</p><p>Family History Large : 20 x 26 cm | 8 x 10 inches. €12.50</p><p>Family Combination (History &amp;amp;amp; Crest) : 26 x 20 cm | 10 x 8 inches.€14.95</p><p>Family Histories and Family Combinations are supplied mounted and ready to frame.<br/>FREE WORLDWIDE POSTAGE</p>",Irish Family Surnames,,General,"imported, unlisted",false,Title,Default Title,,,,,3953,0,shopify,1,deny,manual,9.90,,true,true,,https://irishfamilysurnames.com/wp-content/uploads/2021/04/o-neill-B-H.jpg,1,O'Neill,false,O'Neill,Learn the full history of your family with a Family History or a Crest/History Combination. Family History Standard : 16 x 20 cm | 6 x 8 inches. €9.90 Family History Large : 20 x 26 cm | 8 x 10 inches. €12.50 Family Combination (History &amp; Crest) : 26 x 20 cm | 10 x 8 inches.€14.95 Family Histories and Family Combin,,,,,,,,,,,,,g,,,true,true,,,unlisted
oneill,,,,,,,false,,,,,,,,,,,,,,,,,,https://irishfamilysurnames.com/wp-content/uploads/2021/03/irishfamilysurnameslogo2.jpg,2,O'Neill,,,,,,,,,,,,,,,,,,,,,,,unlisted
oneill,,,,,,,false,,,,,,,,,,,,,,,,,,https://irishfamilysurnames.com/wp-content/uploads/2021/04/o-gorman-B-H-300x375.jpg,3,O'Neill,,,,,,,,,,,,,,,,,,,,,,,unlisted
oneill,,,,,,,false,,,,,,,,,,,,,,,,,,https://irishfamilysurnames.com/wp-content/uploads/2021/04/o-connor-B-H-300x375.jpg,4,O'Neill,,,,,,,,,,,,,,,,,,,,,,,unlisted
oneill,,,,,,,false,,,,,,,,,,,,,,,,,,https://irishfamilysurnames.com/wp-content/uploads/2021/04/o-doherty-B-H-300x375.jpg,5,O'Neill,,,,,,,,,,,,,,,,,,,,,,,unlisted
oregan,O'Regan,"<p>Learn the full history of your family with a Family History or a Crest/History Combination.</p><p>Family History Standard : 16 x 20 cm | 6 x 8 inches. €9.90</p><p>Family History Large : 20 x 26 cm | 8 x 10 inches. €12.50</p><p>Family Combination (History &amp;amp;amp; Crest) : 26 x 20 cm | 10 x 8 inches.€14.95</p><p>Family Histories and Family Combinations are supplied mounted and ready to frame.<br/>FREE WORLDWIDE POSTAGE</p>",Irish Family Surnames,,General,"imported, unlisted",false,Title,Default Title,,,,,3976,0,shopify,1,deny,manual,9.90,,true,true,,https://irishfamilysurnames.com/wp-content/uploads/2021/04/o-regan-B-H.jpg,1,O'Regan,false,O'Regan,Learn the full history of your family with a Family History or a Crest/History Combination. Family History Standard : 16 x 20 cm | 6 x 8 inches. €9.90 Family History Large : 20 x 26 cm | 8 x 10 inches. €12.50 Family Combination (History &amp; Crest) : 26 x 20 cm | 10 x 8 inches.€14.95 Family Histories and Family Combin,,,,,,,,,,,,,g,,,true,true,,,unlisted
oregan,,,,,,,false,,,,,,,,,,,,,,,,,,https://irishfamilysurnames.com/wp-content/uploads/2021/03/irishfamilysurnameslogo2.jpg,2,O'Regan,,,,,,,,,,,,,,,,,,,,,,,unlisted
oregan,,,,,,,false,,,,,,,,,,,,,,,,,,https://irishfamilysurnames.com/wp-content/uploads/2021/04/o-doherty-B-H-300x375.jpg,3,O'Regan,,,,,,,,,,,,,,,,,,,,,,,unlisted
oregan,,,,,,,false,,,,,,,,,,,,,,,,,,https://irishfamilysurnames.com/wp-content/uploads/2021/04/o-grady-B-H-300x375.jpg,4,O'Regan,,,,,,,,,,,,,,,,,,,,,,,unlisted
oregan,,,,,,,false,,,,,,,,,,,,,,,,,,https://irishfamilysurnames.com/wp-content/uploads/2021/04/o-dougherty-B-H-300x375.jpg,5,O'Regan,,,,,,,,,,,,,,,,,,,,,,,unlisted
cosgrave,Cosgrave,"<p>Learn the full history of your family with a Family History or a Crest/History Combination.</p><p>Family History Standard : 16 x 20 cm | 6 x 8 inches. €9.90</p><p>Family History Large : 20 x 26 cm | 8 x 10 inches. €12.50</p><p>Family Combination (History &amp;amp;amp; Crest) : 26 x 20 cm | 10 x 8 inches.€14.95</p><p>Family Histories and Family Combinations are supplied mounted and ready to frame.<br/>FREE WORLDWIDE POSTAGE</p>",Irish Family Surnames,,General,"imported, unlisted",false,Title,Default Title,,,,,4556,0,shopify,1,deny,manual,9.90,,true,true,,https://irishfamilysurnames.com/wp-content/uploads/2021/04/cosgrave-B-H.jpg,1,Cosgrave,false,Cosgrave,Learn the full history of your family with a Family History or a Crest/History Combination. Family History Standard : 16 x 20 cm | 6 x 8 inches. €9.90 Family History Large : 20 x 26 cm | 8 x 10 inches. €12.50 Family Combination (History &amp; Crest) : 26 x 20 cm | 10 x 8 inches.€14.95 Family Histories and Family Combin,,,,,,,,,,,,,g,,,true,true,,,unlisted
cosgrave,,,,,,,false,,,,,,,,,,,,,,,,,,https://irishfamilysurnames.com/wp-content/uploads/2021/03/irishfamilysurnameslogo2.jpg,2,Cosgrave,,,,,,,,,,,,,,,,,,,,,,,unlisted
cosgrave,,,,,,,false,,,,,,,,,,,,,,,,,,https://irishfamilysurnames.com/wp-content/uploads/2021/04/connor-B-H-300x375.jpg,3,Cosgrave,,,,,,,,,,,,,,,,,,,,,,,unlisted
cosgrave,,,,,,,false,,,,,,,,,,,,,,,,,,https://irishfamilysurnames.com/wp-content/uploads/2021/04/cleary-B-H-300x375.jpg,4,Cosgrave,,,,,,,,,,,,,,,,,,,,,,,unlisted
cosgrave,,,,,,,false,,,,,,,,,,,,,,,,,,https://irishfamilysurnames.com/wp-content/uploads/2021/04/carney-B-H-300x375.jpg,5,Cosgrave,,,,,,,,,,,,,,,,,,,,,,,unlisted
cosgrove,Cosgrove,"<p>Learn the full history of your family with a Family History or a Crest/History Combination.</p><p>Family History Standard : 16 x 20 cm | 6 x 8 inches. €9.90</p><p>Family History Large : 20 x 26 cm | 8 x 10 inches. €12.50</p><p>Family Combination (History &amp;amp;amp; Crest) : 26 x 20 cm | 10 x 8 inches.€14.95</p><p>Family Histories and Family Combinations are supplied mounted and ready to frame.<br/>FREE WORLDWIDE POSTAGE</p>",Irish Family Surnames,,General,"imported, unlisted",false,Title,Default Title,,,,,4567,0,shopify,1,deny,manual,9.90,,true,true,,https://irishfamilysurnames.com/wp-content/uploads/2021/04/cosgrove-B-H.jpg,1,Cosgrove,false,Cosgrove,Learn the full history of your family with a Family History or a Crest/History Combination. Family History Standard : 16 x 20 cm | 6 x 8 inches. €9.90 Family History Large : 20 x 26 cm | 8 x 10 inches. €12.50 Family Combination (History &amp; Crest) : 26 x 20 cm | 10 x 8 inches.€14.95 Family Histories and Family Combin,,,,,,,,,,,,,g,,,true,true,,,unlisted
cosgrove,,,,,,,false,,,,,,,,,,,,,,,,,,https://irishfamilysurnames.com/wp-content/uploads/2021/03/irishfamilysurnameslogo2.jpg,2,Cosgrove,,,,,,,,,,,,,,,,,,,,,,,unlisted
cosgrove,,,,,,,false,,,,,,,,,,,,,,,,,,https://irishfamilysurnames.com/wp-content/uploads/2021/04/condon-B-H-300x375.jpg,3,Cosgrove,,,,,,,,,,,,,,,,,,,,,,,unlisted
cosgrove,,,,,,,false,,,,,,,,,,,,,,,,,,https://irishfamilysurnames.com/wp-content/uploads/2021/04/clery-B-H-300x375.jpg,4,Cosgrove,,,,,,,,,,,,,,,,,,,,,,,unlisted
cosgrove,,,,,,,false,,,,,,,,,,,,,,,,,,https://irishfamilysurnames.com/wp-content/uploads/2021/04/coffey-B-H-300x375.jpg,5,Cosgrove,,,,,,,,,,,,,,,,,,,,,,,unlisted
costello,Costello,"<p>Learn the full history of your family with a Family History or a Crest/History Combination.</p><p>Family History Standard : 16 x 20 cm | 6 x 8 inches. €9.90</p><p>Family History Large : 20 x 26 cm | 8 x 10 inches. €12.50</p><p>Family Combination (History &amp;amp;amp; Crest) : 26 x 20 cm | 10 x 8 inches.€14.95</p><p>Family Histories and Family Combinations are supplied mounted and ready to frame.<br/>FREE WORLDWIDE POSTAGE</p>",Irish Family Surnames,,General,"imported, unlisted",false,Title,Default Title,,,,,4578,0,shopify,1,deny,manual,9.90,,true,true,,https://irishfamilysurnames.com/wp-content/uploads/2021/04/costello-B-H.jpg,1,Costello,false,Costello,Learn the full history of your family with a Family History or a Crest/History Combination. Family History Standard : 16 x 20 cm | 6 x 8 inches. €9.90 Family History Large : 20 x 26 cm | 8 x 10 inches. €12.50 Family Combination (History &amp; Crest) : 26 x 20 cm | 10 x 8 inches.€14.95 Family Histories and Family Combin,,,,,,,,,,,,,g,,,true,true,,,unlisted
costello,,,,,,,false,,,,,,,,,,,,,,,,,,https://irishfamilysurnames.com/wp-content/uploads/2021/03/irishfamilysurnameslogo2.jpg,2,Costello,,,,,,,,,,,,,,,,,,,,,,,unlisted
costello,,,,,,,false,,,,,,,,,,,,,,,,,,https://irishfamilysurnames.com/wp-content/uploads/2021/04/collins-B-H-300x375.jpg,3,Costello,,,,,,,,,,,,,,,,,,,,,,,unlisted
costello,,,,,,,false,,,,,,,,,,,,,,,,,,https://irishfamilysurnames.com/wp-content/uploads/2021/04/clery-B-H-300x375.jpg,4,Costello,,,,,,,,,,,,,,,,,,,,,,,unlisted
costello,,,,,,,false,,,,,,,,,,,,,,,,,,https://irishfamilysurnames.com/wp-content/uploads/2021/04/clarke-B-H-300x375.jpg,5,Costello,,,,,,,,,,,,,,,,,,,,,,,unlisted
coughlin,Coughlin,"<p>Learn the full history of your family with a Family History or a Crest/History Combination.</p><p>Family History Standard : 16 x 20 cm | 6 x 8 inches. €9.90</p><p>Family History Large : 20 x 26 cm | 8 x 10 inches. €12.50</p><p>Family Combination (History &amp;amp;amp; Crest) : 26 x 20 cm | 10 x 8 inches.€14.95</p><p>Family Histories and Family Combinations are supplied mounted and ready to frame.<br/>FREE WORLDWIDE POSTAGE</p>",Irish Family Surnames,,General,"imported, unlisted",false,Title,Default Title,,,,,4611,0,shopify,1,deny,manual,9.90,,true,true,,https://irishfamilysurnames.com/wp-content/uploads/2021/04/coughlin-B-H.jpg,1,Coughlin,false,Coughlin,Learn the full history of your family with a Family History or a Crest/History Combination. Family History Standard : 16 x 20 cm | 6 x 8 inches. €9.90 Family History Large : 20 x 26 cm | 8 x 10 inches. €12.50 Family Combination (History &amp; Crest) : 26 x 20 cm | 10 x 8 inches.€14.95 Family Histories and Family Combin,,,,,,,,,,,,,g,,,true,true,,,unlisted
coughlin,,,,,,,false,,,,,,,,,,,,,,,,,,https://irishfamilysurnames.com/wp-content/uploads/2021/03/irishfamilysurnameslogo2.jpg,2,Coughlin,,,,,,,,,,,,,,,,,,,,,,,unlisted
coughlin,,,,,,,false,,,,,,,,,,,,,,,,,,https://irishfamilysurnames.com/wp-content/uploads/2021/04/corrigan-B-H-300x375.jpg,3,Coughlin,,,,,,,,,,,,,,,,,,,,,,,unlisted
coughlin,,,,,,,false,,,,,,,,,,,,,,,,,,https://irishfamilysurnames.com/wp-content/uploads/2021/04/clancy-B-H-300x375.jpg,4,Coughlin,,,,,,,,,,,,,,,,,,,,,,,unlisted
coughlin,,,,,,,false,,,,,,,,,,,,,,,,,,https://irishfamilysurnames.com/wp-content/uploads/2021/04/connor-B-H-300x375.jpg,5,Coughlin,,,,,,,,,,,,,,,,,,,,,,,unlisted
coyle,Coyle,"<p>Learn the full history of your family with a Family History or a Crest/History Combination.</p><p>Family History Standard : 16 x 20 cm | 6 x 8 inches. €9.90</p><p>Family History Large : 20 x 26 cm | 8 x 10 inches. €12.50</p><p>Family Combination (History &amp;amp;amp; Crest) : 26 x 20 cm | 10 x 8 inches.€14.95</p><p>Family Histories and Family Combinations are supplied mounted and ready to frame.<br/>FREE WORLDWIDE POSTAGE</p>",Irish Family Surnames,,General,"imported, unlisted",false,Title,Default Title,,,,,4622,0,shopify,1,deny,manual,9.90,,true,true,,https://irishfamilysurnames.com/wp-content/uploads/2021/04/coyle-B-H.jpg,1,Coyle,false,Coyle,Learn the full history of your family with a Family History or a Crest/History Combination. Family History Standard : 16 x 20 cm | 6 x 8 inches. €9.90 Family History Large : 20 x 26 cm | 8 x 10 inches. €12.50 Family Combination (History &amp; Crest) : 26 x 20 cm | 10 x 8 inches.€14.95 Family Histories and Family Combin,,,,,,,,,,,,,g,,,true,true,,,unlisted
coyle,,,,,,,false,,,,,,,,,,,,,,,,,,https://irishfamilysurnames.com/wp-content/uploads/2021/03/irishfamilysurnameslogo2.jpg,2,Coyle,,,,,,,,,,,,,,,,,,,,,,,unlisted
coyle,,,,,,,false,,,,,,,,,,,,,,,,,,https://irishfamilysurnames.com/wp-content/uploads/2021/04/cooney-B-H-300x375.jpg,3,Coyle,,,,,,,,,,,,,,,,,,,,,,,unlisted
coyle,,,,,,,false,,,,,,,,,,,,,,,,,,https://irishfamilysurnames.com/wp-content/uploads/2021/04/collins-B-H-300x375.jpg,4,Coyle,,,,,,,,,,,,,,,,,,,,,,,unlisted
coyle,,,,,,,false,,,,,,,,,,,,,,,,,,https://irishfamilysurnames.com/wp-content/uploads/2021/04/carr-B-H-300x375.jpg,5,Coyle,,,,,,,,,,,,,,,,,,,,,,,unlisted
coyne,Coyne,"<p>Learn the full history of your family with a Family History or a Crest/History Combination.</p><p>Family History Standard : 16 x 20 cm | 6 x 8 inches. €9.90</p><p>Family History Large : 20 x 26 cm | 8 x 10 inches. €12.50</p><p>Family Combination (History &amp;amp;amp; Crest) : 26 x 20 cm | 10 x 8 inches.€14.95</p><p>Family Histories and Family Combinations are supplied mounted and ready to frame.<br/>FREE WORLDWIDE POSTAGE</p>",Irish Family Surnames,,General,"imported, unlisted",false,Title,Default Title,,,,,4633,0,shopify,1,deny,manual,9.90,,true,true,,https://irishfamilysurnames.com/wp-content/uploads/2021/04/coyne-B-H.jpg,1,Coyne,false,Coyne,Learn the full history of your family with a Family History or a Crest/History Combination. Family History Standard : 16 x 20 cm | 6 x 8 inches. €9.90 Family History Large : 20 x 26 cm | 8 x 10 inches. €12.50 Family Combination (History &amp; Crest) : 26 x 20 cm | 10 x 8 inches.€14.95 Family Histories and Family Combin,,,,,,,,,,,,,g,,,true,true,,,unlisted
coyne,,,,,,,false,,,,,,,,,,,,,,,,,,https://irishfamilysurnames.com/wp-content/uploads/2021/03/irishfamilysurnameslogo2.jpg,2,Coyne,,,,,,,,,,,,,,,,,,,,,,,unlisted
coyne,,,,,,,false,,,,,,,,,,,,,,,,,,https://irishfamilysurnames.com/wp-content/uploads/2021/04/cavanaugh-B-H-300x375.jpg,3,Coyne,,,,,,,,,,,,,,,,,,,,,,,unlisted
coyne,,,,,,,false,,,,,,,,,,,,,,,,,,https://irishfamilysurnames.com/wp-content/uploads/2021/04/carey-B-H-300x375.jpg,4,Coyne,,,,,,,,,,,,,,,,,,,,,,,unlisted
coyne,,,,,,,false,,,,,,,,,,,,,,,,,,https://irishfamilysurnames.com/wp-content/uploads/2021/04/coleman-B-H-300x375.jpg,5,Coyne,,,,,,,,,,,,,,,,,,,,,,,unlisted
cremin,Cremin,"<p>Learn the full history of your family with a Family History or a Crest/History Combination.</p><p>Family History Standard : 16 x 20 cm | 6 x 8 inches. €9.90</p><p>Family History Large : 20 x 26 cm | 8 x 10 inches. €12.50</p><p>Family Combination (History &amp;amp;amp; Crest) : 26 x 20 cm | 10 x 8 inches.€14.95</p><p>Family Histories and Family Combinations are supplied mounted and ready to frame.<br/>FREE WORLDWIDE POSTAGE</p>",Irish Family Surnames,,General,"imported, unlisted",false,Title,Default Title,,,,,4644,0,shopify,1,deny,manual,9.90,,true,true,,https://irishfamilysurnames.com/wp-content/uploads/2021/04/cremin-B-H.jpg,1,Cremin,false,Cremin,Learn the full history of your family with a Family History or a Crest/History Combination. Family History Standard : 16 x 20 cm | 6 x 8 inches. €9.90 Family History Large : 20 x 26 cm | 8 x 10 inches. €12.50 Family Combination (History &amp; Crest) : 26 x 20 cm | 10 x 8 inches.€14.95 Family Histories and Family Combin,,,,,,,,,,,,,g,,,true,true,,,unlisted
cremin,,,,,,,false,,,,,,,,,,,,,,,,,,https://irishfamilysurnames.com/wp-content/uploads/2021/03/irishfamilysurnameslogo2.jpg,2,Cremin,,,,,,,,,,,,,,,,,,,,,,,unlisted
cremin,,,,,,,false,,,,,,,,,,,,,,,,,,https://irishfamilysurnames.com/wp-content/uploads/2021/04/conway-B-H-300x375.jpg,3,Cremin,,,,,,,,,,,,,,,,,,,,,,,unlisted
cremin,,,,,,,false,,,,,,,,,,,,,,,,,,https://irishfamilysurnames.com/wp-content/uploads/2021/04/carney-B-H-300x375.jpg,4,Cremin,,,,,,,,,,,,,,,,,,,,,,,unlisted
cremin,,,,,,,false,,,,,,,,,,,,,,,,,,https://irishfamilysurnames.com/wp-content/uploads/2021/04/cleary-B-H-300x375.jpg,5,Cremin,,,,,,,,,,,,,,,,,,,,,,,unlisted
crowe,Crowe,"<p>Learn the full history of your family with a Family History or a Crest/History Combination.</p><p>Family History Standard : 16 x 20 cm | 6 x 8 inches. €9.90</p><p>Family History Large : 20 x 26 cm | 8 x 10 inches. €12.50</p><p>Family Combination (History &amp;amp;amp; Crest) : 26 x 20 cm | 10 x 8 inches.€14.95</p><p>Family Histories and Family Combinations are supplied mounted and ready to frame.<br/>FREE WORLDWIDE POSTAGE</p>",Irish Family Surnames,,General,"imported, unlisted",false,Title,Default Title,,,,,4666,0,shopify,1,deny,manual,9.90,,true,true,,https://irishfamilysurnames.com/wp-content/uploads/2021/04/crowe-B-H.jpg,1,Crowe,false,Crowe,Learn the full history of your family with a Family History or a Crest/History Combination. Family History Standard : 16 x 20 cm | 6 x 8 inches. €9.90 Family History Large : 20 x 26 cm | 8 x 10 inches. €12.50 Family Combination (History &amp; Crest) : 26 x 20 cm | 10 x 8 inches.€14.95 Family Histories and Family Combin,,,,,,,,,,,,,g,,,true,true,,,unlisted
crowe,,,,,,,false,,,,,,,,,,,,,,,,,,https://irishfamilysurnames.com/wp-content/uploads/2021/03/irishfamilysurnameslogo2.jpg,2,Crowe,,,,,,,,,,,,,,,,,,,,,,,unlisted
crowe,,,,,,,false,,,,,,,,,,,,,,,,,,https://irishfamilysurnames.com/wp-content/uploads/2021/04/carroll-B-H-300x375.jpg,3,Crowe,,,,,,,,,,,,,,,,,,,,,,,unlisted
crowe,,,,,,,false,,,,,,,,,,,,,,,,,,https://irishfamilysurnames.com/wp-content/uploads/2021/04/cooney-B-H-300x375.jpg,4,Crowe,,,,,,,,,,,,,,,,,,,,,,,unlisted
crowe,,,,,,,false,,,,,,,,,,,,,,,,,,https://irishfamilysurnames.com/wp-content/uploads/2021/04/cleary-B-H-300x375.jpg,5,Crowe,,,,,,,,,,,,,,,,,,,,,,,unlisted
cullen,Cullen,"<p>Learn the full history of your family with a Family History or a Crest/History Combination.</p><p>Family History Standard : 16 x 20 cm | 6 x 8 inches. €9.90</p><p>Family History Large : 20 x 26 cm | 8 x 10 inches. €12.50</p><p>Family Combination (History &amp;amp;amp; Crest) : 26 x 20 cm | 10 x 8 inches.€14.95</p><p>Family Histories and Family Combinations are supplied mounted and ready to frame.<br/>FREE WORLDWIDE POSTAGE</p>",Irish Family Surnames,,General,"imported, unlisted",false,Title,Default Title,,,,,4688,0,shopify,1,deny,manual,9.90,,true,true,,https://irishfamilysurnames.com/wp-content/uploads/2021/04/cullen-B-H.jpg,1,Cullen,false,Cullen,Learn the full history of your family with a Family History or a Crest/History Combination. Family History Standard : 16 x 20 cm | 6 x 8 inches. €9.90 Family History Large : 20 x 26 cm | 8 x 10 inches. €12.50 Family Combination (History &amp; Crest) : 26 x 20 cm | 10 x 8 inches.€14.95 Family Histories and Family Combin,,,,,,,,,,,,,g,,,true,true,,,unlisted
cullen,,,,,,,false,,,,,,,,,,,,,,,,,,https://irishfamilysurnames.com/wp-content/uploads/2021/03/irishfamilysurnameslogo2.jpg,2,Cullen,,,,,,,,,,,,,,,,,,,,,,,unlisted
cullen,,,,,,,false,,,,,,,,,,,,,,,,,,https://irishfamilysurnames.com/wp-content/uploads/2021/04/corcoran-B-H-300x375.jpg,3,Cullen,,,,,,,,,,,,,,,,,,,,,,,unlisted
cullen,,,,,,,false,,,,,,,,,,,,,,,,,,https://irishfamilysurnames.com/wp-content/uploads/2021/04/carroll-B-H-300x375.jpg,4,Cullen,,,,,,,,,,,,,,,,,,,,,,,unlisted
cullen,,,,,,,false,,,,,,,,,,,,,,,,,,https://irishfamilysurnames.com/wp-content/uploads/2021/04/coffey-B-H-300x375.jpg,5,Cullen,,,,,,,,,,,,,,,,,,,,,,,unlisted
cummins,Cummins,"<p>Learn the full history of your family with a Family History or a Crest/History Combination.</p><p>Family History Standard : 16 x 20 cm | 6 x 8 inches. €9.90</p><p>Family History Large : 20 x 26 cm | 8 x 10 inches. €12.50</p><p>Family Combination (History &amp;amp;amp; Crest) : 26 x 20 cm | 10 x 8 inches.€14.95</p><p>Family Histories and Family Combinations are supplied mounted and ready to frame.<br/>FREE WORLDWIDE POSTAGE</p>",Irish Family Surnames,,General,"imported, unlisted",false,Title,Default Title,,,,,4699,0,shopify,1,deny,manual,9.90,,true,true,,https://irishfamilysurnames.com/wp-content/uploads/2021/04/cummins-B-H.jpg,1,Cummins,false,Cummins,Learn the full history of your family with a Family History or a Crest/History Combination. Family History Standard : 16 x 20 cm | 6 x 8 inches. €9.90 Family History Large : 20 x 26 cm | 8 x 10 inches. €12.50 Family Combination (History &amp; Crest) : 26 x 20 cm | 10 x 8 inches.€14.95 Family Histories and Family Combin,,,,,,,,,,,,,g,,,true,true,,,unlisted
cummins,,,,,,,false,,,,,,,,,,,,,,,,,,https://irishfamilysurnames.com/wp-content/uploads/2021/03/irishfamilysurnameslogo2.jpg,2,Cummins,,,,,,,,,,,,,,,,,,,,,,,unlisted
cummins,,,,,,,false,,,,,,,,,,,,,,,,,,https://irishfamilysurnames.com/wp-content/uploads/2021/04/conlan-B-H-300x375.jpg,3,Cummins,,,,,,,,,,,,,,,,,,,,,,,unlisted
cummins,,,,,,,false,,,,,,,,,,,,,,,,,,https://irishfamilysurnames.com/wp-content/uploads/2021/04/clancy-B-H-300x375.jpg,4,Cummins,,,,,,,,,,,,,,,,,,,,,,,unlisted
cummins,,,,,,,false,,,,,,,,,,,,,,,,,,https://irishfamilysurnames.com/wp-content/uploads/2021/04/cleary-B-H-300x375.jpg,5,Cummins,,,,,,,,,,,,,,,,,,,,,,,unlisted
cunningham,Cunningham,"<p>Learn the full history of your family with a Family History or a Crest/History Combination.</p><p>Family History Standard : 16 x 20 cm | 6 x 8 inches. €9.90</p><p>Family History Large : 20 x 26 cm | 8 x 10 inches. €12.50</p><p>Family Combination (History &amp;amp;amp; Crest) : 26 x 20 cm | 10 x 8 inches.€14.95</p><p>Family Histories and Family Combinations are supplied mounted and ready to frame.<br/>FREE WORLDWIDE POSTAGE</p>",Irish Family Surnames,,General,"imported, unlisted",false,Title,Default Title,,,,,4710,0,shopify,1,deny,manual,9.90,,true,true,,https://irishfamilysurnames.com/wp-content/uploads/2021/04/cunningham-B-H.jpg,1,Cunningham,false,Cunningham,Learn the full history of your family with a Family History or a Crest/History Combination. Family History Standard : 16 x 20 cm | 6 x 8 inches. €9.90 Family History Large : 20 x 26 cm | 8 x 10 inches. €12.50 Family Combination (History &amp; Crest) : 26 x 20 cm | 10 x 8 inches.€14.95 Family Histories and Family Combin,,,,,,,,,,,,,g,,,true,true,,,unlisted
cunningham,,,,,,,false,,,,,,,,,,,,,,,,,,https://irishfamilysurnames.com/wp-content/uploads/2021/03/irishfamilysurnameslogo2.jpg,2,Cunningham,,,,,,,,,,,,,,,,,,,,,,,unlisted
cunningham,,,,,,,false,,,,,,,,,,,,,,,,,,https://irishfamilysurnames.com/wp-content/uploads/2021/04/coleman-B-H-300x375.jpg,3,Cunningham,,,,,,,,,,,,,,,,,,,,,,,unlisted
cunningham,,,,,,,false,,,,,,,,,,,,,,,,,,https://irishfamilysurnames.com/wp-content/uploads/2021/04/cary-B-H-300x375.jpg,4,Cunningham,,,,,,,,,,,,,,,,,,,,,,,unlisted
cunningham,,,,,,,false,,,,,,,,,,,,,,,,,,https://irishfamilysurnames.com/wp-content/uploads/2021/04/corcoran-B-H-300x375.jpg,5,Cunningham,,,,,,,,,,,,,,,,,,,,,,,unlisted
curran,Curran,"<p>Learn the full history of your family with a Family History or a Crest/History Combination.</p><p>Family History Standard : 16 x 20 cm | 6 x 8 inches. €9.90</p><p>Family History Large : 20 x 26 cm | 8 x 10 inches. €12.50</p><p>Family Combination (History &amp;amp;amp; Crest) : 26 x 20 cm | 10 x 8 inches.€14.95</p><p>Family Histories and Family Combinations are supplied mounted and ready to frame.<br/>FREE WORLDWIDE POSTAGE</p>",Irish Family Surnames,,General,"imported, unlisted",false,Title,Default Title,,,,,4722,0,shopify,1,deny,manual,9.90,,true,true,,https://irishfamilysurnames.com/wp-content/uploads/2021/04/curran-B-H.jpg,1,Curran,false,Curran,Learn the full history of your family with a Family History or a Crest/History Combination. Family History Standard : 16 x 20 cm | 6 x 8 inches. €9.90 Family History Large : 20 x 26 cm | 8 x 10 inches. €12.50 Family Combination (History &amp; Crest) : 26 x 20 cm | 10 x 8 inches.€14.95 Family Histories and Family Combin,,,,,,,,,,,,,g,,,true,true,,,unlisted
curran,,,,,,,false,,,,,,,,,,,,,,,,,,https://irishfamilysurnames.com/wp-content/uploads/2021/03/irishfamilysurnameslogo2.jpg,2,Curran,,,,,,,,,,,,,,,,,,,,,,,unlisted
curran,,,,,,,false,,,,,,,,,,,,,,,,,,https://irishfamilysurnames.com/wp-content/uploads/2021/04/clarke-B-H-300x375.jpg,3,Curran,,,,,,,,,,,,,,,,,,,,,,,unlisted
curran,,,,,,,false,,,,,,,,,,,,,,,,,,https://irishfamilysurnames.com/wp-content/uploads/2021/04/cassidy-B-H-300x375.jpg,4,Curran,,,,,,,,,,,,,,,,,,,,,,,unlisted
curran,,,,,,,false,,,,,,,,,,,,,,,,,,https://irishfamilysurnames.com/wp-content/uploads/2021/04/cooney-B-H-300x375.jpg,5,Curran,,,,,,,,,,,,,,,,,,,,,,,unlisted
curtin,Curtin,"<p>Learn the full history of your family with a Family History or a Crest/History Combination.</p><p>Family History Standard : 16 x 20 cm | 6 x 8 inches. €9.90</p><p>Family History Large : 20 x 26 cm | 8 x 10 inches. €12.50</p><p>Family Combination (History &amp;amp;amp; Crest) : 26 x 20 cm | 10 x 8 inches.€14.95</p><p>Family Histories and Family Combinations are supplied mounted and ready to frame.<br/>FREE WORLDWIDE POSTAGE</p>",Irish Family Surnames,,General,"imported, unlisted",false,Title,Default Title,,,,,4734,0,shopify,1,deny,manual,9.90,,true,true,,https://irishfamilysurnames.com/wp-content/uploads/2021/04/curtin-B-H.jpg,1,Curtin,false,Curtin,Learn the full history of your family with a Family History or a Crest/History Combination. Family History Standard : 16 x 20 cm | 6 x 8 inches. €9.90 Family History Large : 20 x 26 cm | 8 x 10 inches. €12.50 Family Combination (History &amp; Crest) : 26 x 20 cm | 10 x 8 inches.€14.95 Family Histories and Family Combin,,,,,,,,,,,,,g,,,true,true,,,unlisted
curtin,,,,,,,false,,,,,,,,,,,,,,,,,,https://irishfamilysurnames.com/wp-content/uploads/2021/03/irishfamilysurnameslogo2.jpg,2,Curtin,,,,,,,,,,,,,,,,,,,,,,,unlisted
curtin,,,,,,,false,,,,,,,,,,,,,,,,,,https://irishfamilysurnames.com/wp-content/uploads/2021/04/corrigan-B-H-300x375.jpg,3,Curtin,,,,,,,,,,,,,,,,,,,,,,,unlisted
curtin,,,,,,,false,,,,,,,,,,,,,,,,,,https://irishfamilysurnames.com/wp-content/uploads/2021/04/cary-B-H-300x375.jpg,4,Curtin,,,,,,,,,,,,,,,,,,,,,,,unlisted
curtin,,,,,,,false,,,,,,,,,,,,,,,,,,https://irishfamilysurnames.com/wp-content/uploads/2021/04/cahill-B-H-300x375.jpg,5,Curtin,,,,,,,,,,,,,,,,,,,,,,,unlisted
cusack,Cusack,"<p>Learn the full history of your family with a Family History or a Crest/History Combination.</p><p>Family History Standard : 16 x 20 cm | 6 x 8 inches. €9.90</p><p>Family History Large : 20 x 26 cm | 8 x 10 inches. €12.50</p><p>Family Combination (History &amp;amp;amp; Crest) : 26 x 20 cm | 10 x 8 inches.€14.95</p><p>Family Histories and Family Combinations are supplied mounted and ready to frame.<br/>FREE WORLDWIDE POSTAGE</p>",Irish Family Surnames,,General,"imported, unlisted",false,Title,Default Title,,,,,4745,0,shopify,1,deny,manual,9.90,,true,true,,https://irishfamilysurnames.com/wp-content/uploads/2021/04/cusack-B-H.jpg,1,Cusack,false,Cusack,Learn the full history of your family with a Family History or a Crest/History Combination. Family History Standard : 16 x 20 cm | 6 x 8 inches. €9.90 Family History Large : 20 x 26 cm | 8 x 10 inches. €12.50 Family Combination (History &amp; Crest) : 26 x 20 cm | 10 x 8 inches.€14.95 Family Histories and Family Combin,,,,,,,,,,,,,g,,,true,true,,,unlisted
cusack,,,,,,,false,,,,,,,,,,,,,,,,,,https://irishfamilysurnames.com/wp-content/uploads/2021/03/irishfamilysurnameslogo2.jpg,2,Cusack,,,,,,,,,,,,,,,,,,,,,,,unlisted
cusack,,,,,,,false,,,,,,,,,,,,,,,,,,https://irishfamilysurnames.com/wp-content/uploads/2021/04/conlan-B-H-300x375.jpg,3,Cusack,,,,,,,,,,,,,,,,,,,,,,,unlisted
cusack,,,,,,,false,,,,,,,,,,,,,,,,,,https://irishfamilysurnames.com/wp-content/uploads/2021/04/clark-B-H-300x375.jpg,4,Cusack,,,,,,,,,,,,,,,,,,,,,,,unlisted
cusack,,,,,,,false,,,,,,,,,,,,,,,,,,https://irishfamilysurnames.com/wp-content/uploads/2021/04/condon-B-H-300x375.jpg,5,Cusack,,,,,,,,,,,,,,,,,,,,,,,unlisted
taylor,D'Arcy,"<p>Learn the full history of your family with a Family History or a Crest/History Combination.</p><p>Family History Standard : 16 x 20 cm | 6 x 8 inches. €9.90</p><p>Family History Large : 20 x 26 cm | 8 x 10 inches. €12.50</p><p>Family Combination (History &amp;amp;amp; Crest) : 26 x 20 cm | 10 x 8 inches.€14.95</p><p>Family Histories and Family Combinations are supplied mounted and ready to frame.<br/>FREE WORLDWIDE POSTAGE</p>",Irish Family Surnames,,General,"imported, unlisted",false,Title,Default Title,,,,,4756,0,shopify,1,deny,manual,9.90,,true,true,,https://irishfamilysurnames.com/wp-content/uploads/2021/04/d-arcy-B-H.jpg,1,D'Arcy,false,D'Arcy,Learn the full history of your family with a Family History or a Crest/History Combination. Family History Standard : 16 x 20 cm | 6 x 8 inches. €9.90 Family History Large : 20 x 26 cm | 8 x 10 inches. €12.50 Family Combination (History &amp; Crest) : 26 x 20 cm | 10 x 8 inches.€14.95 Family Histories and Family Combin,,,,,,,,,,,,,g,,,true,true,,,unlisted
taylor,,,,,,,false,,,,,,,,,,,,,,,,,,https://irishfamilysurnames.com/wp-content/uploads/2021/03/irishfamilysurnameslogo2.jpg,2,D'Arcy,,,,,,,,,,,,,,,,,,,,,,,unlisted
taylor,,,,,,,false,,,,,,,,,,,,,,,,,,https://irishfamilysurnames.com/wp-content/uploads/2021/04/dugan-B-H-300x375.jpg,3,D'Arcy,,,,,,,,,,,,,,,,,,,,,,,unlisted
taylor,,,,,,,false,,,,,,,,,,,,,,,,,,https://irishfamilysurnames.com/wp-content/uploads/2021/04/duffy-B-H-300x375.jpg,4,D'Arcy,,,,,,,,,,,,,,,,,,,,,,,unlisted
taylor,,,,,,,false,,,,,,,,,,,,,,,,,,https://irishfamilysurnames.com/wp-content/uploads/2021/04/delaney-B-H-300x375.jpg,5,D'Arcy,,,,,,,,,,,,,,,,,,,,,,,unlisted
taylor-2,Taylor,"<p>Learn the full history of your family with a Family History or a Crest/History Combination.</p><p>Family History Standard : 16 x 20 cm | 6 x 8 inches. €9.90</p><p>Family History Large : 20 x 26 cm | 8 x 10 inches. €12.50</p><p>Family Combination (History &amp;amp;amp; Crest) : 26 x 20 cm | 10 x 8 inches.€14.95</p><p>Family Histories and Family Combinations are supplied mounted and ready to frame.<br/>FREE WORLDWIDE POSTAGE</p>",Irish Family Surnames,,General,"imported, unlisted",false,Title,Default Title,,,,,4787,0,shopify,1,deny,manual,9.90,,true,true,,https://irishfamilysurnames.com/wp-content/uploads/2021/04/taylor-B-H.jpg,1,Taylor,false,Taylor,Learn the full history of your family with a Family History or a Crest/History Combination. Family History Standard : 16 x 20 cm | 6 x 8 inches. €9.90 Family History Large : 20 x 26 cm | 8 x 10 inches. €12.50 Family Combination (History &amp; Crest) : 26 x 20 cm | 10 x 8 inches.€14.95 Family Histories and Family Combin,,,,,,,,,,,,,g,,,true,true,,,unlisted
taylor-2,,,,,,,false,,,,,,,,,,,,,,,,,,https://irishfamilysurnames.com/wp-content/uploads/2021/03/irishfamilysurnameslogo2.jpg,2,Taylor,,,,,,,,,,,,,,,,,,,,,,,unlisted
taylor-2,,,,,,,false,,,,,,,,,,,,,,,,,,https://irishfamilysurnames.com/wp-content/uploads/2021/04/tobin-B-H-300x375.jpg,3,Taylor,,,,,,,,,,,,,,,,,,,,,,,unlisted
taylor-2,,,,,,,false,,,,,,,,,,,,,,,,,,https://irishfamilysurnames.com/wp-content/uploads/2021/04/tierney-B-H-300x375.jpg,4,Taylor,,,,,,,,,,,,,,,,,,,,,,,unlisted
taylor-2,,,,,,,false,,,,,,,,,,,,,,,,,,https://irishfamilysurnames.com/wp-content/uploads/2021/04/toole-B-H-300x375.jpg,5,Taylor,,,,,,,,,,,,,,,,,,,,,,,unlisted
thompson,Thompson,"<p>Learn the full history of your family with a Family History or a Crest/History Combination.</p><p>Family History Standard : 16 x 20 cm | 6 x 8 inches. €9.90</p><p>Family History Large : 20 x 26 cm | 8 x 10 inches. €12.50</p><p>Family Combination (History &amp;amp;amp; Crest) : 26 x 20 cm | 10 x 8 inches.€14.95</p><p>Family Histories and Family Combinations are supplied mounted and ready to frame.<br/>FREE WORLDWIDE POSTAGE</p>",Irish Family Surnames,,General,"imported, unlisted",false,Title,Default Title,,,,,4798,0,shopify,1,deny,manual,9.90,,true,true,,https://irishfamilysurnames.com/wp-content/uploads/2021/04/thompson-B-H.jpg,1,Thompson,false,Thompson,Learn the full history of your family with a Family History or a Crest/History Combination. Family History Standard : 16 x 20 cm | 6 x 8 inches. €9.90 Family History Large : 20 x 26 cm | 8 x 10 inches. €12.50 Family Combination (History &amp; Crest) : 26 x 20 cm | 10 x 8 inches.€14.95 Family Histories and Family Combin,,,,,,,,,,,,,g,,,true,true,,,unlisted
thompson,,,,,,,false,,,,,,,,,,,,,,,,,,https://irishfamilysurnames.com/wp-content/uploads/2021/03/irishfamilysurnameslogo2.jpg,2,Thompson,,,,,,,,,,,,,,,,,,,,,,,unlisted
thompson,,,,,,,false,,,,,,,,,,,,,,,,,,https://irishfamilysurnames.com/wp-content/uploads/2021/04/treacy-B-H-300x375.jpg,3,Thompson,,,,,,,,,,,,,,,,,,,,,,,unlisted
thompson,,,,,,,false,,,,,,,,,,,,,,,,,,https://irishfamilysurnames.com/wp-content/uploads/2021/04/taylor-B-H-300x375.jpg,4,Thompson,,,,,,,,,,,,,,,,,,,,,,,unlisted
thompson,,,,,,,false,,,,,,,,,,,,,,,,,,https://irishfamilysurnames.com/wp-content/uploads/2021/04/tobin-B-H-300x375.jpg,5,Thompson,,,,,,,,,,,,,,,,,,,,,,,unlisted
tierney,Tierney,"<p>Learn the full history of your family with a Family History or a Crest/History Combination.</p><p>Family History Standard : 16 x 20 cm | 6 x 8 inches. €9.90</p><p>Family History Large : 20 x 26 cm | 8 x 10 inches. €12.50</p><p>Family Combination (History &amp;amp;amp; Crest) : 26 x 20 cm | 10 x 8 inches.€14.95</p><p>Family Histories and Family Combinations are supplied mounted and ready to frame.<br/>FREE WORLDWIDE POSTAGE</p>",Irish Family Surnames,,General,"imported, unlisted",false,Title,Default Title,,,,,4809,0,shopify,1,deny,manual,9.90,,true,true,,https://irishfamilysurnames.com/wp-content/uploads/2021/04/tierney-B-H.jpg,1,Tierney,false,Tierney,Learn the full history of your family with a Family History or a Crest/History Combination. Family History Standard : 16 x 20 cm | 6 x 8 inches. €9.90 Family History Large : 20 x 26 cm | 8 x 10 inches. €12.50 Family Combination (History &amp; Crest) : 26 x 20 cm | 10 x 8 inches.€14.95 Family Histories and Family Combin,,,,,,,,,,,,,g,,,true,true,,,unlisted
tierney,,,,,,,false,,,,,,,,,,,,,,,,,,https://irishfamilysurnames.com/wp-content/uploads/2021/03/irishfamilysurnameslogo2.jpg,2,Tierney,,,,,,,,,,,,,,,,,,,,,,,unlisted
tierney,,,,,,,false,,,,,,,,,,,,,,,,,,https://irishfamilysurnames.com/wp-content/uploads/2021/04/thompson-B-H-300x375.jpg,3,Tierney,,,,,,,,,,,,,,,,,,,,,,,unlisted
tierney,,,,,,,false,,,,,,,,,,,,,,,,,,https://irishfamilysurnames.com/wp-content/uploads/2021/04/tobin-B-H-300x375.jpg,4,Tierney,,,,,,,,,,,,,,,,,,,,,,,unlisted
tierney,,,,,,,false,,,,,,,,,,,,,,,,,,https://irishfamilysurnames.com/wp-content/uploads/2021/04/treacy-B-H-300x375.jpg,5,Tierney,,,,,,,,,,,,,,,,,,,,,,,unlisted
tracy,Tracy,"<p>Learn the full history of your family with a Family History or a Crest/History Combination.</p><p>Family History Standard : 16 x 20 cm | 6 x 8 inches. €9.90</p><p>Family History Large : 20 x 26 cm | 8 x 10 inches. €12.50</p><p>Family Combination (History &amp;amp;amp; Crest) : 26 x 20 cm | 10 x 8 inches.€14.95</p><p>Family Histories and Family Combinations are supplied mounted and ready to frame.<br/>FREE WORLDWIDE POSTAGE</p>",Irish Family Surnames,,General,"imported, unlisted",false,Title,Default Title,,,,,4842,0,shopify,1,deny,manual,9.90,,true,true,,https://irishfamilysurnames.com/wp-content/uploads/2021/04/tracy-B-H.jpg,1,Tracy,false,Tracy,Learn the full history of your family with a Family History or a Crest/History Combination. Family History Standard : 16 x 20 cm | 6 x 8 inches. €9.90 Family History Large : 20 x 26 cm | 8 x 10 inches. €12.50 Family Combination (History &amp; Crest) : 26 x 20 cm | 10 x 8 inches.€14.95 Family Histories and Family Combin,,,,,,,,,,,,,g,,,true,true,,,unlisted
tracy,,,,,,,false,,,,,,,,,,,,,,,,,,https://irishfamilysurnames.com/wp-content/uploads/2021/03/irishfamilysurnameslogo2.jpg,2,Tracy,,,,,,,,,,,,,,,,,,,,,,,unlisted
tracy,,,,,,,false,,,,,,,,,,,,,,,,,,https://irishfamilysurnames.com/wp-content/uploads/2021/04/treacy-B-H-300x375.jpg,3,Tracy,,,,,,,,,,,,,,,,,,,,,,,unlisted
tracy,,,,,,,false,,,,,,,,,,,,,,,,,,https://irishfamilysurnames.com/wp-content/uploads/2021/04/taylor-B-H-300x375.jpg,4,Tracy,,,,,,,,,,,,,,,,,,,,,,,unlisted
tracy,,,,,,,false,,,,,,,,,,,,,,,,,,https://irishfamilysurnames.com/wp-content/uploads/2021/04/toole-B-H-300x375.jpg,5,Tracy,,,,,,,,,,,,,,,,,,,,,,,unlisted
treacy,Treacy,"<p>Learn the full history of your family with a Family History or a Crest/History Combination.</p><p>Family History Standard : 16 x 20 cm | 6 x 8 inches. €9.90</p><p>Family History Large : 20 x 26 cm | 8 x 10 inches. €12.50</p><p>Family Combination (History &amp;amp;amp; Crest) : 26 x 20 cm | 10 x 8 inches.€14.95</p><p>Family Histories and Family Combinations are supplied mounted and ready to frame.<br/>FREE WORLDWIDE POSTAGE</p>",Irish Family Surnames,,General,"imported, unlisted",false,Title,Default Title,,,,,4853,0,shopify,1,deny,manual,9.90,,true,true,,https://irishfamilysurnames.com/wp-content/uploads/2021/04/treacy-B-H.jpg,1,Treacy,false,Treacy,Learn the full history of your family with a Family History or a Crest/History Combination. Family History Standard : 16 x 20 cm | 6 x 8 inches. €9.90 Family History Large : 20 x 26 cm | 8 x 10 inches. €12.50 Family Combination (History &amp; Crest) : 26 x 20 cm | 10 x 8 inches.€14.95 Family Histories and Family Combin,,,,,,,,,,,,,g,,,true,true,,,unlisted
treacy,,,,,,,false,,,,,,,,,,,,,,,,,,https://irishfamilysurnames.com/wp-content/uploads/2021/03/irishfamilysurnameslogo2.jpg,2,Treacy,,,,,,,,,,,,,,,,,,,,,,,unlisted
treacy,,,,,,,false,,,,,,,,,,,,,,,,,,https://irishfamilysurnames.com/wp-content/uploads/2021/04/taylor-B-H-300x375.jpg,3,Treacy,,,,,,,,,,,,,,,,,,,,,,,unlisted
treacy,,,,,,,false,,,,,,,,,,,,,,,,,,https://irishfamilysurnames.com/wp-content/uploads/2021/04/thompson-B-H-300x375.jpg,4,Treacy,,,,,,,,,,,,,,,,,,,,,,,unlisted
treacy,,,,,,,false,,,,,,,,,,,,,,,,,,https://irishfamilysurnames.com/wp-content/uploads/2021/04/tierney-B-H-300x375.jpg,5,Treacy,,,,,,,,,,,,,,,,,,,,,,,unlisted
wall,Wall,"<p>Learn the full history of your family with a Family History or a Crest/History Combination.</p><p>Family History Standard : 16 x 20 cm | 6 x 8 inches. €9.90</p><p>Family History Large : 20 x 26 cm | 8 x 10 inches. €12.50</p><p>Family Combination (History &amp;amp;amp; Crest) : 26 x 20 cm | 10 x 8 inches.€14.95</p><p>Family Histories and Family Combinations are supplied mounted and ready to frame.<br/>FREE WORLDWIDE POSTAGE</p>",Irish Family Surnames,,General,"imported, unlisted",false,Title,Default Title,,,,,4875,0,shopify,1,deny,manual,9.90,,true,true,,https://irishfamilysurnames.com/wp-content/uploads/2021/04/wall-B-H.jpg,1,Wall,false,Wall,Learn the full history of your family with a Family History or a Crest/History Combination. Family History Standard : 16 x 20 cm | 6 x 8 inches. €9.90 Family History Large : 20 x 26 cm | 8 x 10 inches. €12.50 Family Combination (History &amp; Crest) : 26 x 20 cm | 10 x 8 inches.€14.95 Family Histories and Family Combin,,,,,,,,,,,,,g,,,true,true,,,unlisted
wall,,,,,,,false,,,,,,,,,,,,,,,,,,https://irishfamilysurnames.com/wp-content/uploads/2021/03/irishfamilysurnameslogo2.jpg,2,Wall,,,,,,,,,,,,,,,,,,,,,,,unlisted
wall,,,,,,,false,,,,,,,,,,,,,,,,,,https://irishfamilysurnames.com/wp-content/uploads/2021/04/welsh-B-H-300x375.jpg,3,Wall,,,,,,,,,,,,,,,,,,,,,,,unlisted
wall,,,,,,,false,,,,,,,,,,,,,,,,,,https://irishfamilysurnames.com/wp-content/uploads/2021/04/walshe-B-H-300x375.jpg,4,Wall,,,,,,,,,,,,,,,,,,,,,,,unlisted
wall,,,,,,,false,,,,,,,,,,,,,,,,,,https://irishfamilysurnames.com/wp-content/uploads/2021/04/wilson-B-H-300x375.jpg,5,Wall,,,,,,,,,,,,,,,,,,,,,,,unlisted
walsh,Walsh,"<p>Learn the full history of your family with a Family History or a Crest/History Combination.</p><p>Family History Standard : 16 x 20 cm | 6 x 8 inches. €9.90</p><p>Family History Large : 20 x 26 cm | 8 x 10 inches. €12.50</p><p>Family Combination (History &amp;amp;amp; Crest) : 26 x 20 cm | 10 x 8 inches.€14.95</p><p>Family Histories and Family Combinations are supplied mounted and ready to frame.<br/>FREE WORLDWIDE POSTAGE</p>",Irish Family Surnames,,General,"imported, unlisted",false,Title,Default Title,,,,,4886,0,shopify,1,deny,manual,9.90,,true,true,,https://irishfamilysurnames.com/wp-content/uploads/2021/04/walsh-B-H.jpg,1,Walsh,false,Walsh,Learn the full history of your family with a Family History or a Crest/History Combination. Family History Standard : 16 x 20 cm | 6 x 8 inches. €9.90 Family History Large : 20 x 26 cm | 8 x 10 inches. €12.50 Family Combination (History &amp; Crest) : 26 x 20 cm | 10 x 8 inches.€14.95 Family Histories and Family Combin,,,,,,,,,,,,,g,,,true,true,,,unlisted
walsh,,,,,,,false,,,,,,,,,,,,,,,,,,https://irishfamilysurnames.com/wp-content/uploads/2021/03/irishfamilysurnameslogo2.jpg,2,Walsh,,,,,,,,,,,,,,,,,,,,,,,unlisted
walsh,,,,,,,false,,,,,,,,,,,,,,,,,,https://irishfamilysurnames.com/wp-content/uploads/2021/04/whalen-B-H-300x375.jpg,3,Walsh,,,,,,,,,,,,,,,,,,,,,,,unlisted
walsh,,,,,,,false,,,,,,,,,,,,,,,,,,https://irishfamilysurnames.com/wp-content/uploads/2021/04/whelan-B-H-300x375.jpg,4,Walsh,,,,,,,,,,,,,,,,,,,,,,,unlisted
walsh,,,,,,,false,,,,,,,,,,,,,,,,,,https://irishfamilysurnames.com/wp-content/uploads/2021/04/walker-B-H-300x375.jpg,5,Walsh,,,,,,,,,,,,,,,,,,,,,,,unlisted
walshe,Walshe,"<p>Learn the full history of your family with a Family History or a Crest/History Combination.</p><p>Family History Standard : 16 x 20 cm | 6 x 8 inches. €9.90</p><p>Family History Large : 20 x 26 cm | 8 x 10 inches. €12.50</p><p>Family Combination (History &amp;amp;amp; Crest) : 26 x 20 cm | 10 x 8 inches.€14.95</p><p>Family Histories and Family Combinations are supplied mounted and ready to frame.<br/>FREE WORLDWIDE POSTAGE</p>",Irish Family Surnames,,General,"imported, unlisted",false,Title,Default Title,,,,,4898,0,shopify,1,deny,manual,9.90,,true,true,,https://irishfamilysurnames.com/wp-content/uploads/2021/04/walshe-B-H.jpg,1,Walshe,false,Walshe,Learn the full history of your family with a Family History or a Crest/History Combination. Family History Standard : 16 x 20 cm | 6 x 8 inches. €9.90 Family History Large : 20 x 26 cm | 8 x 10 inches. €12.50 Family Combination (History &amp; Crest) : 26 x 20 cm | 10 x 8 inches.€14.95 Family Histories and Family Combin,,,,,,,,,,,,,g,,,true,true,,,unlisted
walshe,,,,,,,false,,,,,,,,,,,,,,,,,,https://irishfamilysurnames.com/wp-content/uploads/2021/03/irishfamilysurnameslogo2.jpg,2,Walshe,,,,,,,,,,,,,,,,,,,,,,,unlisted
walshe,,,,,,,false,,,,,,,,,,,,,,,,,,https://irishfamilysurnames.com/wp-content/uploads/2021/04/wall-B-H-300x375.jpg,3,Walshe,,,,,,,,,,,,,,,,,,,,,,,unlisted
walshe,,,,,,,false,,,,,,,,,,,,,,,,,,https://irishfamilysurnames.com/wp-content/uploads/2021/04/walker-B-H-300x375.jpg,4,Walshe,,,,,,,,,,,,,,,,,,,,,,,unlisted
walshe,,,,,,,false,,,,,,,,,,,,,,,,,,https://irishfamilysurnames.com/wp-content/uploads/2021/04/welsh-B-H-300x375.jpg,5,Walshe,,,,,,,,,,,,,,,,,,,,,,,unlisted
ward,Ward,"<p>Learn the full history of your family with a Family History or a Crest/History Combination.</p><p>Family History Standard : 16 x 20 cm | 6 x 8 inches. €9.90</p><p>Family History Large : 20 x 26 cm | 8 x 10 inches. €12.50</p><p>Family Combination (History &amp;amp;amp; Crest) : 26 x 20 cm | 10 x 8 inches.€14.95</p><p>Family Histories and Family Combinations are supplied mounted and ready to frame.<br/>FREE WORLDWIDE POSTAGE</p>",Irish Family Surnames,,General,"imported, unlisted",false,Title,Default Title,,,,,4909,0,shopify,1,deny,manual,9.90,,true,true,,https://irishfamilysurnames.com/wp-content/uploads/2021/04/ward-B-H.jpg,1,Ward,false,Ward,Learn the full history of your family with a Family History or a Crest/History Combination. Family History Standard : 16 x 20 cm | 6 x 8 inches. €9.90 Family History Large : 20 x 26 cm | 8 x 10 inches. €12.50 Family Combination (History &amp; Crest) : 26 x 20 cm | 10 x 8 inches.€14.95 Family Histories and Family Combin,,,,,,,,,,,,,g,,,true,true,,,unlisted
ward,,,,,,,false,,,,,,,,,,,,,,,,,,https://irishfamilysurnames.com/wp-content/uploads/2021/03/irishfamilysurnameslogo2.jpg,2,Ward,,,,,,,,,,,,,,,,,,,,,,,unlisted
ward,,,,,,,false,,,,,,,,,,,,,,,,,,https://irishfamilysurnames.com/wp-content/uploads/2021/04/white-B-H-300x375.jpg,3,Ward,,,,,,,,,,,,,,,,,,,,,,,unlisted
ward,,,,,,,false,,,,,,,,,,,,,,,,,,https://irishfamilysurnames.com/wp-content/uploads/2021/04/williams-B-H-300x375.jpg,4,Ward,,,,,,,,,,,,,,,,,,,,,,,unlisted
ward,,,,,,,false,,,,,,,,,,,,,,,,,,https://irishfamilysurnames.com/wp-content/uploads/2021/04/wilson-B-H-300x375.jpg,5,Ward,,,,,,,,,,,,,,,,,,,,,,,unlisted
welsh,Welsh,"<p>Learn the full history of your family with a Family History or a Crest/History Combination.</p><p>Family History Standard : 16 x 20 cm | 6 x 8 inches. €9.90</p><p>Family History Large : 20 x 26 cm | 8 x 10 inches. €12.50</p><p>Family Combination (History &amp;amp;amp; Crest) : 26 x 20 cm | 10 x 8 inches.€14.95</p><p>Family Histories and Family Combinations are supplied mounted and ready to frame.<br/>FREE WORLDWIDE POSTAGE</p>",Irish Family Surnames,,General,"imported, unlisted",false,Title,Default Title,,,,,4920,0,shopify,1,deny,manual,9.90,,true,true,,https://irishfamilysurnames.com/wp-content/uploads/2021/04/welsh-B-H.jpg,1,Welsh,false,Welsh,Learn the full history of your family with a Family History or a Crest/History Combination. Family History Standard : 16 x 20 cm | 6 x 8 inches. €9.90 Family History Large : 20 x 26 cm | 8 x 10 inches. €12.50 Family Combination (History &amp; Crest) : 26 x 20 cm | 10 x 8 inches.€14.95 Family Histories and Family Combin,,,,,,,,,,,,,g,,,true,true,,,unlisted
welsh,,,,,,,false,,,,,,,,,,,,,,,,,,https://irishfamilysurnames.com/wp-content/uploads/2021/03/irishfamilysurnameslogo2.jpg,2,Welsh,,,,,,,,,,,,,,,,,,,,,,,unlisted
welsh,,,,,,,false,,,,,,,,,,,,,,,,,,https://irishfamilysurnames.com/wp-content/uploads/2021/04/white-B-H-300x375.jpg,3,Welsh,,,,,,,,,,,,,,,,,,,,,,,unlisted
welsh,,,,,,,false,,,,,,,,,,,,,,,,,,https://irishfamilysurnames.com/wp-content/uploads/2021/04/walshe-B-H-300x375.jpg,4,Welsh,,,,,,,,,,,,,,,,,,,,,,,unlisted
welsh,,,,,,,false,,,,,,,,,,,,,,,,,,https://irishfamilysurnames.com/wp-content/uploads/2021/04/wilson-B-H-300x375.jpg,5,Welsh,,,,,,,,,,,,,,,,,,,,,,,unlisted
whalen,Whalen,"<p>Learn the full history of your family with a Family History or a Crest/History Combination.</p><p>Family History Standard : 16 x 20 cm | 6 x 8 inches. €9.90</p><p>Family History Large : 20 x 26 cm | 8 x 10 inches. €12.50</p><p>Family Combination (History &amp;amp;amp; Crest) : 26 x 20 cm | 10 x 8 inches.€14.95</p><p>Family Histories and Family Combinations are supplied mounted and ready to frame.<br/>FREE WORLDWIDE POSTAGE</p>",Irish Family Surnames,,General,"imported, unlisted",false,Title,Default Title,,,,,4931,0,shopify,1,deny,manual,9.90,,true,true,,https://irishfamilysurnames.com/wp-content/uploads/2021/04/whalen-B-H.jpg,1,Whalen,false,Whalen,Learn the full history of your family with a Family History or a Crest/History Combination. Family History Standard : 16 x 20 cm | 6 x 8 inches. €9.90 Family History Large : 20 x 26 cm | 8 x 10 inches. €12.50 Family Combination (History &amp; Crest) : 26 x 20 cm | 10 x 8 inches.€14.95 Family Histories and Family Combin,,,,,,,,,,,,,g,,,true,true,,,unlisted
whalen,,,,,,,false,,,,,,,,,,,,,,,,,,https://irishfamilysurnames.com/wp-content/uploads/2021/03/irishfamilysurnameslogo2.jpg,2,Whalen,,,,,,,,,,,,,,,,,,,,,,,unlisted
whalen,,,,,,,false,,,,,,,,,,,,,,,,,,https://irishfamilysurnames.com/wp-content/uploads/2021/04/welsh-B-H-300x375.jpg,3,Whalen,,,,,,,,,,,,,,,,,,,,,,,unlisted
whalen,,,,,,,false,,,,,,,,,,,,,,,,,,https://irishfamilysurnames.com/wp-content/uploads/2021/04/walsh-B-H-300x375.jpg,4,Whalen,,,,,,,,,,,,,,,,,,,,,,,unlisted
whalen,,,,,,,false,,,,,,,,,,,,,,,,,,https://irishfamilysurnames.com/wp-content/uploads/2021/04/white-B-H-300x375.jpg,5,Whalen,,,,,,,,,,,,,,,,,,,,,,,unlisted
whelan,Whelan,"<p>Learn the full history of your family with a Family History or a Crest/History Combination.</p><p>Family History Standard : 16 x 20 cm | 6 x 8 inches. €9.90</p><p>Family History Large : 20 x 26 cm | 8 x 10 inches. €12.50</p><p>Family Combination (History &amp;amp;amp; Crest) : 26 x 20 cm | 10 x 8 inches.€14.95</p><p>Family Histories and Family Combinations are supplied mounted and ready to frame.<br/>FREE WORLDWIDE POSTAGE</p>",Irish Family Surnames,,General,"imported, unlisted",false,Title,Default Title,,,,,4942,0,shopify,1,deny,manual,9.90,,true,true,,https://irishfamilysurnames.com/wp-content/uploads/2021/04/whelan-B-H.jpg,1,Whelan,false,Whelan,Learn the full history of your family with a Family History or a Crest/History Combination. Family History Standard : 16 x 20 cm | 6 x 8 inches. €9.90 Family History Large : 20 x 26 cm | 8 x 10 inches. €12.50 Family Combination (History &amp; Crest) : 26 x 20 cm | 10 x 8 inches.€14.95 Family Histories and Family Combin,,,,,,,,,,,,,g,,,true,true,,,unlisted
whelan,,,,,,,false,,,,,,,,,,,,,,,,,,https://irishfamilysurnames.com/wp-content/uploads/2021/03/irishfamilysurnameslogo2.jpg,2,Whelan,,,,,,,,,,,,,,,,,,,,,,,unlisted
whelan,,,,,,,false,,,,,,,,,,,,,,,,,,https://irishfamilysurnames.com/wp-content/uploads/2021/04/walsh-B-H-300x375.jpg,3,Whelan,,,,,,,,,,,,,,,,,,,,,,,unlisted
whelan,,,,,,,false,,,,,,,,,,,,,,,,,,https://irishfamilysurnames.com/wp-content/uploads/2021/04/wall-B-H-300x375.jpg,4,Whelan,,,,,,,,,,,,,,,,,,,,,,,unlisted
whelan,,,,,,,false,,,,,,,,,,,,,,,,,,https://irishfamilysurnames.com/wp-content/uploads/2021/04/ward-B-H-300x375.jpg,5,Whelan,,,,,,,,,,,,,,,,,,,,,,,unlisted
odonovan-2,O'Donovan,"<p>Learn the full history of your family with a Family History or a Crest/History Combination.</p><p>Family History Standard : 16 x 20 cm | 6 x 8 inches. €9.90</p><p>Family History Large : 20 x 26 cm | 8 x 10 inches. €12.50</p><p>Family Combination (History &amp;amp;amp; Crest) : 26 x 20 cm | 10 x 8 inches.€14.95</p><p>Family Histories and Family Combinations are supplied mounted and ready to frame.<br/>FREE WORLDWIDE POSTAGE</p>",Irish Family Surnames,,General,"imported, unlisted",false,Title,Default Title,,,,,4776,0,shopify,1,deny,manual,9.90,,true,true,,https://irishfamilysurnames.com/wp-content/uploads/2021/04/odonovan-B-H.jpg,1,O'Donovan,false,O'Donovan,Learn the full history of your family with a Family History or a Crest/History Combination. Family History Standard : 16 x 20 cm | 6 x 8 inches. €9.90 Family History Large : 20 x 26 cm | 8 x 10 inches. €12.50 Family Combination (History &amp; Crest) : 26 x 20 cm | 10 x 8 inches.€14.95 Family Histories and Family Combin,,,,,,,,,,,,,g,,,true,true,,,unlisted
odonovan-2,,,,,,,false,,,,,,,,,,,,,,,,,,https://irishfamilysurnames.com/wp-content/uploads/2021/03/irishfamilysurnameslogo2.jpg,2,O'Donovan,,,,,,,,,,,,,,,,,,,,,,,unlisted
odonovan-2,,,,,,,false,,,,,,,,,,,,,,,,,,https://irishfamilysurnames.com/wp-content/uploads/2021/04/o-connor-B-H-300x375.jpg,3,O'Donovan,,,,,,,,,,,,,,,,,,,,,,,unlisted
odonovan-2,,,,,,,false,,,,,,,,,,,,,,,,,,https://irishfamilysurnames.com/wp-content/uploads/2021/04/o-flaherty-B-H-300x375.jpg,4,O'Donovan,,,,,,,,,,,,,,,,,,,,,,,unlisted
odonovan-2,,,,,,,false,,,,,,,,,,,,,,,,,,https://irishfamilysurnames.com/wp-content/uploads/2021/04/o-byrne-B-H-300x375.jpg,5,O'Donovan,,,,,,,,,,,,,,,,,,,,,,,unlisted
davis,Davis,"<p>Learn the full history of your family with a Family History or a Crest/History Combination.</p><p>Family History Standard : 16 x 20 cm | 6 x 8 inches. €9.90</p><p>Family History Large : 20 x 26 cm | 8 x 10 inches. €12.50</p><p>Family Combination (History &amp;amp;amp; Crest) : 26 x 20 cm | 10 x 8 inches.€14.95</p><p>Family Histories and Family Combinations are supplied mounted and ready to frame.<br/>FREE WORLDWIDE POSTAGE</p>",Irish Family Surnames,,General,"imported, unlisted",false,Title,Default Title,,,,,5069,0,shopify,1,deny,manual,9.90,,true,true,,https://irishfamilysurnames.com/wp-content/uploads/2021/04/davis-B-H.jpg,1,Davis,false,Davis,Learn the full history of your family with a Family History or a Crest/History Combination. Family History Standard : 16 x 20 cm | 6 x 8 inches. €9.90 Family History Large : 20 x 26 cm | 8 x 10 inches. €12.50 Family Combination (History &amp; Crest) : 26 x 20 cm | 10 x 8 inches.€14.95 Family Histories and Family Combin,,,,,,,,,,,,,g,,,true,true,,,unlisted
davis,,,,,,,false,,,,,,,,,,,,,,,,,,https://irishfamilysurnames.com/wp-content/uploads/2021/03/irishfamilysurnameslogo2.jpg,2,Davis,,,,,,,,,,,,,,,,,,,,,,,unlisted
davis,,,,,,,false,,,,,,,,,,,,,,,,,,https://irishfamilysurnames.com/wp-content/uploads/2021/04/driscoll-B-H-300x375.jpg,3,Davis,,,,,,,,,,,,,,,,,,,,,,,unlisted
davis,,,,,,,false,,,,,,,,,,,,,,,,,,https://irishfamilysurnames.com/wp-content/uploads/2021/04/dolan-B-H-300x375.jpg,4,Davis,,,,,,,,,,,,,,,,,,,,,,,unlisted
davis,,,,,,,false,,,,,,,,,,,,,,,,,,https://irishfamilysurnames.com/wp-content/uploads/2021/04/duggan-B-H-300x375.jpg,5,Davis,,,,,,,,,,,,,,,,,,,,,,,unlisted
delaney,Delaney,"<p>Learn the full history of your family with a Family History or a Crest/History Combination.</p><p>Family History Standard : 16 x 20 cm | 6 x 8 inches. €9.90</p><p>Family History Large : 20 x 26 cm | 8 x 10 inches. €12.50</p><p>Family Combination (History &amp;amp;amp; Crest) : 26 x 20 cm | 10 x 8 inches.€14.95</p><p>Family Histories and Family Combinations are supplied mounted and ready to frame.<br/>FREE WORLDWIDE POSTAGE</p>",Irish Family Surnames,,General,"imported, unlisted",false,Title,Default Title,,,,,5080,0,shopify,1,deny,manual,9.90,,true,true,,https://irishfamilysurnames.com/wp-content/uploads/2021/04/delaney-B-H.jpg,1,Delaney,false,Delaney,Learn the full history of your family with a Family History or a Crest/History Combination. Family History Standard : 16 x 20 cm | 6 x 8 inches. €9.90 Family History Large : 20 x 26 cm | 8 x 10 inches. €12.50 Family Combination (History &amp; Crest) : 26 x 20 cm | 10 x 8 inches.€14.95 Family Histories and Family Combin,,,,,,,,,,,,,g,,,true,true,,,unlisted
delaney,,,,,,,false,,,,,,,,,,,,,,,,,,https://irishfamilysurnames.com/wp-content/uploads/2021/03/irishfamilysurnameslogo2.jpg,2,Delaney,,,,,,,,,,,,,,,,,,,,,,,unlisted
delaney,,,,,,,false,,,,,,,,,,,,,,,,,,https://irishfamilysurnames.com/wp-content/uploads/2021/04/downey-B-H-300x375.jpg,3,Delaney,,,,,,,,,,,,,,,,,,,,,,,unlisted
delaney,,,,,,,false,,,,,,,,,,,,,,,,,,https://irishfamilysurnames.com/wp-content/uploads/2021/04/dunn-B-H-300x375.jpg,4,Delaney,,,,,,,,,,,,,,,,,,,,,,,unlisted
delaney,,,,,,,false,,,,,,,,,,,,,,,,,,https://irishfamilysurnames.com/wp-content/uploads/2021/04/donlon-B-H-300x375.jpg,5,Delaney,,,,,,,,,,,,,,,,,,,,,,,unlisted
dempsey,Dempsey,"<p>Learn the full history of your family with a Family History or a Crest/History Combination.</p><p>Family History Standard : 16 x 20 cm | 6 x 8 inches. €9.90</p><p>Family History Large : 20 x 26 cm | 8 x 10 inches. €12.50</p><p>Family Combination (History &amp;amp;amp; Crest) : 26 x 20 cm | 10 x 8 inches.€14.95</p><p>Family Histories and Family Combinations are supplied mounted and ready to frame.<br/>FREE WORLDWIDE POSTAGE</p>",Irish Family Surnames,,General,"imported, unlisted",false,Title,Default Title,,,,,5091,0,shopify,1,deny,manual,9.90,,true,true,,https://irishfamilysurnames.com/wp-content/uploads/2021/04/dempsey-B-H.jpg,1,Dempsey,false,Dempsey,Learn the full history of your family with a Family History or a Crest/History Combination. Family History Standard : 16 x 20 cm | 6 x 8 inches. €9.90 Family History Large : 20 x 26 cm | 8 x 10 inches. €12.50 Family Combination (History &amp; Crest) : 26 x 20 cm | 10 x 8 inches.€14.95 Family Histories and Family Combin,,,,,,,,,,,,,g,,,true,true,,,unlisted
dempsey,,,,,,,false,,,,,,,,,,,,,,,,,,https://irishfamilysurnames.com/wp-content/uploads/2021/03/irishfamilysurnameslogo2.jpg,2,Dempsey,,,,,,,,,,,,,,,,,,,,,,,unlisted
dempsey,,,,,,,false,,,,,,,,,,,,,,,,,,https://irishfamilysurnames.com/wp-content/uploads/2021/04/dunn-B-H-300x375.jpg,3,Dempsey,,,,,,,,,,,,,,,,,,,,,,,unlisted
dempsey,,,,,,,false,,,,,,,,,,,,,,,,,,https://irishfamilysurnames.com/wp-content/uploads/2021/04/duggan-B-H-300x375.jpg,4,Dempsey,,,,,,,,,,,,,,,,,,,,,,,unlisted
dempsey,,,,,,,false,,,,,,,,,,,,,,,,,,https://irishfamilysurnames.com/wp-content/uploads/2021/04/donovan-B-H-300x375.jpg,5,Dempsey,,,,,,,,,,,,,,,,,,,,,,,unlisted
donnell,Donnell,"<p>Learn the full history of your family with a Family History or a Crest/History Combination.</p><p>Family History Standard : 16 x 20 cm | 6 x 8 inches. €9.90</p><p>Family History Large : 20 x 26 cm | 8 x 10 inches. €12.50</p><p>Family Combination (History &amp;amp;amp; Crest) : 26 x 20 cm | 10 x 8 inches.€14.95</p><p>Family Histories and Family Combinations are supplied mounted and ready to frame.<br/>FREE WORLDWIDE POSTAGE</p>",Irish Family Surnames,,General,"imported, unlisted",false,Title,Default Title,,,,,5180,0,shopify,1,deny,manual,9.90,,true,true,,https://irishfamilysurnames.com/wp-content/uploads/2021/04/donnell-B-H.jpg,1,Donnell,false,Donnell,Learn the full history of your family with a Family History or a Crest/History Combination. Family History Standard : 16 x 20 cm | 6 x 8 inches. €9.90 Family History Large : 20 x 26 cm | 8 x 10 inches. €12.50 Family Combination (History &amp; Crest) : 26 x 20 cm | 10 x 8 inches.€14.95 Family Histories and Family Combin,,,,,,,,,,,,,g,,,true,true,,,unlisted
donnell,,,,,,,false,,,,,,,,,,,,,,,,,,https://irishfamilysurnames.com/wp-content/uploads/2021/03/irishfamilysurnameslogo2.jpg,2,Donnell,,,,,,,,,,,,,,,,,,,,,,,unlisted
donnell,,,,,,,false,,,,,,,,,,,,,,,,,,https://irishfamilysurnames.com/wp-content/uploads/2021/04/donoghue-B-H-300x375.jpg,3,Donnell,,,,,,,,,,,,,,,,,,,,,,,unlisted
donnell,,,,,,,false,,,,,,,,,,,,,,,,,,https://irishfamilysurnames.com/wp-content/uploads/2021/04/donohoe-B-H-300x375.jpg,4,Donnell,,,,,,,,,,,,,,,,,,,,,,,unlisted
donnell,,,,,,,false,,,,,,,,,,,,,,,,,,https://irishfamilysurnames.com/wp-content/uploads/2021/04/daugherty-B-H-300x375.jpg,5,Donnell,,,,,,,,,,,,,,,,,,,,,,,unlisted
donoghoe,Donoghoe,"<p>Learn the full history of your family with a Family History or a Crest/History Combination.</p><p>Family History Standard : 16 x 20 cm | 6 x 8 inches. €9.90</p><p>Family History Large : 20 x 26 cm | 8 x 10 inches. €12.50</p><p>Family Combination (History &amp;amp;amp; Crest) : 26 x 20 cm | 10 x 8 inches.€14.95</p><p>Family Histories and Family Combinations are supplied mounted and ready to frame.<br/>FREE WORLDWIDE POSTAGE</p>",Irish Family Surnames,,General,"imported, unlisted",false,Title,Default Title,,,,,5202,0,shopify,1,deny,manual,9.90,,true,true,,https://irishfamilysurnames.com/wp-content/uploads/2021/04/donoghoe-B-H.jpg,1,Donoghoe,false,Donoghoe,Learn the full history of your family with a Family History or a Crest/History Combination. Family History Standard : 16 x 20 cm | 6 x 8 inches. €9.90 Family History Large : 20 x 26 cm | 8 x 10 inches. €12.50 Family Combination (History &amp; Crest) : 26 x 20 cm | 10 x 8 inches.€14.95 Family Histories and Family Combin,,,,,,,,,,,,,g,,,true,true,,,unlisted
donoghoe,,,,,,,false,,,,,,,,,,,,,,,,,,https://irishfamilysurnames.com/wp-content/uploads/2021/03/irishfamilysurnameslogo2.jpg,2,Donoghoe,,,,,,,,,,,,,,,,,,,,,,,unlisted
donoghoe,,,,,,,false,,,,,,,,,,,,,,,,,,https://irishfamilysurnames.com/wp-content/uploads/2021/04/darcy-B-H-7-300x375.jpg,3,Donoghoe,,,,,,,,,,,,,,,,,,,,,,,unlisted
donoghoe,,,,,,,false,,,,,,,,,,,,,,,,,,https://irishfamilysurnames.com/wp-content/uploads/2021/04/doherty-B-H-300x375.jpg,4,Donoghoe,,,,,,,,,,,,,,,,,,,,,,,unlisted
donoghoe,,,,,,,false,,,,,,,,,,,,,,,,,,https://irishfamilysurnames.com/wp-content/uploads/2021/04/donovan-B-H-300x375.jpg,5,Donoghoe,,,,,,,,,,,,,,,,,,,,,,,unlisted
donohoe,Donohoe,"<p>Learn the full history of your family with a Family History or a Crest/History Combination.</p><p>Family History Standard : 16 x 20 cm | 6 x 8 inches. €9.90</p><p>Family History Large : 20 x 26 cm | 8 x 10 inches. €12.50</p><p>Family Combination (History &amp;amp;amp; Crest) : 26 x 20 cm | 10 x 8 inches.€14.95</p><p>Family Histories and Family Combinations are supplied mounted and ready to frame.<br/>FREE WORLDWIDE POSTAGE</p>",Irish Family Surnames,,General,"imported, unlisted",false,Title,Default Title,,,,,5225,0,shopify,1,deny,manual,9.90,,true,true,,https://irishfamilysurnames.com/wp-content/uploads/2021/04/donohoe-B-H.jpg,1,Donohoe,false,Donohoe,Learn the full history of your family with a Family History or a Crest/History Combination. Family History Standard : 16 x 20 cm | 6 x 8 inches. €9.90 Family History Large : 20 x 26 cm | 8 x 10 inches. €12.50 Family Combination (History &amp; Crest) : 26 x 20 cm | 10 x 8 inches.€14.95 Family Histories and Family Combin,,,,,,,,,,,,,g,,,true,true,,,unlisted
donohoe,,,,,,,false,,,,,,,,,,,,,,,,,,https://irishfamilysurnames.com/wp-content/uploads/2021/03/irishfamilysurnameslogo2.jpg,2,Donohoe,,,,,,,,,,,,,,,,,,,,,,,unlisted
donohoe,,,,,,,false,,,,,,,,,,,,,,,,,,https://irishfamilysurnames.com/wp-content/uploads/2021/04/daley-B-H-300x375.jpg,3,Donohoe,,,,,,,,,,,,,,,,,,,,,,,unlisted
donohoe,,,,,,,false,,,,,,,,,,,,,,,,,,https://irishfamilysurnames.com/wp-content/uploads/2021/04/duggan-B-H-300x375.jpg,4,Donohoe,,,,,,,,,,,,,,,,,,,,,,,unlisted
donohoe,,,,,,,false,,,,,,,,,,,,,,,,,,https://irishfamilysurnames.com/wp-content/uploads/2021/04/davis-B-H-300x375.jpg,5,Donohoe,,,,,,,,,,,,,,,,,,,,,,,unlisted
donovan,Donovan,"<p>Learn the full history of your family with a Family History or a Crest/History Combination.</p><p>Family History Standard : 16 x 20 cm | 6 x 8 inches. €9.90</p><p>Family History Large : 20 x 26 cm | 8 x 10 inches. €12.50</p><p>Family Combination (History &amp;amp;amp; Crest) : 26 x 20 cm | 10 x 8 inches.€14.95</p><p>Family Histories and Family Combinations are supplied mounted and ready to frame.<br/>FREE WORLDWIDE POSTAGE</p>",Irish Family Surnames,,General,"imported, unlisted",false,Title,Default Title,,,,,5239,0,shopify,1,deny,manual,9.90,,true,true,,https://irishfamilysurnames.com/wp-content/uploads/2021/04/donovan-B-H.jpg,1,Donovan,false,Donovan,Learn the full history of your family with a Family History or a Crest/History Combination. Family History Standard : 16 x 20 cm | 6 x 8 inches. €9.90 Family History Large : 20 x 26 cm | 8 x 10 inches. €12.50 Family Combination (History &amp; Crest) : 26 x 20 cm | 10 x 8 inches.€14.95 Family Histories and Family Combin,,,,,,,,,,,,,g,,,true,true,,,unlisted
donovan,,,,,,,false,,,,,,,,,,,,,,,,,,https://irishfamilysurnames.com/wp-content/uploads/2021/03/irishfamilysurnameslogo2.jpg,2,Donovan,,,,,,,,,,,,,,,,,,,,,,,unlisted
donovan,,,,,,,false,,,,,,,,,,,,,,,,,,https://irishfamilysurnames.com/wp-content/uploads/2021/04/delaney-B-H-300x375.jpg,3,Donovan,,,,,,,,,,,,,,,,,,,,,,,unlisted
donovan,,,,,,,false,,,,,,,,,,,,,,,,,,https://irishfamilysurnames.com/wp-content/uploads/2021/04/dolan-B-H-300x375.jpg,4,Donovan,,,,,,,,,,,,,,,,,,,,,,,unlisted
donovan,,,,,,,false,,,,,,,,,,,,,,,,,,https://irishfamilysurnames.com/wp-content/uploads/2021/04/dempsey-B-H-300x375.jpg,5,Donovan,,,,,,,,,,,,,,,,,,,,,,,unlisted
dooley,Dooley,"<p>Learn the full history of your family with a Family History or a Crest/History Combination.</p><p>Family History Standard : 16 x 20 cm | 6 x 8 inches. €9.90</p><p>Family History Large : 20 x 26 cm | 8 x 10 inches. €12.50</p><p>Family Combination (History &amp;amp;amp; Crest) : 26 x 20 cm | 10 x 8 inches.€14.95</p><p>Family Histories and Family Combinations are supplied mounted and ready to frame.<br/>FREE WORLDWIDE POSTAGE</p>",Irish Family Surnames,,General,"imported, unlisted",false,Title,Default Title,,,,,5250,0,shopify,1,deny,manual,9.90,,true,true,,https://irishfamilysurnames.com/wp-content/uploads/2021/04/dooley-B-H.jpg,1,Dooley,false,Dooley,Learn the full history of your family with a Family History or a Crest/History Combination. Family History Standard : 16 x 20 cm | 6 x 8 inches. €9.90 Family History Large : 20 x 26 cm | 8 x 10 inches. €12.50 Family Combination (History &amp; Crest) : 26 x 20 cm | 10 x 8 inches.€14.95 Family Histories and Family Combin,,,,,,,,,,,,,g,,,true,true,,,unlisted
dooley,,,,,,,false,,,,,,,,,,,,,,,,,,https://irishfamilysurnames.com/wp-content/uploads/2021/03/irishfamilysurnameslogo2.jpg,2,Dooley,,,,,,,,,,,,,,,,,,,,,,,unlisted
dooley,,,,,,,false,,,,,,,,,,,,,,,,,,https://irishfamilysurnames.com/wp-content/uploads/2021/04/dillon-B-H-300x375.jpg,3,Dooley,,,,,,,,,,,,,,,,,,,,,,,unlisted
dooley,,,,,,,false,,,,,,,,,,,,,,,,,,https://irishfamilysurnames.com/wp-content/uploads/2021/04/dempsey-B-H-300x375.jpg,4,Dooley,,,,,,,,,,,,,,,,,,,,,,,unlisted
dooley,,,,,,,false,,,,,,,,,,,,,,,,,,https://irishfamilysurnames.com/wp-content/uploads/2021/04/donnelly-B-H-300x375.jpg,5,Dooley,,,,,,,,,,,,,,,,,,,,,,,unlisted
walker,Walker,"<p>Learn the full history of your family with a Family History or a Crest/History Combination.</p><p>Family History Standard : 16 x 20 cm | 6 x 8 inches. €9.90</p><p>Family History Large : 20 x 26 cm | 8 x 10 inches. €12.50</p><p>Family Combination (History &amp;amp;amp; Crest) : 26 x 20 cm | 10 x 8 inches.€14.95</p><p>Family Histories and Family Combinations are supplied mounted and ready to frame.<br/>FREE WORLDWIDE POSTAGE</p>",Irish Family Surnames,,General,"imported, unlisted",false,Title,Default Title,,,,,4864,0,shopify,1,deny,manual,9.90,,true,true,,https://irishfamilysurnames.com/wp-content/uploads/2021/04/walker-B-H.jpg,1,Walker,false,Walker,Learn the full history of your family with a Family History or a Crest/History Combination. Family History Standard : 16 x 20 cm | 6 x 8 inches. €9.90 Family History Large : 20 x 26 cm | 8 x 10 inches. €12.50 Family Combination (History &amp; Crest) : 26 x 20 cm | 10 x 8 inches.€14.95 Family Histories and Family Combin,,,,,,,,,,,,,g,,,true,true,,,unlisted
walker,,,,,,,false,,,,,,,,,,,,,,,,,,https://irishfamilysurnames.com/wp-content/uploads/2021/03/irishfamilysurnameslogo2.jpg,2,Walker,,,,,,,,,,,,,,,,,,,,,,,unlisted
walker,,,,,,,false,,,,,,,,,,,,,,,,,,https://irishfamilysurnames.com/wp-content/uploads/2021/04/wall-B-H-300x375.jpg,3,Walker,,,,,,,,,,,,,,,,,,,,,,,unlisted
walker,,,,,,,false,,,,,,,,,,,,,,,,,,https://irishfamilysurnames.com/wp-content/uploads/2021/04/williams-B-H-300x375.jpg,4,Walker,,,,,,,,,,,,,,,,,,,,,,,unlisted
walker,,,,,,,false,,,,,,,,,,,,,,,,,,https://irishfamilysurnames.com/wp-content/uploads/2021/04/woods-B-H-300x375.jpg,5,Walker,,,,,,,,,,,,,,,,,,,,,,,unlisted
doran,Doran,"<p>Learn the full history of your family with a Family History or a Crest/History Combination.</p><p>Family History Standard : 16 x 20 cm | 6 x 8 inches. €9.90</p><p>Family History Large : 20 x 26 cm | 8 x 10 inches. €12.50</p><p>Family Combination (History &amp;amp;amp; Crest) : 26 x 20 cm | 10 x 8 inches.€14.95</p><p>Family Histories and Family Combinations are supplied mounted and ready to frame.<br/>FREE WORLDWIDE POSTAGE</p>",Irish Family Surnames,,General,"imported, unlisted",false,Title,Default Title,,,,,5264,0,shopify,1,deny,manual,9.90,,true,true,,https://irishfamilysurnames.com/wp-content/uploads/2021/04/doran-B-H.jpg,1,Doran,false,Doran,Learn the full history of your family with a Family History or a Crest/History Combination. Family History Standard : 16 x 20 cm | 6 x 8 inches. €9.90 Family History Large : 20 x 26 cm | 8 x 10 inches. €12.50 Family Combination (History &amp; Crest) : 26 x 20 cm | 10 x 8 inches.€14.95 Family Histories and Family Combin,,,,,,,,,,,,,g,,,true,true,,,unlisted
doran,,,,,,,false,,,,,,,,,,,,,,,,,,https://irishfamilysurnames.com/wp-content/uploads/2021/03/irishfamilysurnameslogo2.jpg,2,Doran,,,,,,,,,,,,,,,,,,,,,,,unlisted
doran,,,,,,,false,,,,,,,,,,,,,,,,,,https://irishfamilysurnames.com/wp-content/uploads/2021/04/donoghoe-B-H-300x375.jpg,3,Doran,,,,,,,,,,,,,,,,,,,,,,,unlisted
doran,,,,,,,false,,,,,,,,,,,,,,,,,,https://irishfamilysurnames.com/wp-content/uploads/2021/04/donohoe-B-H-300x375.jpg,4,Doran,,,,,,,,,,,,,,,,,,,,,,,unlisted
doran,,,,,,,false,,,,,,,,,,,,,,,,,,https://irishfamilysurnames.com/wp-content/uploads/2021/04/dolan-B-H-300x375.jpg,5,Doran,,,,,,,,,,,,,,,,,,,,,,,unlisted
darcy,Darcy,"<p>Learn the full history of your family with a Family History or a Crest/History Combination.</p><p>Family History Standard : 16 x 20 cm | 6 x 8 inches. €9.90</p><p>Family History Large : 20 x 26 cm | 8 x 10 inches. €12.50</p><p>Family Combination (History &amp;amp;amp; Crest) : 26 x 20 cm | 10 x 8 inches.€14.95</p><p>Family Histories and Family Combinations are supplied mounted and ready to frame.<br/>FREE WORLDWIDE POSTAGE</p>",Irish Family Surnames,,General,"imported, unlisted",false,Title,Default Title,,,,,5043,0,shopify,1,deny,manual,9.90,,true,true,,https://irishfamilysurnames.com/wp-content/uploads/2021/04/darcy-B-H-7.jpg,1,Darcy,false,Darcy,Learn the full history of your family with a Family History or a Crest/History Combination. Family History Standard : 16 x 20 cm | 6 x 8 inches. €9.90 Family History Large : 20 x 26 cm | 8 x 10 inches. €12.50 Family Combination (History &amp; Crest) : 26 x 20 cm | 10 x 8 inches.€14.95 Family Histories and Family Combin,,,,,,,,,,,,,g,,,true,true,,,unlisted
darcy,,,,,,,false,,,,,,,,,,,,,,,,,,https://irishfamilysurnames.com/wp-content/uploads/2021/03/irishfamilysurnameslogo2.jpg,2,Darcy,,,,,,,,,,,,,,,,,,,,,,,unlisted
darcy,,,,,,,false,,,,,,,,,,,,,,,,,,https://irishfamilysurnames.com/wp-content/uploads/2021/04/doyle-B-H-300x375.jpg,3,Darcy,,,,,,,,,,,,,,,,,,,,,,,unlisted
darcy,,,,,,,false,,,,,,,,,,,,,,,,,,https://irishfamilysurnames.com/wp-content/uploads/2021/04/doran-B-H-300x375.jpg,4,Darcy,,,,,,,,,,,,,,,,,,,,,,,unlisted
darcy,,,,,,,false,,,,,,,,,,,,,,,,,,https://irishfamilysurnames.com/wp-content/uploads/2021/04/dunn-B-H-300x375.jpg,5,Darcy,,,,,,,,,,,,,,,,,,,,,,,unlisted
donnelan,Donnelan,"<p>Learn the full history of your family with a Family History or a Crest/History Combination.</p><p>Family History Standard : 16 x 20 cm | 6 x 8 inches. €9.90</p><p>Family History Large : 20 x 26 cm | 8 x 10 inches. €12.50</p><p>Family Combination (History &amp;amp;amp; Crest) : 26 x 20 cm | 10 x 8 inches.€14.95</p><p>Family Histories and Family Combinations are supplied mounted and ready to frame.<br/>FREE WORLDWIDE POSTAGE</p>",Irish Family Surnames,,General,"imported, unlisted",false,Title,Default Title,,,,,5169,0,shopify,1,deny,manual,9.90,,true,true,,https://irishfamilysurnames.com/wp-content/uploads/2021/04/donnelan-B-H.jpg,1,Donnelan,false,Donnelan,Learn the full history of your family with a Family History or a Crest/History Combination. Family History Standard : 16 x 20 cm | 6 x 8 inches. €9.90 Family History Large : 20 x 26 cm | 8 x 10 inches. €12.50 Family Combination (History &amp; Crest) : 26 x 20 cm | 10 x 8 inches.€14.95 Family Histories and Family Combin,,,,,,,,,,,,,g,,,true,true,,,unlisted
donnelan,,,,,,,false,,,,,,,,,,,,,,,,,,https://irishfamilysurnames.com/wp-content/uploads/2021/03/irishfamilysurnameslogo2.jpg,2,Donnelan,,,,,,,,,,,,,,,,,,,,,,,unlisted
donnelan,,,,,,,false,,,,,,,,,,,,,,,,,,https://irishfamilysurnames.com/wp-content/uploads/2021/04/dowling-B-H-300x375.jpg,3,Donnelan,,,,,,,,,,,,,,,,,,,,,,,unlisted
donnelan,,,,,,,false,,,,,,,,,,,,,,,,,,https://irishfamilysurnames.com/wp-content/uploads/2021/04/driscoll-B-H-300x375.jpg,4,Donnelan,,,,,,,,,,,,,,,,,,,,,,,unlisted
donnelan,,,,,,,false,,,,,,,,,,,,,,,,,,https://irishfamilysurnames.com/wp-content/uploads/2021/04/devlin-B-H-300x375.jpg,5,Donnelan,,,,,,,,,,,,,,,,,,,,,,,unlisted
donlon,Donlon,"<p>Learn the full history of your family with a Family History or a Crest/History Combination.</p><p>Family History Standard : 16 x 20 cm | 6 x 8 inches. €9.90</p><p>Family History Large : 20 x 26 cm | 8 x 10 inches. €12.50</p><p>Family Combination (History &amp;amp;amp; Crest) : 26 x 20 cm | 10 x 8 inches.€14.95</p><p>Family Histories and Family Combinations are supplied mounted and ready to frame.<br/>FREE WORLDWIDE POSTAGE</p>",Irish Family Surnames,,General,"imported, unlisted",false,Title,Default Title,,,,,5158,0,shopify,1,deny,manual,9.90,,true,true,,https://irishfamilysurnames.com/wp-content/uploads/2021/04/donlon-B-H.jpg,1,Donlon,false,Donlon,Learn the full history of your family with a Family History or a Crest/History Combination. Family History Standard : 16 x 20 cm | 6 x 8 inches. €9.90 Family History Large : 20 x 26 cm | 8 x 10 inches. €12.50 Family Combination (History &amp; Crest) : 26 x 20 cm | 10 x 8 inches.€14.95 Family Histories and Family Combin,,,,,,,,,,,,,g,,,true,true,,,unlisted
donlon,,,,,,,false,,,,,,,,,,,,,,,,,,https://irishfamilysurnames.com/wp-content/uploads/2021/03/irishfamilysurnameslogo2.jpg,2,Donlon,,,,,,,,,,,,,,,,,,,,,,,unlisted
donlon,,,,,,,false,,,,,,,,,,,,,,,,,,https://irishfamilysurnames.com/wp-content/uploads/2021/04/dunn-B-H-300x375.jpg,3,Donlon,,,,,,,,,,,,,,,,,,,,,,,unlisted
donlon,,,,,,,false,,,,,,,,,,,,,,,,,,https://irishfamilysurnames.com/wp-content/uploads/2021/04/donoghue-B-H-300x375.jpg,4,Donlon,,,,,,,,,,,,,,,,,,,,,,,unlisted
donlon,,,,,,,false,,,,,,,,,,,,,,,,,,https://irishfamilysurnames.com/wp-content/uploads/2021/04/donoghoe-B-H-300x375.jpg,5,Donlon,,,,,,,,,,,,,,,,,,,,,,,unlisted
dolan,Dolan,"<p>Learn the full history of your family with a Family History or a Crest/History Combination.</p><p>Family History Standard : 16 x 20 cm | 6 x 8 inches. €9.90</p><p>Family History Large : 20 x 26 cm | 8 x 10 inches. €12.50</p><p>Family Combination (History &amp;amp;amp; Crest) : 26 x 20 cm | 10 x 8 inches.€14.95</p><p>Family Histories and Family Combinations are supplied mounted and ready to frame.<br/>FREE WORLDWIDE POSTAGE</p>",Irish Family Surnames,,General,"imported, unlisted",false,Title,Default Title,,,,,5147,0,shopify,1,deny,manual,9.90,,true,true,,https://irishfamilysurnames.com/wp-content/uploads/2021/04/dolan-B-H.jpg,1,Dolan,false,Dolan,Learn the full history of your family with a Family History or a Crest/History Combination. Family History Standard : 16 x 20 cm | 6 x 8 inches. €9.90 Family History Large : 20 x 26 cm | 8 x 10 inches. €12.50 Family Combination (History &amp; Crest) : 26 x 20 cm | 10 x 8 inches.€14.95 Family Histories and Family Combin,,,,,,,,,,,,,g,,,true,true,,,unlisted
dolan,,,,,,,false,,,,,,,,,,,,,,,,,,https://irishfamilysurnames.com/wp-content/uploads/2021/03/irishfamilysurnameslogo2.jpg,2,Dolan,,,,,,,,,,,,,,,,,,,,,,,unlisted
dolan,,,,,,,false,,,,,,,,,,,,,,,,,,https://irishfamilysurnames.com/wp-content/uploads/2021/04/driscoll-B-H-300x375.jpg,3,Dolan,,,,,,,,,,,,,,,,,,,,,,,unlisted
dolan,,,,,,,false,,,,,,,,,,,,,,,,,,https://irishfamilysurnames.com/wp-content/uploads/2021/04/duffy-B-H-300x375.jpg,4,Dolan,,,,,,,,,,,,,,,,,,,,,,,unlisted
dolan,,,,,,,false,,,,,,,,,,,,,,,,,,https://irishfamilysurnames.com/wp-content/uploads/2021/04/daugherty-B-H-300x375.jpg,5,Dolan,,,,,,,,,,,,,,,,,,,,,,,unlisted
devlin,Devlin,"<p>Learn the full history of your family with a Family History or a Crest/History Combination.</p><p>Family History Standard : 16 x 20 cm | 6 x 8 inches. €9.90</p><p>Family History Large : 20 x 26 cm | 8 x 10 inches. €12.50</p><p>Family Combination (History &amp;amp;amp; Crest) : 26 x 20 cm | 10 x 8 inches.€14.95</p><p>Family Histories and Family Combinations are supplied mounted and ready to frame.<br/>FREE WORLDWIDE POSTAGE</p>",Irish Family Surnames,,General,"imported, unlisted",false,Title,Default Title,,,,,5113,0,shopify,1,deny,manual,9.90,,true,true,,https://irishfamilysurnames.com/wp-content/uploads/2021/04/devlin-B-H.jpg,1,Devlin,false,Devlin,Learn the full history of your family with a Family History or a Crest/History Combination. Family History Standard : 16 x 20 cm | 6 x 8 inches. €9.90 Family History Large : 20 x 26 cm | 8 x 10 inches. €12.50 Family Combination (History &amp; Crest) : 26 x 20 cm | 10 x 8 inches.€14.95 Family Histories and Family Combin,,,,,,,,,,,,,g,,,true,true,,,unlisted
devlin,,,,,,,false,,,,,,,,,,,,,,,,,,https://irishfamilysurnames.com/wp-content/uploads/2021/03/irishfamilysurnameslogo2.jpg,2,Devlin,,,,,,,,,,,,,,,,,,,,,,,unlisted
devlin,,,,,,,false,,,,,,,,,,,,,,,,,,https://irishfamilysurnames.com/wp-content/uploads/2021/04/dempsey-B-H-300x375.jpg,3,Devlin,,,,,,,,,,,,,,,,,,,,,,,unlisted
devlin,,,,,,,false,,,,,,,,,,,,,,,,,,https://irishfamilysurnames.com/wp-content/uploads/2021/04/delaney-B-H-300x375.jpg,4,Devlin,,,,,,,,,,,,,,,,,,,,,,,unlisted
devlin,,,,,,,false,,,,,,,,,,,,,,,,,,https://irishfamilysurnames.com/wp-content/uploads/2021/04/dillon-B-H-300x375.jpg,5,Devlin,,,,,,,,,,,,,,,,,,,,,,,unlisted
devine,Devine,"<p>Learn the full history of your family with a Family History or a Crest/History Combination.</p><p>Family History Standard : 16 x 20 cm | 6 x 8 inches. €9.90</p><p>Family History Large : 20 x 26 cm | 8 x 10 inches. €12.50</p><p>Family Combination (History &amp;amp;amp; Crest) : 26 x 20 cm | 10 x 8 inches.€14.95</p><p>Family Histories and Family Combinations are supplied mounted and ready to frame.<br/>FREE WORLDWIDE POSTAGE</p>",Irish Family Surnames,,General,"imported, unlisted",false,Title,Default Title,,,,,5102,0,shopify,1,deny,manual,9.90,,true,true,,https://irishfamilysurnames.com/wp-content/uploads/2021/04/devine-B-H.jpg,1,Devine,false,Devine,Learn the full history of your family with a Family History or a Crest/History Combination. Family History Standard : 16 x 20 cm | 6 x 8 inches. €9.90 Family History Large : 20 x 26 cm | 8 x 10 inches. €12.50 Family Combination (History &amp; Crest) : 26 x 20 cm | 10 x 8 inches.€14.95 Family Histories and Family Combin,,,,,,,,,,,,,g,,,true,true,,,unlisted
devine,,,,,,,false,,,,,,,,,,,,,,,,,,https://irishfamilysurnames.com/wp-content/uploads/2021/03/irishfamilysurnameslogo2.jpg,2,Devine,,,,,,,,,,,,,,,,,,,,,,,unlisted
devine,,,,,,,false,,,,,,,,,,,,,,,,,,https://irishfamilysurnames.com/wp-content/uploads/2021/04/doherty-B-H-300x375.jpg,3,Devine,,,,,,,,,,,,,,,,,,,,,,,unlisted
devine,,,,,,,false,,,,,,,,,,,,,,,,,,https://irishfamilysurnames.com/wp-content/uploads/2021/04/donoghue-B-H-300x375.jpg,4,Devine,,,,,,,,,,,,,,,,,,,,,,,unlisted
devine,,,,,,,false,,,,,,,,,,,,,,,,,,https://irishfamilysurnames.com/wp-content/uploads/2021/04/duffy-B-H-300x375.jpg,5,Devine,,,,,,,,,,,,,,,,,,,,,,,unlisted
daly,Daly,"<p>Learn the full history of your family with a Family History or a Crest/History Combination.</p><p>Family History Standard : 16 x 20 cm | 6 x 8 inches. €9.90</p><p>Family History Large : 20 x 26 cm | 8 x 10 inches. €12.50</p><p>Family Combination (History &amp;amp;amp; Crest) : 26 x 20 cm | 10 x 8 inches.€14.95</p><p>Family Histories and Family Combinations are supplied mounted and ready to frame.<br/>FREE WORLDWIDE POSTAGE</p>",Irish Family Surnames,,General,"imported, unlisted",false,Title,Default Title,,,,,5032,0,shopify,1,deny,manual,9.90,,true,true,,https://irishfamilysurnames.com/wp-content/uploads/2021/04/daly-B-H.jpg,1,Daly,false,Daly,Learn the full history of your family with a Family History or a Crest/History Combination. Family History Standard : 16 x 20 cm | 6 x 8 inches. €9.90 Family History Large : 20 x 26 cm | 8 x 10 inches. €12.50 Family Combination (History &amp; Crest) : 26 x 20 cm | 10 x 8 inches.€14.95 Family Histories and Family Combin,,,,,,,,,,,,,g,,,true,true,,,unlisted
daly,,,,,,,false,,,,,,,,,,,,,,,,,,https://irishfamilysurnames.com/wp-content/uploads/2021/03/irishfamilysurnameslogo2.jpg,2,Daly,,,,,,,,,,,,,,,,,,,,,,,unlisted
daly,,,,,,,false,,,,,,,,,,,,,,,,,,https://irishfamilysurnames.com/wp-content/uploads/2021/04/darcy-B-H-7-300x375.jpg,3,Daly,,,,,,,,,,,,,,,,,,,,,,,unlisted
daly,,,,,,,false,,,,,,,,,,,,,,,,,,https://irishfamilysurnames.com/wp-content/uploads/2021/04/d-arcy-B-H-300x375.jpg,4,Daly,,,,,,,,,,,,,,,,,,,,,,,unlisted
daly,,,,,,,false,,,,,,,,,,,,,,,,,,https://irishfamilysurnames.com/wp-content/uploads/2021/04/doherty-B-H-300x375.jpg,5,Daly,,,,,,,,,,,,,,,,,,,,,,,unlisted
dowling,Dowling,"<p>Learn the full history of your family with a Family History or a Crest/History Combination.</p><p>Family History Standard : 16 x 20 cm | 6 x 8 inches. €9.90</p><p>Family History Large : 20 x 26 cm | 8 x 10 inches. €12.50</p><p>Family Combination (History &amp;amp;amp; Crest) : 26 x 20 cm | 10 x 8 inches.€14.95</p><p>Family Histories and Family Combinations are supplied mounted and ready to frame.<br/>FREE WORLDWIDE POSTAGE</p>",Irish Family Surnames,,General,"imported, unlisted",false,Title,Default Title,,,,,5310,0,shopify,1,deny,manual,9.90,,true,true,,https://irishfamilysurnames.com/wp-content/uploads/2021/04/dowling-B-H.jpg,1,Dowling,false,Dowling,Learn the full history of your family with a Family History or a Crest/History Combination. Family History Standard : 16 x 20 cm | 6 x 8 inches. €9.90 Family History Large : 20 x 26 cm | 8 x 10 inches. €12.50 Family Combination (History &amp; Crest) : 26 x 20 cm | 10 x 8 inches.€14.95 Family Histories and Family Combin,,,,,,,,,,,,,g,,,true,true,,,unlisted
dowling,,,,,,,false,,,,,,,,,,,,,,,,,,https://irishfamilysurnames.com/wp-content/uploads/2021/03/irishfamilysurnameslogo2.jpg,2,Dowling,,,,,,,,,,,,,,,,,,,,,,,unlisted
dowling,,,,,,,false,,,,,,,,,,,,,,,,,,https://irishfamilysurnames.com/wp-content/uploads/2021/04/devine-B-H-300x375.jpg,3,Dowling,,,,,,,,,,,,,,,,,,,,,,,unlisted
dowling,,,,,,,false,,,,,,,,,,,,,,,,,,https://irishfamilysurnames.com/wp-content/uploads/2021/04/davis-B-H-300x375.jpg,4,Dowling,,,,,,,,,,,,,,,,,,,,,,,unlisted
dowling,,,,,,,false,,,,,,,,,,,,,,,,,,https://irishfamilysurnames.com/wp-content/uploads/2021/04/d-arcy-B-H-300x375.jpg,5,Dowling,,,,,,,,,,,,,,,,,,,,,,,unlisted
downey,Downey,"<p>Learn the full history of your family with a Family History or a Crest/History Combination.</p><p>Family History Standard : 16 x 20 cm | 6 x 8 inches. €9.90</p><p>Family History Large : 20 x 26 cm | 8 x 10 inches. €12.50</p><p>Family Combination (History &amp;amp;amp; Crest) : 26 x 20 cm | 10 x 8 inches.€14.95</p><p>Family Histories and Family Combinations are supplied mounted and ready to frame.<br/>FREE WORLDWIDE POSTAGE</p>",Irish Family Surnames,,General,"imported, unlisted",false,Title,Default Title,,,,,5321,0,shopify,1,deny,manual,9.90,,true,true,,https://irishfamilysurnames.com/wp-content/uploads/2021/04/downey-B-H.jpg,1,Downey,false,Downey,Learn the full history of your family with a Family History or a Crest/History Combination. Family History Standard : 16 x 20 cm | 6 x 8 inches. €9.90 Family History Large : 20 x 26 cm | 8 x 10 inches. €12.50 Family Combination (History &amp; Crest) : 26 x 20 cm | 10 x 8 inches.€14.95 Family Histories and Family Combin,,,,,,,,,,,,,g,,,true,true,,,unlisted
downey,,,,,,,false,,,,,,,,,,,,,,,,,,https://irishfamilysurnames.com/wp-content/uploads/2021/03/irishfamilysurnameslogo2.jpg,2,Downey,,,,,,,,,,,,,,,,,,,,,,,unlisted
downey,,,,,,,false,,,,,,,,,,,,,,,,,,https://irishfamilysurnames.com/wp-content/uploads/2021/04/dempsey-B-H-300x375.jpg,3,Downey,,,,,,,,,,,,,,,,,,,,,,,unlisted
downey,,,,,,,false,,,,,,,,,,,,,,,,,,https://irishfamilysurnames.com/wp-content/uploads/2021/04/dalton-B-H-300x375.jpg,4,Downey,,,,,,,,,,,,,,,,,,,,,,,unlisted
downey,,,,,,,false,,,,,,,,,,,,,,,,,,https://irishfamilysurnames.com/wp-content/uploads/2021/04/devine-B-H-300x375.jpg,5,Downey,,,,,,,,,,,,,,,,,,,,,,,unlisted
doyle,Doyle,"<p>Learn the full history of your family with a Family History or a Crest/History Combination.</p><p>Family History Standard : 16 x 20 cm | 6 x 8 inches. €9.90</p><p>Family History Large : 20 x 26 cm | 8 x 10 inches. €12.50</p><p>Family Combination (History &amp;amp;amp; Crest) : 26 x 20 cm | 10 x 8 inches.€14.95</p><p>Family Histories and Family Combinations are supplied mounted and ready to frame.<br/>FREE WORLDWIDE POSTAGE</p>",Irish Family Surnames,,General,"imported, unlisted",false,Title,Default Title,,,,,5332,0,shopify,1,deny,manual,9.90,,true,true,,https://irishfamilysurnames.com/wp-content/uploads/2021/04/doyle-B-H.jpg,1,Doyle,false,Doyle,Learn the full history of your family with a Family History or a Crest/History Combination. Family History Standard : 16 x 20 cm | 6 x 8 inches. €9.90 Family History Large : 20 x 26 cm | 8 x 10 inches. €12.50 Family Combination (History &amp; Crest) : 26 x 20 cm | 10 x 8 inches.€14.95 Family Histories and Family Combin,,,,,,,,,,,,,g,,,true,true,,,unlisted
doyle,,,,,,,false,,,,,,,,,,,,,,,,,,https://irishfamilysurnames.com/wp-content/uploads/2021/03/irishfamilysurnameslogo2.jpg,2,Doyle,,,,,,,,,,,,,,,,,,,,,,,unlisted
doyle,,,,,,,false,,,,,,,,,,,,,,,,,,https://irishfamilysurnames.com/wp-content/uploads/2021/04/delaney-B-H-300x375.jpg,3,Doyle,,,,,,,,,,,,,,,,,,,,,,,unlisted
doyle,,,,,,,false,,,,,,,,,,,,,,,,,,https://irishfamilysurnames.com/wp-content/uploads/2021/04/doran-B-H-300x375.jpg,4,Doyle,,,,,,,,,,,,,,,,,,,,,,,unlisted
doyle,,,,,,,false,,,,,,,,,,,,,,,,,,https://irishfamilysurnames.com/wp-content/uploads/2021/04/daley-B-H-300x375.jpg,5,Doyle,,,,,,,,,,,,,,,,,,,,,,,unlisted
driscoll,Driscoll,"<p>Learn the full history of your family with a Family History or a Crest/History Combination.</p><p>Family History Standard : 16 x 20 cm | 6 x 8 inches. €9.90</p><p>Family History Large : 20 x 26 cm | 8 x 10 inches. €12.50</p><p>Family Combination (History &amp;amp;amp; Crest) : 26 x 20 cm | 10 x 8 inches.€14.95</p><p>Family Histories and Family Combinations are supplied mounted and ready to frame.<br/>FREE WORLDWIDE POSTAGE</p>",Irish Family Surnames,,General,"imported, unlisted",false,Title,Default Title,,,,,5348,0,shopify,1,deny,manual,9.90,,true,true,,https://irishfamilysurnames.com/wp-content/uploads/2021/04/driscoll-B-H.jpg,1,Driscoll,false,Driscoll,Learn the full history of your family with a Family History or a Crest/History Combination. Family History Standard : 16 x 20 cm | 6 x 8 inches. €9.90 Family History Large : 20 x 26 cm | 8 x 10 inches. €12.50 Family Combination (History &amp; Crest) : 26 x 20 cm | 10 x 8 inches.€14.95 Family Histories and Family Combin,,,,,,,,,,,,,g,,,true,true,,,unlisted
driscoll,,,,,,,false,,,,,,,,,,,,,,,,,,https://irishfamilysurnames.com/wp-content/uploads/2021/03/irishfamilysurnameslogo2.jpg,2,Driscoll,,,,,,,,,,,,,,,,,,,,,,,unlisted
driscoll,,,,,,,false,,,,,,,,,,,,,,,,,,https://irishfamilysurnames.com/wp-content/uploads/2021/04/donnelan-B-H-300x375.jpg,3,Driscoll,,,,,,,,,,,,,,,,,,,,,,,unlisted
driscoll,,,,,,,false,,,,,,,,,,,,,,,,,,https://irishfamilysurnames.com/wp-content/uploads/2021/04/downey-B-H-300x375.jpg,4,Driscoll,,,,,,,,,,,,,,,,,,,,,,,unlisted
driscoll,,,,,,,false,,,,,,,,,,,,,,,,,,https://irishfamilysurnames.com/wp-content/uploads/2021/04/darcy-B-H-7-300x375.jpg,5,Driscoll,,,,,,,,,,,,,,,,,,,,,,,unlisted
duffy,Duffy,"<p>Learn the full history of your family with a Family History or a Crest/History Combination.</p><p>Family History Standard : 16 x 20 cm | 6 x 8 inches. €9.90</p><p>Family History Large : 20 x 26 cm | 8 x 10 inches. €12.50</p><p>Family Combination (History &amp;amp;amp; Crest) : 26 x 20 cm | 10 x 8 inches.€14.95</p><p>Family Histories and Family Combinations are supplied mounted and ready to frame.<br/>FREE WORLDWIDE POSTAGE</p>",Irish Family Surnames,,General,"imported, unlisted",false,Title,Default Title,,,,,5359,0,shopify,1,deny,manual,9.90,,true,true,,https://irishfamilysurnames.com/wp-content/uploads/2021/04/duffy-B-H.jpg,1,Duffy,false,Duffy,Learn the full history of your family with a Family History or a Crest/History Combination. Family History Standard : 16 x 20 cm | 6 x 8 inches. €9.90 Family History Large : 20 x 26 cm | 8 x 10 inches. €12.50 Family Combination (History &amp; Crest) : 26 x 20 cm | 10 x 8 inches.€14.95 Family Histories and Family Combin,,,,,,,,,,,,,g,,,true,true,,,unlisted
duffy,,,,,,,false,,,,,,,,,,,,,,,,,,https://irishfamilysurnames.com/wp-content/uploads/2021/03/irishfamilysurnameslogo2.jpg,2,Duffy,,,,,,,,,,,,,,,,,,,,,,,unlisted
duffy,,,,,,,false,,,,,,,,,,,,,,,,,,https://irishfamilysurnames.com/wp-content/uploads/2021/04/dalton-B-H-300x375.jpg,3,Duffy,,,,,,,,,,,,,,,,,,,,,,,unlisted
duffy,,,,,,,false,,,,,,,,,,,,,,,,,,https://irishfamilysurnames.com/wp-content/uploads/2021/04/donohoe-B-H-300x375.jpg,4,Duffy,,,,,,,,,,,,,,,,,,,,,,,unlisted
duffy,,,,,,,false,,,,,,,,,,,,,,,,,,https://irishfamilysurnames.com/wp-content/uploads/2021/04/doyle-B-H-300x375.jpg,5,Duffy,,,,,,,,,,,,,,,,,,,,,,,unlisted
dugan,Dugan,"<p>Learn the full history of your family with a Family History or a Crest/History Combination.</p><p>Family History Standard : 16 x 20 cm | 6 x 8 inches. €9.90</p><p>Family History Large : 20 x 26 cm | 8 x 10 inches. €12.50</p><p>Family Combination (History &amp;amp;amp; Crest) : 26 x 20 cm | 10 x 8 inches.€14.95</p><p>Family Histories and Family Combinations are supplied mounted and ready to frame.<br/>FREE WORLDWIDE POSTAGE</p>",Irish Family Surnames,,General,"imported, unlisted",false,Title,Default Title,,,,,5370,0,shopify,1,deny,manual,9.90,,true,true,,https://irishfamilysurnames.com/wp-content/uploads/2021/04/dugan-B-H.jpg,1,Dugan,false,Dugan,Learn the full history of your family with a Family History or a Crest/History Combination. Family History Standard : 16 x 20 cm | 6 x 8 inches. €9.90 Family History Large : 20 x 26 cm | 8 x 10 inches. €12.50 Family Combination (History &amp; Crest) : 26 x 20 cm | 10 x 8 inches.€14.95 Family Histories and Family Combin,,,,,,,,,,,,,g,,,true,true,,,unlisted
dugan,,,,,,,false,,,,,,,,,,,,,,,,,,https://irishfamilysurnames.com/wp-content/uploads/2021/03/irishfamilysurnameslogo2.jpg,2,Dugan,,,,,,,,,,,,,,,,,,,,,,,unlisted
dugan,,,,,,,false,,,,,,,,,,,,,,,,,,https://irishfamilysurnames.com/wp-content/uploads/2021/04/donlon-B-H-300x375.jpg,3,Dugan,,,,,,,,,,,,,,,,,,,,,,,unlisted
dugan,,,,,,,false,,,,,,,,,,,,,,,,,,https://irishfamilysurnames.com/wp-content/uploads/2021/04/doran-B-H-300x375.jpg,4,Dugan,,,,,,,,,,,,,,,,,,,,,,,unlisted
dugan,,,,,,,false,,,,,,,,,,,,,,,,,,https://irishfamilysurnames.com/wp-content/uploads/2021/04/dooley-B-H-300x375.jpg,5,Dugan,,,,,,,,,,,,,,,,,,,,,,,unlisted
duggan,Duggan,"<p>Learn the full history of your family with a Family History or a Crest/History Combination.</p><p>Family History Standard : 16 x 20 cm | 6 x 8 inches. €9.90</p><p>Family History Large : 20 x 26 cm | 8 x 10 inches. €12.50</p><p>Family Combination (History &amp;amp;amp; Crest) : 26 x 20 cm | 10 x 8 inches.€14.95</p><p>Family Histories and Family Combinations are supplied mounted and ready to frame.<br/>FREE WORLDWIDE POSTAGE</p>",Irish Family Surnames,,General,"imported, unlisted",false,Title,Default Title,,,,,5381,0,shopify,1,deny,manual,9.90,,true,true,,https://irishfamilysurnames.com/wp-content/uploads/2021/04/duggan-B-H.jpg,1,Duggan,false,Duggan,Learn the full history of your family with a Family History or a Crest/History Combination. Family History Standard : 16 x 20 cm | 6 x 8 inches. €9.90 Family History Large : 20 x 26 cm | 8 x 10 inches. €12.50 Family Combination (History &amp; Crest) : 26 x 20 cm | 10 x 8 inches.€14.95 Family Histories and Family Combin,,,,,,,,,,,,,g,,,true,true,,,unlisted
duggan,,,,,,,false,,,,,,,,,,,,,,,,,,https://irishfamilysurnames.com/wp-content/uploads/2021/03/irishfamilysurnameslogo2.jpg,2,Duggan,,,,,,,,,,,,,,,,,,,,,,,unlisted
duggan,,,,,,,false,,,,,,,,,,,,,,,,,,https://irishfamilysurnames.com/wp-content/uploads/2021/04/downey-B-H-300x375.jpg,3,Duggan,,,,,,,,,,,,,,,,,,,,,,,unlisted
duggan,,,,,,,false,,,,,,,,,,,,,,,,,,https://irishfamilysurnames.com/wp-content/uploads/2021/04/daugherty-B-H-300x375.jpg,4,Duggan,,,,,,,,,,,,,,,,,,,,,,,unlisted
duggan,,,,,,,false,,,,,,,,,,,,,,,,,,https://irishfamilysurnames.com/wp-content/uploads/2021/04/dempsey-B-H-300x375.jpg,5,Duggan,,,,,,,,,,,,,,,,,,,,,,,unlisted
dunn,Dunn,"<p>Learn the full history of your family with a Family History or a Crest/History Combination.</p><p>Family History Standard : 16 x 20 cm | 6 x 8 inches. €9.90</p><p>Family History Large : 20 x 26 cm | 8 x 10 inches. €12.50</p><p>Family Combination (History &amp;amp;amp; Crest) : 26 x 20 cm | 10 x 8 inches.€14.95</p><p>Family Histories and Family Combinations are supplied mounted and ready to frame.<br/>FREE WORLDWIDE POSTAGE</p>",Irish Family Surnames,,General,"imported, unlisted",false,Title,Default Title,,,,,5393,0,shopify,1,deny,manual,9.90,,true,true,,https://irishfamilysurnames.com/wp-content/uploads/2021/04/dunn-B-H.jpg,1,Dunn,false,Dunn,Learn the full history of your family with a Family History or a Crest/History Combination. Family History Standard : 16 x 20 cm | 6 x 8 inches. €9.90 Family History Large : 20 x 26 cm | 8 x 10 inches. €12.50 Family Combination (History &amp; Crest) : 26 x 20 cm | 10 x 8 inches.€14.95 Family Histories and Family Combin,,,,,,,,,,,,,g,,,true,true,,,unlisted
dunn,,,,,,,false,,,,,,,,,,,,,,,,,,https://irishfamilysurnames.com/wp-content/uploads/2021/03/irishfamilysurnameslogo2.jpg,2,Dunn,,,,,,,,,,,,,,,,,,,,,,,unlisted
dunn,,,,,,,false,,,,,,,,,,,,,,,,,,https://irishfamilysurnames.com/wp-content/uploads/2021/04/donohoe-B-H-300x375.jpg,3,Dunn,,,,,,,,,,,,,,,,,,,,,,,unlisted
dunn,,,,,,,false,,,,,,,,,,,,,,,,,,https://irishfamilysurnames.com/wp-content/uploads/2021/04/donnelly-B-H-300x375.jpg,4,Dunn,,,,,,,,,,,,,,,,,,,,,,,unlisted
dunn,,,,,,,false,,,,,,,,,,,,,,,,,,https://irishfamilysurnames.com/wp-content/uploads/2021/04/donnell-B-H-300x375.jpg,5,Dunn,,,,,,,,,,,,,,,,,,,,,,,unlisted
dunne,Dunne,"<p>Learn the full history of your family with a Family History or a Crest/History Combination.</p><p>Family History Standard : 16 x 20 cm | 6 x 8 inches. €9.90</p><p>Family History Large : 20 x 26 cm | 8 x 10 inches. €12.50</p><p>Family Combination (History &amp;amp;amp; Crest) : 26 x 20 cm | 10 x 8 inches.€14.95</p><p>Family Histories and Family Combinations are supplied mounted and ready to frame.<br/>FREE WORLDWIDE POSTAGE</p>",Irish Family Surnames,,General,"imported, unlisted",false,Title,Default Title,,,,,5408,0,shopify,1,deny,manual,9.90,,true,true,,https://irishfamilysurnames.com/wp-content/uploads/2021/04/dunne-B-H.jpg,1,Dunne,false,Dunne,Learn the full history of your family with a Family History or a Crest/History Combination. Family History Standard : 16 x 20 cm | 6 x 8 inches. €9.90 Family History Large : 20 x 26 cm | 8 x 10 inches. €12.50 Family Combination (History &amp; Crest) : 26 x 20 cm | 10 x 8 inches.€14.95 Family Histories and Family Combin,,,,,,,,,,,,,g,,,true,true,,,unlisted
dunne,,,,,,,false,,,,,,,,,,,,,,,,,,https://irishfamilysurnames.com/wp-content/uploads/2021/03/irishfamilysurnameslogo2.jpg,2,Dunne,,,,,,,,,,,,,,,,,,,,,,,unlisted
dunne,,,,,,,false,,,,,,,,,,,,,,,,,,https://irishfamilysurnames.com/wp-content/uploads/2021/04/daugherty-B-H-300x375.jpg,3,Dunne,,,,,,,,,,,,,,,,,,,,,,,unlisted
dunne,,,,,,,false,,,,,,,,,,,,,,,,,,https://irishfamilysurnames.com/wp-content/uploads/2021/04/dougherty-B-H-300x375.jpg,4,Dunne,,,,,,,,,,,,,,,,,,,,,,,unlisted
dunne,,,,,,,false,,,,,,,,,,,,,,,,,,https://irishfamilysurnames.com/wp-content/uploads/2021/04/davis-B-H-300x375.jpg,5,Dunne,,,,,,,,,,,,,,,,,,,,,,,unlisted
dwyer,Dwyer,"<p>Learn the full history of your family with a Family History or a Crest/History Combination.</p><p>Family History Standard : 16 x 20 cm | 6 x 8 inches. €9.90</p><p>Family History Large : 20 x 26 cm | 8 x 10 inches. €12.50</p><p>Family Combination (History &amp;amp;amp; Crest) : 26 x 20 cm | 10 x 8 inches.€14.95</p><p>Family Histories and Family Combinations are supplied mounted and ready to frame.<br/>FREE WORLDWIDE POSTAGE</p>",Irish Family Surnames,,General,"imported, unlisted",false,Title,Default Title,,,,,5420,0,shopify,1,deny,manual,9.90,,true,true,,https://irishfamilysurnames.com/wp-content/uploads/2021/04/dwyer-B-H.jpg,1,Dwyer,false,Dwyer,Learn the full history of your family with a Family History or a Crest/History Combination. Family History Standard : 16 x 20 cm | 6 x 8 inches. €9.90 Family History Large : 20 x 26 cm | 8 x 10 inches. €12.50 Family Combination (History &amp; Crest) : 26 x 20 cm | 10 x 8 inches.€14.95 Family Histories and Family Combin,,,,,,,,,,,,,g,,,true,true,,,unlisted
dwyer,,,,,,,false,,,,,,,,,,,,,,,,,,https://irishfamilysurnames.com/wp-content/uploads/2021/03/irishfamilysurnameslogo2.jpg,2,Dwyer,,,,,,,,,,,,,,,,,,,,,,,unlisted
dwyer,,,,,,,false,,,,,,,,,,,,,,,,,,https://irishfamilysurnames.com/wp-content/uploads/2021/04/donovan-B-H-300x375.jpg,3,Dwyer,,,,,,,,,,,,,,,,,,,,,,,unlisted
dwyer,,,,,,,false,,,,,,,,,,,,,,,,,,https://irishfamilysurnames.com/wp-content/uploads/2021/04/donoghoe-B-H-300x375.jpg,4,Dwyer,,,,,,,,,,,,,,,,,,,,,,,unlisted
dwyer,,,,,,,false,,,,,,,,,,,,,,,,,,https://irishfamilysurnames.com/wp-content/uploads/2021/04/delaney-B-H-300x375.jpg,5,Dwyer,,,,,,,,,,,,,,,,,,,,,,,unlisted
egan,Egan,"<p>Learn the full history of your family with a Family History or a Crest/History Combination.</p><p>Family History Standard : 16 x 20 cm | 6 x 8 inches. €9.90</p><p>Family History Large : 20 x 26 cm | 8 x 10 inches. €12.50</p><p>Family Combination (History &amp;amp;amp; Crest) : 26 x 20 cm | 10 x 8 inches.€14.95</p><p>Family Histories and Family Combinations are supplied mounted and ready to frame.<br/>FREE WORLDWIDE POSTAGE</p>",Irish Family Surnames,,General,"imported, unlisted",false,Title,Default Title,,,,,5432,0,shopify,1,deny,manual,9.90,,true,true,,https://irishfamilysurnames.com/wp-content/uploads/2021/04/egan-B-H.jpg,1,Egan,false,Egan,Learn the full history of your family with a Family History or a Crest/History Combination. Family History Standard : 16 x 20 cm | 6 x 8 inches. €9.90 Family History Large : 20 x 26 cm | 8 x 10 inches. €12.50 Family Combination (History &amp; Crest) : 26 x 20 cm | 10 x 8 inches.€14.95 Family Histories and Family Combin,,,,,,,,,,,,,g,,,true,true,,,unlisted
egan,,,,,,,false,,,,,,,,,,,,,,,,,,https://irishfamilysurnames.com/wp-content/uploads/2021/03/irishfamilysurnameslogo2.jpg,2,Egan,,,,,,,,,,,,,,,,,,,,,,,unlisted
egan,,,,,,,false,,,,,,,,,,,,,,,,,,https://irishfamilysurnames.com/wp-content/uploads/2021/04/evans-B-H-1-300x375.jpg,3,Egan,,,,,,,,,,,,,,,,,,,,,,,unlisted
fagan,Fagan,"<p>Learn the full history of your family with a Family History or a Crest/History Combination.</p><p>Family History Standard : 16 x 20 cm | 6 x 8 inches. €9.90</p><p>Family History Large : 20 x 26 cm | 8 x 10 inches. €12.50</p><p>Family Combination (History &amp;amp;amp; Crest) : 26 x 20 cm | 10 x 8 inches.€14.95</p><p>Family Histories and Family Combinations are supplied mounted and ready to frame.<br/>FREE WORLDWIDE POSTAGE</p>",Irish Family Surnames,,General,"imported, unlisted",false,Title,Default Title,,,,,5456,0,shopify,1,deny,manual,9.90,,true,true,,https://irishfamilysurnames.com/wp-content/uploads/2021/04/fagan-B-H.jpg,1,Fagan,false,Fagan,Learn the full history of your family with a Family History or a Crest/History Combination. Family History Standard : 16 x 20 cm | 6 x 8 inches. €9.90 Family History Large : 20 x 26 cm | 8 x 10 inches. €12.50 Family Combination (History &amp; Crest) : 26 x 20 cm | 10 x 8 inches.€14.95 Family Histories and Family Combin,,,,,,,,,,,,,g,,,true,true,,,unlisted
fagan,,,,,,,false,,,,,,,,,,,,,,,,,,https://irishfamilysurnames.com/wp-content/uploads/2021/03/irishfamilysurnameslogo2.jpg,2,Fagan,,,,,,,,,,,,,,,,,,,,,,,unlisted
fagan,,,,,,,false,,,,,,,,,,,,,,,,,,https://irishfamilysurnames.com/wp-content/uploads/2021/04/foley-B-H-300x375.jpg,3,Fagan,,,,,,,,,,,,,,,,,,,,,,,unlisted
fagan,,,,,,,false,,,,,,,,,,,,,,,,,,https://irishfamilysurnames.com/wp-content/uploads/2021/04/fitzgibbon-B-H-300x375.jpg,4,Fagan,,,,,,,,,,,,,,,,,,,,,,,unlisted
fagan,,,,,,,false,,,,,,,,,,,,,,,,,,https://irishfamilysurnames.com/wp-content/uploads/2021/04/fleming-B-H-300x375.jpg,5,Fagan,,,,,,,,,,,,,,,,,,,,,,,unlisted
fahy,Fahy,"<p>Learn the full history of your family with a Family History or a Crest/History Combination.</p><p>Family History Standard : 16 x 20 cm | 6 x 8 inches. €9.90</p><p>Family History Large : 20 x 26 cm | 8 x 10 inches. €12.50</p><p>Family Combination (History &amp;amp;amp; Crest) : 26 x 20 cm | 10 x 8 inches.€14.95</p><p>Family Histories and Family Combinations are supplied mounted and ready to frame.<br/>FREE WORLDWIDE POSTAGE</p>",Irish Family Surnames,,General,"imported, unlisted",false,Title,Default Title,,,,,5467,0,shopify,1,deny,manual,9.90,,true,true,,https://irishfamilysurnames.com/wp-content/uploads/2021/04/fahy-B-H.jpg,1,Fahy,false,Fahy,Learn the full history of your family with a Family History or a Crest/History Combination. Family History Standard : 16 x 20 cm | 6 x 8 inches. €9.90 Family History Large : 20 x 26 cm | 8 x 10 inches. €12.50 Family Combination (History &amp; Crest) : 26 x 20 cm | 10 x 8 inches.€14.95 Family Histories and Family Combin,,,,,,,,,,,,,g,,,true,true,,,unlisted
fahy,,,,,,,false,,,,,,,,,,,,,,,,,,https://irishfamilysurnames.com/wp-content/uploads/2021/03/irishfamilysurnameslogo2.jpg,2,Fahy,,,,,,,,,,,,,,,,,,,,,,,unlisted
fahy,,,,,,,false,,,,,,,,,,,,,,,,,,https://irishfamilysurnames.com/wp-content/uploads/2021/04/fogarty-B-H-300x375.jpg,3,Fahy,,,,,,,,,,,,,,,,,,,,,,,unlisted
fahy,,,,,,,false,,,,,,,,,,,,,,,,,,https://irishfamilysurnames.com/wp-content/uploads/2021/04/fox-B-H-300x375.jpg,4,Fahy,,,,,,,,,,,,,,,,,,,,,,,unlisted
fahy,,,,,,,false,,,,,,,,,,,,,,,,,,https://irishfamilysurnames.com/wp-content/uploads/2021/04/fleming-B-H-300x375.jpg,5,Fahy,,,,,,,,,,,,,,,,,,,,,,,unlisted
fallon,Fallon,"<p>Learn the full history of your family with a Family History or a Crest/History Combination.</p><p>Family History Standard : 16 x 20 cm | 6 x 8 inches. €9.90</p><p>Family History Large : 20 x 26 cm | 8 x 10 inches. €12.50</p><p>Family Combination (History &amp;amp;amp; Crest) : 26 x 20 cm | 10 x 8 inches.€14.95</p><p>Family Histories and Family Combinations are supplied mounted and ready to frame.<br/>FREE WORLDWIDE POSTAGE</p>",Irish Family Surnames,,General,"imported, unlisted",false,Title,Default Title,,,,,5479,0,shopify,1,deny,manual,9.90,,true,true,,https://irishfamilysurnames.com/wp-content/uploads/2021/04/fallon-B-H.jpg,1,Fallon,false,Fallon,Learn the full history of your family with a Family History or a Crest/History Combination. Family History Standard : 16 x 20 cm | 6 x 8 inches. €9.90 Family History Large : 20 x 26 cm | 8 x 10 inches. €12.50 Family Combination (History &amp; Crest) : 26 x 20 cm | 10 x 8 inches.€14.95 Family Histories and Family Combin,,,,,,,,,,,,,g,,,true,true,,,unlisted
fallon,,,,,,,false,,,,,,,,,,,,,,,,,,https://irishfamilysurnames.com/wp-content/uploads/2021/03/irishfamilysurnameslogo2.jpg,2,Fallon,,,,,,,,,,,,,,,,,,,,,,,unlisted
fallon,,,,,,,false,,,,,,,,,,,,,,,,,,https://irishfamilysurnames.com/wp-content/uploads/2021/04/foley-B-H-300x375.jpg,3,Fallon,,,,,,,,,,,,,,,,,,,,,,,unlisted
fallon,,,,,,,false,,,,,,,,,,,,,,,,,,https://irishfamilysurnames.com/wp-content/uploads/2021/04/fitzpatrick-B-H-300x375.jpg,4,Fallon,,,,,,,,,,,,,,,,,,,,,,,unlisted
fallon,,,,,,,false,,,,,,,,,,,,,,,,,,https://irishfamilysurnames.com/wp-content/uploads/2021/04/french-B-H-300x375.jpg,5,Fallon,,,,,,,,,,,,,,,,,,,,,,,unlisted
farley,Farley,"<p>Learn the full history of your family with a Family History or a Crest/History Combination.</p><p>Family History Standard : 16 x 20 cm | 6 x 8 inches. €9.90</p><p>Family History Large : 20 x 26 cm | 8 x 10 inches. €12.50</p><p>Family Combination (History &amp;amp;amp; Crest) : 26 x 20 cm | 10 x 8 inches.€14.95</p><p>Family Histories and Family Combinations are supplied mounted and ready to frame.<br/>FREE WORLDWIDE POSTAGE</p>",Irish Family Surnames,,General,"imported, unlisted",false,Title,Default Title,,,,,5491,0,shopify,1,deny,manual,9.90,,true,true,,https://irishfamilysurnames.com/wp-content/uploads/2021/04/farley-B-H.jpg,1,Farley,false,Farley,Learn the full history of your family with a Family History or a Crest/History Combination. Family History Standard : 16 x 20 cm | 6 x 8 inches. €9.90 Family History Large : 20 x 26 cm | 8 x 10 inches. €12.50 Family Combination (History &amp; Crest) : 26 x 20 cm | 10 x 8 inches.€14.95 Family Histories and Family Combin,,,,,,,,,,,,,g,,,true,true,,,unlisted
farley,,,,,,,false,,,,,,,,,,,,,,,,,,https://irishfamilysurnames.com/wp-content/uploads/2021/03/irishfamilysurnameslogo2.jpg,2,Farley,,,,,,,,,,,,,,,,,,,,,,,unlisted
farley,,,,,,,false,,,,,,,,,,,,,,,,,,https://irishfamilysurnames.com/wp-content/uploads/2021/04/flood-B-H-300x375.jpg,3,Farley,,,,,,,,,,,,,,,,,,,,,,,unlisted
farley,,,,,,,false,,,,,,,,,,,,,,,,,,https://irishfamilysurnames.com/wp-content/uploads/2021/04/flynn-B-H-300x375.jpg,4,Farley,,,,,,,,,,,,,,,,,,,,,,,unlisted
farley,,,,,,,false,,,,,,,,,,,,,,,,,,https://irishfamilysurnames.com/wp-content/uploads/2021/04/farrell-B-H-300x375.jpg,5,Farley,,,,,,,,,,,,,,,,,,,,,,,unlisted
farrell,Farrell,"<p>Learn the full history of your family with a Family History or a Crest/History Combination.</p><p>Family History Standard : 16 x 20 cm | 6 x 8 inches. €9.90</p><p>Family History Large : 20 x 26 cm | 8 x 10 inches. €12.50</p><p>Family Combination (History &amp;amp;amp; Crest) : 26 x 20 cm | 10 x 8 inches.€14.95</p><p>Family Histories and Family Combinations are supplied mounted and ready to frame.<br/>FREE WORLDWIDE POSTAGE</p>",Irish Family Surnames,,General,"imported, unlisted",false,Title,Default Title,,,,,5502,0,shopify,1,deny,manual,9.90,,true,true,,https://irishfamilysurnames.com/wp-content/uploads/2021/04/farrell-B-H.jpg,1,Farrell,false,Farrell,Learn the full history of your family with a Family History or a Crest/History Combination. Family History Standard : 16 x 20 cm | 6 x 8 inches. €9.90 Family History Large : 20 x 26 cm | 8 x 10 inches. €12.50 Family Combination (History &amp; Crest) : 26 x 20 cm | 10 x 8 inches.€14.95 Family Histories and Family Combin,,,,,,,,,,,,,g,,,true,true,,,unlisted
farrell,,,,,,,false,,,,,,,,,,,,,,,,,,https://irishfamilysurnames.com/wp-content/uploads/2021/03/irishfamilysurnameslogo2.jpg,2,Farrell,,,,,,,,,,,,,,,,,,,,,,,unlisted
farrell,,,,,,,false,,,,,,,,,,,,,,,,,,https://irishfamilysurnames.com/wp-content/uploads/2021/04/flaherty-B-H-300x375.jpg,3,Farrell,,,,,,,,,,,,,,,,,,,,,,,unlisted
farrell,,,,,,,false,,,,,,,,,,,,,,,,,,https://irishfamilysurnames.com/wp-content/uploads/2021/04/french-B-H-300x375.jpg,4,Farrell,,,,,,,,,,,,,,,,,,,,,,,unlisted
farrell,,,,,,,false,,,,,,,,,,,,,,,,,,https://irishfamilysurnames.com/wp-content/uploads/2021/04/fallon-B-H-300x375.jpg,5,Farrell,,,,,,,,,,,,,,,,,,,,,,,unlisted
farrelly,Farrelly,"<p>Learn the full history of your family with a Family History or a Crest/History Combination.</p><p>Family History Standard : 16 x 20 cm | 6 x 8 inches. €9.90</p><p>Family History Large : 20 x 26 cm | 8 x 10 inches. €12.50</p><p>Family Combination (History &amp;amp;amp; Crest) : 26 x 20 cm | 10 x 8 inches.€14.95</p><p>Family Histories and Family Combinations are supplied mounted and ready to frame.<br/>FREE WORLDWIDE POSTAGE</p>",Irish Family Surnames,,General,"imported, unlisted",false,Title,Default Title,,,,,5514,0,shopify,1,deny,manual,9.90,,true,true,,https://irishfamilysurnames.com/wp-content/uploads/2021/04/farrelly-B-H.jpg,1,Farrelly,false,Farrelly,Learn the full history of your family with a Family History or a Crest/History Combination. Family History Standard : 16 x 20 cm | 6 x 8 inches. €9.90 Family History Large : 20 x 26 cm | 8 x 10 inches. €12.50 Family Combination (History &amp; Crest) : 26 x 20 cm | 10 x 8 inches.€14.95 Family Histories and Family Combin,,,,,,,,,,,,,g,,,true,true,,,unlisted
farrelly,,,,,,,false,,,,,,,,,,,,,,,,,,https://irishfamilysurnames.com/wp-content/uploads/2021/03/irishfamilysurnameslogo2.jpg,2,Farrelly,,,,,,,,,,,,,,,,,,,,,,,unlisted
farrelly,,,,,,,false,,,,,,,,,,,,,,,,,,https://irishfamilysurnames.com/wp-content/uploads/2021/04/finnegan-B-H-300x375.jpg,3,Farrelly,,,,,,,,,,,,,,,,,,,,,,,unlisted
farrelly,,,,,,,false,,,,,,,,,,,,,,,,,,https://irishfamilysurnames.com/wp-content/uploads/2021/04/fitzgerald-B-H-300x375.jpg,4,Farrelly,,,,,,,,,,,,,,,,,,,,,,,unlisted
farrelly,,,,,,,false,,,,,,,,,,,,,,,,,,https://irishfamilysurnames.com/wp-content/uploads/2021/04/farley-B-H-300x375.jpg,5,Farrelly,,,,,,,,,,,,,,,,,,,,,,,unlisted
finn,Finn,"<p>Learn the full history of your family with a Family History or a Crest/History Combination.</p><p>Family History Standard : 16 x 20 cm | 6 x 8 inches. €9.90</p><p>Family History Large : 20 x 26 cm | 8 x 10 inches. €12.50</p><p>Family Combination (History &amp;amp;amp; Crest) : 26 x 20 cm | 10 x 8 inches.€14.95</p><p>Family Histories and Family Combinations are supplied mounted and ready to frame.<br/>FREE WORLDWIDE POSTAGE</p>",Irish Family Surnames,,General,"imported, unlisted",false,Title,Default Title,,,,,5525,0,shopify,1,deny,manual,9.90,,true,true,,https://irishfamilysurnames.com/wp-content/uploads/2021/04/finn-B-H.jpg,1,Finn,false,Finn,Learn the full history of your family with a Family History or a Crest/History Combination. Family History Standard : 16 x 20 cm | 6 x 8 inches. €9.90 Family History Large : 20 x 26 cm | 8 x 10 inches. €12.50 Family Combination (History &amp; Crest) : 26 x 20 cm | 10 x 8 inches.€14.95 Family Histories and Family Combin,,,,,,,,,,,,,g,,,true,true,,,unlisted
finn,,,,,,,false,,,,,,,,,,,,,,,,,,https://irishfamilysurnames.com/wp-content/uploads/2021/03/irishfamilysurnameslogo2.jpg,2,Finn,,,,,,,,,,,,,,,,,,,,,,,unlisted
finn,,,,,,,false,,,,,,,,,,,,,,,,,,https://irishfamilysurnames.com/wp-content/uploads/2021/04/fogarty-B-H-300x375.jpg,3,Finn,,,,,,,,,,,,,,,,,,,,,,,unlisted
finn,,,,,,,false,,,,,,,,,,,,,,,,,,https://irishfamilysurnames.com/wp-content/uploads/2021/04/flaherty-B-H-300x375.jpg,4,Finn,,,,,,,,,,,,,,,,,,,,,,,unlisted
finn,,,,,,,false,,,,,,,,,,,,,,,,,,https://irishfamilysurnames.com/wp-content/uploads/2021/04/furlong-B-H-300x375.jpg,5,Finn,,,,,,,,,,,,,,,,,,,,,,,unlisted
finnegan,Finnegan,"<p>Learn the full history of your family with a Family History or a Crest/History Combination.</p><p>Family History Standard : 16 x 20 cm | 6 x 8 inches. €9.90</p><p>Family History Large : 20 x 26 cm | 8 x 10 inches. €12.50</p><p>Family Combination (History &amp;amp;amp; Crest) : 26 x 20 cm | 10 x 8 inches.€14.95</p><p>Family Histories and Family Combinations are supplied mounted and ready to frame.<br/>FREE WORLDWIDE POSTAGE</p>",Irish Family Surnames,,General,"imported, unlisted",false,Title,Default Title,,,,,5536,0,shopify,1,deny,manual,9.90,,true,true,,https://irishfamilysurnames.com/wp-content/uploads/2021/04/finnegan-B-H.jpg,1,Finnegan,false,Finnegan,Learn the full history of your family with a Family History or a Crest/History Combination. Family History Standard : 16 x 20 cm | 6 x 8 inches. €9.90 Family History Large : 20 x 26 cm | 8 x 10 inches. €12.50 Family Combination (History &amp; Crest) : 26 x 20 cm | 10 x 8 inches.€14.95 Family Histories and Family Combin,,,,,,,,,,,,,g,,,true,true,,,unlisted
finnegan,,,,,,,false,,,,,,,,,,,,,,,,,,https://irishfamilysurnames.com/wp-content/uploads/2021/03/irishfamilysurnameslogo2.jpg,2,Finnegan,,,,,,,,,,,,,,,,,,,,,,,unlisted
finnegan,,,,,,,false,,,,,,,,,,,,,,,,,,https://irishfamilysurnames.com/wp-content/uploads/2021/04/furlong-B-H-300x375.jpg,3,Finnegan,,,,,,,,,,,,,,,,,,,,,,,unlisted
finnegan,,,,,,,false,,,,,,,,,,,,,,,,,,https://irishfamilysurnames.com/wp-content/uploads/2021/04/fox-B-H-300x375.jpg,4,Finnegan,,,,,,,,,,,,,,,,,,,,,,,unlisted
finnegan,,,,,,,false,,,,,,,,,,,,,,,,,,https://irishfamilysurnames.com/wp-content/uploads/2021/04/fahy-B-H-300x375.jpg,5,Finnegan,,,,,,,,,,,,,,,,,,,,,,,unlisted
fitzgerald,Fitzgerald,"<p>Learn the full history of your family with a Family History or a Crest/History Combination.</p><p>Family History Standard : 16 x 20 cm | 6 x 8 inches. €9.90</p><p>Family History Large : 20 x 26 cm | 8 x 10 inches. €12.50</p><p>Family Combination (History &amp;amp;amp; Crest) : 26 x 20 cm | 10 x 8 inches.€14.95</p><p>Family Histories and Family Combinations are supplied mounted and ready to frame.<br/>FREE WORLDWIDE POSTAGE</p>",Irish Family Surnames,,General,"imported, unlisted",false,Title,Default Title,,,,,5551,0,shopify,1,deny,manual,9.90,,true,true,,https://irishfamilysurnames.com/wp-content/uploads/2021/04/fitzgerald-B-H.jpg,1,Fitzgerald,false,Fitzgerald,Learn the full history of your family with a Family History or a Crest/History Combination. Family History Standard : 16 x 20 cm | 6 x 8 inches. €9.90 Family History Large : 20 x 26 cm | 8 x 10 inches. €12.50 Family Combination (History &amp; Crest) : 26 x 20 cm | 10 x 8 inches.€14.95 Family Histories and Family Combin,,,,,,,,,,,,,g,,,true,true,,,unlisted
fitzgerald,,,,,,,false,,,,,,,,,,,,,,,,,,https://irishfamilysurnames.com/wp-content/uploads/2021/03/irishfamilysurnameslogo2.jpg,2,Fitzgerald,,,,,,,,,,,,,,,,,,,,,,,unlisted
fitzgerald,,,,,,,false,,,,,,,,,,,,,,,,,,https://irishfamilysurnames.com/wp-content/uploads/2021/04/fagan-B-H-300x375.jpg,3,Fitzgerald,,,,,,,,,,,,,,,,,,,,,,,unlisted
fitzgerald,,,,,,,false,,,,,,,,,,,,,,,,,,https://irishfamilysurnames.com/wp-content/uploads/2021/04/fahy-B-H-300x375.jpg,4,Fitzgerald,,,,,,,,,,,,,,,,,,,,,,,unlisted
fitzgerald,,,,,,,false,,,,,,,,,,,,,,,,,,https://irishfamilysurnames.com/wp-content/uploads/2021/04/fitzgibbon-B-H-300x375.jpg,5,Fitzgerald,,,,,,,,,,,,,,,,,,,,,,,unlisted
fitzgibbon,Fitzgibbon,"<p>Learn the full history of your family with a Family History or a Crest/History Combination.</p><p>Family History Standard : 16 x 20 cm | 6 x 8 inches. €9.90</p><p>Family History Large : 20 x 26 cm | 8 x 10 inches. €12.50</p><p>Family Combination (History &amp;amp;amp; Crest) : 26 x 20 cm | 10 x 8 inches.€14.95</p><p>Family Histories and Family Combinations are supplied mounted and ready to frame.<br/>FREE WORLDWIDE POSTAGE</p>",Irish Family Surnames,,General,"imported, unlisted",false,Title,Default Title,,,,,5566,0,shopify,1,deny,manual,9.90,,true,true,,https://irishfamilysurnames.com/wp-content/uploads/2021/04/fitzgibbon-B-H.jpg,1,Fitzgibbon,false,Fitzgibbon,Learn the full history of your family with a Family History or a Crest/History Combination. Family History Standard : 16 x 20 cm | 6 x 8 inches. €9.90 Family History Large : 20 x 26 cm | 8 x 10 inches. €12.50 Family Combination (History &amp; Crest) : 26 x 20 cm | 10 x 8 inches.€14.95 Family Histories and Family Combin,,,,,,,,,,,,,g,,,true,true,,,unlisted
fitzgibbon,,,,,,,false,,,,,,,,,,,,,,,,,,https://irishfamilysurnames.com/wp-content/uploads/2021/03/irishfamilysurnameslogo2.jpg,2,Fitzgibbon,,,,,,,,,,,,,,,,,,,,,,,unlisted
fitzgibbon,,,,,,,false,,,,,,,,,,,,,,,,,,https://irishfamilysurnames.com/wp-content/uploads/2021/04/fitzsimons-B-H-300x375.jpg,3,Fitzgibbon,,,,,,,,,,,,,,,,,,,,,,,unlisted
fitzgibbon,,,,,,,false,,,,,,,,,,,,,,,,,,https://irishfamilysurnames.com/wp-content/uploads/2021/04/finnegan-B-H-300x375.jpg,4,Fitzgibbon,,,,,,,,,,,,,,,,,,,,,,,unlisted
fitzgibbon,,,,,,,false,,,,,,,,,,,,,,,,,,https://irishfamilysurnames.com/wp-content/uploads/2021/04/farrell-B-H-300x375.jpg,5,Fitzgibbon,,,,,,,,,,,,,,,,,,,,,,,unlisted
fitzpatrick,Fitzpatrick,"<p>Learn the full history of your family with a Family History or a Crest/History Combination.</p><p>Family History Standard : 16 x 20 cm | 6 x 8 inches. €9.90</p><p>Family History Large : 20 x 26 cm | 8 x 10 inches. €12.50</p><p>Family Combination (History &amp;amp;amp; Crest) : 26 x 20 cm | 10 x 8 inches.€14.95</p><p>Family Histories and Family Combinations are supplied mounted and ready to frame.<br/>FREE WORLDWIDE POSTAGE</p>",Irish Family Surnames,,General,"imported, unlisted",false,Title,Default Title,,,,,5580,0,shopify,1,deny,manual,9.90,,true,true,,https://irishfamilysurnames.com/wp-content/uploads/2021/04/fitzpatrick-B-H.jpg,1,Fitzpatrick,false,Fitzpatrick,Learn the full history of your family with a Family History or a Crest/History Combination. Family History Standard : 16 x 20 cm | 6 x 8 inches. €9.90 Family History Large : 20 x 26 cm | 8 x 10 inches. €12.50 Family Combination (History &amp; Crest) : 26 x 20 cm | 10 x 8 inches.€14.95 Family Histories and Family Combin,,,,,,,,,,,,,g,,,true,true,,,unlisted
fitzpatrick,,,,,,,false,,,,,,,,,,,,,,,,,,https://irishfamilysurnames.com/wp-content/uploads/2021/03/irishfamilysurnameslogo2.jpg,2,Fitzpatrick,,,,,,,,,,,,,,,,,,,,,,,unlisted
fitzpatrick,,,,,,,false,,,,,,,,,,,,,,,,,,https://irishfamilysurnames.com/wp-content/uploads/2021/04/farley-B-H-300x375.jpg,3,Fitzpatrick,,,,,,,,,,,,,,,,,,,,,,,unlisted
fitzpatrick,,,,,,,false,,,,,,,,,,,,,,,,,,https://irishfamilysurnames.com/wp-content/uploads/2021/04/fox-B-H-300x375.jpg,4,Fitzpatrick,,,,,,,,,,,,,,,,,,,,,,,unlisted
fitzpatrick,,,,,,,false,,,,,,,,,,,,,,,,,,https://irishfamilysurnames.com/wp-content/uploads/2021/04/fitzsimons-B-H-300x375.jpg,5,Fitzpatrick,,,,,,,,,,,,,,,,,,,,,,,unlisted
flaherty,Flaherty,"<p>Learn the full history of your family with a Family History or a Crest/History Combination.</p><p>Family History Standard : 16 x 20 cm | 6 x 8 inches. €9.90</p><p>Family History Large : 20 x 26 cm | 8 x 10 inches. €12.50</p><p>Family Combination (History &amp;amp;amp; Crest) : 26 x 20 cm | 10 x 8 inches.€14.95</p><p>Family Histories and Family Combinations are supplied mounted and ready to frame.<br/>FREE WORLDWIDE POSTAGE</p>",Irish Family Surnames,,General,"imported, unlisted",false,Title,Default Title,,,,,5603,0,shopify,1,deny,manual,9.90,,true,true,,https://irishfamilysurnames.com/wp-content/uploads/2021/04/flaherty-B-H.jpg,1,Flaherty,false,Flaherty,Learn the full history of your family with a Family History or a Crest/History Combination. Family History Standard : 16 x 20 cm | 6 x 8 inches. €9.90 Family History Large : 20 x 26 cm | 8 x 10 inches. €12.50 Family Combination (History &amp; Crest) : 26 x 20 cm | 10 x 8 inches.€14.95 Family Histories and Family Combin,,,,,,,,,,,,,g,,,true,true,,,unlisted
flaherty,,,,,,,false,,,,,,,,,,,,,,,,,,https://irishfamilysurnames.com/wp-content/uploads/2021/03/irishfamilysurnameslogo2.jpg,2,Flaherty,,,,,,,,,,,,,,,,,,,,,,,unlisted
flaherty,,,,,,,false,,,,,,,,,,,,,,,,,,https://irishfamilysurnames.com/wp-content/uploads/2021/04/farrell-B-H-300x375.jpg,3,Flaherty,,,,,,,,,,,,,,,,,,,,,,,unlisted
flaherty,,,,,,,false,,,,,,,,,,,,,,,,,,https://irishfamilysurnames.com/wp-content/uploads/2021/04/fagan-B-H-300x375.jpg,4,Flaherty,,,,,,,,,,,,,,,,,,,,,,,unlisted
flaherty,,,,,,,false,,,,,,,,,,,,,,,,,,https://irishfamilysurnames.com/wp-content/uploads/2021/04/french-B-H-300x375.jpg,5,Flaherty,,,,,,,,,,,,,,,,,,,,,,,unlisted
flanagan,Flanagan,"<p>Learn the full history of your family with a Family History or a Crest/History Combination.</p><p>Family History Standard : 16 x 20 cm | 6 x 8 inches. €9.90</p><p>Family History Large : 20 x 26 cm | 8 x 10 inches. €12.50</p><p>Family Combination (History &amp;amp;amp; Crest) : 26 x 20 cm | 10 x 8 inches.€14.95</p><p>Family Histories and Family Combinations are supplied mounted and ready to frame.<br/>FREE WORLDWIDE POSTAGE</p>",Irish Family Surnames,,General,"imported, unlisted",false,Title,Default Title,,,,,5614,0,shopify,1,deny,manual,9.90,,true,true,,https://irishfamilysurnames.com/wp-content/uploads/2021/04/flanagan-B-H.jpg,1,Flanagan,false,Flanagan,Learn the full history of your family with a Family History or a Crest/History Combination. Family History Standard : 16 x 20 cm | 6 x 8 inches. €9.90 Family History Large : 20 x 26 cm | 8 x 10 inches. €12.50 Family Combination (History &amp; Crest) : 26 x 20 cm | 10 x 8 inches.€14.95 Family Histories and Family Combin,,,,,,,,,,,,,g,,,true,true,,,unlisted
flanagan,,,,,,,false,,,,,,,,,,,,,,,,,,https://irishfamilysurnames.com/wp-content/uploads/2021/03/irishfamilysurnameslogo2.jpg,2,Flanagan,,,,,,,,,,,,,,,,,,,,,,,unlisted
flanagan,,,,,,,false,,,,,,,,,,,,,,,,,,https://irishfamilysurnames.com/wp-content/uploads/2021/04/farrell-B-H-300x375.jpg,3,Flanagan,,,,,,,,,,,,,,,,,,,,,,,unlisted
flanagan,,,,,,,false,,,,,,,,,,,,,,,,,,https://irishfamilysurnames.com/wp-content/uploads/2021/04/flaherty-B-H-300x375.jpg,4,Flanagan,,,,,,,,,,,,,,,,,,,,,,,unlisted
flanagan,,,,,,,false,,,,,,,,,,,,,,,,,,https://irishfamilysurnames.com/wp-content/uploads/2021/04/french-B-H-300x375.jpg,5,Flanagan,,,,,,,,,,,,,,,,,,,,,,,unlisted
fleming,Fleming,"<p>Learn the full history of your family with a Family History or a Crest/History Combination.</p><p>Family History Standard : 16 x 20 cm | 6 x 8 inches. €9.90</p><p>Family History Large : 20 x 26 cm | 8 x 10 inches. €12.50</p><p>Family Combination (History &amp;amp;amp; Crest) : 26 x 20 cm | 10 x 8 inches.€14.95</p><p>Family Histories and Family Combinations are supplied mounted and ready to frame.<br/>FREE WORLDWIDE POSTAGE</p>",Irish Family Surnames,,General,"imported, unlisted",false,Title,Default Title,,,,,5625,0,shopify,1,deny,manual,9.90,,true,true,,https://irishfamilysurnames.com/wp-content/uploads/2021/04/fleming-B-H.jpg,1,Fleming,false,Fleming,Learn the full history of your family with a Family History or a Crest/History Combination. Family History Standard : 16 x 20 cm | 6 x 8 inches. €9.90 Family History Large : 20 x 26 cm | 8 x 10 inches. €12.50 Family Combination (History &amp; Crest) : 26 x 20 cm | 10 x 8 inches.€14.95 Family Histories and Family Combin,,,,,,,,,,,,,g,,,true,true,,,unlisted
fleming,,,,,,,false,,,,,,,,,,,,,,,,,,https://irishfamilysurnames.com/wp-content/uploads/2021/03/irishfamilysurnameslogo2.jpg,2,Fleming,,,,,,,,,,,,,,,,,,,,,,,unlisted
fleming,,,,,,,false,,,,,,,,,,,,,,,,,,https://irishfamilysurnames.com/wp-content/uploads/2021/04/french-B-H-300x375.jpg,3,Fleming,,,,,,,,,,,,,,,,,,,,,,,unlisted
fleming,,,,,,,false,,,,,,,,,,,,,,,,,,https://irishfamilysurnames.com/wp-content/uploads/2021/04/farrell-B-H-300x375.jpg,4,Fleming,,,,,,,,,,,,,,,,,,,,,,,unlisted
fleming,,,,,,,false,,,,,,,,,,,,,,,,,,https://irishfamilysurnames.com/wp-content/uploads/2021/04/fox-B-H-300x375.jpg,5,Fleming,,,,,,,,,,,,,,,,,,,,,,,unlisted
flood,Flood,"<p>Learn the full history of your family with a Family History or a Crest/History Combination.</p><p>Family History Standard : 16 x 20 cm | 6 x 8 inches. €9.90</p><p>Family History Large : 20 x 26 cm | 8 x 10 inches. €12.50</p><p>Family Combination (History &amp;amp;amp; Crest) : 26 x 20 cm | 10 x 8 inches.€14.95</p><p>Family Histories and Family Combinations are supplied mounted and ready to frame.<br/>FREE WORLDWIDE POSTAGE</p>",Irish Family Surnames,,General,"imported, unlisted",false,Title,Default Title,,,,,5636,0,shopify,1,deny,manual,9.90,,true,true,,https://irishfamilysurnames.com/wp-content/uploads/2021/04/flood-B-H.jpg,1,Flood,false,Flood,Learn the full history of your family with a Family History or a Crest/History Combination. Family History Standard : 16 x 20 cm | 6 x 8 inches. €9.90 Family History Large : 20 x 26 cm | 8 x 10 inches. €12.50 Family Combination (History &amp; Crest) : 26 x 20 cm | 10 x 8 inches.€14.95 Family Histories and Family Combin,,,,,,,,,,,,,g,,,true,true,,,unlisted
flood,,,,,,,false,,,,,,,,,,,,,,,,,,https://irishfamilysurnames.com/wp-content/uploads/2021/03/irishfamilysurnameslogo2.jpg,2,Flood,,,,,,,,,,,,,,,,,,,,,,,unlisted
flood,,,,,,,false,,,,,,,,,,,,,,,,,,https://irishfamilysurnames.com/wp-content/uploads/2021/04/flaherty-B-H-300x375.jpg,3,Flood,,,,,,,,,,,,,,,,,,,,,,,unlisted
flood,,,,,,,false,,,,,,,,,,,,,,,,,,https://irishfamilysurnames.com/wp-content/uploads/2021/04/french-B-H-300x375.jpg,4,Flood,,,,,,,,,,,,,,,,,,,,,,,unlisted
flood,,,,,,,false,,,,,,,,,,,,,,,,,,https://irishfamilysurnames.com/wp-content/uploads/2021/04/farrelly-B-H-300x375.jpg,5,Flood,,,,,,,,,,,,,,,,,,,,,,,unlisted
flynn,Flynn,"<p>Learn the full history of your family with a Family History or a Crest/History Combination.</p><p>Family History Standard : 16 x 20 cm | 6 x 8 inches. €9.90</p><p>Family History Large : 20 x 26 cm | 8 x 10 inches. €12.50</p><p>Family Combination (History &amp;amp;amp; Crest) : 26 x 20 cm | 10 x 8 inches.€14.95</p><p>Family Histories and Family Combinations are supplied mounted and ready to frame.<br/>FREE WORLDWIDE POSTAGE</p>",Irish Family Surnames,,General,"imported, unlisted",false,Title,Default Title,,,,,5648,0,shopify,1,deny,manual,9.90,,true,true,,https://irishfamilysurnames.com/wp-content/uploads/2021/04/flynn-B-H.jpg,1,Flynn,false,Flynn,Learn the full history of your family with a Family History or a Crest/History Combination. Family History Standard : 16 x 20 cm | 6 x 8 inches. €9.90 Family History Large : 20 x 26 cm | 8 x 10 inches. €12.50 Family Combination (History &amp; Crest) : 26 x 20 cm | 10 x 8 inches.€14.95 Family Histories and Family Combin,,,,,,,,,,,,,g,,,true,true,,,unlisted
flynn,,,,,,,false,,,,,,,,,,,,,,,,,,https://irishfamilysurnames.com/wp-content/uploads/2021/03/irishfamilysurnameslogo2.jpg,2,Flynn,,,,,,,,,,,,,,,,,,,,,,,unlisted
flynn,,,,,,,false,,,,,,,,,,,,,,,,,,https://irishfamilysurnames.com/wp-content/uploads/2021/04/fleming-B-H-300x375.jpg,3,Flynn,,,,,,,,,,,,,,,,,,,,,,,unlisted
flynn,,,,,,,false,,,,,,,,,,,,,,,,,,https://irishfamilysurnames.com/wp-content/uploads/2021/04/fitzpatrick-B-H-300x375.jpg,4,Flynn,,,,,,,,,,,,,,,,,,,,,,,unlisted
flynn,,,,,,,false,,,,,,,,,,,,,,,,,,https://irishfamilysurnames.com/wp-content/uploads/2021/04/french-B-H-300x375.jpg,5,Flynn,,,,,,,,,,,,,,,,,,,,,,,unlisted
fox,Fox,"<p>Learn the full history of your family with a Family History or a Crest/History Combination.</p><p>Family History Standard : 16 x 20 cm | 6 x 8 inches. €9.90</p><p>Family History Large : 20 x 26 cm | 8 x 10 inches. €12.50</p><p>Family Combination (History &amp;amp;amp; Crest) : 26 x 20 cm | 10 x 8 inches.€14.95</p><p>Family Histories and Family Combinations are supplied mounted and ready to frame.<br/>FREE WORLDWIDE POSTAGE</p>",Irish Family Surnames,,General,"imported, unlisted",false,Title,Default Title,,,,,5683,0,shopify,1,deny,manual,9.90,,true,true,,https://irishfamilysurnames.com/wp-content/uploads/2021/04/fox-B-H.jpg,1,Fox,false,Fox,Learn the full history of your family with a Family History or a Crest/History Combination. Family History Standard : 16 x 20 cm | 6 x 8 inches. €9.90 Family History Large : 20 x 26 cm | 8 x 10 inches. €12.50 Family Combination (History &amp; Crest) : 26 x 20 cm | 10 x 8 inches.€14.95 Family Histories and Family Combin,,,,,,,,,,,,,g,,,true,true,,,unlisted
fox,,,,,,,false,,,,,,,,,,,,,,,,,,https://irishfamilysurnames.com/wp-content/uploads/2021/03/irishfamilysurnameslogo2.jpg,2,Fox,,,,,,,,,,,,,,,,,,,,,,,unlisted
fox,,,,,,,false,,,,,,,,,,,,,,,,,,https://irishfamilysurnames.com/wp-content/uploads/2021/04/farley-B-H-300x375.jpg,3,Fox,,,,,,,,,,,,,,,,,,,,,,,unlisted
fox,,,,,,,false,,,,,,,,,,,,,,,,,,https://irishfamilysurnames.com/wp-content/uploads/2021/04/fagan-B-H-300x375.jpg,4,Fox,,,,,,,,,,,,,,,,,,,,,,,unlisted
fox,,,,,,,false,,,,,,,,,,,,,,,,,,https://irishfamilysurnames.com/wp-content/uploads/2021/04/flaherty-B-H-300x375.jpg,5,Fox,,,,,,,,,,,,,,,,,,,,,,,unlisted
french,French,"<p>Learn the full history of your family with a Family History or a Crest/History Combination.</p><p>Family History Standard : 16 x 20 cm | 6 x 8 inches. €9.90</p><p>Family History Large : 20 x 26 cm | 8 x 10 inches. €12.50</p><p>Family Combination (History &amp;amp;amp; Crest) : 26 x 20 cm | 10 x 8 inches.€14.95</p><p>Family Histories and Family Combinations are supplied mounted and ready to frame.<br/>FREE WORLDWIDE POSTAGE</p>",Irish Family Surnames,,General,"imported, unlisted",false,Title,Default Title,,,,,5694,0,shopify,1,deny,manual,9.90,,true,true,,https://irishfamilysurnames.com/wp-content/uploads/2021/04/french-B-H.jpg,1,French,false,French,Learn the full history of your family with a Family History or a Crest/History Combination. Family History Standard : 16 x 20 cm | 6 x 8 inches. €9.90 Family History Large : 20 x 26 cm | 8 x 10 inches. €12.50 Family Combination (History &amp; Crest) : 26 x 20 cm | 10 x 8 inches.€14.95 Family Histories and Family Combin,,,,,,,,,,,,,g,,,true,true,,,unlisted
french,,,,,,,false,,,,,,,,,,,,,,,,,,https://irishfamilysurnames.com/wp-content/uploads/2021/03/irishfamilysurnameslogo2.jpg,2,French,,,,,,,,,,,,,,,,,,,,,,,unlisted
french,,,,,,,false,,,,,,,,,,,,,,,,,,https://irishfamilysurnames.com/wp-content/uploads/2021/04/finn-B-H-300x375.jpg,3,French,,,,,,,,,,,,,,,,,,,,,,,unlisted
french,,,,,,,false,,,,,,,,,,,,,,,,,,https://irishfamilysurnames.com/wp-content/uploads/2021/04/fitzgerald-B-H-300x375.jpg,4,French,,,,,,,,,,,,,,,,,,,,,,,unlisted
french,,,,,,,false,,,,,,,,,,,,,,,,,,https://irishfamilysurnames.com/wp-content/uploads/2021/04/fleming-B-H-300x375.jpg,5,French,,,,,,,,,,,,,,,,,,,,,,,unlisted
furlong,Furlong,"<p>Learn the full history of your family with a Family History or a Crest/History Combination.</p><p>Family History Standard : 16 x 20 cm | 6 x 8 inches. €9.90</p><p>Family History Large : 20 x 26 cm | 8 x 10 inches. €12.50</p><p>Family Combination (History &amp;amp;amp; Crest) : 26 x 20 cm | 10 x 8 inches.€14.95</p><p>Family Histories and Family Combinations are supplied mounted and ready to frame.<br/>FREE WORLDWIDE POSTAGE</p>",Irish Family Surnames,,General,"imported, unlisted",false,Title,Default Title,,,,,5706,0,shopify,1,deny,manual,9.90,,true,true,,https://irishfamilysurnames.com/wp-content/uploads/2021/04/furlong-B-H.jpg,1,Furlong,false,Furlong,Learn the full history of your family with a Family History or a Crest/History Combination. Family History Standard : 16 x 20 cm | 6 x 8 inches. €9.90 Family History Large : 20 x 26 cm | 8 x 10 inches. €12.50 Family Combination (History &amp; Crest) : 26 x 20 cm | 10 x 8 inches.€14.95 Family Histories and Family Combin,,,,,,,,,,,,,g,,,true,true,,,unlisted
furlong,,,,,,,false,,,,,,,,,,,,,,,,,,https://irishfamilysurnames.com/wp-content/uploads/2021/03/irishfamilysurnameslogo2.jpg,2,Furlong,,,,,,,,,,,,,,,,,,,,,,,unlisted
furlong,,,,,,,false,,,,,,,,,,,,,,,,,,https://irishfamilysurnames.com/wp-content/uploads/2021/04/farrell-B-H-300x375.jpg,3,Furlong,,,,,,,,,,,,,,,,,,,,,,,unlisted
furlong,,,,,,,false,,,,,,,,,,,,,,,,,,https://irishfamilysurnames.com/wp-content/uploads/2021/04/fitzgibbon-B-H-300x375.jpg,4,Furlong,,,,,,,,,,,,,,,,,,,,,,,unlisted
furlong,,,,,,,false,,,,,,,,,,,,,,,,,,https://irishfamilysurnames.com/wp-content/uploads/2021/04/finn-B-H-300x375.jpg,5,Furlong,,,,,,,,,,,,,,,,,,,,,,,unlisted
gaffney,Gaffney,"<p>Learn the full history of your family with a Family History or a Crest/History Combination.</p><p>Family History Standard : 16 x 20 cm | 6 x 8 inches. €9.90</p><p>Family History Large : 20 x 26 cm | 8 x 10 inches. €12.50</p><p>Family Combination (History &amp;amp;amp; Crest) : 26 x 20 cm | 10 x 8 inches.€14.95</p><p>Family Histories and Family Combinations are supplied mounted and ready to frame.<br/>FREE WORLDWIDE POSTAGE</p>",Irish Family Surnames,,General,"imported, unlisted",false,Title,Default Title,,,,,5718,0,shopify,1,deny,manual,9.90,,true,true,,https://irishfamilysurnames.com/wp-content/uploads/2021/04/gaffney-B-H.jpg,1,Gaffney,false,Gaffney,Learn the full history of your family with a Family History or a Crest/History Combination. Family History Standard : 16 x 20 cm | 6 x 8 inches. €9.90 Family History Large : 20 x 26 cm | 8 x 10 inches. €12.50 Family Combination (History &amp; Crest) : 26 x 20 cm | 10 x 8 inches.€14.95 Family Histories and Family Combin,,,,,,,,,,,,,g,,,true,true,,,unlisted
gaffney,,,,,,,false,,,,,,,,,,,,,,,,,,https://irishfamilysurnames.com/wp-content/uploads/2021/03/irishfamilysurnameslogo2.jpg,2,Gaffney,,,,,,,,,,,,,,,,,,,,,,,unlisted
gaffney,,,,,,,false,,,,,,,,,,,,,,,,,,https://irishfamilysurnames.com/wp-content/uploads/2021/04/geoghegan-B-H-300x375.jpg,3,Gaffney,,,,,,,,,,,,,,,,,,,,,,,unlisted
gaffney,,,,,,,false,,,,,,,,,,,,,,,,,,https://irishfamilysurnames.com/wp-content/uploads/2021/04/greene-B-H-300x375.jpg,4,Gaffney,,,,,,,,,,,,,,,,,,,,,,,unlisted
gaffney,,,,,,,false,,,,,,,,,,,,,,,,,,https://irishfamilysurnames.com/wp-content/uploads/2021/04/galvin-B-H-300x375.jpg,5,Gaffney,,,,,,,,,,,,,,,,,,,,,,,unlisted
gallagher,Gallagher,"<p>Learn the full history of your family with a Family History or a Crest/History Combination.</p><p>Family History Standard : 16 x 20 cm | 6 x 8 inches. €9.90</p><p>Family History Large : 20 x 26 cm | 8 x 10 inches. €12.50</p><p>Family Combination (History &amp;amp;amp; Crest) : 26 x 20 cm | 10 x 8 inches.€14.95</p><p>Family Histories and Family Combinations are supplied mounted and ready to frame.<br/>FREE WORLDWIDE POSTAGE</p>",Irish Family Surnames,,General,"imported, unlisted",false,Title,Default Title,,,,,5729,0,shopify,1,deny,manual,9.90,,true,true,,https://irishfamilysurnames.com/wp-content/uploads/2021/04/gallagher-B-H.jpg,1,Gallagher,false,Gallagher,Learn the full history of your family with a Family History or a Crest/History Combination. Family History Standard : 16 x 20 cm | 6 x 8 inches. €9.90 Family History Large : 20 x 26 cm | 8 x 10 inches. €12.50 Family Combination (History &amp; Crest) : 26 x 20 cm | 10 x 8 inches.€14.95 Family Histories and Family Combin,,,,,,,,,,,,,g,,,true,true,,,unlisted
gallagher,,,,,,,false,,,,,,,,,,,,,,,,,,https://irishfamilysurnames.com/wp-content/uploads/2021/03/irishfamilysurnameslogo2.jpg,2,Gallagher,,,,,,,,,,,,,,,,,,,,,,,unlisted
gallagher,,,,,,,false,,,,,,,,,,,,,,,,,,https://irishfamilysurnames.com/wp-content/uploads/2021/04/gleeson-B-H-300x375.jpg,3,Gallagher,,,,,,,,,,,,,,,,,,,,,,,unlisted
gallagher,,,,,,,false,,,,,,,,,,,,,,,,,,https://irishfamilysurnames.com/wp-content/uploads/2021/04/gaffney-B-H-300x375.jpg,4,Gallagher,,,,,,,,,,,,,,,,,,,,,,,unlisted
gallagher,,,,,,,false,,,,,,,,,,,,,,,,,,https://irishfamilysurnames.com/wp-content/uploads/2021/04/galvin-B-H-300x375.jpg,5,Gallagher,,,,,,,,,,,,,,,,,,,,,,,unlisted
galvin,Galvin,"<p>Learn the full history of your family with a Family History or a Crest/History Combination.</p><p>Family History Standard : 16 x 20 cm | 6 x 8 inches. €9.90</p><p>Family History Large : 20 x 26 cm | 8 x 10 inches. €12.50</p><p>Family Combination (History &amp;amp;amp; Crest) : 26 x 20 cm | 10 x 8 inches.€14.95</p><p>Family Histories and Family Combinations are supplied mounted and ready to frame.<br/>FREE WORLDWIDE POSTAGE</p>",Irish Family Surnames,,General,"imported, unlisted",false,Title,Default Title,,,,,5741,0,shopify,1,deny,manual,9.90,,true,true,,https://irishfamilysurnames.com/wp-content/uploads/2021/04/galvin-B-H.jpg,1,Galvin,false,Galvin,Learn the full history of your family with a Family History or a Crest/History Combination. Family History Standard : 16 x 20 cm | 6 x 8 inches. €9.90 Family History Large : 20 x 26 cm | 8 x 10 inches. €12.50 Family Combination (History &amp; Crest) : 26 x 20 cm | 10 x 8 inches.€14.95 Family Histories and Family Combin,,,,,,,,,,,,,g,,,true,true,,,unlisted
galvin,,,,,,,false,,,,,,,,,,,,,,,,,,https://irishfamilysurnames.com/wp-content/uploads/2021/03/irishfamilysurnameslogo2.jpg,2,Galvin,,,,,,,,,,,,,,,,,,,,,,,unlisted
galvin,,,,,,,false,,,,,,,,,,,,,,,,,,https://irishfamilysurnames.com/wp-content/uploads/2021/04/guinness-B-H-300x375.jpg,3,Galvin,,,,,,,,,,,,,,,,,,,,,,,unlisted
galvin,,,,,,,false,,,,,,,,,,,,,,,,,,https://irishfamilysurnames.com/wp-content/uploads/2021/04/gibbons-B-H-300x375.jpg,4,Galvin,,,,,,,,,,,,,,,,,,,,,,,unlisted
galvin,,,,,,,false,,,,,,,,,,,,,,,,,,https://irishfamilysurnames.com/wp-content/uploads/2021/04/gleeson-B-H-300x375.jpg,5,Galvin,,,,,,,,,,,,,,,,,,,,,,,unlisted
geraghty,Geraghty,"<p>Learn the full history of your family with a Family History or a Crest/History Combination.</p><p>Family History Standard : 16 x 20 cm | 6 x 8 inches. €9.90</p><p>Family History Large : 20 x 26 cm | 8 x 10 inches. €12.50</p><p>Family Combination (History &amp;amp;amp; Crest) : 26 x 20 cm | 10 x 8 inches.€14.95</p><p>Family Histories and Family Combinations are supplied mounted and ready to frame.<br/>FREE WORLDWIDE POSTAGE</p>",Irish Family Surnames,,General,"imported, unlisted",false,Title,Default Title,,,,,5764,0,shopify,1,deny,manual,9.90,,true,true,,https://irishfamilysurnames.com/wp-content/uploads/2021/04/geraghty-B-H.jpg,1,Geraghty,false,Geraghty,Learn the full history of your family with a Family History or a Crest/History Combination. Family History Standard : 16 x 20 cm | 6 x 8 inches. €9.90 Family History Large : 20 x 26 cm | 8 x 10 inches. €12.50 Family Combination (History &amp; Crest) : 26 x 20 cm | 10 x 8 inches.€14.95 Family Histories and Family Combin,,,,,,,,,,,,,g,,,true,true,,,unlisted
geraghty,,,,,,,false,,,,,,,,,,,,,,,,,,https://irishfamilysurnames.com/wp-content/uploads/2021/03/irishfamilysurnameslogo2.jpg,2,Geraghty,,,,,,,,,,,,,,,,,,,,,,,unlisted
geraghty,,,,,,,false,,,,,,,,,,,,,,,,,,https://irishfamilysurnames.com/wp-content/uploads/2021/04/gibbons-B-H-300x375.jpg,3,Geraghty,,,,,,,,,,,,,,,,,,,,,,,unlisted
geraghty,,,,,,,false,,,,,,,,,,,,,,,,,,https://irishfamilysurnames.com/wp-content/uploads/2021/04/graham-B-H-300x375.jpg,4,Geraghty,,,,,,,,,,,,,,,,,,,,,,,unlisted
geraghty,,,,,,,false,,,,,,,,,,,,,,,,,,https://irishfamilysurnames.com/wp-content/uploads/2021/04/gleason-B-H-300x375.jpg,5,Geraghty,,,,,,,,,,,,,,,,,,,,,,,unlisted
gibbons,Gibbons,"<p>Learn the full history of your family with a Family History or a Crest/History Combination.</p><p>Family History Standard : 16 x 20 cm | 6 x 8 inches. €9.90</p><p>Family History Large : 20 x 26 cm | 8 x 10 inches. €12.50</p><p>Family Combination (History &amp;amp;amp; Crest) : 26 x 20 cm | 10 x 8 inches.€14.95</p><p>Family Histories and Family Combinations are supplied mounted and ready to frame.<br/>FREE WORLDWIDE POSTAGE</p>",Irish Family Surnames,,General,"imported, unlisted",false,Title,Default Title,,,,,5776,0,shopify,1,deny,manual,9.90,,true,true,,https://irishfamilysurnames.com/wp-content/uploads/2021/04/gibbons-B-H.jpg,1,Gibbons,false,Gibbons,Learn the full history of your family with a Family History or a Crest/History Combination. Family History Standard : 16 x 20 cm | 6 x 8 inches. €9.90 Family History Large : 20 x 26 cm | 8 x 10 inches. €12.50 Family Combination (History &amp; Crest) : 26 x 20 cm | 10 x 8 inches.€14.95 Family Histories and Family Combin,,,,,,,,,,,,,g,,,true,true,,,unlisted
gibbons,,,,,,,false,,,,,,,,,,,,,,,,,,https://irishfamilysurnames.com/wp-content/uploads/2021/03/irishfamilysurnameslogo2.jpg,2,Gibbons,,,,,,,,,,,,,,,,,,,,,,,unlisted
gibbons,,,,,,,false,,,,,,,,,,,,,,,,,,https://irishfamilysurnames.com/wp-content/uploads/2021/04/galvin-B-H-300x375.jpg,3,Gibbons,,,,,,,,,,,,,,,,,,,,,,,unlisted
gibbons,,,,,,,false,,,,,,,,,,,,,,,,,,https://irishfamilysurnames.com/wp-content/uploads/2021/04/gleason-B-H-300x375.jpg,4,Gibbons,,,,,,,,,,,,,,,,,,,,,,,unlisted
gibbons,,,,,,,false,,,,,,,,,,,,,,,,,,https://irishfamilysurnames.com/wp-content/uploads/2021/04/gallagher-B-H-300x375.jpg,5,Gibbons,,,,,,,,,,,,,,,,,,,,,,,unlisted
gleason,Gleason,"<p>Learn the full history of your family with a Family History or a Crest/History Combination.</p><p>Family History Standard : 16 x 20 cm | 6 x 8 inches. €9.90</p><p>Family History Large : 20 x 26 cm | 8 x 10 inches. €12.50</p><p>Family Combination (History &amp;amp;amp; Crest) : 26 x 20 cm | 10 x 8 inches.€14.95</p><p>Family Histories and Family Combinations are supplied mounted and ready to frame.<br/>FREE WORLDWIDE POSTAGE</p>",Irish Family Surnames,,General,"imported, unlisted",false,Title,Default Title,,,,,5787,0,shopify,1,deny,manual,9.90,,true,true,,https://irishfamilysurnames.com/wp-content/uploads/2021/04/gleason-B-H.jpg,1,Gleason,false,Gleason,Learn the full history of your family with a Family History or a Crest/History Combination. Family History Standard : 16 x 20 cm | 6 x 8 inches. €9.90 Family History Large : 20 x 26 cm | 8 x 10 inches. €12.50 Family Combination (History &amp; Crest) : 26 x 20 cm | 10 x 8 inches.€14.95 Family Histories and Family Combin,,,,,,,,,,,,,g,,,true,true,,,unlisted
gleason,,,,,,,false,,,,,,,,,,,,,,,,,,https://irishfamilysurnames.com/wp-content/uploads/2021/03/irishfamilysurnameslogo2.jpg,2,Gleason,,,,,,,,,,,,,,,,,,,,,,,unlisted
gleason,,,,,,,false,,,,,,,,,,,,,,,,,,https://irishfamilysurnames.com/wp-content/uploads/2021/04/gorman-B-H-300x375.jpg,3,Gleason,,,,,,,,,,,,,,,,,,,,,,,unlisted
gleason,,,,,,,false,,,,,,,,,,,,,,,,,,https://irishfamilysurnames.com/wp-content/uploads/2021/04/griffin-B-H-300x375.jpg,4,Gleason,,,,,,,,,,,,,,,,,,,,,,,unlisted
gleason,,,,,,,false,,,,,,,,,,,,,,,,,,https://irishfamilysurnames.com/wp-content/uploads/2021/04/grady-B-H-300x375.jpg,5,Gleason,,,,,,,,,,,,,,,,,,,,,,,unlisted
gorman,Gorman,"<p>Learn the full history of your family with a Family History or a Crest/History Combination.</p><p>Family History Standard : 16 x 20 cm | 6 x 8 inches. €9.90</p><p>Family History Large : 20 x 26 cm | 8 x 10 inches. €12.50</p><p>Family Combination (History &amp;amp;amp; Crest) : 26 x 20 cm | 10 x 8 inches.€14.95</p><p>Family Histories and Family Combinations are supplied mounted and ready to frame.<br/>FREE WORLDWIDE POSTAGE</p>",Irish Family Surnames,,General,"imported, unlisted",false,Title,Default Title,,,,,5809,0,shopify,1,deny,manual,9.90,,true,true,,https://irishfamilysurnames.com/wp-content/uploads/2021/04/gorman-B-H.jpg,1,Gorman,false,Gorman,Learn the full history of your family with a Family History or a Crest/History Combination. Family History Standard : 16 x 20 cm | 6 x 8 inches. €9.90 Family History Large : 20 x 26 cm | 8 x 10 inches. €12.50 Family Combination (History &amp; Crest) : 26 x 20 cm | 10 x 8 inches.€14.95 Family Histories and Family Combin,,,,,,,,,,,,,g,,,true,true,,,unlisted
gorman,,,,,,,false,,,,,,,,,,,,,,,,,,https://irishfamilysurnames.com/wp-content/uploads/2021/03/irishfamilysurnameslogo2.jpg,2,Gorman,,,,,,,,,,,,,,,,,,,,,,,unlisted
gorman,,,,,,,false,,,,,,,,,,,,,,,,,,https://irishfamilysurnames.com/wp-content/uploads/2021/04/greene-B-H-300x375.jpg,3,Gorman,,,,,,,,,,,,,,,,,,,,,,,unlisted
gorman,,,,,,,false,,,,,,,,,,,,,,,,,,https://irishfamilysurnames.com/wp-content/uploads/2021/04/gibbons-B-H-300x375.jpg,4,Gorman,,,,,,,,,,,,,,,,,,,,,,,unlisted
gorman,,,,,,,false,,,,,,,,,,,,,,,,,,https://irishfamilysurnames.com/wp-content/uploads/2021/04/gaffney-B-H-300x375.jpg,5,Gorman,,,,,,,,,,,,,,,,,,,,,,,unlisted
graham,Graham,"<p>Learn the full history of your family with a Family History or a Crest/History Combination.</p><p>Family History Standard : 16 x 20 cm | 6 x 8 inches. €9.90</p><p>Family History Large : 20 x 26 cm | 8 x 10 inches. €12.50</p><p>Family Combination (History &amp;amp;amp; Crest) : 26 x 20 cm | 10 x 8 inches.€14.95</p><p>Family Histories and Family Combinations are supplied mounted and ready to frame.<br/>FREE WORLDWIDE POSTAGE</p>",Irish Family Surnames,,General,"imported, unlisted",false,Title,Default Title,,,,,5831,0,shopify,1,deny,manual,9.90,,true,true,,https://irishfamilysurnames.com/wp-content/uploads/2021/04/graham-B-H.jpg,1,Graham,false,Graham,Learn the full history of your family with a Family History or a Crest/History Combination. Family History Standard : 16 x 20 cm | 6 x 8 inches. €9.90 Family History Large : 20 x 26 cm | 8 x 10 inches. €12.50 Family Combination (History &amp; Crest) : 26 x 20 cm | 10 x 8 inches.€14.95 Family Histories and Family Combin,,,,,,,,,,,,,g,,,true,true,,,unlisted
graham,,,,,,,false,,,,,,,,,,,,,,,,,,https://irishfamilysurnames.com/wp-content/uploads/2021/03/irishfamilysurnameslogo2.jpg,2,Graham,,,,,,,,,,,,,,,,,,,,,,,unlisted
graham,,,,,,,false,,,,,,,,,,,,,,,,,,https://irishfamilysurnames.com/wp-content/uploads/2021/04/griffin-B-H-300x375.jpg,3,Graham,,,,,,,,,,,,,,,,,,,,,,,unlisted
graham,,,,,,,false,,,,,,,,,,,,,,,,,,https://irishfamilysurnames.com/wp-content/uploads/2021/04/gorman-B-H-300x375.jpg,4,Graham,,,,,,,,,,,,,,,,,,,,,,,unlisted
graham,,,,,,,false,,,,,,,,,,,,,,,,,,https://irishfamilysurnames.com/wp-content/uploads/2021/04/griffith-B-H-300x375.jpg,5,Graham,,,,,,,,,,,,,,,,,,,,,,,unlisted
green,Green,"<p>Learn the full history of your family with a Family History or a Crest/History Combination.</p><p>Family History Standard : 16 x 20 cm | 6 x 8 inches. €9.90</p><p>Family History Large : 20 x 26 cm | 8 x 10 inches. €12.50</p><p>Family Combination (History &amp;amp;amp; Crest) : 26 x 20 cm | 10 x 8 inches.€14.95</p><p>Family Histories and Family Combinations are supplied mounted and ready to frame.<br/>FREE WORLDWIDE POSTAGE</p>",Irish Family Surnames,,General,"imported, unlisted",false,Title,Default Title,,,,,5842,0,shopify,1,deny,manual,9.90,,true,true,,https://irishfamilysurnames.com/wp-content/uploads/2021/04/green-B-H.jpg,1,Green,false,Green,Learn the full history of your family with a Family History or a Crest/History Combination. Family History Standard : 16 x 20 cm | 6 x 8 inches. €9.90 Family History Large : 20 x 26 cm | 8 x 10 inches. €12.50 Family Combination (History &amp; Crest) : 26 x 20 cm | 10 x 8 inches.€14.95 Family Histories and Family Combin,,,,,,,,,,,,,g,,,true,true,,,unlisted
green,,,,,,,false,,,,,,,,,,,,,,,,,,https://irishfamilysurnames.com/wp-content/uploads/2021/03/irishfamilysurnameslogo2.jpg,2,Green,,,,,,,,,,,,,,,,,,,,,,,unlisted
green,,,,,,,false,,,,,,,,,,,,,,,,,,https://irishfamilysurnames.com/wp-content/uploads/2021/04/griffin-B-H-300x375.jpg,3,Green,,,,,,,,,,,,,,,,,,,,,,,unlisted
green,,,,,,,false,,,,,,,,,,,,,,,,,,https://irishfamilysurnames.com/wp-content/uploads/2021/04/gallagher-B-H-300x375.jpg,4,Green,,,,,,,,,,,,,,,,,,,,,,,unlisted
green,,,,,,,false,,,,,,,,,,,,,,,,,,https://irishfamilysurnames.com/wp-content/uploads/2021/04/guinness-B-H-300x375.jpg,5,Green,,,,,,,,,,,,,,,,,,,,,,,unlisted
greene,Greene,"<p>Learn the full history of your family with a Family History or a Crest/History Combination.</p><p>Family History Standard : 16 x 20 cm | 6 x 8 inches. €9.90</p><p>Family History Large : 20 x 26 cm | 8 x 10 inches. €12.50</p><p>Family Combination (History &amp;amp;amp; Crest) : 26 x 20 cm | 10 x 8 inches.€14.95</p><p>Family Histories and Family Combinations are supplied mounted and ready to frame.<br/>FREE WORLDWIDE POSTAGE</p>",Irish Family Surnames,,General,"imported, unlisted",false,Title,Default Title,,,,,5853,0,shopify,1,deny,manual,9.90,,true,true,,https://irishfamilysurnames.com/wp-content/uploads/2021/04/greene-B-H.jpg,1,Greene,false,Greene,Learn the full history of your family with a Family History or a Crest/History Combination. Family History Standard : 16 x 20 cm | 6 x 8 inches. €9.90 Family History Large : 20 x 26 cm | 8 x 10 inches. €12.50 Family Combination (History &amp; Crest) : 26 x 20 cm | 10 x 8 inches.€14.95 Family Histories and Family Combin,,,,,,,,,,,,,g,,,true,true,,,unlisted
greene,,,,,,,false,,,,,,,,,,,,,,,,,,https://irishfamilysurnames.com/wp-content/uploads/2021/03/irishfamilysurnameslogo2.jpg,2,Greene,,,,,,,,,,,,,,,,,,,,,,,unlisted
greene,,,,,,,false,,,,,,,,,,,,,,,,,,https://irishfamilysurnames.com/wp-content/uploads/2021/04/graham-B-H-300x375.jpg,3,Greene,,,,,,,,,,,,,,,,,,,,,,,unlisted
greene,,,,,,,false,,,,,,,,,,,,,,,,,,https://irishfamilysurnames.com/wp-content/uploads/2021/04/grady-B-H-300x375.jpg,4,Greene,,,,,,,,,,,,,,,,,,,,,,,unlisted
greene,,,,,,,false,,,,,,,,,,,,,,,,,,https://irishfamilysurnames.com/wp-content/uploads/2021/04/gleason-B-H-300x375.jpg,5,Greene,,,,,,,,,,,,,,,,,,,,,,,unlisted
griffin,Griffin,"<p>Learn the full history of your family with a Family History or a Crest/History Combination.</p><p>Family History Standard : 16 x 20 cm | 6 x 8 inches. €9.90</p><p>Family History Large : 20 x 26 cm | 8 x 10 inches. €12.50</p><p>Family Combination (History &amp;amp;amp; Crest) : 26 x 20 cm | 10 x 8 inches.€14.95</p><p>Family Histories and Family Combinations are supplied mounted and ready to frame.<br/>FREE WORLDWIDE POSTAGE</p>",Irish Family Surnames,,General,"imported, unlisted",false,Title,Default Title,,,,,5865,0,shopify,1,deny,manual,9.90,,true,true,,https://irishfamilysurnames.com/wp-content/uploads/2021/04/griffin-B-H.jpg,1,Griffin,false,Griffin,Learn the full history of your family with a Family History or a Crest/History Combination. Family History Standard : 16 x 20 cm | 6 x 8 inches. €9.90 Family History Large : 20 x 26 cm | 8 x 10 inches. €12.50 Family Combination (History &amp; Crest) : 26 x 20 cm | 10 x 8 inches.€14.95 Family Histories and Family Combin,,,,,,,,,,,,,g,,,true,true,,,unlisted
griffin,,,,,,,false,,,,,,,,,,,,,,,,,,https://irishfamilysurnames.com/wp-content/uploads/2021/03/irishfamilysurnameslogo2.jpg,2,Griffin,,,,,,,,,,,,,,,,,,,,,,,unlisted
griffin,,,,,,,false,,,,,,,,,,,,,,,,,,https://irishfamilysurnames.com/wp-content/uploads/2021/04/guinness-B-H-300x375.jpg,3,Griffin,,,,,,,,,,,,,,,,,,,,,,,unlisted
griffin,,,,,,,false,,,,,,,,,,,,,,,,,,https://irishfamilysurnames.com/wp-content/uploads/2021/04/gallagher-B-H-300x375.jpg,4,Griffin,,,,,,,,,,,,,,,,,,,,,,,unlisted
griffin,,,,,,,false,,,,,,,,,,,,,,,,,,https://irishfamilysurnames.com/wp-content/uploads/2021/04/galvin-B-H-300x375.jpg,5,Griffin,,,,,,,,,,,,,,,,,,,,,,,unlisted
griffith,Griffith,"<p>Learn the full history of your family with a Family History or a Crest/History Combination.</p><p>Family History Standard : 16 x 20 cm | 6 x 8 inches. €9.90</p><p>Family History Large : 20 x 26 cm | 8 x 10 inches. €12.50</p><p>Family Combination (History &amp;amp;amp; Crest) : 26 x 20 cm | 10 x 8 inches.€14.95</p><p>Family Histories and Family Combinations are supplied mounted and ready to frame.<br/>FREE WORLDWIDE POSTAGE</p>",Irish Family Surnames,,General,"imported, unlisted",false,Title,Default Title,,,,,5876,0,shopify,1,deny,manual,9.90,,true,true,,https://irishfamilysurnames.com/wp-content/uploads/2021/04/griffith-B-H.jpg,1,Griffith,false,Griffith,Learn the full history of your family with a Family History or a Crest/History Combination. Family History Standard : 16 x 20 cm | 6 x 8 inches. €9.90 Family History Large : 20 x 26 cm | 8 x 10 inches. €12.50 Family Combination (History &amp; Crest) : 26 x 20 cm | 10 x 8 inches.€14.95 Family Histories and Family Combin,,,,,,,,,,,,,g,,,true,true,,,unlisted
griffith,,,,,,,false,,,,,,,,,,,,,,,,,,https://irishfamilysurnames.com/wp-content/uploads/2021/03/irishfamilysurnameslogo2.jpg,2,Griffith,,,,,,,,,,,,,,,,,,,,,,,unlisted
griffith,,,,,,,false,,,,,,,,,,,,,,,,,,https://irishfamilysurnames.com/wp-content/uploads/2021/04/grady-B-H-300x375.jpg,3,Griffith,,,,,,,,,,,,,,,,,,,,,,,unlisted
griffith,,,,,,,false,,,,,,,,,,,,,,,,,,https://irishfamilysurnames.com/wp-content/uploads/2021/04/geoghegan-B-H-300x375.jpg,4,Griffith,,,,,,,,,,,,,,,,,,,,,,,unlisted
griffith,,,,,,,false,,,,,,,,,,,,,,,,,,https://irishfamilysurnames.com/wp-content/uploads/2021/04/gleeson-B-H-300x375.jpg,5,Griffith,,,,,,,,,,,,,,,,,,,,,,,unlisted
guinness,Guinness,"<p>Learn the full history of your family with a Family History or a Crest/History Combination.</p><p>Family History Standard : 16 x 20 cm | 6 x 8 inches. €9.90</p><p>Family History Large : 20 x 26 cm | 8 x 10 inches. €12.50</p><p>Family Combination (History &amp;amp;amp; Crest) : 26 x 20 cm | 10 x 8 inches.€14.95</p><p>Family Histories and Family Combinations are supplied mounted and ready to frame.<br/>FREE WORLDWIDE POSTAGE</p>",Irish Family Surnames,,General,"imported, unlisted",false,Title,Default Title,,,,,5887,0,shopify,1,deny,manual,9.90,,true,true,,https://irishfamilysurnames.com/wp-content/uploads/2021/04/guinness-B-H.jpg,1,Guinness,false,Guinness,Learn the full history of your family with a Family History or a Crest/History Combination. Family History Standard : 16 x 20 cm | 6 x 8 inches. €9.90 Family History Large : 20 x 26 cm | 8 x 10 inches. €12.50 Family Combination (History &amp; Crest) : 26 x 20 cm | 10 x 8 inches.€14.95 Family Histories and Family Combin,,,,,,,,,,,,,g,,,true,true,,,unlisted
guinness,,,,,,,false,,,,,,,,,,,,,,,,,,https://irishfamilysurnames.com/wp-content/uploads/2021/03/irishfamilysurnameslogo2.jpg,2,Guinness,,,,,,,,,,,,,,,,,,,,,,,unlisted
guinness,,,,,,,false,,,,,,,,,,,,,,,,,,https://irishfamilysurnames.com/wp-content/uploads/2021/04/gleeson-B-H-300x375.jpg,3,Guinness,,,,,,,,,,,,,,,,,,,,,,,unlisted
guinness,,,,,,,false,,,,,,,,,,,,,,,,,,https://irishfamilysurnames.com/wp-content/uploads/2021/04/greene-B-H-300x375.jpg,4,Guinness,,,,,,,,,,,,,,,,,,,,,,,unlisted
guinness,,,,,,,false,,,,,,,,,,,,,,,,,,https://irishfamilysurnames.com/wp-content/uploads/2021/04/griffin-B-H-300x375.jpg,5,Guinness,,,,,,,,,,,,,,,,,,,,,,,unlisted
dougherty,Dougherty,"<p>Learn the full history of your family with a Family History or a Crest/History Combination.</p><p>Family History Standard : 16 x 20 cm | 6 x 8 inches. €9.90</p><p>Family History Large : 20 x 26 cm | 8 x 10 inches. €12.50</p><p>Family Combination (History &amp;amp;amp; Crest) : 26 x 20 cm | 10 x 8 inches.€14.95</p><p>Family Histories and Family Combinations are supplied mounted and ready to frame.<br/>FREE WORLDWIDE POSTAGE</p>",Irish Family Surnames,,General,"imported, unlisted",false,Title,Default Title,,,,,5283,0,shopify,1,deny,manual,9.90,,true,true,,https://irishfamilysurnames.com/wp-content/uploads/2021/04/dougherty-B-H.jpg,1,Dougherty,false,Dougherty,Learn the full history of your family with a Family History or a Crest/History Combination. Family History Standard : 16 x 20 cm | 6 x 8 inches. €9.90 Family History Large : 20 x 26 cm | 8 x 10 inches. €12.50 Family Combination (History &amp; Crest) : 26 x 20 cm | 10 x 8 inches.€14.95 Family Histories and Family Combin,,,,,,,,,,,,,g,,,true,true,,,unlisted
dougherty,,,,,,,false,,,,,,,,,,,,,,,,,,https://irishfamilysurnames.com/wp-content/uploads/2021/03/irishfamilysurnameslogo2.jpg,2,Dougherty,,,,,,,,,,,,,,,,,,,,,,,unlisted
dougherty,,,,,,,false,,,,,,,,,,,,,,,,,,https://irishfamilysurnames.com/wp-content/uploads/2021/04/donohoe-B-H-300x375.jpg,3,Dougherty,,,,,,,,,,,,,,,,,,,,,,,unlisted
dougherty,,,,,,,false,,,,,,,,,,,,,,,,,,https://irishfamilysurnames.com/wp-content/uploads/2021/04/dempsey-B-H-300x375.jpg,4,Dougherty,,,,,,,,,,,,,,,,,,,,,,,unlisted
dougherty,,,,,,,false,,,,,,,,,,,,,,,,,,https://irishfamilysurnames.com/wp-content/uploads/2021/04/doherty-B-H-300x375.jpg,5,Dougherty,,,,,,,,,,,,,,,,,,,,,,,unlisted
evans,Evans,"<p>Learn the full history of your family with a Family History or a Crest/History Combination.</p><p>Family History Standard : 16 x 20 cm | 6 x 8 inches. €9.90</p><p>Family History Large : 20 x 26 cm | 8 x 10 inches. €12.50</p><p>Family Combination (History &amp;amp;amp; Crest) : 26 x 20 cm | 10 x 8 inches.€14.95</p><p>Family Histories and Family Combinations are supplied mounted and ready to frame.<br/>FREE WORLDWIDE POSTAGE</p>",Irish Family Surnames,,General,"imported, unlisted",false,Title,Default Title,,,,,5444,0,shopify,1,deny,manual,9.90,,true,true,,https://irishfamilysurnames.com/wp-content/uploads/2021/04/evans-B-H-1.jpg,1,Evans,false,Evans,Learn the full history of your family with a Family History or a Crest/History Combination. Family History Standard : 16 x 20 cm | 6 x 8 inches. €9.90 Family History Large : 20 x 26 cm | 8 x 10 inches. €12.50 Family Combination (History &amp; Crest) : 26 x 20 cm | 10 x 8 inches.€14.95 Family Histories and Family Combin,,,,,,,,,,,,,g,,,true,true,,,unlisted
evans,,,,,,,false,,,,,,,,,,,,,,,,,,https://irishfamilysurnames.com/wp-content/uploads/2021/03/irishfamilysurnameslogo2.jpg,2,Evans,,,,,,,,,,,,,,,,,,,,,,,unlisted
evans,,,,,,,false,,,,,,,,,,,,,,,,,,https://irishfamilysurnames.com/wp-content/uploads/2021/04/egan-B-H-300x375.jpg,3,Evans,,,,,,,,,,,,,,,,,,,,,,,unlisted
grady,Grady,"<p>Learn the full history of your family with a Family History or a Crest/History Combination.</p><p>Family History Standard : 16 x 20 cm | 6 x 8 inches. €9.90</p><p>Family History Large : 20 x 26 cm | 8 x 10 inches. €12.50</p><p>Family Combination (History &amp;amp;amp; Crest) : 26 x 20 cm | 10 x 8 inches.€14.95</p><p>Family Histories and Family Combinations are supplied mounted and ready to frame.<br/>FREE WORLDWIDE POSTAGE</p>",Irish Family Surnames,,General,"imported, unlisted",false,Title,Default Title,,,,,5820,0,shopify,1,deny,manual,9.90,,true,true,,https://irishfamilysurnames.com/wp-content/uploads/2021/04/grady-B-H.jpg,1,Grady,false,Grady,Learn the full history of your family with a Family History or a Crest/History Combination. Family History Standard : 16 x 20 cm | 6 x 8 inches. €9.90 Family History Large : 20 x 26 cm | 8 x 10 inches. €12.50 Family Combination (History &amp; Crest) : 26 x 20 cm | 10 x 8 inches.€14.95 Family Histories and Family Combin,,,,,,,,,,,,,g,,,true,true,,,unlisted
grady,,,,,,,false,,,,,,,,,,,,,,,,,,https://irishfamilysurnames.com/wp-content/uploads/2021/03/irishfamilysurnameslogo2.jpg,2,Grady,,,,,,,,,,,,,,,,,,,,,,,unlisted
grady,,,,,,,false,,,,,,,,,,,,,,,,,,https://irishfamilysurnames.com/wp-content/uploads/2021/04/geraghty-B-H-300x375.jpg,3,Grady,,,,,,,,,,,,,,,,,,,,,,,unlisted
grady,,,,,,,false,,,,,,,,,,,,,,,,,,https://irishfamilysurnames.com/wp-content/uploads/2021/04/gaffney-B-H-300x375.jpg,4,Grady,,,,,,,,,,,,,,,,,,,,,,,unlisted
grady,,,,,,,false,,,,,,,,,,,,,,,,,,https://irishfamilysurnames.com/wp-content/uploads/2021/04/galvin-B-H-300x375.jpg,5,Grady,,,,,,,,,,,,,,,,,,,,,,,unlisted
fitzsimons,Fitzsimons,"<p>Learn the full history of your family with a Family History or a Crest/History Combination.</p><p>Family History Standard : 16 x 20 cm | 6 x 8 inches. €9.90</p><p>Family History Large : 20 x 26 cm | 8 x 10 inches. €12.50</p><p>Family Combination (History &amp;amp;amp; Crest) : 26 x 20 cm | 10 x 8 inches.€14.95</p><p>Family Histories and Family Combinations are supplied mounted and ready to frame.<br/>FREE WORLDWIDE POSTAGE</p>",Irish Family Surnames,,General,"imported, unlisted",false,Title,Default Title,,,,,5593,0,shopify,1,deny,manual,9.90,,true,true,,https://irishfamilysurnames.com/wp-content/uploads/2021/04/fitzsimons-B-H.jpg,1,Fitzsimons,false,Fitzsimons,Learn the full history of your family with a Family History or a Crest/History Combination. Family History Standard : 16 x 20 cm | 6 x 8 inches. €9.90 Family History Large : 20 x 26 cm | 8 x 10 inches. €12.50 Family Combination (History &amp; Crest) : 26 x 20 cm | 10 x 8 inches.€14.95 Family Histories and Family Combin,,,,,,,,,,,,,g,,,true,true,,,unlisted
fitzsimons,,,,,,,false,,,,,,,,,,,,,,,,,,https://irishfamilysurnames.com/wp-content/uploads/2021/03/irishfamilysurnameslogo2.jpg,2,Fitzsimons,,,,,,,,,,,,,,,,,,,,,,,unlisted
fitzsimons,,,,,,,false,,,,,,,,,,,,,,,,,,https://irishfamilysurnames.com/wp-content/uploads/2021/04/foley-B-H-300x375.jpg,3,Fitzsimons,,,,,,,,,,,,,,,,,,,,,,,unlisted
fitzsimons,,,,,,,false,,,,,,,,,,,,,,,,,,https://irishfamilysurnames.com/wp-content/uploads/2021/04/fitzgibbon-B-H-300x375.jpg,4,Fitzsimons,,,,,,,,,,,,,,,,,,,,,,,unlisted
fitzsimons,,,,,,,false,,,,,,,,,,,,,,,,,,https://irishfamilysurnames.com/wp-content/uploads/2021/04/farley-B-H-300x375.jpg,5,Fitzsimons,,,,,,,,,,,,,,,,,,,,,,,unlisted
hegarty,Hegarty,"<p>Learn the full history of your family with a Family History or a Crest/History Combination.</p><p>Family History Standard : 16 x 20 cm | 6 x 8 inches. €9.90</p><p>Family History Large : 20 x 26 cm | 8 x 10 inches. €12.50</p><p>Family Combination (History &amp;amp;amp; Crest) : 26 x 20 cm | 10 x 8 inches.€14.95</p><p>Family Histories and Family Combinations are supplied mounted and ready to frame.<br/>FREE WORLDWIDE POSTAGE</p>",Irish Family Surnames,,General,"imported, unlisted",false,Title,Default Title,,,,,1353,0,shopify,1,deny,manual,9.90,,true,true,,https://irishfamilysurnames.com/wp-content/uploads/2021/04/hegarty-B-H.jpg,1,Hegarty,false,Hegarty,Learn the full history of your family with a Family History or a Crest/History Combination. Family History Standard : 16 x 20 cm | 6 x 8 inches. €9.90 Family History Large : 20 x 26 cm | 8 x 10 inches. €12.50 Family Combination (History &amp; Crest) : 26 x 20 cm | 10 x 8 inches.€14.95 Family Histories and Family Combin,,,,,,,,,,,,,g,,,true,true,,,unlisted
hegarty,,,,,,,false,,,,,,,,,,,,,,,,,,https://irishfamilysurnames.com/wp-content/uploads/2021/03/irishfamilysurnameslogo2.jpg,2,Hegarty,,,,,,,,,,,,,,,,,,,,,,,unlisted
hegarty,,,,,,,false,,,,,,,,,,,,,,,,,,https://irishfamilysurnames.com/wp-content/uploads/2021/04/hannon-B-H-300x375.jpg,3,Hegarty,,,,,,,,,,,,,,,,,,,,,,,unlisted
hegarty,,,,,,,false,,,,,,,,,,,,,,,,,,https://irishfamilysurnames.com/wp-content/uploads/2021/04/harris-B-H-300x375.jpg,4,Hegarty,,,,,,,,,,,,,,,,,,,,,,,unlisted
hegarty,,,,,,,false,,,,,,,,,,,,,,,,,,https://irishfamilysurnames.com/wp-content/uploads/2021/04/hely-B-H-300x375.jpg,5,Hegarty,,,,,,,,,,,,,,,,,,,,,,,unlisted
mcdermott,McDermott,"<p>Learn the full history of your family with a Family History or a Crest/History Combination.</p><p>Family History Standard : 16 x 20 cm | 6 x 8 inches. €9.90</p><p>Family History Large : 20 x 26 cm | 8 x 10 inches. €12.50</p><p>Family Combination (History &amp;amp;amp; Crest) : 26 x 20 cm | 10 x 8 inches.€14.95</p><p>Family Histories and Family Combinations are supplied mounted and ready to frame.<br/>FREE WORLDWIDE POSTAGE</p>",Irish Family Surnames,,General,"imported, unlisted",false,Title,Default Title,,,,,2461,0,shopify,1,deny,manual,9.90,,true,true,,https://irishfamilysurnames.com/wp-content/uploads/2021/04/mcdermott-B-H.jpg,1,McDermott,false,McDermott,Learn the full history of your family with a Family History or a Crest/History Combination. Family History Standard : 16 x 20 cm | 6 x 8 inches. €9.90 Family History Large : 20 x 26 cm | 8 x 10 inches. €12.50 Family Combination (History &amp; Crest) : 26 x 20 cm | 10 x 8 inches.€14.95 Family Histories and Family Combin,,,,,,,,,,,,,g,,,true,true,,,unlisted
mcdermott,,,,,,,false,,,,,,,,,,,,,,,,,,https://irishfamilysurnames.com/wp-content/uploads/2021/03/irishfamilysurnameslogo2.jpg,2,McDermott,,,,,,,,,,,,,,,,,,,,,,,unlisted
mcdermott,,,,,,,false,,,,,,,,,,,,,,,,,,https://irishfamilysurnames.com/wp-content/uploads/2021/04/mccann-BH-300x375.jpg,3,McDermott,,,,,,,,,,,,,,,,,,,,,,,unlisted
mcdermott,,,,,,,false,,,,,,,,,,,,,,,,,,https://irishfamilysurnames.com/wp-content/uploads/2021/04/mcdonagh-B-H-300x375.jpg,4,McDermott,,,,,,,,,,,,,,,,,,,,,,,unlisted
mcdermott,,,,,,,false,,,,,,,,,,,,,,,,,,https://irishfamilysurnames.com/wp-content/uploads/2021/04/mcgovern-B-H-300x375.jpg,5,McDermott,,,,,,,,,,,,,,,,,,,,,,,unlisted
ocarroll,O'Carroll,"<p>Learn the full history of your family with a Family History or a Crest/History Combination.</p><p>Family History Standard : 16 x 20 cm | 6 x 8 inches. €9.90</p><p>Family History Large : 20 x 26 cm | 8 x 10 inches. €12.50</p><p>Family Combination (History &amp;amp;amp; Crest) : 26 x 20 cm | 10 x 8 inches.€14.95</p><p>Family Histories and Family Combinations are supplied mounted and ready to frame.<br/>FREE WORLDWIDE POSTAGE</p>",Irish Family Surnames,,General,"imported, unlisted",false,Title,Default Title,,,,,3534,0,shopify,1,deny,manual,9.90,,true,true,,https://irishfamilysurnames.com/wp-content/uploads/2021/04/o-carroll-B-H.jpg,1,O'Carroll,false,O'Carroll,Learn the full history of your family with a Family History or a Crest/History Combination. Family History Standard : 16 x 20 cm | 6 x 8 inches. €9.90 Family History Large : 20 x 26 cm | 8 x 10 inches. €12.50 Family Combination (History &amp; Crest) : 26 x 20 cm | 10 x 8 inches.€14.95 Family Histories and Family Combin,,,,,,,,,,,,,g,,,true,true,,,unlisted
ocarroll,,,,,,,false,,,,,,,,,,,,,,,,,,https://irishfamilysurnames.com/wp-content/uploads/2021/03/irishfamilysurnameslogo2.jpg,2,O'Carroll,,,,,,,,,,,,,,,,,,,,,,,unlisted
ocarroll,,,,,,,false,,,,,,,,,,,,,,,,,,https://irishfamilysurnames.com/wp-content/uploads/2021/04/o-connell-B-H-300x375.jpg,3,O'Carroll,,,,,,,,,,,,,,,,,,,,,,,unlisted
ocarroll,,,,,,,false,,,,,,,,,,,,,,,,,,https://irishfamilysurnames.com/wp-content/uploads/2021/04/o-duffy-B-H-300x375.jpg,4,O'Carroll,,,,,,,,,,,,,,,,,,,,,,,unlisted
ocarroll,,,,,,,false,,,,,,,,,,,,,,,,,,https://irishfamilysurnames.com/wp-content/uploads/2021/04/o-daugherty-B-H-300x375.jpg,5,O'Carroll,,,,,,,,,,,,,,,,,,,,,,,unlisted
bell,Bell,"<p>Learn the full history of your family with a Family History or a Crest/History Combination.</p><p>Family History Standard : 16 x 20 cm | 6 x 8 inches. €9.90</p><p>Family History Large : 20 x 26 cm | 8 x 10 inches. €12.50</p><p>Family Combination (History &amp;amp;amp; Crest) : 26 x 20 cm | 10 x 8 inches.€14.95</p><p>Family Histories and Family Combinations are supplied mounted and ready to frame.<br/>FREE WORLDWIDE POSTAGE</p>",Irish Family Surnames,,General,"imported, unlisted",false,Title,Default Title,,,,,3110,0,shopify,1,deny,manual,9.90,,true,true,,https://irishfamilysurnames.com/wp-content/uploads/2021/04/bell-B-H.jpg,1,Bell,false,Bell,Learn the full history of your family with a Family History or a Crest/History Combination. Family History Standard : 16 x 20 cm | 6 x 8 inches. €9.90 Family History Large : 20 x 26 cm | 8 x 10 inches. €12.50 Family Combination (History &amp; Crest) : 26 x 20 cm | 10 x 8 inches.€14.95 Family Histories and Family Combin,,,,,,,,,,,,,g,,,true,true,,,unlisted
bell,,,,,,,false,,,,,,,,,,,,,,,,,,https://irishfamilysurnames.com/wp-content/uploads/2021/03/irishfamilysurnameslogo2.jpg,2,Bell,,,,,,,,,,,,,,,,,,,,,,,unlisted
bell,,,,,,,false,,,,,,,,,,,,,,,,,,https://irishfamilysurnames.com/wp-content/uploads/2021/04/boland-B-H-300x375.jpg,3,Bell,,,,,,,,,,,,,,,,,,,,,,,unlisted
bell,,,,,,,false,,,,,,,,,,,,,,,,,,https://irishfamilysurnames.com/wp-content/uploads/2021/04/brady-B-H-300x375.jpg,4,Bell,,,,,,,,,,,,,,,,,,,,,,,unlisted
bell,,,,,,,false,,,,,,,,,,,,,,,,,,https://irishfamilysurnames.com/wp-content/uploads/2021/04/burns-B-H-300x375.jpg,5,Bell,,,,,,,,,,,,,,,,,,,,,,,unlisted
bourke,Bourke,"<p>Learn the full history of your family with a Family History or a Crest/History Combination.</p><p>Family History Standard : 16 x 20 cm | 6 x 8 inches. €9.90</p><p>Family History Large : 20 x 26 cm | 8 x 10 inches. €12.50</p><p>Family Combination (History &amp;amp;amp; Crest) : 26 x 20 cm | 10 x 8 inches.€14.95</p><p>Family Histories and Family Combinations are supplied mounted and ready to frame.<br/>FREE WORLDWIDE POSTAGE</p>",Irish Family Surnames,,General,"imported, unlisted",false,Title,Default Title,,,,,3154,0,shopify,1,deny,manual,9.90,,true,true,,https://irishfamilysurnames.com/wp-content/uploads/2021/04/bourke-B-H.jpg,1,Bourke,false,Bourke,Learn the full history of your family with a Family History or a Crest/History Combination. Family History Standard : 16 x 20 cm | 6 x 8 inches. €9.90 Family History Large : 20 x 26 cm | 8 x 10 inches. €12.50 Family Combination (History &amp; Crest) : 26 x 20 cm | 10 x 8 inches.€14.95 Family Histories and Family Combin,,,,,,,,,,,,,g,,,true,true,,,unlisted
bourke,,,,,,,false,,,,,,,,,,,,,,,,,,https://irishfamilysurnames.com/wp-content/uploads/2021/03/irishfamilysurnameslogo2.jpg,2,Bourke,,,,,,,,,,,,,,,,,,,,,,,unlisted
bourke,,,,,,,false,,,,,,,,,,,,,,,,,,https://irishfamilysurnames.com/wp-content/uploads/2021/04/burns-B-H-300x375.jpg,3,Bourke,,,,,,,,,,,,,,,,,,,,,,,unlisted
bourke,,,,,,,false,,,,,,,,,,,,,,,,,,https://irishfamilysurnames.com/wp-content/uploads/2021/04/brady-B-H-300x375.jpg,4,Bourke,,,,,,,,,,,,,,,,,,,,,,,unlisted
bourke,,,,,,,false,,,,,,,,,,,,,,,,,,https://irishfamilysurnames.com/wp-content/uploads/2021/04/blake-B-H-300x375.jpg,5,Bourke,,,,,,,,,,,,,,,,,,,,,,,unlisted
bradley,Bradley,"<p>Learn the full history of your family with a Family History or a Crest/History Combination.</p><p>Family History Standard : 16 x 20 cm | 6 x 8 inches. €9.90</p><p>Family History Large : 20 x 26 cm | 8 x 10 inches. €12.50</p><p>Family Combination (History &amp;amp;amp; Crest) : 26 x 20 cm | 10 x 8 inches.€14.95</p><p>Family Histories and Family Combinations are supplied mounted and ready to frame.<br/>FREE WORLDWIDE POSTAGE</p>",Irish Family Surnames,,General,"imported, unlisted",false,Title,Default Title,,,,,3187,0,shopify,1,deny,manual,9.90,,true,true,,https://irishfamilysurnames.com/wp-content/uploads/2021/04/bradley-B-H.jpg,1,Bradley,false,Bradley,Learn the full history of your family with a Family History or a Crest/History Combination. Family History Standard : 16 x 20 cm | 6 x 8 inches. €9.90 Family History Large : 20 x 26 cm | 8 x 10 inches. €12.50 Family Combination (History &amp; Crest) : 26 x 20 cm | 10 x 8 inches.€14.95 Family Histories and Family Combin,,,,,,,,,,,,,g,,,true,true,,,unlisted
bradley,,,,,,,false,,,,,,,,,,,,,,,,,,https://irishfamilysurnames.com/wp-content/uploads/2021/03/irishfamilysurnameslogo2.jpg,2,Bradley,,,,,,,,,,,,,,,,,,,,,,,unlisted
bradley,,,,,,,false,,,,,,,,,,,,,,,,,,https://irishfamilysurnames.com/wp-content/uploads/2021/04/burke-B-H-300x375.jpg,3,Bradley,,,,,,,,,,,,,,,,,,,,,,,unlisted
bradley,,,,,,,false,,,,,,,,,,,,,,,,,,https://irishfamilysurnames.com/wp-content/uploads/2021/04/browne-B-H-300x375.jpg,4,Bradley,,,,,,,,,,,,,,,,,,,,,,,unlisted
bradley,,,,,,,false,,,,,,,,,,,,,,,,,,https://irishfamilysurnames.com/wp-content/uploads/2021/04/bourke-B-H-300x375.jpg,5,Bradley,,,,,,,,,,,,,,,,,,,,,,,unlisted
odougherty,O'Dougherty,"<p>Learn the full history of your family with a Family History or a Crest/History Combination.</p><p>Family History Standard : 16 x 20 cm | 6 x 8 inches. €9.90</p><p>Family History Large : 20 x 26 cm | 8 x 10 inches. €12.50</p><p>Family Combination (History &amp;amp;amp; Crest) : 26 x 20 cm | 10 x 8 inches.€14.95</p><p>Family Histories and Family Combinations are supplied mounted and ready to frame.<br/>FREE WORLDWIDE POSTAGE</p>",Irish Family Surnames,,General,"imported, unlisted",false,Title,Default Title,,,,,3642,0,shopify,1,deny,manual,9.90,,true,true,,https://irishfamilysurnames.com/wp-content/uploads/2021/04/o-dougherty-B-H.jpg,1,O'Dougherty,false,O'Dougherty,Learn the full history of your family with a Family History or a Crest/History Combination. Family History Standard : 16 x 20 cm | 6 x 8 inches. €9.90 Family History Large : 20 x 26 cm | 8 x 10 inches. €12.50 Family Combination (History &amp; Crest) : 26 x 20 cm | 10 x 8 inches.€14.95 Family Histories and Family Combin,,,,,,,,,,,,,g,,,true,true,,,unlisted
odougherty,,,,,,,false,,,,,,,,,,,,,,,,,,https://irishfamilysurnames.com/wp-content/uploads/2021/03/irishfamilysurnameslogo2.jpg,2,O'Dougherty,,,,,,,,,,,,,,,,,,,,,,,unlisted
odougherty,,,,,,,false,,,,,,,,,,,,,,,,,,https://irishfamilysurnames.com/wp-content/uploads/2021/04/o-higgins-B-H-300x375.jpg,3,O'Dougherty,,,,,,,,,,,,,,,,,,,,,,,unlisted
odougherty,,,,,,,false,,,,,,,,,,,,,,,,,,https://irishfamilysurnames.com/wp-content/uploads/2021/04/o-flynn-B-H-300x375.jpg,4,O'Dougherty,,,,,,,,,,,,,,,,,,,,,,,unlisted
odougherty,,,,,,,false,,,,,,,,,,,,,,,,,,https://irishfamilysurnames.com/wp-content/uploads/2021/04/o-farrell-B-H-300x375.jpg,5,O'Dougherty,,,,,,,,,,,,,,,,,,,,,,,unlisted
corrigan,Corrigan,"<p>Learn the full history of your family with a Family History or a Crest/History Combination.</p><p>Family History Standard : 16 x 20 cm | 6 x 8 inches. €9.90</p><p>Family History Large : 20 x 26 cm | 8 x 10 inches. €12.50</p><p>Family Combination (History &amp;amp;amp; Crest) : 26 x 20 cm | 10 x 8 inches.€14.95</p><p>Family Histories and Family Combinations are supplied mounted and ready to frame.<br/>FREE WORLDWIDE POSTAGE</p>",Irish Family Surnames,,General,"imported, unlisted",false,Title,Default Title,,,,,4523,0,shopify,1,deny,manual,9.90,,true,true,,https://irishfamilysurnames.com/wp-content/uploads/2021/04/corrigan-B-H.jpg,1,Corrigan,false,Corrigan,Learn the full history of your family with a Family History or a Crest/History Combination. Family History Standard : 16 x 20 cm | 6 x 8 inches. €9.90 Family History Large : 20 x 26 cm | 8 x 10 inches. €12.50 Family Combination (History &amp; Crest) : 26 x 20 cm | 10 x 8 inches.€14.95 Family Histories and Family Combin,,,,,,,,,,,,,g,,,true,true,,,unlisted
corrigan,,,,,,,false,,,,,,,,,,,,,,,,,,https://irishfamilysurnames.com/wp-content/uploads/2021/03/irishfamilysurnameslogo2.jpg,2,Corrigan,,,,,,,,,,,,,,,,,,,,,,,unlisted
corrigan,,,,,,,false,,,,,,,,,,,,,,,,,,https://irishfamilysurnames.com/wp-content/uploads/2021/04/callahan-B-H-1-300x375.jpg,3,Corrigan,,,,,,,,,,,,,,,,,,,,,,,unlisted
corrigan,,,,,,,false,,,,,,,,,,,,,,,,,,https://irishfamilysurnames.com/wp-content/uploads/2021/04/carthy-B-H-300x375.jpg,4,Corrigan,,,,,,,,,,,,,,,,,,,,,,,unlisted
corrigan,,,,,,,false,,,,,,,,,,,,,,,,,,https://irishfamilysurnames.com/wp-content/uploads/2021/04/callaghan-B-H-300x375.jpg,5,Corrigan,,,,,,,,,,,,,,,,,,,,,,,unlisted
callahan,Callahan,"<p>Learn the full history of your family with a Family History or a Crest/History Combination.</p><p>Family History Standard : 16 x 20 cm | 6 x 8 inches. €9.90</p><p>Family History Large : 20 x 26 cm | 8 x 10 inches. €12.50</p><p>Family Combination (History &amp;amp;amp; Crest) : 26 x 20 cm | 10 x 8 inches.€14.95</p><p>Family Histories and Family Combinations are supplied mounted and ready to frame.<br/>FREE WORLDWIDE POSTAGE</p>",Irish Family Surnames,,General,"imported, unlisted",false,Title,Default Title,,,,,3363,0,shopify,1,deny,manual,9.90,,true,true,,https://irishfamilysurnames.com/wp-content/uploads/2021/04/callahan-B-H-1.jpg,1,Callahan,false,Callahan,Learn the full history of your family with a Family History or a Crest/History Combination. Family History Standard : 16 x 20 cm | 6 x 8 inches. €9.90 Family History Large : 20 x 26 cm | 8 x 10 inches. €12.50 Family Combination (History &amp; Crest) : 26 x 20 cm | 10 x 8 inches.€14.95 Family Histories and Family Combin,,,,,,,,,,,,,g,,,true,true,,,unlisted
callahan,,,,,,,false,,,,,,,,,,,,,,,,,,https://irishfamilysurnames.com/wp-content/uploads/2021/03/irishfamilysurnameslogo2.jpg,2,Callahan,,,,,,,,,,,,,,,,,,,,,,,unlisted
callahan,,,,,,,false,,,,,,,,,,,,,,,,,,https://irishfamilysurnames.com/wp-content/uploads/2021/04/carthy-B-H-300x375.jpg,3,Callahan,,,,,,,,,,,,,,,,,,,,,,,unlisted
callahan,,,,,,,false,,,,,,,,,,,,,,,,,,https://irishfamilysurnames.com/wp-content/uploads/2021/04/connell-B-H-300x375.jpg,4,Callahan,,,,,,,,,,,,,,,,,,,,,,,unlisted
callahan,,,,,,,false,,,,,,,,,,,,,,,,,,https://irishfamilysurnames.com/wp-content/uploads/2021/04/conway-B-H-300x375.jpg,5,Callahan,,,,,,,,,,,,,,,,,,,,,,,unlisted
ohagan,O'Hagan,"<p>Learn the full history of your family with a Family History or a Crest/History Combination.</p><p>Family History Standard : 16 x 20 cm | 6 x 8 inches. €9.90</p><p>Family History Large : 20 x 26 cm | 8 x 10 inches. €12.50</p><p>Family Combination (History &amp;amp;amp; Crest) : 26 x 20 cm | 10 x 8 inches.€14.95</p><p>Family Histories and Family Combinations are supplied mounted and ready to frame.<br/>FREE WORLDWIDE POSTAGE</p>",Irish Family Surnames,,General,"imported, unlisted",false,Title,Default Title,,,,,3752,0,shopify,1,deny,manual,9.90,,true,true,,https://irishfamilysurnames.com/wp-content/uploads/2021/04/o-hagan-B-H.jpg,1,O'Hagan,false,O'Hagan,Learn the full history of your family with a Family History or a Crest/History Combination. Family History Standard : 16 x 20 cm | 6 x 8 inches. €9.90 Family History Large : 20 x 26 cm | 8 x 10 inches. €12.50 Family Combination (History &amp; Crest) : 26 x 20 cm | 10 x 8 inches.€14.95 Family Histories and Family Combin,,,,,,,,,,,,,g,,,true,true,,,unlisted
ohagan,,,,,,,false,,,,,,,,,,,,,,,,,,https://irishfamilysurnames.com/wp-content/uploads/2021/03/irishfamilysurnameslogo2.jpg,2,O'Hagan,,,,,,,,,,,,,,,,,,,,,,,unlisted
ohagan,,,,,,,false,,,,,,,,,,,,,,,,,,https://irishfamilysurnames.com/wp-content/uploads/2021/04/o-brien-B-H-300x375.jpg,3,O'Hagan,,,,,,,,,,,,,,,,,,,,,,,unlisted
ohagan,,,,,,,false,,,,,,,,,,,,,,,,,,https://irishfamilysurnames.com/wp-content/uploads/2021/04/o-donoghoe-B-H-300x375.jpg,4,O'Hagan,,,,,,,,,,,,,,,,,,,,,,,unlisted
ohagan,,,,,,,false,,,,,,,,,,,,,,,,,,https://irishfamilysurnames.com/wp-content/uploads/2021/04/o-hara-B-H-300x375.jpg,5,O'Hagan,,,,,,,,,,,,,,,,,,,,,,,unlisted
coughlan,Coughlan,"<p>Learn the full history of your family with a Family History or a Crest/History Combination.</p><p>Family History Standard : 16 x 20 cm | 6 x 8 inches. €9.90</p><p>Family History Large : 20 x 26 cm | 8 x 10 inches. €12.50</p><p>Family Combination (History &amp;amp;amp; Crest) : 26 x 20 cm | 10 x 8 inches.€14.95</p><p>Family Histories and Family Combinations are supplied mounted and ready to frame.<br/>FREE WORLDWIDE POSTAGE</p>",Irish Family Surnames,,General,"imported, unlisted",false,Title,Default Title,,,,,4600,0,shopify,1,deny,manual,9.90,,true,true,,https://irishfamilysurnames.com/wp-content/uploads/2021/04/coughlan-B-H.jpg,1,Coughlan,false,Coughlan,Learn the full history of your family with a Family History or a Crest/History Combination. Family History Standard : 16 x 20 cm | 6 x 8 inches. €9.90 Family History Large : 20 x 26 cm | 8 x 10 inches. €12.50 Family Combination (History &amp; Crest) : 26 x 20 cm | 10 x 8 inches.€14.95 Family Histories and Family Combin,,,,,,,,,,,,,g,,,true,true,,,unlisted
coughlan,,,,,,,false,,,,,,,,,,,,,,,,,,https://irishfamilysurnames.com/wp-content/uploads/2021/03/irishfamilysurnameslogo2.jpg,2,Coughlan,,,,,,,,,,,,,,,,,,,,,,,unlisted
coughlan,,,,,,,false,,,,,,,,,,,,,,,,,,https://irishfamilysurnames.com/wp-content/uploads/2021/04/cleary-B-H-300x375.jpg,3,Coughlan,,,,,,,,,,,,,,,,,,,,,,,unlisted
coughlan,,,,,,,false,,,,,,,,,,,,,,,,,,https://irishfamilysurnames.com/wp-content/uploads/2021/04/carroll-B-H-300x375.jpg,4,Coughlan,,,,,,,,,,,,,,,,,,,,,,,unlisted
coughlan,,,,,,,false,,,,,,,,,,,,,,,,,,https://irishfamilysurnames.com/wp-content/uploads/2021/04/clancy-B-H-300x375.jpg,5,Coughlan,,,,,,,,,,,,,,,,,,,,,,,unlisted
cronin,Cronin,"<p>Learn the full history of your family with a Family History or a Crest/History Combination.</p><p>Family History Standard : 16 x 20 cm | 6 x 8 inches. €9.90</p><p>Family History Large : 20 x 26 cm | 8 x 10 inches. €12.50</p><p>Family Combination (History &amp;amp;amp; Crest) : 26 x 20 cm | 10 x 8 inches.€14.95</p><p>Family Histories and Family Combinations are supplied mounted and ready to frame.<br/>FREE WORLDWIDE POSTAGE</p>",Irish Family Surnames,,General,"imported, unlisted",false,Title,Default Title,,,,,4655,0,shopify,1,deny,manual,9.90,,true,true,,https://irishfamilysurnames.com/wp-content/uploads/2021/04/cronin-B-H.jpg,1,Cronin,false,Cronin,Learn the full history of your family with a Family History or a Crest/History Combination. Family History Standard : 16 x 20 cm | 6 x 8 inches. €9.90 Family History Large : 20 x 26 cm | 8 x 10 inches. €12.50 Family Combination (History &amp; Crest) : 26 x 20 cm | 10 x 8 inches.€14.95 Family Histories and Family Combin,,,,,,,,,,,,,g,,,true,true,,,unlisted
cronin,,,,,,,false,,,,,,,,,,,,,,,,,,https://irishfamilysurnames.com/wp-content/uploads/2021/03/irishfamilysurnameslogo2.jpg,2,Cronin,,,,,,,,,,,,,,,,,,,,,,,unlisted
cronin,,,,,,,false,,,,,,,,,,,,,,,,,,https://irishfamilysurnames.com/wp-content/uploads/2021/04/conlan-B-H-300x375.jpg,3,Cronin,,,,,,,,,,,,,,,,,,,,,,,unlisted
cronin,,,,,,,false,,,,,,,,,,,,,,,,,,https://irishfamilysurnames.com/wp-content/uploads/2021/04/connor-B-H-300x375.jpg,4,Cronin,,,,,,,,,,,,,,,,,,,,,,,unlisted
cronin,,,,,,,false,,,,,,,,,,,,,,,,,,https://irishfamilysurnames.com/wp-content/uploads/2021/04/connell-B-H-300x375.jpg,5,Cronin,,,,,,,,,,,,,,,,,,,,,,,unlisted
crowley,Crowley,"<p>Learn the full history of your family with a Family History or a Crest/History Combination.</p><p>Family History Standard : 16 x 20 cm | 6 x 8 inches. €9.90</p><p>Family History Large : 20 x 26 cm | 8 x 10 inches. €12.50</p><p>Family Combination (History &amp;amp;amp; Crest) : 26 x 20 cm | 10 x 8 inches.€14.95</p><p>Family Histories and Family Combinations are supplied mounted and ready to frame.<br/>FREE WORLDWIDE POSTAGE</p>",Irish Family Surnames,,General,"imported, unlisted",false,Title,Default Title,,,,,4677,0,shopify,1,deny,manual,9.90,,true,true,,https://irishfamilysurnames.com/wp-content/uploads/2021/04/crowley-B-H.jpg,1,Crowley,false,Crowley,Learn the full history of your family with a Family History or a Crest/History Combination. Family History Standard : 16 x 20 cm | 6 x 8 inches. €9.90 Family History Large : 20 x 26 cm | 8 x 10 inches. €12.50 Family Combination (History &amp; Crest) : 26 x 20 cm | 10 x 8 inches.€14.95 Family Histories and Family Combin,,,,,,,,,,,,,g,,,true,true,,,unlisted
crowley,,,,,,,false,,,,,,,,,,,,,,,,,,https://irishfamilysurnames.com/wp-content/uploads/2021/03/irishfamilysurnameslogo2.jpg,2,Crowley,,,,,,,,,,,,,,,,,,,,,,,unlisted
crowley,,,,,,,false,,,,,,,,,,,,,,,,,,https://irishfamilysurnames.com/wp-content/uploads/2021/04/callaghan-B-H-300x375.jpg,3,Crowley,,,,,,,,,,,,,,,,,,,,,,,unlisted
crowley,,,,,,,false,,,,,,,,,,,,,,,,,,https://irishfamilysurnames.com/wp-content/uploads/2021/04/collins-B-H-300x375.jpg,4,Crowley,,,,,,,,,,,,,,,,,,,,,,,unlisted
crowley,,,,,,,false,,,,,,,,,,,,,,,,,,https://irishfamilysurnames.com/wp-content/uploads/2021/04/clancy-B-H-300x375.jpg,5,Crowley,,,,,,,,,,,,,,,,,,,,,,,unlisted
phelan,Phelan,"<p>Learn the full history of your family with a Family History or a Crest/History Combination.</p><p>Family History Standard : 16 x 20 cm | 6 x 8 inches. €9.90</p><p>Family History Large : 20 x 26 cm | 8 x 10 inches. €12.50</p><p>Family Combination (History &amp;amp;amp; Crest) : 26 x 20 cm | 10 x 8 inches.€14.95</p><p>Family Histories and Family Combinations are supplied mounted and ready to frame.<br/>FREE WORLDWIDE POSTAGE</p>",Irish Family Surnames,,General,"imported, unlisted",false,Title,Default Title,,,,,2782,0,shopify,1,deny,manual,9.90,,true,true,,https://irishfamilysurnames.com/wp-content/uploads/2021/04/phelan-B-H.jpg,1,Phelan,false,Phelan,Learn the full history of your family with a Family History or a Crest/History Combination. Family History Standard : 16 x 20 cm | 6 x 8 inches. €9.90 Family History Large : 20 x 26 cm | 8 x 10 inches. €12.50 Family Combination (History &amp; Crest) : 26 x 20 cm | 10 x 8 inches.€14.95 Family Histories and Family Combin,,,,,,,,,,,,,g,,,true,true,,,unlisted
phelan,,,,,,,false,,,,,,,,,,,,,,,,,,https://irishfamilysurnames.com/wp-content/uploads/2021/03/irishfamilysurnameslogo2.jpg,2,Phelan,,,,,,,,,,,,,,,,,,,,,,,unlisted
phelan,,,,,,,false,,,,,,,,,,,,,,,,,,https://irishfamilysurnames.com/wp-content/uploads/2021/04/powers-B-H-300x375.jpg,3,Phelan,,,,,,,,,,,,,,,,,,,,,,,unlisted
phelan,,,,,,,false,,,,,,,,,,,,,,,,,,https://irishfamilysurnames.com/wp-content/uploads/2021/04/power-B-H-300x375.jpg,4,Phelan,,,,,,,,,,,,,,,,,,,,,,,unlisted
daley,Daley,"<p>Learn the full history of your family with a Family History or a Crest/History Combination.</p><p>Family History Standard : 16 x 20 cm | 6 x 8 inches. €9.90</p><p>Family History Large : 20 x 26 cm | 8 x 10 inches. €12.50</p><p>Family Combination (History &amp;amp;amp; Crest) : 26 x 20 cm | 10 x 8 inches.€14.95</p><p>Family Histories and Family Combinations are supplied mounted and ready to frame.<br/>FREE WORLDWIDE POSTAGE</p>",Irish Family Surnames,,General,"imported, unlisted",false,Title,Default Title,,,,,5009,0,shopify,1,deny,manual,9.90,,true,true,,https://irishfamilysurnames.com/wp-content/uploads/2021/04/daley-B-H.jpg,1,Daley,false,Daley,Learn the full history of your family with a Family History or a Crest/History Combination. Family History Standard : 16 x 20 cm | 6 x 8 inches. €9.90 Family History Large : 20 x 26 cm | 8 x 10 inches. €12.50 Family Combination (History &amp; Crest) : 26 x 20 cm | 10 x 8 inches.€14.95 Family Histories and Family Combin,,,,,,,,,,,,,g,,,true,true,,,unlisted
daley,,,,,,,false,,,,,,,,,,,,,,,,,,https://irishfamilysurnames.com/wp-content/uploads/2021/03/irishfamilysurnameslogo2.jpg,2,Daley,,,,,,,,,,,,,,,,,,,,,,,unlisted
daley,,,,,,,false,,,,,,,,,,,,,,,,,,https://irishfamilysurnames.com/wp-content/uploads/2021/04/daly-B-H-300x375.jpg,3,Daley,,,,,,,,,,,,,,,,,,,,,,,unlisted
daley,,,,,,,false,,,,,,,,,,,,,,,,,,https://irishfamilysurnames.com/wp-content/uploads/2021/04/donlon-B-H-300x375.jpg,4,Daley,,,,,,,,,,,,,,,,,,,,,,,unlisted
daley,,,,,,,false,,,,,,,,,,,,,,,,,,https://irishfamilysurnames.com/wp-content/uploads/2021/04/donovan-B-H-300x375.jpg,5,Daley,,,,,,,,,,,,,,,,,,,,,,,unlisted
donoghue,Donoghue,"<p>Learn the full history of your family with a Family History or a Crest/History Combination.</p><p>Family History Standard : 16 x 20 cm | 6 x 8 inches. €9.90</p><p>Family History Large : 20 x 26 cm | 8 x 10 inches. €12.50</p><p>Family Combination (History &amp;amp;amp; Crest) : 26 x 20 cm | 10 x 8 inches.€14.95</p><p>Family Histories and Family Combinations are supplied mounted and ready to frame.<br/>FREE WORLDWIDE POSTAGE</p>",Irish Family Surnames,,General,"imported, unlisted",false,Title,Default Title,,,,,5214,0,shopify,1,deny,manual,9.90,,true,true,,https://irishfamilysurnames.com/wp-content/uploads/2021/04/donoghue-B-H.jpg,1,Donoghue,false,Donoghue,Learn the full history of your family with a Family History or a Crest/History Combination. Family History Standard : 16 x 20 cm | 6 x 8 inches. €9.90 Family History Large : 20 x 26 cm | 8 x 10 inches. €12.50 Family Combination (History &amp; Crest) : 26 x 20 cm | 10 x 8 inches.€14.95 Family Histories and Family Combin,,,,,,,,,,,,,g,,,true,true,,,unlisted
donoghue,,,,,,,false,,,,,,,,,,,,,,,,,,https://irishfamilysurnames.com/wp-content/uploads/2021/03/irishfamilysurnameslogo2.jpg,2,Donoghue,,,,,,,,,,,,,,,,,,,,,,,unlisted
donoghue,,,,,,,false,,,,,,,,,,,,,,,,,,https://irishfamilysurnames.com/wp-content/uploads/2021/04/d-arcy-B-H-300x375.jpg,3,Donoghue,,,,,,,,,,,,,,,,,,,,,,,unlisted
donoghue,,,,,,,false,,,,,,,,,,,,,,,,,,https://irishfamilysurnames.com/wp-content/uploads/2021/04/daugherty-B-H-300x375.jpg,4,Donoghue,,,,,,,,,,,,,,,,,,,,,,,unlisted
donoghue,,,,,,,false,,,,,,,,,,,,,,,,,,https://irishfamilysurnames.com/wp-content/uploads/2021/04/dugan-B-H-300x375.jpg,5,Donoghue,,,,,,,,,,,,,,,,,,,,,,,unlisted
donnelly,Donnelly,"<p>Learn the full history of your family with a Family History or a Crest/History Combination.</p><p>Family History Standard : 16 x 20 cm | 6 x 8 inches. €9.90</p><p>Family History Large : 20 x 26 cm | 8 x 10 inches. €12.50</p><p>Family Combination (History &amp;amp;amp; Crest) : 26 x 20 cm | 10 x 8 inches.€14.95</p><p>Family Histories and Family Combinations are supplied mounted and ready to frame.<br/>FREE WORLDWIDE POSTAGE</p>",Irish Family Surnames,,General,"imported, unlisted",false,Title,Default Title,,,,,5191,0,shopify,1,deny,manual,9.90,,true,true,,https://irishfamilysurnames.com/wp-content/uploads/2021/04/donnelly-B-H.jpg,1,Donnelly,false,Donnelly,Learn the full history of your family with a Family History or a Crest/History Combination. Family History Standard : 16 x 20 cm | 6 x 8 inches. €9.90 Family History Large : 20 x 26 cm | 8 x 10 inches. €12.50 Family Combination (History &amp; Crest) : 26 x 20 cm | 10 x 8 inches.€14.95 Family Histories and Family Combin,,,,,,,,,,,,,g,,,true,true,,,unlisted
donnelly,,,,,,,false,,,,,,,,,,,,,,,,,,https://irishfamilysurnames.com/wp-content/uploads/2021/03/irishfamilysurnameslogo2.jpg,2,Donnelly,,,,,,,,,,,,,,,,,,,,,,,unlisted
donnelly,,,,,,,false,,,,,,,,,,,,,,,,,,https://irishfamilysurnames.com/wp-content/uploads/2021/04/dillon-B-H-300x375.jpg,3,Donnelly,,,,,,,,,,,,,,,,,,,,,,,unlisted
donnelly,,,,,,,false,,,,,,,,,,,,,,,,,,https://irishfamilysurnames.com/wp-content/uploads/2021/04/donlon-B-H-300x375.jpg,4,Donnelly,,,,,,,,,,,,,,,,,,,,,,,unlisted
donnelly,,,,,,,false,,,,,,,,,,,,,,,,,,https://irishfamilysurnames.com/wp-content/uploads/2021/04/donnell-B-H-300x375.jpg,5,Donnelly,,,,,,,,,,,,,,,,,,,,,,,unlisted
doherty,Doherty,"<p>Learn the full history of your family with a Family History or a Crest/History Combination.</p><p>Family History Standard : 16 x 20 cm | 6 x 8 inches. €9.90</p><p>Family History Large : 20 x 26 cm | 8 x 10 inches. €12.50</p><p>Family Combination (History &amp;amp;amp; Crest) : 26 x 20 cm | 10 x 8 inches.€14.95</p><p>Family Histories and Family Combinations are supplied mounted and ready to frame.<br/>FREE WORLDWIDE POSTAGE</p>",Irish Family Surnames,,General,"imported, unlisted",false,Title,Default Title,,,,,5136,0,shopify,1,deny,manual,9.90,,true,true,,https://irishfamilysurnames.com/wp-content/uploads/2021/04/doherty-B-H.jpg,1,Doherty,false,Doherty,Learn the full history of your family with a Family History or a Crest/History Combination. Family History Standard : 16 x 20 cm | 6 x 8 inches. €9.90 Family History Large : 20 x 26 cm | 8 x 10 inches. €12.50 Family Combination (History &amp; Crest) : 26 x 20 cm | 10 x 8 inches.€14.95 Family Histories and Family Combin,,,,,,,,,,,,,g,,,true,true,,,unlisted
doherty,,,,,,,false,,,,,,,,,,,,,,,,,,https://irishfamilysurnames.com/wp-content/uploads/2021/03/irishfamilysurnameslogo2.jpg,2,Doherty,,,,,,,,,,,,,,,,,,,,,,,unlisted
doherty,,,,,,,false,,,,,,,,,,,,,,,,,,https://irishfamilysurnames.com/wp-content/uploads/2021/04/doran-B-H-300x375.jpg,3,Doherty,,,,,,,,,,,,,,,,,,,,,,,unlisted
doherty,,,,,,,false,,,,,,,,,,,,,,,,,,https://irishfamilysurnames.com/wp-content/uploads/2021/04/delaney-B-H-300x375.jpg,4,Doherty,,,,,,,,,,,,,,,,,,,,,,,unlisted
doherty,,,,,,,false,,,,,,,,,,,,,,,,,,https://irishfamilysurnames.com/wp-content/uploads/2021/04/dugan-B-H-300x375.jpg,5,Doherty,,,,,,,,,,,,,,,,,,,,,,,unlisted
dillon,Dillon,"<p>Learn the full history of your family with a Family History or a Crest/History Combination.</p><p>Family History Standard : 16 x 20 cm | 6 x 8 inches. €9.90</p><p>Family History Large : 20 x 26 cm | 8 x 10 inches. €12.50</p><p>Family Combination (History &amp;amp;amp; Crest) : 26 x 20 cm | 10 x 8 inches.€14.95</p><p>Family Histories and Family Combinations are supplied mounted and ready to frame.<br/>FREE WORLDWIDE POSTAGE</p>",Irish Family Surnames,,General,"imported, unlisted",false,Title,Default Title,,,,,5124,0,shopify,1,deny,manual,9.90,,true,true,,https://irishfamilysurnames.com/wp-content/uploads/2021/04/dillon-B-H.jpg,1,Dillon,false,Dillon,Learn the full history of your family with a Family History or a Crest/History Combination. Family History Standard : 16 x 20 cm | 6 x 8 inches. €9.90 Family History Large : 20 x 26 cm | 8 x 10 inches. €12.50 Family Combination (History &amp; Crest) : 26 x 20 cm | 10 x 8 inches.€14.95 Family Histories and Family Combin,,,,,,,,,,,,,g,,,true,true,,,unlisted
dillon,,,,,,,false,,,,,,,,,,,,,,,,,,https://irishfamilysurnames.com/wp-content/uploads/2021/03/irishfamilysurnameslogo2.jpg,2,Dillon,,,,,,,,,,,,,,,,,,,,,,,unlisted
dillon,,,,,,,false,,,,,,,,,,,,,,,,,,https://irishfamilysurnames.com/wp-content/uploads/2021/04/devine-B-H-300x375.jpg,3,Dillon,,,,,,,,,,,,,,,,,,,,,,,unlisted
dillon,,,,,,,false,,,,,,,,,,,,,,,,,,https://irishfamilysurnames.com/wp-content/uploads/2021/04/donohoe-B-H-300x375.jpg,4,Dillon,,,,,,,,,,,,,,,,,,,,,,,unlisted
dillon,,,,,,,false,,,,,,,,,,,,,,,,,,https://irishfamilysurnames.com/wp-content/uploads/2021/04/downey-B-H-300x375.jpg,5,Dillon,,,,,,,,,,,,,,,,,,,,,,,unlisted
daugherty,Daugherty,"<p>Learn the full history of your family with a Family History or a Crest/History Combination.</p><p>Family History Standard : 16 x 20 cm | 6 x 8 inches. €9.90</p><p>Family History Large : 20 x 26 cm | 8 x 10 inches. €12.50</p><p>Family Combination (History &amp;amp;amp; Crest) : 26 x 20 cm | 10 x 8 inches.€14.95</p><p>Family Histories and Family Combinations are supplied mounted and ready to frame.<br/>FREE WORLDWIDE POSTAGE</p>",Irish Family Surnames,,General,"imported, unlisted",false,Title,Default Title,,,,,5058,0,shopify,1,deny,manual,9.90,,true,true,,https://irishfamilysurnames.com/wp-content/uploads/2021/04/daugherty-B-H.jpg,1,Daugherty,false,Daugherty,Learn the full history of your family with a Family History or a Crest/History Combination. Family History Standard : 16 x 20 cm | 6 x 8 inches. €9.90 Family History Large : 20 x 26 cm | 8 x 10 inches. €12.50 Family Combination (History &amp; Crest) : 26 x 20 cm | 10 x 8 inches.€14.95 Family Histories and Family Combin,,,,,,,,,,,,,g,,,true,true,,,unlisted
daugherty,,,,,,,false,,,,,,,,,,,,,,,,,,https://irishfamilysurnames.com/wp-content/uploads/2021/03/irishfamilysurnameslogo2.jpg,2,Daugherty,,,,,,,,,,,,,,,,,,,,,,,unlisted
daugherty,,,,,,,false,,,,,,,,,,,,,,,,,,https://irishfamilysurnames.com/wp-content/uploads/2021/04/donohoe-B-H-300x375.jpg,3,Daugherty,,,,,,,,,,,,,,,,,,,,,,,unlisted
daugherty,,,,,,,false,,,,,,,,,,,,,,,,,,https://irishfamilysurnames.com/wp-content/uploads/2021/04/donnelly-B-H-300x375.jpg,4,Daugherty,,,,,,,,,,,,,,,,,,,,,,,unlisted
daugherty,,,,,,,false,,,,,,,,,,,,,,,,,,https://irishfamilysurnames.com/wp-content/uploads/2021/04/dalton-B-H-300x375.jpg,5,Daugherty,,,,,,,,,,,,,,,,,,,,,,,unlisted
dalton,Dalton,"<p>Learn the full history of your family with a Family History or a Crest/History Combination.</p><p>Family History Standard : 16 x 20 cm | 6 x 8 inches. €9.90</p><p>Family History Large : 20 x 26 cm | 8 x 10 inches. €12.50</p><p>Family Combination (History &amp;amp;amp; Crest) : 26 x 20 cm | 10 x 8 inches.€14.95</p><p>Family Histories and Family Combinations are supplied mounted and ready to frame.<br/>FREE WORLDWIDE POSTAGE</p>",Irish Family Surnames,,General,"imported, unlisted",false,Title,Default Title,,,,,5021,0,shopify,1,deny,manual,9.90,,true,true,,https://irishfamilysurnames.com/wp-content/uploads/2021/04/dalton-B-H.jpg,1,Dalton,false,Dalton,Learn the full history of your family with a Family History or a Crest/History Combination. Family History Standard : 16 x 20 cm | 6 x 8 inches. €9.90 Family History Large : 20 x 26 cm | 8 x 10 inches. €12.50 Family Combination (History &amp; Crest) : 26 x 20 cm | 10 x 8 inches.€14.95 Family Histories and Family Combin,,,,,,,,,,,,,g,,,true,true,,,unlisted
dalton,,,,,,,false,,,,,,,,,,,,,,,,,,https://irishfamilysurnames.com/wp-content/uploads/2021/03/irishfamilysurnameslogo2.jpg,2,Dalton,,,,,,,,,,,,,,,,,,,,,,,unlisted
dalton,,,,,,,false,,,,,,,,,,,,,,,,,,https://irishfamilysurnames.com/wp-content/uploads/2021/04/duggan-B-H-300x375.jpg,3,Dalton,,,,,,,,,,,,,,,,,,,,,,,unlisted
dalton,,,,,,,false,,,,,,,,,,,,,,,,,,https://irishfamilysurnames.com/wp-content/uploads/2021/04/davis-B-H-300x375.jpg,4,Dalton,,,,,,,,,,,,,,,,,,,,,,,unlisted
dalton,,,,,,,false,,,,,,,,,,,,,,,,,,https://irishfamilysurnames.com/wp-content/uploads/2021/04/doyle-B-H-300x375.jpg,5,Dalton,,,,,,,,,,,,,,,,,,,,,,,unlisted
gleeson,Gleeson,"<p>Learn the full history of your family with a Family History or a Crest/History Combination.</p><p>Family History Standard : 16 x 20 cm | 6 x 8 inches. €9.90</p><p>Family History Large : 20 x 26 cm | 8 x 10 inches. €12.50</p><p>Family Combination (History &amp;amp;amp; Crest) : 26 x 20 cm | 10 x 8 inches.€14.95</p><p>Family Histories and Family Combinations are supplied mounted and ready to frame.<br/>FREE WORLDWIDE POSTAGE</p>",Irish Family Surnames,,General,"imported, unlisted",false,Title,Default Title,,,,,5798,0,shopify,1,deny,manual,9.90,,true,true,,https://irishfamilysurnames.com/wp-content/uploads/2021/04/gleeson-B-H.jpg,1,Gleeson,false,Gleeson,Learn the full history of your family with a Family History or a Crest/History Combination. Family History Standard : 16 x 20 cm | 6 x 8 inches. €9.90 Family History Large : 20 x 26 cm | 8 x 10 inches. €12.50 Family Combination (History &amp; Crest) : 26 x 20 cm | 10 x 8 inches.€14.95 Family Histories and Family Combin,,,,,,,,,,,,,g,,,true,true,,,unlisted
gleeson,,,,,,,false,,,,,,,,,,,,,,,,,,https://irishfamilysurnames.com/wp-content/uploads/2021/03/irishfamilysurnameslogo2.jpg,2,Gleeson,,,,,,,,,,,,,,,,,,,,,,,unlisted
gleeson,,,,,,,false,,,,,,,,,,,,,,,,,,https://irishfamilysurnames.com/wp-content/uploads/2021/04/geraghty-B-H-300x375.jpg,3,Gleeson,,,,,,,,,,,,,,,,,,,,,,,unlisted
gleeson,,,,,,,false,,,,,,,,,,,,,,,,,,https://irishfamilysurnames.com/wp-content/uploads/2021/04/greene-B-H-300x375.jpg,4,Gleeson,,,,,,,,,,,,,,,,,,,,,,,unlisted
gleeson,,,,,,,false,,,,,,,,,,,,,,,,,,https://irishfamilysurnames.com/wp-content/uploads/2021/04/graham-B-H-300x375.jpg,5,Gleeson,,,,,,,,,,,,,,,,,,,,,,,unlisted
geoghegan,Geoghegan,"<p>Learn the full history of your family with a Family History or a Crest/History Combination.</p><p>Family History Standard : 16 x 20 cm | 6 x 8 inches. €9.90</p><p>Family History Large : 20 x 26 cm | 8 x 10 inches. €12.50</p><p>Family Combination (History &amp;amp;amp; Crest) : 26 x 20 cm | 10 x 8 inches.€14.95</p><p>Family Histories and Family Combinations are supplied mounted and ready to frame.<br/>FREE WORLDWIDE POSTAGE</p>",Irish Family Surnames,,General,"imported, unlisted",false,Title,Default Title,,,,,5752,0,shopify,1,deny,manual,9.90,,true,true,,https://irishfamilysurnames.com/wp-content/uploads/2021/04/geoghegan-B-H.jpg,1,Geoghegan,false,Geoghegan,Learn the full history of your family with a Family History or a Crest/History Combination. Family History Standard : 16 x 20 cm | 6 x 8 inches. €9.90 Family History Large : 20 x 26 cm | 8 x 10 inches. €12.50 Family Combination (History &amp; Crest) : 26 x 20 cm | 10 x 8 inches.€14.95 Family Histories and Family Combin,,,,,,,,,,,,,g,,,true,true,,,unlisted
geoghegan,,,,,,,false,,,,,,,,,,,,,,,,,,https://irishfamilysurnames.com/wp-content/uploads/2021/03/irishfamilysurnameslogo2.jpg,2,Geoghegan,,,,,,,,,,,,,,,,,,,,,,,unlisted
geoghegan,,,,,,,false,,,,,,,,,,,,,,,,,,https://irishfamilysurnames.com/wp-content/uploads/2021/04/green-B-H-300x375.jpg,3,Geoghegan,,,,,,,,,,,,,,,,,,,,,,,unlisted
geoghegan,,,,,,,false,,,,,,,,,,,,,,,,,,https://irishfamilysurnames.com/wp-content/uploads/2021/04/gibbons-B-H-300x375.jpg,4,Geoghegan,,,,,,,,,,,,,,,,,,,,,,,unlisted
geoghegan,,,,,,,false,,,,,,,,,,,,,,,,,,https://irishfamilysurnames.com/wp-content/uploads/2021/04/greene-B-H-300x375.jpg,5,Geoghegan,,,,,,,,,,,,,,,,,,,,,,,unlisted
foley,Foley,"<p>Learn the full history of your family with a Family History or a Crest/History Combination.</p><p>Family History Standard : 16 x 20 cm | 6 x 8 inches. €9.90</p><p>Family History Large : 20 x 26 cm | 8 x 10 inches. €12.50</p><p>Family Combination (History &amp;amp;amp; Crest) : 26 x 20 cm | 10 x 8 inches.€14.95</p><p>Family Histories and Family Combinations are supplied mounted and ready to frame.<br/>FREE WORLDWIDE POSTAGE</p>",Irish Family Surnames,,General,"imported, unlisted",false,Title,Default Title,,,,,5671,0,shopify,1,deny,manual,9.90,,true,true,,https://irishfamilysurnames.com/wp-content/uploads/2021/04/foley-B-H.jpg,1,Foley,false,Foley,Learn the full history of your family with a Family History or a Crest/History Combination. Family History Standard : 16 x 20 cm | 6 x 8 inches. €9.90 Family History Large : 20 x 26 cm | 8 x 10 inches. €12.50 Family Combination (History &amp; Crest) : 26 x 20 cm | 10 x 8 inches.€14.95 Family Histories and Family Combin,,,,,,,,,,,,,g,,,true,true,,,unlisted
foley,,,,,,,false,,,,,,,,,,,,,,,,,,https://irishfamilysurnames.com/wp-content/uploads/2021/03/irishfamilysurnameslogo2.jpg,2,Foley,,,,,,,,,,,,,,,,,,,,,,,unlisted
foley,,,,,,,false,,,,,,,,,,,,,,,,,,https://irishfamilysurnames.com/wp-content/uploads/2021/04/fleming-B-H-300x375.jpg,3,Foley,,,,,,,,,,,,,,,,,,,,,,,unlisted
foley,,,,,,,false,,,,,,,,,,,,,,,,,,https://irishfamilysurnames.com/wp-content/uploads/2021/04/flynn-B-H-300x375.jpg,4,Foley,,,,,,,,,,,,,,,,,,,,,,,unlisted
foley,,,,,,,false,,,,,,,,,,,,,,,,,,https://irishfamilysurnames.com/wp-content/uploads/2021/04/farley-B-H-300x375.jpg,5,Foley,,,,,,,,,,,,,,,,,,,,,,,unlisted
fogarty,Fogarty,"<p>Learn the full history of your family with a Family History or a Crest/History Combination.</p><p>Family History Standard : 16 x 20 cm | 6 x 8 inches. €9.90</p><p>Family History Large : 20 x 26 cm | 8 x 10 inches. €12.50</p><p>Family Combination (History &amp;amp;amp; Crest) : 26 x 20 cm | 10 x 8 inches.€14.95</p><p>Family Histories and Family Combinations are supplied mounted and ready to frame.<br/>FREE WORLDWIDE POSTAGE</p>",Irish Family Surnames,,General,"imported, unlisted",false,Title,Default Title,,,,,5659,0,shopify,1,deny,manual,9.90,,true,true,,https://irishfamilysurnames.com/wp-content/uploads/2021/04/fogarty-B-H.jpg,1,Fogarty,false,Fogarty,Learn the full history of your family with a Family History or a Crest/History Combination. Family History Standard : 16 x 20 cm | 6 x 8 inches. €9.90 Family History Large : 20 x 26 cm | 8 x 10 inches. €12.50 Family Combination (History &amp; Crest) : 26 x 20 cm | 10 x 8 inches.€14.95 Family Histories and Family Combin,,,,,,,,,,,,,g,,,true,true,,,unlisted
fogarty,,,,,,,false,,,,,,,,,,,,,,,,,,https://irishfamilysurnames.com/wp-content/uploads/2021/03/irishfamilysurnameslogo2.jpg,2,Fogarty,,,,,,,,,,,,,,,,,,,,,,,unlisted
fogarty,,,,,,,false,,,,,,,,,,,,,,,,,,https://irishfamilysurnames.com/wp-content/uploads/2021/04/flynn-B-H-300x375.jpg,3,Fogarty,,,,,,,,,,,,,,,,,,,,,,,unlisted
fogarty,,,,,,,false,,,,,,,,,,,,,,,,,,https://irishfamilysurnames.com/wp-content/uploads/2021/04/finn-B-H-300x375.jpg,4,Fogarty,,,,,,,,,,,,,,,,,,,,,,,unlisted
fogarty,,,,,,,false,,,,,,,,,,,,,,,,,,https://irishfamilysurnames.com/wp-content/uploads/2021/04/fallon-B-H-300x375.jpg,5,Fogarty,,,,,,,,,,,,,,,,,,,,,,,unlisted
cotter,Cotter,"<p>Learn the full history of your family with a Family History or a Crest/History Combination.</p><p>Family History Standard : 16 x 20 cm | 6 x 8 inches. €9.90</p><p>Family History Large : 20 x 26 cm | 8 x 10 inches. €12.50</p><p>Family Combination (History &amp;amp;amp; Crest) : 26 x 20 cm | 10 x 8 inches.€14.95</p><p>Family Histories and Family Combinations are supplied mounted and ready to frame.<br/>FREE WORLDWIDE POSTAGE</p>",Irish Family Surnames,,General,"imported, unlisted",false,Title,Default Title,,,,,4589,0,shopify,1,deny,manual,9.90,,true,true,,https://irishfamilysurnames.com/wp-content/uploads/2021/04/cotter-B-H.jpg,1,Cotter,false,Cotter,Learn the full history of your family with a Family History or a Crest/History Combination. Family History Standard : 16 x 20 cm | 6 x 8 inches. €9.90 Family History Large : 20 x 26 cm | 8 x 10 inches. €12.50 Family Combination (History &amp; Crest) : 26 x 20 cm | 10 x 8 inches.€14.95 Family Histories and Family Combin,,,,,,,,,,,,,g,,,true,true,,,unlisted
cotter,,,,,,,false,,,,,,,,,,,,,,,,,,https://irishfamilysurnames.com/wp-content/uploads/2021/03/irishfamilysurnameslogo2.jpg,2,Cotter,,,,,,,,,,,,,,,,,,,,,,,unlisted
cotter,,,,,,,false,,,,,,,,,,,,,,,,,,https://irishfamilysurnames.com/wp-content/uploads/2021/04/conway-B-H-300x375.jpg,3,Cotter,,,,,,,,,,,,,,,,,,,,,,,unlisted
cotter,,,,,,,false,,,,,,,,,,,,,,,,,,https://irishfamilysurnames.com/wp-content/uploads/2021/04/corrigan-B-H-300x375.jpg,4,Cotter,,,,,,,,,,,,,,,,,,,,,,,unlisted
cotter,,,,,,,false,,,,,,,,,,,,,,,,,,https://irishfamilysurnames.com/wp-content/uploads/2021/04/cavanaugh-B-H-300x375.jpg,5,Cotter,,,,,,,,,,,,,,,,,,,,,,,unlisted
kavanagh,Kavanagh,"<p>Learn the full history of your family with a Family History or a Crest/History Combination.</p><p>Family History Standard : 16 x 20 cm | 6 x 8 inches. €9.90</p><p>Family History Large : 20 x 26 cm | 8 x 10 inches. €12.50</p><p>Family Combination (History &amp;amp;amp; Crest) : 26 x 20 cm | 10 x 8 inches.€14.95</p><p>Family Histories and Family Combinations are supplied mounted and ready to frame.<br/>FREE WORLDWIDE POSTAGE</p>",Irish Family Surnames,,General,"imported, unlisted",false,Title,Default Title,,,,,1590,0,shopify,1,deny,manual,9.90,,true,true,,https://irishfamilysurnames.com/wp-content/uploads/2021/04/kavanagh-B-H.jpg,1,Kavanagh,false,Kavanagh,Learn the full history of your family with a Family History or a Crest/History Combination. Family History Standard : 16 x 20 cm | 6 x 8 inches. €9.90 Family History Large : 20 x 26 cm | 8 x 10 inches. €12.50 Family Combination (History &amp; Crest) : 26 x 20 cm | 10 x 8 inches.€14.95 Family Histories and Family Combin,,,,,,,,,,,,,g,,,true,true,,,unlisted
kavanagh,,,,,,,false,,,,,,,,,,,,,,,,,,https://irishfamilysurnames.com/wp-content/uploads/2021/03/irishfamilysurnameslogo2.jpg,2,Kavanagh,,,,,,,,,,,,,,,,,,,,,,,unlisted
kavanagh,,,,,,,false,,,,,,,,,,,,,,,,,,https://irishfamilysurnames.com/wp-content/uploads/2021/04/kearns-B-H-300x375.jpg,3,Kavanagh,,,,,,,,,,,,,,,,,,,,,,,unlisted
kavanagh,,,,,,,false,,,,,,,,,,,,,,,,,,https://irishfamilysurnames.com/wp-content/uploads/2021/04/keating-B-H-300x375.jpg,4,Kavanagh,,,,,,,,,,,,,,,,,,,,,,,unlisted
kavanagh,,,,,,,false,,,,,,,,,,,,,,,,,,https://irishfamilysurnames.com/wp-content/uploads/2021/04/keane-B-H-300x375.jpg,5,Kavanagh,,,,,,,,,,,,,,,,,,,,,,,unlisted
hagan,Hagan,"<p>Learn the full history of your family with a Family History or a Crest/History Combination.</p><p>Family History Standard : 16 x 20 cm | 6 x 8 inches. €9.90</p><p>Family History Large : 20 x 26 cm | 8 x 10 inches. €12.50</p><p>Family Combination (History &amp;amp;amp; Crest) : 26 x 20 cm | 10 x 8 inches.€14.95</p><p>Family Histories and Family Combinations are supplied mounted and ready to frame.<br/>FREE WORLDWIDE POSTAGE</p>",Irish Family Surnames,,General,"imported, unlisted",false,Title,Default Title,,,,,1113,0,shopify,1,deny,manual,9.90,,true,true,,https://irishfamilysurnames.com/wp-content/uploads/2021/04/hagan-B-H.jpg,1,Hagan,false,Hagan,Learn the full history of your family with a Family History or a Crest/History Combination. Family History Standard : 16 x 20 cm | 6 x 8 inches. €9.90 Family History Large : 20 x 26 cm | 8 x 10 inches. €12.50 Family Combination (History &amp; Crest) : 26 x 20 cm | 10 x 8 inches.€14.95 Family Histories and Family Combin,,,,,,,,,,,,,g,,,true,true,,,unlisted
hagan,,,,,,,false,,,,,,,,,,,,,,,,,,https://irishfamilysurnames.com/wp-content/uploads/2021/03/irishfamilysurnameslogo2.jpg,2,Hagan,,,,,,,,,,,,,,,,,,,,,,,unlisted
hagan,,,,,,,false,,,,,,,,,,,,,,,,,,https://irishfamilysurnames.com/wp-content/uploads/2021/04/hart-B-H-300x375.jpg,3,Hagan,,,,,,,,,,,,,,,,,,,,,,,unlisted
hagan,,,,,,,false,,,,,,,,,,,,,,,,,,https://irishfamilysurnames.com/wp-content/uploads/2021/04/halloran-B-H-300x375.jpg,4,Hagan,,,,,,,,,,,,,,,,,,,,,,,unlisted
hagan,,,,,,,false,,,,,,,,,,,,,,,,,,https://irishfamilysurnames.com/wp-content/uploads/2021/04/harte-B-H-300x375.jpg,5,Hagan,,,,,,,,,,,,,,,,,,,,,,,unlisted
harris,Harris,"<p>Learn the full history of your family with a Family History or a Crest/History Combination.</p><p>Family History Standard : 16 x 20 cm | 6 x 8 inches. €9.90</p><p>Family History Large : 20 x 26 cm | 8 x 10 inches. €12.50</p><p>Family Combination (History &amp;amp;amp; Crest) : 26 x 20 cm | 10 x 8 inches.€14.95</p><p>Family Histories and Family Combinations are supplied mounted and ready to frame.<br/>FREE WORLDWIDE POSTAGE</p>",Irish Family Surnames,,General,"imported, unlisted",false,Title,Default Title,,,,,1235,0,shopify,1,deny,manual,9.90,,true,true,,https://irishfamilysurnames.com/wp-content/uploads/2021/04/harris-B-H.jpg,1,Harris,false,Harris,Learn the full history of your family with a Family History or a Crest/History Combination. Family History Standard : 16 x 20 cm | 6 x 8 inches. €9.90 Family History Large : 20 x 26 cm | 8 x 10 inches. €12.50 Family Combination (History &amp; Crest) : 26 x 20 cm | 10 x 8 inches.€14.95 Family Histories and Family Combin,,,,,,,,,,,,,g,,,true,true,,,unlisted
harris,,,,,,,false,,,,,,,,,,,,,,,,,,https://irishfamilysurnames.com/wp-content/uploads/2021/03/irishfamilysurnameslogo2.jpg,2,Harris,,,,,,,,,,,,,,,,,,,,,,,unlisted
harris,,,,,,,false,,,,,,,,,,,,,,,,,,https://irishfamilysurnames.com/wp-content/uploads/2021/04/harrington-B-H-300x375.jpg,3,Harris,,,,,,,,,,,,,,,,,,,,,,,unlisted
harris,,,,,,,false,,,,,,,,,,,,,,,,,,https://irishfamilysurnames.com/wp-content/uploads/2021/04/halloran-B-H-300x375.jpg,4,Harris,,,,,,,,,,,,,,,,,,,,,,,unlisted
harris,,,,,,,false,,,,,,,,,,,,,,,,,,https://irishfamilysurnames.com/wp-content/uploads/2021/04/healy-B-H-300x375.jpg,5,Harris,,,,,,,,,,,,,,,,,,,,,,,unlisted
hill,Hill,"<p>Learn the full history of your family with a Family History or a Crest/History Combination.</p><p>Family History Standard : 16 x 20 cm | 6 x 8 inches. €9.90</p><p>Family History Large : 20 x 26 cm | 8 x 10 inches. €12.50</p><p>Family Combination (History &amp;amp;amp; Crest) : 26 x 20 cm | 10 x 8 inches.€14.95</p><p>Family Histories and Family Combinations are supplied mounted and ready to frame.<br/>FREE WORLDWIDE POSTAGE</p>",Irish Family Surnames,,General,"imported, unlisted",false,Title,Default Title,,,,,1426,0,shopify,1,deny,manual,9.90,,true,true,,https://irishfamilysurnames.com/wp-content/uploads/2021/04/harris-B-H-1.jpg,1,Hill,false,Hill,Learn the full history of your family with a Family History or a Crest/History Combination. Family History Standard : 16 x 20 cm | 6 x 8 inches. €9.90 Family History Large : 20 x 26 cm | 8 x 10 inches. €12.50 Family Combination (History &amp; Crest) : 26 x 20 cm | 10 x 8 inches.€14.95 Family Histories and Family Combin,,,,,,,,,,,,,g,,,true,true,,,unlisted
hill,,,,,,,false,,,,,,,,,,,,,,,,,,https://irishfamilysurnames.com/wp-content/uploads/2021/03/irishfamilysurnameslogo2.jpg,2,Hill,,,,,,,,,,,,,,,,,,,,,,,unlisted
hill,,,,,,,false,,,,,,,,,,,,,,,,,,https://irishfamilysurnames.com/wp-content/uploads/2021/04/hurley-B-H-1-300x375.jpg,3,Hill,,,,,,,,,,,,,,,,,,,,,,,unlisted
hill,,,,,,,false,,,,,,,,,,,,,,,,,,https://irishfamilysurnames.com/wp-content/uploads/2021/04/halloran-B-H-300x375.jpg,4,Hill,,,,,,,,,,,,,,,,,,,,,,,unlisted
hill,,,,,,,false,,,,,,,,,,,,,,,,,,https://irishfamilysurnames.com/wp-content/uploads/2021/04/hart-B-H-300x375.jpg,5,Hill,,,,,,,,,,,,,,,,,,,,,,,unlisted
hyland,Hyland,"<p>Learn the full history of your family with a Family History or a Crest/History Combination.</p><p>Family History Standard : 16 x 20 cm | 6 x 8 inches. €9.90</p><p>Family History Large : 20 x 26 cm | 8 x 10 inches. €12.50</p><p>Family Combination (History &amp;amp;amp; Crest) : 26 x 20 cm | 10 x 8 inches.€14.95</p><p>Family Histories and Family Combinations are supplied mounted and ready to frame.<br/>FREE WORLDWIDE POSTAGE</p>",Irish Family Surnames,,General,"imported, unlisted",false,Title,Default Title,,,,,1488,0,shopify,1,deny,manual,9.90,,true,true,,https://irishfamilysurnames.com/wp-content/uploads/2021/04/hyland-B-H.jpg,1,Hyland,false,Hyland,Learn the full history of your family with a Family History or a Crest/History Combination. Family History Standard : 16 x 20 cm | 6 x 8 inches. €9.90 Family History Large : 20 x 26 cm | 8 x 10 inches. €12.50 Family Combination (History &amp; Crest) : 26 x 20 cm | 10 x 8 inches.€14.95 Family Histories and Family Combin,,,,,,,,,,,,,g,,,true,true,,,unlisted
hyland,,,,,,,false,,,,,,,,,,,,,,,,,,https://irishfamilysurnames.com/wp-content/uploads/2021/03/irishfamilysurnameslogo2.jpg,2,Hyland,,,,,,,,,,,,,,,,,,,,,,,unlisted
hyland,,,,,,,false,,,,,,,,,,,,,,,,,,https://irishfamilysurnames.com/wp-content/uploads/2021/04/hara-B-H-300x375.jpg,3,Hyland,,,,,,,,,,,,,,,,,,,,,,,unlisted
hyland,,,,,,,false,,,,,,,,,,,,,,,,,,https://irishfamilysurnames.com/wp-content/uploads/2021/04/harris-B-H-1-300x375.jpg,4,Hyland,,,,,,,,,,,,,,,,,,,,,,,unlisted
hyland,,,,,,,false,,,,,,,,,,,,,,,,,,https://irishfamilysurnames.com/wp-content/uploads/2021/04/harris-B-H-300x375.jpg,5,Hyland,,,,,,,,,,,,,,,,,,,,,,,unlisted
jackson,Jackson,"<p>Learn the full history of your family with a Family History or a Crest/History Combination.</p><p>Family History Standard : 16 x 20 cm | 6 x 8 inches. €9.90</p><p>Family History Large : 20 x 26 cm | 8 x 10 inches. €12.50</p><p>Family Combination (History &amp;amp;amp; Crest) : 26 x 20 cm | 10 x 8 inches.€14.95</p><p>Family Histories and Family Combinations are supplied mounted and ready to frame.<br/>FREE WORLDWIDE POSTAGE</p>",Irish Family Surnames,,General,"imported, unlisted",false,Title,Default Title,,,,,1535,0,shopify,1,deny,manual,9.90,,true,true,,https://irishfamilysurnames.com/wp-content/uploads/2021/04/jackson-B-H.jpg,1,Jackson,false,Jackson,Learn the full history of your family with a Family History or a Crest/History Combination. Family History Standard : 16 x 20 cm | 6 x 8 inches. €9.90 Family History Large : 20 x 26 cm | 8 x 10 inches. €12.50 Family Combination (History &amp; Crest) : 26 x 20 cm | 10 x 8 inches.€14.95 Family Histories and Family Combin,,,,,,,,,,,,,g,,,true,true,,,unlisted
jackson,,,,,,,false,,,,,,,,,,,,,,,,,,https://irishfamilysurnames.com/wp-content/uploads/2021/03/irishfamilysurnameslogo2.jpg,2,Jackson,,,,,,,,,,,,,,,,,,,,,,,unlisted
jackson,,,,,,,false,,,,,,,,,,,,,,,,,,https://irishfamilysurnames.com/wp-content/uploads/2021/04/johnston-B-H-300x375.jpg,3,Jackson,,,,,,,,,,,,,,,,,,,,,,,unlisted
jackson,,,,,,,false,,,,,,,,,,,,,,,,,,https://irishfamilysurnames.com/wp-content/uploads/2021/04/joyce-B-H-1-300x375.jpg,4,Jackson,,,,,,,,,,,,,,,,,,,,,,,unlisted
jackson,,,,,,,false,,,,,,,,,,,,,,,,,,https://irishfamilysurnames.com/wp-content/uploads/2021/04/johnson-B-H-300x375.jpg,5,Jackson,,,,,,,,,,,,,,,,,,,,,,,unlisted
johnston,Johnston,"<p>Learn the full history of your family with a Family History or a Crest/History Combination.</p><p>Family History Standard : 16 x 20 cm | 6 x 8 inches. €9.90</p><p>Family History Large : 20 x 26 cm | 8 x 10 inches. €12.50</p><p>Family Combination (History &amp;amp;amp; Crest) : 26 x 20 cm | 10 x 8 inches.€14.95</p><p>Family Histories and Family Combinations are supplied mounted and ready to frame.<br/>FREE WORLDWIDE POSTAGE</p>",Irish Family Surnames,,General,"imported, unlisted",false,Title,Default Title,,,,,1549,0,shopify,1,deny,manual,9.90,,true,true,,https://irishfamilysurnames.com/wp-content/uploads/2021/04/johnston-B-H.jpg,1,Johnston,false,Johnston,Learn the full history of your family with a Family History or a Crest/History Combination. Family History Standard : 16 x 20 cm | 6 x 8 inches. €9.90 Family History Large : 20 x 26 cm | 8 x 10 inches. €12.50 Family Combination (History &amp; Crest) : 26 x 20 cm | 10 x 8 inches.€14.95 Family Histories and Family Combin,,,,,,,,,,,,,g,,,true,true,,,unlisted
johnston,,,,,,,false,,,,,,,,,,,,,,,,,,https://irishfamilysurnames.com/wp-content/uploads/2021/03/irishfamilysurnameslogo2.jpg,2,Johnston,,,,,,,,,,,,,,,,,,,,,,,unlisted
johnston,,,,,,,false,,,,,,,,,,,,,,,,,,https://irishfamilysurnames.com/wp-content/uploads/2021/04/jordan-B-H-300x375.jpg,3,Johnston,,,,,,,,,,,,,,,,,,,,,,,unlisted
johnston,,,,,,,false,,,,,,,,,,,,,,,,,,https://irishfamilysurnames.com/wp-content/uploads/2021/04/jackson-B-H-300x375.jpg,4,Johnston,,,,,,,,,,,,,,,,,,,,,,,unlisted
johnston,,,,,,,false,,,,,,,,,,,,,,,,,,https://irishfamilysurnames.com/wp-content/uploads/2021/04/joyce-B-H-1-300x375.jpg,5,Johnston,,,,,,,,,,,,,,,,,,,,,,,unlisted
jones,Jones,"<p>Learn the full history of your family with a Family History or a Crest/History Combination.</p><p>Family History Standard : 16 x 20 cm | 6 x 8 inches. €9.90</p><p>Family History Large : 20 x 26 cm | 8 x 10 inches. €12.50</p><p>Family Combination (History &amp;amp;amp; Crest) : 26 x 20 cm | 10 x 8 inches.€14.95</p><p>Family Histories and Family Combinations are supplied mounted and ready to frame.<br/>FREE WORLDWIDE POSTAGE</p>",Irish Family Surnames,,General,"imported, unlisted",false,Title,Default Title,,,,,1556,0,shopify,1,deny,manual,9.90,,true,true,,https://irishfamilysurnames.com/wp-content/uploads/2021/04/jones-B-H.jpg,1,Jones,false,Jones,Learn the full history of your family with a Family History or a Crest/History Combination. Family History Standard : 16 x 20 cm | 6 x 8 inches. €9.90 Family History Large : 20 x 26 cm | 8 x 10 inches. €12.50 Family Combination (History &amp; Crest) : 26 x 20 cm | 10 x 8 inches.€14.95 Family Histories and Family Combin,,,,,,,,,,,,,g,,,true,true,,,unlisted
jones,,,,,,,false,,,,,,,,,,,,,,,,,,https://irishfamilysurnames.com/wp-content/uploads/2021/03/irishfamilysurnameslogo2.jpg,2,Jones,,,,,,,,,,,,,,,,,,,,,,,unlisted
jones,,,,,,,false,,,,,,,,,,,,,,,,,,https://irishfamilysurnames.com/wp-content/uploads/2021/04/johnson-B-H-300x375.jpg,3,Jones,,,,,,,,,,,,,,,,,,,,,,,unlisted
jones,,,,,,,false,,,,,,,,,,,,,,,,,,https://irishfamilysurnames.com/wp-content/uploads/2021/04/johnston-B-H-300x375.jpg,4,Jones,,,,,,,,,,,,,,,,,,,,,,,unlisted
jones,,,,,,,false,,,,,,,,,,,,,,,,,,https://irishfamilysurnames.com/wp-content/uploads/2021/04/jordan-B-H-300x375.jpg,5,Jones,,,,,,,,,,,,,,,,,,,,,,,unlisted
joyce,Joyce,"<p>Learn the full history of your family with a Family History or a Crest/History Combination.</p><p>Family History Standard : 16 x 20 cm | 6 x 8 inches. €9.90</p><p>Family History Large : 20 x 26 cm | 8 x 10 inches. €12.50</p><p>Family Combination (History &amp;amp;amp; Crest) : 26 x 20 cm | 10 x 8 inches.€14.95</p><p>Family Histories and Family Combinations are supplied mounted and ready to frame.<br/>FREE WORLDWIDE POSTAGE</p>",Irish Family Surnames,,General,"imported, unlisted",false,Title,Default Title,,,,,1570,0,shopify,1,deny,manual,9.90,,true,true,,https://irishfamilysurnames.com/wp-content/uploads/2021/04/joyce-B-H-1.jpg,1,Joyce,false,Joyce,Learn the full history of your family with a Family History or a Crest/History Combination. Family History Standard : 16 x 20 cm | 6 x 8 inches. €9.90 Family History Large : 20 x 26 cm | 8 x 10 inches. €12.50 Family Combination (History &amp; Crest) : 26 x 20 cm | 10 x 8 inches.€14.95 Family Histories and Family Combin,,,,,,,,,,,,,g,,,true,true,,,unlisted
joyce,,,,,,,false,,,,,,,,,,,,,,,,,,https://irishfamilysurnames.com/wp-content/uploads/2021/03/irishfamilysurnameslogo2.jpg,2,Joyce,,,,,,,,,,,,,,,,,,,,,,,unlisted
joyce,,,,,,,false,,,,,,,,,,,,,,,,,,https://irishfamilysurnames.com/wp-content/uploads/2021/04/jordan-B-H-300x375.jpg,3,Joyce,,,,,,,,,,,,,,,,,,,,,,,unlisted
joyce,,,,,,,false,,,,,,,,,,,,,,,,,,https://irishfamilysurnames.com/wp-content/uploads/2021/04/jackson-B-H-300x375.jpg,4,Joyce,,,,,,,,,,,,,,,,,,,,,,,unlisted
joyce,,,,,,,false,,,,,,,,,,,,,,,,,,https://irishfamilysurnames.com/wp-content/uploads/2021/04/johnston-B-H-300x375.jpg,5,Joyce,,,,,,,,,,,,,,,,,,,,,,,unlisted
kane,Kane,"<p>Learn the full history of your family with a Family History or a Crest/History Combination.</p><p>Family History Standard : 16 x 20 cm | 6 x 8 inches. €9.90</p><p>Family History Large : 20 x 26 cm | 8 x 10 inches. €12.50</p><p>Family Combination (History &amp;amp;amp; Crest) : 26 x 20 cm | 10 x 8 inches.€14.95</p><p>Family Histories and Family Combinations are supplied mounted and ready to frame.<br/>FREE WORLDWIDE POSTAGE</p>",Irish Family Surnames,,General,"imported, unlisted",false,Title,Default Title,,,,,1578,0,shopify,1,deny,manual,9.90,,true,true,,https://irishfamilysurnames.com/wp-content/uploads/2021/04/kane-B-H.jpg,1,Kane,false,Kane,Learn the full history of your family with a Family History or a Crest/History Combination. Family History Standard : 16 x 20 cm | 6 x 8 inches. €9.90 Family History Large : 20 x 26 cm | 8 x 10 inches. €12.50 Family Combination (History &amp; Crest) : 26 x 20 cm | 10 x 8 inches.€14.95 Family Histories and Family Combin,,,,,,,,,,,,,g,,,true,true,,,unlisted
kane,,,,,,,false,,,,,,,,,,,,,,,,,,https://irishfamilysurnames.com/wp-content/uploads/2021/03/irishfamilysurnameslogo2.jpg,2,Kane,,,,,,,,,,,,,,,,,,,,,,,unlisted
kane,,,,,,,false,,,,,,,,,,,,,,,,,,https://irishfamilysurnames.com/wp-content/uploads/2021/04/kirwan-B-H-300x375.jpg,3,Kane,,,,,,,,,,,,,,,,,,,,,,,unlisted
kane,,,,,,,false,,,,,,,,,,,,,,,,,,https://irishfamilysurnames.com/wp-content/uploads/2021/04/keefe-B-H-300x375.jpg,4,Kane,,,,,,,,,,,,,,,,,,,,,,,unlisted
kane,,,,,,,false,,,,,,,,,,,,,,,,,,https://irishfamilysurnames.com/wp-content/uploads/2021/04/keeffe-B-H-300x375.jpg,5,Kane,,,,,,,,,,,,,,,,,,,,,,,unlisted
keane,Keane,"<p>Learn the full history of your family with a Family History or a Crest/History Combination.</p><p>Family History Standard : 16 x 20 cm | 6 x 8 inches. €9.90</p><p>Family History Large : 20 x 26 cm | 8 x 10 inches. €12.50</p><p>Family Combination (History &amp;amp;amp; Crest) : 26 x 20 cm | 10 x 8 inches.€14.95</p><p>Family Histories and Family Combinations are supplied mounted and ready to frame.<br/>FREE WORLDWIDE POSTAGE</p>",Irish Family Surnames,,General,"imported, unlisted",false,Title,Default Title,,,,,1601,0,shopify,1,deny,manual,9.90,,true,true,,https://irishfamilysurnames.com/wp-content/uploads/2021/04/keane-B-H.jpg,1,Keane,false,Keane,Learn the full history of your family with a Family History or a Crest/History Combination. Family History Standard : 16 x 20 cm | 6 x 8 inches. €9.90 Family History Large : 20 x 26 cm | 8 x 10 inches. €12.50 Family Combination (History &amp; Crest) : 26 x 20 cm | 10 x 8 inches.€14.95 Family Histories and Family Combin,,,,,,,,,,,,,g,,,true,true,,,unlisted
keane,,,,,,,false,,,,,,,,,,,,,,,,,,https://irishfamilysurnames.com/wp-content/uploads/2021/03/irishfamilysurnameslogo2.jpg,2,Keane,,,,,,,,,,,,,,,,,,,,,,,unlisted
keane,,,,,,,false,,,,,,,,,,,,,,,,,,https://irishfamilysurnames.com/wp-content/uploads/2021/04/kirwan-B-H-300x375.jpg,3,Keane,,,,,,,,,,,,,,,,,,,,,,,unlisted
keane,,,,,,,false,,,,,,,,,,,,,,,,,,https://irishfamilysurnames.com/wp-content/uploads/2021/04/keeffe-B-H-300x375.jpg,4,Keane,,,,,,,,,,,,,,,,,,,,,,,unlisted
keane,,,,,,,false,,,,,,,,,,,,,,,,,,https://irishfamilysurnames.com/wp-content/uploads/2021/04/kavanagh-B-H-300x375.jpg,5,Keane,,,,,,,,,,,,,,,,,,,,,,,unlisted
leahy,Leahy,"<p>Learn the full history of your family with a Family History or a Crest/History Combination.</p><p>Family History Standard : 16 x 20 cm | 6 x 8 inches. €9.90</p><p>Family History Large : 20 x 26 cm | 8 x 10 inches. €12.50</p><p>Family Combination (History &amp;amp;amp; Crest) : 26 x 20 cm | 10 x 8 inches.€14.95</p><p>Family Histories and Family Combinations are supplied mounted and ready to frame.<br/>FREE WORLDWIDE POSTAGE</p>",Irish Family Surnames,,General,"imported, unlisted",false,Title,Default Title,,,,,1905,0,shopify,1,deny,manual,9.90,,true,true,,https://irishfamilysurnames.com/wp-content/uploads/2021/04/leahy-B-H-1.jpg,1,Leahy,false,Leahy,Learn the full history of your family with a Family History or a Crest/History Combination. Family History Standard : 16 x 20 cm | 6 x 8 inches. €9.90 Family History Large : 20 x 26 cm | 8 x 10 inches. €12.50 Family Combination (History &amp; Crest) : 26 x 20 cm | 10 x 8 inches.€14.95 Family Histories and Family Combin,,,,,,,,,,,,,g,,,true,true,,,unlisted
leahy,,,,,,,false,,,,,,,,,,,,,,,,,,https://irishfamilysurnames.com/wp-content/uploads/2021/03/irishfamilysurnameslogo2.jpg,2,Leahy,,,,,,,,,,,,,,,,,,,,,,,unlisted
leahy,,,,,,,false,,,,,,,,,,,,,,,,,,https://irishfamilysurnames.com/wp-content/uploads/2021/04/lenihan-B-H-1-300x375.jpg,3,Leahy,,,,,,,,,,,,,,,,,,,,,,,unlisted
leahy,,,,,,,false,,,,,,,,,,,,,,,,,,https://irishfamilysurnames.com/wp-content/uploads/2021/04/lynch-B-H-1-300x375.jpg,4,Leahy,,,,,,,,,,,,,,,,,,,,,,,unlisted
leahy,,,,,,,false,,,,,,,,,,,,,,,,,,https://irishfamilysurnames.com/wp-content/uploads/2021/04/lee-B-H-1-300x375.jpg,5,Leahy,,,,,,,,,,,,,,,,,,,,,,,unlisted
kiernan,Kiernan,"<p>Learn the full history of your family with a Family History or a Crest/History Combination.</p><p>Family History Standard : 16 x 20 cm | 6 x 8 inches. €9.90</p><p>Family History Large : 20 x 26 cm | 8 x 10 inches. €12.50</p><p>Family Combination (History &amp;amp;amp; Crest) : 26 x 20 cm | 10 x 8 inches.€14.95</p><p>Family Histories and Family Combinations are supplied mounted and ready to frame.<br/>FREE WORLDWIDE POSTAGE</p>",Irish Family Surnames,,General,"imported, unlisted",false,Title,Default Title,,,,,1789,0,shopify,1,deny,manual,9.90,,true,true,,https://irishfamilysurnames.com/wp-content/uploads/2021/04/kiernan-B-H.jpg,1,Kiernan,false,Kiernan,Learn the full history of your family with a Family History or a Crest/History Combination. Family History Standard : 16 x 20 cm | 6 x 8 inches. €9.90 Family History Large : 20 x 26 cm | 8 x 10 inches. €12.50 Family Combination (History &amp; Crest) : 26 x 20 cm | 10 x 8 inches.€14.95 Family Histories and Family Combin,,,,,,,,,,,,,g,,,true,true,,,unlisted
kiernan,,,,,,,false,,,,,,,,,,,,,,,,,,https://irishfamilysurnames.com/wp-content/uploads/2021/03/irishfamilysurnameslogo2.jpg,2,Kiernan,,,,,,,,,,,,,,,,,,,,,,,unlisted
kiernan,,,,,,,false,,,,,,,,,,,,,,,,,,https://irishfamilysurnames.com/wp-content/uploads/2021/04/kinsella-B-H-300x375.jpg,3,Kiernan,,,,,,,,,,,,,,,,,,,,,,,unlisted
kiernan,,,,,,,false,,,,,,,,,,,,,,,,,,https://irishfamilysurnames.com/wp-content/uploads/2021/04/kehoe-B-H-300x375.jpg,4,Kiernan,,,,,,,,,,,,,,,,,,,,,,,unlisted
kiernan,,,,,,,false,,,,,,,,,,,,,,,,,,https://irishfamilysurnames.com/wp-content/uploads/2021/04/kennedy-B-H-300x375.jpg,5,Kiernan,,,,,,,,,,,,,,,,,,,,,,,unlisted
lynch,Lynch,"<p>Learn the full history of your family with a Family History or a Crest/History Combination.</p><p>Family History Standard : 16 x 20 cm | 6 x 8 inches. €9.90</p><p>Family History Large : 20 x 26 cm | 8 x 10 inches. €12.50</p><p>Family Combination (History &amp;amp;amp; Crest) : 26 x 20 cm | 10 x 8 inches.€14.95</p><p>Family Histories and Family Combinations are supplied mounted and ready to frame.<br/>FREE WORLDWIDE POSTAGE</p>",Irish Family Surnames,,General,"imported, unlisted",false,Title,Default Title,,,,,1983,0,shopify,1,deny,manual,9.90,,true,true,,https://irishfamilysurnames.com/wp-content/uploads/2021/04/lynch-B-H-1.jpg,1,Lynch,false,Lynch,Learn the full history of your family with a Family History or a Crest/History Combination. Family History Standard : 16 x 20 cm | 6 x 8 inches. €9.90 Family History Large : 20 x 26 cm | 8 x 10 inches. €12.50 Family Combination (History &amp; Crest) : 26 x 20 cm | 10 x 8 inches.€14.95 Family Histories and Family Combin,,,,,,,,,,,,,g,,,true,true,,,unlisted
lynch,,,,,,,false,,,,,,,,,,,,,,,,,,https://irishfamilysurnames.com/wp-content/uploads/2021/03/irishfamilysurnameslogo2.jpg,2,Lynch,,,,,,,,,,,,,,,,,,,,,,,unlisted
lynch,,,,,,,false,,,,,,,,,,,,,,,,,,https://irishfamilysurnames.com/wp-content/uploads/2021/04/lawler-B-H-1-300x375.jpg,3,Lynch,,,,,,,,,,,,,,,,,,,,,,,unlisted
lynch,,,,,,,false,,,,,,,,,,,,,,,,,,https://irishfamilysurnames.com/wp-content/uploads/2021/04/lyons-B-H-1-300x375.jpg,4,Lynch,,,,,,,,,,,,,,,,,,,,,,,unlisted
lynch,,,,,,,false,,,,,,,,,,,,,,,,,,https://irishfamilysurnames.com/wp-content/uploads/2021/04/lawlor-B-H-1-300x375.jpg,5,Lynch,,,,,,,,,,,,,,,,,,,,,,,unlisted
malone,Malone,"<p>Learn the full history of your family with a Family History or a Crest/History Combination.</p><p>Family History Standard : 16 x 20 cm | 6 x 8 inches. €9.90</p><p>Family History Large : 20 x 26 cm | 8 x 10 inches. €12.50</p><p>Family Combination (History &amp;amp;amp; Crest) : 26 x 20 cm | 10 x 8 inches.€14.95</p><p>Family Histories and Family Combinations are supplied mounted and ready to frame.<br/>FREE WORLDWIDE POSTAGE</p>",Irish Family Surnames,,General,"imported, unlisted",false,Title,Default Title,,,,,2128,0,shopify,1,deny,manual,9.90,,true,true,,https://irishfamilysurnames.com/wp-content/uploads/2021/04/malone-B-H.jpg,1,Malone,false,Malone,Learn the full history of your family with a Family History or a Crest/History Combination. Family History Standard : 16 x 20 cm | 6 x 8 inches. €9.90 Family History Large : 20 x 26 cm | 8 x 10 inches. €12.50 Family Combination (History &amp; Crest) : 26 x 20 cm | 10 x 8 inches.€14.95 Family Histories and Family Combin,,,,,,,,,,,,,g,,,true,true,,,unlisted
malone,,,,,,,false,,,,,,,,,,,,,,,,,,https://irishfamilysurnames.com/wp-content/uploads/2021/03/irishfamilysurnameslogo2.jpg,2,Malone,,,,,,,,,,,,,,,,,,,,,,,unlisted
malone,,,,,,,false,,,,,,,,,,,,,,,,,,https://irishfamilysurnames.com/wp-content/uploads/2021/04/mooney-B-H-300x375.jpg,3,Malone,,,,,,,,,,,,,,,,,,,,,,,unlisted
malone,,,,,,,false,,,,,,,,,,,,,,,,,,https://irishfamilysurnames.com/wp-content/uploads/2021/04/magee-B-H-300x375.jpg,4,Malone,,,,,,,,,,,,,,,,,,,,,,,unlisted
malone,,,,,,,false,,,,,,,,,,,,,,,,,,https://irishfamilysurnames.com/wp-content/uploads/2021/04/meara-B-H-300x375.jpg,5,Malone,,,,,,,,,,,,,,,,,,,,,,,unlisted
meara,Meara,"<p>Learn the full history of your family with a Family History or a Crest/History Combination.</p><p>Family History Standard : 16 x 20 cm | 6 x 8 inches. €9.90</p><p>Family History Large : 20 x 26 cm | 8 x 10 inches. €12.50</p><p>Family Combination (History &amp;amp;amp; Crest) : 26 x 20 cm | 10 x 8 inches.€14.95</p><p>Family Histories and Family Combinations are supplied mounted and ready to frame.<br/>FREE WORLDWIDE POSTAGE</p>",Irish Family Surnames,,General,"imported, unlisted",false,Title,Default Title,,,,,2187,0,shopify,1,deny,manual,9.90,,true,true,,https://irishfamilysurnames.com/wp-content/uploads/2021/04/meara-B-H.jpg,1,Meara,false,Meara,Learn the full history of your family with a Family History or a Crest/History Combination. Family History Standard : 16 x 20 cm | 6 x 8 inches. €9.90 Family History Large : 20 x 26 cm | 8 x 10 inches. €12.50 Family Combination (History &amp; Crest) : 26 x 20 cm | 10 x 8 inches.€14.95 Family Histories and Family Combin,,,,,,,,,,,,,g,,,true,true,,,unlisted
meara,,,,,,,false,,,,,,,,,,,,,,,,,,https://irishfamilysurnames.com/wp-content/uploads/2021/03/irishfamilysurnameslogo2.jpg,2,Meara,,,,,,,,,,,,,,,,,,,,,,,unlisted
meara,,,,,,,false,,,,,,,,,,,,,,,,,,https://irishfamilysurnames.com/wp-content/uploads/2021/04/mahony-B-H-300x375.jpg,3,Meara,,,,,,,,,,,,,,,,,,,,,,,unlisted
meara,,,,,,,false,,,,,,,,,,,,,,,,,,https://irishfamilysurnames.com/wp-content/uploads/2021/04/monaghan-B-H-300x375.jpg,4,Meara,,,,,,,,,,,,,,,,,,,,,,,unlisted
meara,,,,,,,false,,,,,,,,,,,,,,,,,,https://irishfamilysurnames.com/wp-content/uploads/2021/04/molloy-B-H-300x375.jpg,5,Meara,,,,,,,,,,,,,,,,,,,,,,,unlisted
meehan,Meehan,"<p>Learn the full history of your family with a Family History or a Crest/History Combination.</p><p>Family History Standard : 16 x 20 cm | 6 x 8 inches. €9.90</p><p>Family History Large : 20 x 26 cm | 8 x 10 inches. €12.50</p><p>Family Combination (History &amp;amp;amp; Crest) : 26 x 20 cm | 10 x 8 inches.€14.95</p><p>Family Histories and Family Combinations are supplied mounted and ready to frame.<br/>FREE WORLDWIDE POSTAGE</p>",Irish Family Surnames,,General,"imported, unlisted",false,Title,Default Title,,,,,2194,0,shopify,1,deny,manual,9.90,,true,true,,https://irishfamilysurnames.com/wp-content/uploads/2021/04/meehan-B-H.jpg,1,Meehan,false,Meehan,Learn the full history of your family with a Family History or a Crest/History Combination. Family History Standard : 16 x 20 cm | 6 x 8 inches. €9.90 Family History Large : 20 x 26 cm | 8 x 10 inches. €12.50 Family Combination (History &amp; Crest) : 26 x 20 cm | 10 x 8 inches.€14.95 Family Histories and Family Combin,,,,,,,,,,,,,g,,,true,true,,,unlisted
meehan,,,,,,,false,,,,,,,,,,,,,,,,,,https://irishfamilysurnames.com/wp-content/uploads/2021/03/irishfamilysurnameslogo2.jpg,2,Meehan,,,,,,,,,,,,,,,,,,,,,,,unlisted
meehan,,,,,,,false,,,,,,,,,,,,,,,,,,https://irishfamilysurnames.com/wp-content/uploads/2021/04/monahan-B-H-300x375.jpg,3,Meehan,,,,,,,,,,,,,,,,,,,,,,,unlisted
meehan,,,,,,,false,,,,,,,,,,,,,,,,,,https://irishfamilysurnames.com/wp-content/uploads/2021/04/moore-B-H-300x375.jpg,4,Meehan,,,,,,,,,,,,,,,,,,,,,,,unlisted
meehan,,,,,,,false,,,,,,,,,,,,,,,,,,https://irishfamilysurnames.com/wp-content/uploads/2021/04/martin-B-H-300x375.jpg,5,Meehan,,,,,,,,,,,,,,,,,,,,,,,unlisted
molloy,Molloy,"<p>Learn the full history of your family with a Family History or a Crest/History Combination.</p><p>Family History Standard : 16 x 20 cm | 6 x 8 inches. €9.90</p><p>Family History Large : 20 x 26 cm | 8 x 10 inches. €12.50</p><p>Family Combination (History &amp;amp;amp; Crest) : 26 x 20 cm | 10 x 8 inches.€14.95</p><p>Family Histories and Family Combinations are supplied mounted and ready to frame.<br/>FREE WORLDWIDE POSTAGE</p>",Irish Family Surnames,,General,"imported, unlisted",false,Title,Default Title,,,,,2215,0,shopify,1,deny,manual,9.90,,true,true,,https://irishfamilysurnames.com/wp-content/uploads/2021/04/molloy-B-H.jpg,1,Molloy,false,Molloy,Learn the full history of your family with a Family History or a Crest/History Combination. Family History Standard : 16 x 20 cm | 6 x 8 inches. €9.90 Family History Large : 20 x 26 cm | 8 x 10 inches. €12.50 Family Combination (History &amp; Crest) : 26 x 20 cm | 10 x 8 inches.€14.95 Family Histories and Family Combin,,,,,,,,,,,,,g,,,true,true,,,unlisted
molloy,,,,,,,false,,,,,,,,,,,,,,,,,,https://irishfamilysurnames.com/wp-content/uploads/2021/03/irishfamilysurnameslogo2.jpg,2,Molloy,,,,,,,,,,,,,,,,,,,,,,,unlisted
molloy,,,,,,,false,,,,,,,,,,,,,,,,,,https://irishfamilysurnames.com/wp-content/uploads/2021/04/mara-B-H-300x375.jpg,3,Molloy,,,,,,,,,,,,,,,,,,,,,,,unlisted
molloy,,,,,,,false,,,,,,,,,,,,,,,,,,https://irishfamilysurnames.com/wp-content/uploads/2021/04/malone-B-H-300x375.jpg,4,Molloy,,,,,,,,,,,,,,,,,,,,,,,unlisted
molloy,,,,,,,false,,,,,,,,,,,,,,,,,,https://irishfamilysurnames.com/wp-content/uploads/2021/04/mahon-B-H-300x375.jpg,5,Molloy,,,,,,,,,,,,,,,,,,,,,,,unlisted
moloney,Moloney,"<p>Learn the full history of your family with a Family History or a Crest/History Combination.</p><p>Family History Standard : 16 x 20 cm | 6 x 8 inches. €9.90</p><p>Family History Large : 20 x 26 cm | 8 x 10 inches. €12.50</p><p>Family Combination (History &amp;amp;amp; Crest) : 26 x 20 cm | 10 x 8 inches.€14.95</p><p>Family Histories and Family Combinations are supplied mounted and ready to frame.<br/>FREE WORLDWIDE POSTAGE</p>",Irish Family Surnames,,General,"imported, unlisted",false,Title,Default Title,,,,,2238,0,shopify,1,deny,manual,9.90,,true,true,,https://irishfamilysurnames.com/wp-content/uploads/2021/04/moloney-B-H.jpg,1,Moloney,false,Moloney,Learn the full history of your family with a Family History or a Crest/History Combination. Family History Standard : 16 x 20 cm | 6 x 8 inches. €9.90 Family History Large : 20 x 26 cm | 8 x 10 inches. €12.50 Family Combination (History &amp; Crest) : 26 x 20 cm | 10 x 8 inches.€14.95 Family Histories and Family Combin,,,,,,,,,,,,,g,,,true,true,,,unlisted
moloney,,,,,,,false,,,,,,,,,,,,,,,,,,https://irishfamilysurnames.com/wp-content/uploads/2021/03/irishfamilysurnameslogo2.jpg,2,Moloney,,,,,,,,,,,,,,,,,,,,,,,unlisted
moloney,,,,,,,false,,,,,,,,,,,,,,,,,,https://irishfamilysurnames.com/wp-content/uploads/2021/04/madden-B-H-300x375.jpg,3,Moloney,,,,,,,,,,,,,,,,,,,,,,,unlisted
moloney,,,,,,,false,,,,,,,,,,,,,,,,,,https://irishfamilysurnames.com/wp-content/uploads/2021/04/manning-B-H-300x375.jpg,4,Moloney,,,,,,,,,,,,,,,,,,,,,,,unlisted
moloney,,,,,,,false,,,,,,,,,,,,,,,,,,https://irishfamilysurnames.com/wp-content/uploads/2021/04/malone-B-H-300x375.jpg,5,Moloney,,,,,,,,,,,,,,,,,,,,,,,unlisted
monahan,Monahan,"<p>Learn the full history of your family with a Family History or a Crest/History Combination.</p><p>Family History Standard : 16 x 20 cm | 6 x 8 inches. €9.90</p><p>Family History Large : 20 x 26 cm | 8 x 10 inches. €12.50</p><p>Family Combination (History &amp;amp;amp; Crest) : 26 x 20 cm | 10 x 8 inches.€14.95</p><p>Family Histories and Family Combinations are supplied mounted and ready to frame.<br/>FREE WORLDWIDE POSTAGE</p>",Irish Family Surnames,,General,"imported, unlisted",false,Title,Default Title,,,,,2252,0,shopify,1,deny,manual,9.90,,true,true,,https://irishfamilysurnames.com/wp-content/uploads/2021/04/monahan-B-H.jpg,1,Monahan,false,Monahan,Learn the full history of your family with a Family History or a Crest/History Combination. Family History Standard : 16 x 20 cm | 6 x 8 inches. €9.90 Family History Large : 20 x 26 cm | 8 x 10 inches. €12.50 Family Combination (History &amp; Crest) : 26 x 20 cm | 10 x 8 inches.€14.95 Family Histories and Family Combin,,,,,,,,,,,,,g,,,true,true,,,unlisted
monahan,,,,,,,false,,,,,,,,,,,,,,,,,,https://irishfamilysurnames.com/wp-content/uploads/2021/03/irishfamilysurnameslogo2.jpg,2,Monahan,,,,,,,,,,,,,,,,,,,,,,,unlisted
monahan,,,,,,,false,,,,,,,,,,,,,,,,,,https://irishfamilysurnames.com/wp-content/uploads/2021/04/malone-B-H-300x375.jpg,3,Monahan,,,,,,,,,,,,,,,,,,,,,,,unlisted
monahan,,,,,,,false,,,,,,,,,,,,,,,,,,https://irishfamilysurnames.com/wp-content/uploads/2021/04/mahony-B-H-300x375.jpg,4,Monahan,,,,,,,,,,,,,,,,,,,,,,,unlisted
monahan,,,,,,,false,,,,,,,,,,,,,,,,,,https://irishfamilysurnames.com/wp-content/uploads/2021/04/murray-B-H-300x375.jpg,5,Monahan,,,,,,,,,,,,,,,,,,,,,,,unlisted
mullen,Mullen,"<p>Learn the full history of your family with a Family History or a Crest/History Combination.</p><p>Family History Standard : 16 x 20 cm | 6 x 8 inches. €9.90</p><p>Family History Large : 20 x 26 cm | 8 x 10 inches. €12.50</p><p>Family Combination (History &amp;amp;amp; Crest) : 26 x 20 cm | 10 x 8 inches.€14.95</p><p>Family Histories and Family Combinations are supplied mounted and ready to frame.<br/>FREE WORLDWIDE POSTAGE</p>",Irish Family Surnames,,General,"imported, unlisted",false,Title,Default Title,,,,,2327,0,shopify,1,deny,manual,9.90,,true,true,,https://irishfamilysurnames.com/wp-content/uploads/2021/04/mullen-B-H.jpg,1,Mullen,false,Mullen,Learn the full history of your family with a Family History or a Crest/History Combination. Family History Standard : 16 x 20 cm | 6 x 8 inches. €9.90 Family History Large : 20 x 26 cm | 8 x 10 inches. €12.50 Family Combination (History &amp; Crest) : 26 x 20 cm | 10 x 8 inches.€14.95 Family Histories and Family Combin,,,,,,,,,,,,,g,,,true,true,,,unlisted
mullen,,,,,,,false,,,,,,,,,,,,,,,,,,https://irishfamilysurnames.com/wp-content/uploads/2021/03/irishfamilysurnameslogo2.jpg,2,Mullen,,,,,,,,,,,,,,,,,,,,,,,unlisted
mullen,,,,,,,false,,,,,,,,,,,,,,,,,,https://irishfamilysurnames.com/wp-content/uploads/2021/04/martin-B-H-300x375.jpg,3,Mullen,,,,,,,,,,,,,,,,,,,,,,,unlisted
mullen,,,,,,,false,,,,,,,,,,,,,,,,,,https://irishfamilysurnames.com/wp-content/uploads/2021/04/mooney-B-H-300x375.jpg,4,Mullen,,,,,,,,,,,,,,,,,,,,,,,unlisted
mullen,,,,,,,false,,,,,,,,,,,,,,,,,,https://irishfamilysurnames.com/wp-content/uploads/2021/04/madden-B-H-300x375.jpg,5,Mullen,,,,,,,,,,,,,,,,,,,,,,,unlisted
mcauley,McAuley,"<p>Learn the full history of your family with a Family History or a Crest/History Combination.</p><p>Family History Standard : 16 x 20 cm | 6 x 8 inches. €9.90</p><p>Family History Large : 20 x 26 cm | 8 x 10 inches. €12.50</p><p>Family Combination (History &amp;amp;amp; Crest) : 26 x 20 cm | 10 x 8 inches.€14.95</p><p>Family Histories and Family Combinations are supplied mounted and ready to frame.<br/>FREE WORLDWIDE POSTAGE</p>",Irish Family Surnames,,General,"imported, unlisted",false,Title,Default Title,,,,,2371,0,shopify,1,deny,manual,9.90,,true,true,,https://irishfamilysurnames.com/wp-content/uploads/2021/04/mcauley-B-H.jpg,1,McAuley,false,McAuley,Learn the full history of your family with a Family History or a Crest/History Combination. Family History Standard : 16 x 20 cm | 6 x 8 inches. €9.90 Family History Large : 20 x 26 cm | 8 x 10 inches. €12.50 Family Combination (History &amp; Crest) : 26 x 20 cm | 10 x 8 inches.€14.95 Family Histories and Family Combin,,,,,,,,,,,,,g,,,true,true,,,unlisted
mcauley,,,,,,,false,,,,,,,,,,,,,,,,,,https://irishfamilysurnames.com/wp-content/uploads/2021/03/irishfamilysurnameslogo2.jpg,2,McAuley,,,,,,,,,,,,,,,,,,,,,,,unlisted
mcauley,,,,,,,false,,,,,,,,,,,,,,,,,,https://irishfamilysurnames.com/wp-content/uploads/2021/04/mcgee-B-H-300x375.jpg,3,McAuley,,,,,,,,,,,,,,,,,,,,,,,unlisted
mcauley,,,,,,,false,,,,,,,,,,,,,,,,,,https://irishfamilysurnames.com/wp-content/uploads/2021/04/mccormick-B-H-300x375.jpg,4,McAuley,,,,,,,,,,,,,,,,,,,,,,,unlisted
mcauley,,,,,,,false,,,,,,,,,,,,,,,,,,https://irishfamilysurnames.com/wp-content/uploads/2021/04/mcinerney-B-H-300x375.jpg,5,McAuley,,,,,,,,,,,,,,,,,,,,,,,unlisted
mccann,McCann,"<p>Learn the full history of your family with a Family History or a Crest/History Combination.</p><p>Family History Standard : 16 x 20 cm | 6 x 8 inches. €9.90</p><p>Family History Large : 20 x 26 cm | 8 x 10 inches. €12.50</p><p>Family Combination (History &amp;amp;amp; Crest) : 26 x 20 cm | 10 x 8 inches.€14.95</p><p>Family Histories and Family Combinations are supplied mounted and ready to frame.<br/>FREE WORLDWIDE POSTAGE</p>",Irish Family Surnames,,General,"imported, unlisted",false,Title,Default Title,,,,,2405,0,shopify,1,deny,manual,9.90,,true,true,,https://irishfamilysurnames.com/wp-content/uploads/2021/04/mccann-BH.jpg,1,McCann,false,McCann,Learn the full history of your family with a Family History or a Crest/History Combination. Family History Standard : 16 x 20 cm | 6 x 8 inches. €9.90 Family History Large : 20 x 26 cm | 8 x 10 inches. €12.50 Family Combination (History &amp; Crest) : 26 x 20 cm | 10 x 8 inches.€14.95 Family Histories and Family Combin,,,,,,,,,,,,,g,,,true,true,,,unlisted
mccann,,,,,,,false,,,,,,,,,,,,,,,,,,https://irishfamilysurnames.com/wp-content/uploads/2021/03/irishfamilysurnameslogo2.jpg,2,McCann,,,,,,,,,,,,,,,,,,,,,,,unlisted
mccann,,,,,,,false,,,,,,,,,,,,,,,,,,https://irishfamilysurnames.com/wp-content/uploads/2021/04/mccabe-B-H-300x375.jpg,3,McCann,,,,,,,,,,,,,,,,,,,,,,,unlisted
mccann,,,,,,,false,,,,,,,,,,,,,,,,,,https://irishfamilysurnames.com/wp-content/uploads/2021/04/mcnally-B-H-300x375.jpg,4,McCann,,,,,,,,,,,,,,,,,,,,,,,unlisted
mccann,,,,,,,false,,,,,,,,,,,,,,,,,,https://irishfamilysurnames.com/wp-content/uploads/2021/04/mchugh-B-H-300x375.jpg,5,McCann,,,,,,,,,,,,,,,,,,,,,,,unlisted
oboyle,O'Boyle,"<p>Learn the full history of your family with a Family History or a Crest/History Combination.</p><p>Family History Standard : 16 x 20 cm | 6 x 8 inches. €9.90</p><p>Family History Large : 20 x 26 cm | 8 x 10 inches. €12.50</p><p>Family Combination (History &amp;amp;amp; Crest) : 26 x 20 cm | 10 x 8 inches.€14.95</p><p>Family Histories and Family Combinations are supplied mounted and ready to frame.<br/>FREE WORLDWIDE POSTAGE</p>",Irish Family Surnames,,General,"imported, unlisted",false,Title,Default Title,,,,,3454,0,shopify,1,deny,manual,9.90,,true,true,,https://irishfamilysurnames.com/wp-content/uploads/2021/04/o-boyle-B-H.jpg,1,O'Boyle,false,O'Boyle,Learn the full history of your family with a Family History or a Crest/History Combination. Family History Standard : 16 x 20 cm | 6 x 8 inches. €9.90 Family History Large : 20 x 26 cm | 8 x 10 inches. €12.50 Family Combination (History &amp; Crest) : 26 x 20 cm | 10 x 8 inches.€14.95 Family Histories and Family Combin,,,,,,,,,,,,,g,,,true,true,,,unlisted
oboyle,,,,,,,false,,,,,,,,,,,,,,,,,,https://irishfamilysurnames.com/wp-content/uploads/2021/03/irishfamilysurnameslogo2.jpg,2,O'Boyle,,,,,,,,,,,,,,,,,,,,,,,unlisted
oboyle,,,,,,,false,,,,,,,,,,,,,,,,,,https://irishfamilysurnames.com/wp-content/uploads/2021/04/o-dwyer-B-H-300x375.jpg,3,O'Boyle,,,,,,,,,,,,,,,,,,,,,,,unlisted
oboyle,,,,,,,false,,,,,,,,,,,,,,,,,,https://irishfamilysurnames.com/wp-content/uploads/2021/04/o-flanagan-B-H-300x375.jpg,4,O'Boyle,,,,,,,,,,,,,,,,,,,,,,,unlisted
oboyle,,,,,,,false,,,,,,,,,,,,,,,,,,https://irishfamilysurnames.com/wp-content/uploads/2021/04/o-duffy-B-H-300x375.jpg,5,O'Boyle,,,,,,,,,,,,,,,,,,,,,,,unlisted
odoherty,O'Doherty,"<p>Learn the full history of your family with a Family History or a Crest/History Combination.</p><p>Family History Standard : 16 x 20 cm | 6 x 8 inches. €9.90</p><p>Family History Large : 20 x 26 cm | 8 x 10 inches. €12.50</p><p>Family Combination (History &amp;amp;amp; Crest) : 26 x 20 cm | 10 x 8 inches.€14.95</p><p>Family Histories and Family Combinations are supplied mounted and ready to frame.<br/>FREE WORLDWIDE POSTAGE</p>",Irish Family Surnames,,General,"imported, unlisted",false,Title,Default Title,,,,,3578,0,shopify,1,deny,manual,9.90,,true,true,,https://irishfamilysurnames.com/wp-content/uploads/2021/04/o-doherty-B-H.jpg,1,O'Doherty,false,O'Doherty,Learn the full history of your family with a Family History or a Crest/History Combination. Family History Standard : 16 x 20 cm | 6 x 8 inches. €9.90 Family History Large : 20 x 26 cm | 8 x 10 inches. €12.50 Family Combination (History &amp; Crest) : 26 x 20 cm | 10 x 8 inches.€14.95 Family Histories and Family Combin,,,,,,,,,,,,,g,,,true,true,,,unlisted
odoherty,,,,,,,false,,,,,,,,,,,,,,,,,,https://irishfamilysurnames.com/wp-content/uploads/2021/03/irishfamilysurnameslogo2.jpg,2,O'Doherty,,,,,,,,,,,,,,,,,,,,,,,unlisted
odoherty,,,,,,,false,,,,,,,,,,,,,,,,,,https://irishfamilysurnames.com/wp-content/uploads/2021/04/o-keefe-B-H-300x375.jpg,3,O'Doherty,,,,,,,,,,,,,,,,,,,,,,,unlisted
odoherty,,,,,,,false,,,,,,,,,,,,,,,,,,https://irishfamilysurnames.com/wp-content/uploads/2021/04/o-dougherty-B-H-300x375.jpg,4,O'Doherty,,,,,,,,,,,,,,,,,,,,,,,unlisted
odoherty,,,,,,,false,,,,,,,,,,,,,,,,,,https://irishfamilysurnames.com/wp-content/uploads/2021/04/ohanlon-B-H-300x375.jpg,5,O'Doherty,,,,,,,,,,,,,,,,,,,,,,,unlisted
odonohoe,O'Donohoe,"<p>Learn the full history of your family with a Family History or a Crest/History Combination.</p><p>Family History Standard : 16 x 20 cm | 6 x 8 inches. €9.90</p><p>Family History Large : 20 x 26 cm | 8 x 10 inches. €12.50</p><p>Family Combination (History &amp;amp;amp; Crest) : 26 x 20 cm | 10 x 8 inches.€14.95</p><p>Family Histories and Family Combinations are supplied mounted and ready to frame.<br/>FREE WORLDWIDE POSTAGE</p>",Irish Family Surnames,,General,"imported, unlisted",false,Title,Default Title,,,,,3622,0,shopify,1,deny,manual,9.90,,true,true,,https://irishfamilysurnames.com/wp-content/uploads/2021/04/odonohoe-B-H.jpg,1,O'Donohoe,false,O'Donohoe,Learn the full history of your family with a Family History or a Crest/History Combination. Family History Standard : 16 x 20 cm | 6 x 8 inches. €9.90 Family History Large : 20 x 26 cm | 8 x 10 inches. €12.50 Family Combination (History &amp; Crest) : 26 x 20 cm | 10 x 8 inches.€14.95 Family Histories and Family Combin,,,,,,,,,,,,,g,,,true,true,,,unlisted
odonohoe,,,,,,,false,,,,,,,,,,,,,,,,,,https://irishfamilysurnames.com/wp-content/uploads/2021/03/irishfamilysurnameslogo2.jpg,2,O'Donohoe,,,,,,,,,,,,,,,,,,,,,,,unlisted
odonohoe,,,,,,,false,,,,,,,,,,,,,,,,,,https://irishfamilysurnames.com/wp-content/uploads/2021/04/o-gorman-B-H-300x375.jpg,3,O'Donohoe,,,,,,,,,,,,,,,,,,,,,,,unlisted
odonohoe,,,,,,,false,,,,,,,,,,,,,,,,,,https://irishfamilysurnames.com/wp-content/uploads/2021/04/o-byrne-B-H-300x375.jpg,4,O'Donohoe,,,,,,,,,,,,,,,,,,,,,,,unlisted
odonohoe,,,,,,,false,,,,,,,,,,,,,,,,,,https://irishfamilysurnames.com/wp-content/uploads/2021/04/o-keefe-B-H-300x375.jpg,5,O'Donohoe,,,,,,,,,,,,,,,,,,,,,,,unlisted
oduffy,O'Duffy,"<p>Learn the full history of your family with a Family History or a Crest/History Combination.</p><p>Family History Standard : 16 x 20 cm | 6 x 8 inches. €9.90</p><p>Family History Large : 20 x 26 cm | 8 x 10 inches. €12.50</p><p>Family Combination (History &amp;amp;amp; Crest) : 26 x 20 cm | 10 x 8 inches.€14.95</p><p>Family Histories and Family Combinations are supplied mounted and ready to frame.<br/>FREE WORLDWIDE POSTAGE</p>",Irish Family Surnames,,General,"imported, unlisted",false,Title,Default Title,,,,,3664,0,shopify,1,deny,manual,9.90,,true,true,,https://irishfamilysurnames.com/wp-content/uploads/2021/04/o-duffy-B-H.jpg,1,O'Duffy,false,O'Duffy,Learn the full history of your family with a Family History or a Crest/History Combination. Family History Standard : 16 x 20 cm | 6 x 8 inches. €9.90 Family History Large : 20 x 26 cm | 8 x 10 inches. €12.50 Family Combination (History &amp; Crest) : 26 x 20 cm | 10 x 8 inches.€14.95 Family Histories and Family Combin,,,,,,,,,,,,,g,,,true,true,,,unlisted
oduffy,,,,,,,false,,,,,,,,,,,,,,,,,,https://irishfamilysurnames.com/wp-content/uploads/2021/03/irishfamilysurnameslogo2.jpg,2,O'Duffy,,,,,,,,,,,,,,,,,,,,,,,unlisted
oduffy,,,,,,,false,,,,,,,,,,,,,,,,,,https://irishfamilysurnames.com/wp-content/uploads/2021/04/o-kelly-B-H-300x375.jpg,3,O'Duffy,,,,,,,,,,,,,,,,,,,,,,,unlisted
oduffy,,,,,,,false,,,,,,,,,,,,,,,,,,https://irishfamilysurnames.com/wp-content/uploads/2021/04/o-brien-B-H-300x375.jpg,4,O'Duffy,,,,,,,,,,,,,,,,,,,,,,,unlisted
oduffy,,,,,,,false,,,,,,,,,,,,,,,,,,https://irishfamilysurnames.com/wp-content/uploads/2021/04/o-donoghue-B-H-300x375.jpg,5,O'Duffy,,,,,,,,,,,,,,,,,,,,,,,unlisted
oriordan,O'Riordan,"<p>Learn the full history of your family with a Family History or a Crest/History Combination.</p><p>Family History Standard : 16 x 20 cm | 6 x 8 inches. €9.90</p><p>Family History Large : 20 x 26 cm | 8 x 10 inches. €12.50</p><p>Family Combination (History &amp;amp;amp; Crest) : 26 x 20 cm | 10 x 8 inches.€14.95</p><p>Family Histories and Family Combinations are supplied mounted and ready to frame.<br/>FREE WORLDWIDE POSTAGE</p>",Irish Family Surnames,,General,"imported, unlisted",false,Title,Default Title,,,,,3998,0,shopify,1,deny,manual,9.90,,true,true,,https://irishfamilysurnames.com/wp-content/uploads/2021/04/o-riordan-B-H.jpg,1,O'Riordan,false,O'Riordan,Learn the full history of your family with a Family History or a Crest/History Combination. Family History Standard : 16 x 20 cm | 6 x 8 inches. €9.90 Family History Large : 20 x 26 cm | 8 x 10 inches. €12.50 Family Combination (History &amp; Crest) : 26 x 20 cm | 10 x 8 inches.€14.95 Family Histories and Family Combin,,,,,,,,,,,,,g,,,true,true,,,unlisted
oriordan,,,,,,,false,,,,,,,,,,,,,,,,,,https://irishfamilysurnames.com/wp-content/uploads/2021/03/irishfamilysurnameslogo2.jpg,2,O'Riordan,,,,,,,,,,,,,,,,,,,,,,,unlisted
oriordan,,,,,,,false,,,,,,,,,,,,,,,,,,https://irishfamilysurnames.com/wp-content/uploads/2021/04/o-kelly-B-H-300x375.jpg,3,O'Riordan,,,,,,,,,,,,,,,,,,,,,,,unlisted
oriordan,,,,,,,false,,,,,,,,,,,,,,,,,,https://irishfamilysurnames.com/wp-content/uploads/2021/04/o-keeffe-B-H-300x375.jpg,4,O'Riordan,,,,,,,,,,,,,,,,,,,,,,,unlisted
oriordan,,,,,,,false,,,,,,,,,,,,,,,,,,https://irishfamilysurnames.com/wp-content/uploads/2021/04/o-higgins-B-H-300x375.jpg,5,O'Riordan,,,,,,,,,,,,,,,,,,,,,,,unlisted
reid,Reid,"<p>Learn the full history of your family with a Family History or a Crest/History Combination.</p><p>Family History Standard : 16 x 20 cm | 6 x 8 inches. €9.90</p><p>Family History Large : 20 x 26 cm | 8 x 10 inches. €12.50</p><p>Family Combination (History &amp;amp;amp; Crest) : 26 x 20 cm | 10 x 8 inches.€14.95</p><p>Family Histories and Family Combinations are supplied mounted and ready to frame.<br/>FREE WORLDWIDE POSTAGE</p>",Irish Family Surnames,,General,"imported, unlisted",false,Title,Default Title,,,,,2901,0,shopify,1,deny,manual,9.90,,true,true,,https://irishfamilysurnames.com/wp-content/uploads/2021/04/reid-B-H.jpg,1,Reid,false,Reid,Learn the full history of your family with a Family History or a Crest/History Combination. Family History Standard : 16 x 20 cm | 6 x 8 inches. €9.90 Family History Large : 20 x 26 cm | 8 x 10 inches. €12.50 Family Combination (History &amp; Crest) : 26 x 20 cm | 10 x 8 inches.€14.95 Family Histories and Family Combin,,,,,,,,,,,,,g,,,true,true,,,unlisted
reid,,,,,,,false,,,,,,,,,,,,,,,,,,https://irishfamilysurnames.com/wp-content/uploads/2021/03/irishfamilysurnameslogo2.jpg,2,Reid,,,,,,,,,,,,,,,,,,,,,,,unlisted
reid,,,,,,,false,,,,,,,,,,,,,,,,,,https://irishfamilysurnames.com/wp-content/uploads/2021/04/roark-B-H-300x375.jpg,3,Reid,,,,,,,,,,,,,,,,,,,,,,,unlisted
reid,,,,,,,false,,,,,,,,,,,,,,,,,,https://irishfamilysurnames.com/wp-content/uploads/2021/04/reardon-B-H-300x375.jpg,4,Reid,,,,,,,,,,,,,,,,,,,,,,,unlisted
reid,,,,,,,false,,,,,,,,,,,,,,,,,,https://irishfamilysurnames.com/wp-content/uploads/2021/04/regan-B-H-300x375.jpg,5,Reid,,,,,,,,,,,,,,,,,,,,,,,unlisted
reilly,Reilly,"<p>Learn the full history of your family with a Family History or a Crest/History Combination.</p><p>Family History Standard : 16 x 20 cm | 6 x 8 inches. €9.90</p><p>Family History Large : 20 x 26 cm | 8 x 10 inches. €12.50</p><p>Family Combination (History &amp;amp;amp; Crest) : 26 x 20 cm | 10 x 8 inches.€14.95</p><p>Family Histories and Family Combinations are supplied mounted and ready to frame.<br/>FREE WORLDWIDE POSTAGE</p>",Irish Family Surnames,,General,"imported, unlisted",false,Title,Default Title,,,,,2913,0,shopify,1,deny,manual,9.90,,true,true,,https://irishfamilysurnames.com/wp-content/uploads/2021/04/reilly-B-H.jpg,1,Reilly,false,Reilly,Learn the full history of your family with a Family History or a Crest/History Combination. Family History Standard : 16 x 20 cm | 6 x 8 inches. €9.90 Family History Large : 20 x 26 cm | 8 x 10 inches. €12.50 Family Combination (History &amp; Crest) : 26 x 20 cm | 10 x 8 inches.€14.95 Family Histories and Family Combin,,,,,,,,,,,,,g,,,true,true,,,unlisted
reilly,,,,,,,false,,,,,,,,,,,,,,,,,,https://irishfamilysurnames.com/wp-content/uploads/2021/03/irishfamilysurnameslogo2.jpg,2,Reilly,,,,,,,,,,,,,,,,,,,,,,,unlisted
reilly,,,,,,,false,,,,,,,,,,,,,,,,,,https://irishfamilysurnames.com/wp-content/uploads/2021/04/roark-B-H-300x375.jpg,3,Reilly,,,,,,,,,,,,,,,,,,,,,,,unlisted
reilly,,,,,,,false,,,,,,,,,,,,,,,,,,https://irishfamilysurnames.com/wp-content/uploads/2021/04/redmond-B-H-300x375.jpg,4,Reilly,,,,,,,,,,,,,,,,,,,,,,,unlisted
reilly,,,,,,,false,,,,,,,,,,,,,,,,,,https://irishfamilysurnames.com/wp-content/uploads/2021/04/reid-B-H-300x375.jpg,5,Reilly,,,,,,,,,,,,,,,,,,,,,,,unlisted
riordan,Riordan,"<p>Learn the full history of your family with a Family History or a Crest/History Combination.</p><p>Family History Standard : 16 x 20 cm | 6 x 8 inches. €9.90</p><p>Family History Large : 20 x 26 cm | 8 x 10 inches. €12.50</p><p>Family Combination (History &amp;amp;amp; Crest) : 26 x 20 cm | 10 x 8 inches.€14.95</p><p>Family Histories and Family Combinations are supplied mounted and ready to frame.<br/>FREE WORLDWIDE POSTAGE</p>",Irish Family Surnames,,General,"imported, unlisted",false,Title,Default Title,,,,,2950,0,shopify,1,deny,manual,9.90,,true,true,,https://irishfamilysurnames.com/wp-content/uploads/2021/04/riordan-B-H.jpg,1,Riordan,false,Riordan,Learn the full history of your family with a Family History or a Crest/History Combination. Family History Standard : 16 x 20 cm | 6 x 8 inches. €9.90 Family History Large : 20 x 26 cm | 8 x 10 inches. €12.50 Family Combination (History &amp; Crest) : 26 x 20 cm | 10 x 8 inches.€14.95 Family Histories and Family Combin,,,,,,,,,,,,,g,,,true,true,,,unlisted
riordan,,,,,,,false,,,,,,,,,,,,,,,,,,https://irishfamilysurnames.com/wp-content/uploads/2021/03/irishfamilysurnameslogo2.jpg,2,Riordan,,,,,,,,,,,,,,,,,,,,,,,unlisted
riordan,,,,,,,false,,,,,,,,,,,,,,,,,,https://irishfamilysurnames.com/wp-content/uploads/2021/04/reid-B-H-300x375.jpg,3,Riordan,,,,,,,,,,,,,,,,,,,,,,,unlisted
riordan,,,,,,,false,,,,,,,,,,,,,,,,,,https://irishfamilysurnames.com/wp-content/uploads/2021/04/redmond-B-H-300x375.jpg,4,Riordan,,,,,,,,,,,,,,,,,,,,,,,unlisted
riordan,,,,,,,false,,,,,,,,,,,,,,,,,,https://irishfamilysurnames.com/wp-content/uploads/2021/04/reynolds-B-H-300x375.jpg,5,Riordan,,,,,,,,,,,,,,,,,,,,,,,unlisted
roach,Roach,"<p>Learn the full history of your family with a Family History or a Crest/History Combination.</p><p>Family History Standard : 16 x 20 cm | 6 x 8 inches. €9.90</p><p>Family History Large : 20 x 26 cm | 8 x 10 inches. €12.50</p><p>Family Combination (History &amp;amp;amp; Crest) : 26 x 20 cm | 10 x 8 inches.€14.95</p><p>Family Histories and Family Combinations are supplied mounted and ready to frame.<br/>FREE WORLDWIDE POSTAGE</p>",Irish Family Surnames,,General,"imported, unlisted",false,Title,Default Title,,,,,2961,0,shopify,1,deny,manual,9.90,,true,true,,https://irishfamilysurnames.com/wp-content/uploads/2021/04/roach-B-H.jpg,1,Roach,false,Roach,Learn the full history of your family with a Family History or a Crest/History Combination. Family History Standard : 16 x 20 cm | 6 x 8 inches. €9.90 Family History Large : 20 x 26 cm | 8 x 10 inches. €12.50 Family Combination (History &amp; Crest) : 26 x 20 cm | 10 x 8 inches.€14.95 Family Histories and Family Combin,,,,,,,,,,,,,g,,,true,true,,,unlisted
roach,,,,,,,false,,,,,,,,,,,,,,,,,,https://irishfamilysurnames.com/wp-content/uploads/2021/03/irishfamilysurnameslogo2.jpg,2,Roach,,,,,,,,,,,,,,,,,,,,,,,unlisted
roach,,,,,,,false,,,,,,,,,,,,,,,,,,https://irishfamilysurnames.com/wp-content/uploads/2021/04/regan-B-H-300x375.jpg,3,Roach,,,,,,,,,,,,,,,,,,,,,,,unlisted
roach,,,,,,,false,,,,,,,,,,,,,,,,,,https://irishfamilysurnames.com/wp-content/uploads/2021/04/roche-B-H-300x375.jpg,4,Roach,,,,,,,,,,,,,,,,,,,,,,,unlisted
roach,,,,,,,false,,,,,,,,,,,,,,,,,,https://irishfamilysurnames.com/wp-content/uploads/2021/04/reagan-B-H-300x375.jpg,5,Roach,,,,,,,,,,,,,,,,,,,,,,,unlisted
stapleton,Stapleton,"<p>Learn the full history of your family with a Family History or a Crest/History Combination.</p><p>Family History Standard : 16 x 20 cm | 6 x 8 inches. €9.90</p><p>Family History Large : 20 x 26 cm | 8 x 10 inches. €12.50</p><p>Family Combination (History &amp;amp;amp; Crest) : 26 x 20 cm | 10 x 8 inches.€14.95</p><p>Family Histories and Family Combinations are supplied mounted and ready to frame.<br/>FREE WORLDWIDE POSTAGE</p>",Irish Family Surnames,,General,"imported, unlisted",false,Title,Default Title,,,,,4199,0,shopify,1,deny,manual,9.90,,true,true,,https://irishfamilysurnames.com/wp-content/uploads/2021/04/stapleton-B-H.jpg,1,Stapleton,false,Stapleton,Learn the full history of your family with a Family History or a Crest/History Combination. Family History Standard : 16 x 20 cm | 6 x 8 inches. €9.90 Family History Large : 20 x 26 cm | 8 x 10 inches. €12.50 Family Combination (History &amp; Crest) : 26 x 20 cm | 10 x 8 inches.€14.95 Family Histories and Family Combin,,,,,,,,,,,,,g,,,true,true,,,unlisted
stapleton,,,,,,,false,,,,,,,,,,,,,,,,,,https://irishfamilysurnames.com/wp-content/uploads/2021/03/irishfamilysurnameslogo2.jpg,2,Stapleton,,,,,,,,,,,,,,,,,,,,,,,unlisted
stapleton,,,,,,,false,,,,,,,,,,,,,,,,,,https://irishfamilysurnames.com/wp-content/uploads/2021/04/SHERIDAN-B-H-1-300x375.jpg,3,Stapleton,,,,,,,,,,,,,,,,,,,,,,,unlisted
stapleton,,,,,,,false,,,,,,,,,,,,,,,,,,https://irishfamilysurnames.com/wp-content/uploads/2021/04/scott-B-H-300x375.jpg,4,Stapleton,,,,,,,,,,,,,,,,,,,,,,,unlisted
stapleton,,,,,,,false,,,,,,,,,,,,,,,,,,https://irishfamilysurnames.com/wp-content/uploads/2021/04/shannon-B-H-300x375.jpg,5,Stapleton,,,,,,,,,,,,,,,,,,,,,,,unlisted
sullivan,Sullivan,"<p>Learn the full history of your family with a Family History or a Crest/History Combination.</p><p>Family History Standard : 16 x 20 cm | 6 x 8 inches. €9.90</p><p>Family History Large : 20 x 26 cm | 8 x 10 inches. €12.50</p><p>Family Combination (History &amp;amp;amp; Crest) : 26 x 20 cm | 10 x 8 inches.€14.95</p><p>Family Histories and Family Combinations are supplied mounted and ready to frame.<br/>FREE WORLDWIDE POSTAGE</p>",Irish Family Surnames,,General,"imported, unlisted",false,Title,Default Title,,,,,4221,0,shopify,1,deny,manual,9.90,,true,true,,https://irishfamilysurnames.com/wp-content/uploads/2021/04/sullivan-B-H.jpg,1,Sullivan,false,Sullivan,Learn the full history of your family with a Family History or a Crest/History Combination. Family History Standard : 16 x 20 cm | 6 x 8 inches. €9.90 Family History Large : 20 x 26 cm | 8 x 10 inches. €12.50 Family Combination (History &amp; Crest) : 26 x 20 cm | 10 x 8 inches.€14.95 Family Histories and Family Combin,,,,,,,,,,,,,g,,,true,true,,,unlisted
sullivan,,,,,,,false,,,,,,,,,,,,,,,,,,https://irishfamilysurnames.com/wp-content/uploads/2021/03/irishfamilysurnameslogo2.jpg,2,Sullivan,,,,,,,,,,,,,,,,,,,,,,,unlisted
sullivan,,,,,,,false,,,,,,,,,,,,,,,,,,https://irishfamilysurnames.com/wp-content/uploads/2021/04/shannon-B-H-300x375.jpg,3,Sullivan,,,,,,,,,,,,,,,,,,,,,,,unlisted
sullivan,,,,,,,false,,,,,,,,,,,,,,,,,,https://irishfamilysurnames.com/wp-content/uploads/2021/04/sheehan-B-H-300x375.jpg,4,Sullivan,,,,,,,,,,,,,,,,,,,,,,,unlisted
sullivan,,,,,,,false,,,,,,,,,,,,,,,,,,https://irishfamilysurnames.com/wp-content/uploads/2021/04/stewart-B-H-300x375.jpg,5,Sullivan,,,,,,,,,,,,,,,,,,,,,,,unlisted
sweeney,Sweeney,"<p>Learn the full history of your family with a Family History or a Crest/History Combination.</p><p>Family History Standard : 16 x 20 cm | 6 x 8 inches. €9.90</p><p>Family History Large : 20 x 26 cm | 8 x 10 inches. €12.50</p><p>Family Combination (History &amp;amp;amp; Crest) : 26 x 20 cm | 10 x 8 inches.€14.95</p><p>Family Histories and Family Combinations are supplied mounted and ready to frame.<br/>FREE WORLDWIDE POSTAGE</p>",Irish Family Surnames,,General,"imported, unlisted",false,Title,Default Title,,,,,4232,0,shopify,1,deny,manual,9.90,,true,true,,https://irishfamilysurnames.com/wp-content/uploads/2021/04/sweeney-B-H.jpg,1,Sweeney,false,Sweeney,Learn the full history of your family with a Family History or a Crest/History Combination. Family History Standard : 16 x 20 cm | 6 x 8 inches. €9.90 Family History Large : 20 x 26 cm | 8 x 10 inches. €12.50 Family Combination (History &amp; Crest) : 26 x 20 cm | 10 x 8 inches.€14.95 Family Histories and Family Combin,,,,,,,,,,,,,g,,,true,true,,,unlisted
sweeney,,,,,,,false,,,,,,,,,,,,,,,,,,https://irishfamilysurnames.com/wp-content/uploads/2021/03/irishfamilysurnameslogo2.jpg,2,Sweeney,,,,,,,,,,,,,,,,,,,,,,,unlisted
sweeney,,,,,,,false,,,,,,,,,,,,,,,,,,https://irishfamilysurnames.com/wp-content/uploads/2021/04/shannon-B-H-300x375.jpg,3,Sweeney,,,,,,,,,,,,,,,,,,,,,,,unlisted
sweeney,,,,,,,false,,,,,,,,,,,,,,,,,,https://irishfamilysurnames.com/wp-content/uploads/2021/04/smith-B-H-300x375.jpg,4,Sweeney,,,,,,,,,,,,,,,,,,,,,,,unlisted
sweeney,,,,,,,false,,,,,,,,,,,,,,,,,,https://irishfamilysurnames.com/wp-content/uploads/2021/04/scott-B-H-300x375.jpg,5,Sweeney,,,,,,,,,,,,,,,,,,,,,,,unlisted
tobin,Tobin,"<p>Learn the full history of your family with a Family History or a Crest/History Combination.</p><p>Family History Standard : 16 x 20 cm | 6 x 8 inches. €9.90</p><p>Family History Large : 20 x 26 cm | 8 x 10 inches. €12.50</p><p>Family Combination (History &amp;amp;amp; Crest) : 26 x 20 cm | 10 x 8 inches.€14.95</p><p>Family Histories and Family Combinations are supplied mounted and ready to frame.<br/>FREE WORLDWIDE POSTAGE</p>",Irish Family Surnames,,General,"imported, unlisted",false,Title,Default Title,,,,,4820,0,shopify,1,deny,manual,9.90,,true,true,,https://irishfamilysurnames.com/wp-content/uploads/2021/04/tobin-B-H.jpg,1,Tobin,false,Tobin,Learn the full history of your family with a Family History or a Crest/History Combination. Family History Standard : 16 x 20 cm | 6 x 8 inches. €9.90 Family History Large : 20 x 26 cm | 8 x 10 inches. €12.50 Family Combination (History &amp; Crest) : 26 x 20 cm | 10 x 8 inches.€14.95 Family Histories and Family Combin,,,,,,,,,,,,,g,,,true,true,,,unlisted
tobin,,,,,,,false,,,,,,,,,,,,,,,,,,https://irishfamilysurnames.com/wp-content/uploads/2021/03/irishfamilysurnameslogo2.jpg,2,Tobin,,,,,,,,,,,,,,,,,,,,,,,unlisted
tobin,,,,,,,false,,,,,,,,,,,,,,,,,,https://irishfamilysurnames.com/wp-content/uploads/2021/04/toole-B-H-300x375.jpg,3,Tobin,,,,,,,,,,,,,,,,,,,,,,,unlisted
tobin,,,,,,,false,,,,,,,,,,,,,,,,,,https://irishfamilysurnames.com/wp-content/uploads/2021/04/tracy-B-H-300x375.jpg,4,Tobin,,,,,,,,,,,,,,,,,,,,,,,unlisted
tobin,,,,,,,false,,,,,,,,,,,,,,,,,,https://irishfamilysurnames.com/wp-content/uploads/2021/04/thompson-B-H-300x375.jpg,5,Tobin,,,,,,,,,,,,,,,,,,,,,,,unlisted
toole,Toole,"<p>Learn the full history of your family with a Family History or a Crest/History Combination.</p><p>Family History Standard : 16 x 20 cm | 6 x 8 inches. €9.90</p><p>Family History Large : 20 x 26 cm | 8 x 10 inches. €12.50</p><p>Family Combination (History &amp;amp;amp; Crest) : 26 x 20 cm | 10 x 8 inches.€14.95</p><p>Family Histories and Family Combinations are supplied mounted and ready to frame.<br/>FREE WORLDWIDE POSTAGE</p>",Irish Family Surnames,,General,"imported, unlisted",false,Title,Default Title,,,,,4831,0,shopify,1,deny,manual,9.90,,true,true,,https://irishfamilysurnames.com/wp-content/uploads/2021/04/toole-B-H.jpg,1,Toole,false,Toole,Learn the full history of your family with a Family History or a Crest/History Combination. Family History Standard : 16 x 20 cm | 6 x 8 inches. €9.90 Family History Large : 20 x 26 cm | 8 x 10 inches. €12.50 Family Combination (History &amp; Crest) : 26 x 20 cm | 10 x 8 inches.€14.95 Family Histories and Family Combin,,,,,,,,,,,,,g,,,true,true,,,unlisted
toole,,,,,,,false,,,,,,,,,,,,,,,,,,https://irishfamilysurnames.com/wp-content/uploads/2021/03/irishfamilysurnameslogo2.jpg,2,Toole,,,,,,,,,,,,,,,,,,,,,,,unlisted
toole,,,,,,,false,,,,,,,,,,,,,,,,,,https://irishfamilysurnames.com/wp-content/uploads/2021/04/tierney-B-H-300x375.jpg,3,Toole,,,,,,,,,,,,,,,,,,,,,,,unlisted
toole,,,,,,,false,,,,,,,,,,,,,,,,,,https://irishfamilysurnames.com/wp-content/uploads/2021/04/treacy-B-H-300x375.jpg,4,Toole,,,,,,,,,,,,,,,,,,,,,,,unlisted
toole,,,,,,,false,,,,,,,,,,,,,,,,,,https://irishfamilysurnames.com/wp-content/uploads/2021/04/taylor-B-H-300x375.jpg,5,Toole,,,,,,,,,,,,,,,,,,,,,,,unlisted
white,White,"<p>Learn the full history of your family with a Family History or a Crest/History Combination.</p><p>Family History Standard : 16 x 20 cm | 6 x 8 inches. €9.90</p><p>Family History Large : 20 x 26 cm | 8 x 10 inches. €12.50</p><p>Family Combination (History &amp;amp;amp; Crest) : 26 x 20 cm | 10 x 8 inches.€14.95</p><p>Family Histories and Family Combinations are supplied mounted and ready to frame.<br/>FREE WORLDWIDE POSTAGE</p>",Irish Family Surnames,,General,"imported, unlisted",false,Title,Default Title,,,,,4954,0,shopify,1,deny,manual,9.90,,true,true,,https://irishfamilysurnames.com/wp-content/uploads/2021/04/white-B-H.jpg,1,White,false,White,Learn the full history of your family with a Family History or a Crest/History Combination. Family History Standard : 16 x 20 cm | 6 x 8 inches. €9.90 Family History Large : 20 x 26 cm | 8 x 10 inches. €12.50 Family Combination (History &amp; Crest) : 26 x 20 cm | 10 x 8 inches.€14.95 Family Histories and Family Combin,,,,,,,,,,,,,g,,,true,true,,,unlisted
white,,,,,,,false,,,,,,,,,,,,,,,,,,https://irishfamilysurnames.com/wp-content/uploads/2021/03/irishfamilysurnameslogo2.jpg,2,White,,,,,,,,,,,,,,,,,,,,,,,unlisted
white,,,,,,,false,,,,,,,,,,,,,,,,,,https://irishfamilysurnames.com/wp-content/uploads/2021/04/ward-B-H-300x375.jpg,3,White,,,,,,,,,,,,,,,,,,,,,,,unlisted
white,,,,,,,false,,,,,,,,,,,,,,,,,,https://irishfamilysurnames.com/wp-content/uploads/2021/04/whelan-B-H-300x375.jpg,4,White,,,,,,,,,,,,,,,,,,,,,,,unlisted
white,,,,,,,false,,,,,,,,,,,,,,,,,,https://irishfamilysurnames.com/wp-content/uploads/2021/04/woods-B-H-300x375.jpg,5,White,,,,,,,,,,,,,,,,,,,,,,,unlisted
williams,Williams,"<p>Learn the full history of your family with a Family History or a Crest/History Combination.</p><p>Family History Standard : 16 x 20 cm | 6 x 8 inches. €9.90</p><p>Family History Large : 20 x 26 cm | 8 x 10 inches. €12.50</p><p>Family Combination (History &amp;amp;amp; Crest) : 26 x 20 cm | 10 x 8 inches.€14.95</p><p>Family Histories and Family Combinations are supplied mounted and ready to frame.<br/>FREE WORLDWIDE POSTAGE</p>",Irish Family Surnames,,General,"imported, unlisted",false,Title,Default Title,,,,,4965,0,shopify,1,deny,manual,9.90,,true,true,,https://irishfamilysurnames.com/wp-content/uploads/2021/04/williams-B-H.jpg,1,Williams,false,Williams,Learn the full history of your family with a Family History or a Crest/History Combination. Family History Standard : 16 x 20 cm | 6 x 8 inches. €9.90 Family History Large : 20 x 26 cm | 8 x 10 inches. €12.50 Family Combination (History &amp; Crest) : 26 x 20 cm | 10 x 8 inches.€14.95 Family Histories and Family Combin,,,,,,,,,,,,,g,,,true,true,,,unlisted
williams,,,,,,,false,,,,,,,,,,,,,,,,,,https://irishfamilysurnames.com/wp-content/uploads/2021/03/irishfamilysurnameslogo2.jpg,2,Williams,,,,,,,,,,,,,,,,,,,,,,,unlisted
williams,,,,,,,false,,,,,,,,,,,,,,,,,,https://irishfamilysurnames.com/wp-content/uploads/2021/04/wall-B-H-300x375.jpg,3,Williams,,,,,,,,,,,,,,,,,,,,,,,unlisted
williams,,,,,,,false,,,,,,,,,,,,,,,,,,https://irishfamilysurnames.com/wp-content/uploads/2021/04/walshe-B-H-300x375.jpg,4,Williams,,,,,,,,,,,,,,,,,,,,,,,unlisted
williams,,,,,,,false,,,,,,,,,,,,,,,,,,https://irishfamilysurnames.com/wp-content/uploads/2021/04/walker-B-H-300x375.jpg,5,Williams,,,,,,,,,,,,,,,,,,,,,,,unlisted
wilson,Wilson,"<p>Learn the full history of your family with a Family History or a Crest/History Combination.</p><p>Family History Standard : 16 x 20 cm | 6 x 8 inches. €9.90</p><p>Family History Large : 20 x 26 cm | 8 x 10 inches. €12.50</p><p>Family Combination (History &amp;amp;amp; Crest) : 26 x 20 cm | 10 x 8 inches.€14.95</p><p>Family Histories and Family Combinations are supplied mounted and ready to frame.<br/>FREE WORLDWIDE POSTAGE</p>",Irish Family Surnames,,General,"imported, unlisted",false,Title,Default Title,,,,,4976,0,shopify,1,deny,manual,9.90,,true,true,,https://irishfamilysurnames.com/wp-content/uploads/2021/04/wilson-B-H.jpg,1,Wilson,false,Wilson,Learn the full history of your family with a Family History or a Crest/History Combination. Family History Standard : 16 x 20 cm | 6 x 8 inches. €9.90 Family History Large : 20 x 26 cm | 8 x 10 inches. €12.50 Family Combination (History &amp; Crest) : 26 x 20 cm | 10 x 8 inches.€14.95 Family Histories and Family Combin,,,,,,,,,,,,,g,,,true,true,,,unlisted
wilson,,,,,,,false,,,,,,,,,,,,,,,,,,https://irishfamilysurnames.com/wp-content/uploads/2021/03/irishfamilysurnameslogo2.jpg,2,Wilson,,,,,,,,,,,,,,,,,,,,,,,unlisted
wilson,,,,,,,false,,,,,,,,,,,,,,,,,,https://irishfamilysurnames.com/wp-content/uploads/2021/04/whelan-B-H-300x375.jpg,3,Wilson,,,,,,,,,,,,,,,,,,,,,,,unlisted
wilson,,,,,,,false,,,,,,,,,,,,,,,,,,https://irishfamilysurnames.com/wp-content/uploads/2021/04/walsh-B-H-300x375.jpg,4,Wilson,,,,,,,,,,,,,,,,,,,,,,,unlisted
wilson,,,,,,,false,,,,,,,,,,,,,,,,,,https://irishfamilysurnames.com/wp-content/uploads/2021/04/ward-B-H-300x375.jpg,5,Wilson,,,,,,,,,,,,,,,,,,,,,,,unlisted
woods,Woods,"<p>Learn the full history of your family with a Family History or a Crest/History Combination.</p><p>Family History Standard : 16 x 20 cm | 6 x 8 inches. €9.90</p><p>Family History Large : 20 x 26 cm | 8 x 10 inches. €12.50</p><p>Family Combination (History &amp;amp;amp; Crest) : 26 x 20 cm | 10 x 8 inches.€14.95</p><p>Family Histories and Family Combinations are supplied mounted and ready to frame.<br/>FREE WORLDWIDE POSTAGE</p>",Irish Family Surnames,,General,"imported, unlisted",false,Title,Default Title,,,,,4987,0,shopify,1,deny,manual,9.90,,true,true,,https://irishfamilysurnames.com/wp-content/uploads/2021/04/woods-B-H.jpg,1,Woods,false,Woods,Learn the full history of your family with a Family History or a Crest/History Combination. Family History Standard : 16 x 20 cm | 6 x 8 inches. €9.90 Family History Large : 20 x 26 cm | 8 x 10 inches. €12.50 Family Combination (History &amp; Crest) : 26 x 20 cm | 10 x 8 inches.€14.95 Family Histories and Family Combin,,,,,,,,,,,,,g,,,true,true,,,unlisted
woods,,,,,,,false,,,,,,,,,,,,,,,,,,https://irishfamilysurnames.com/wp-content/uploads/2021/03/irishfamilysurnameslogo2.jpg,2,Woods,,,,,,,,,,,,,,,,,,,,,,,unlisted
woods,,,,,,,false,,,,,,,,,,,,,,,,,,https://irishfamilysurnames.com/wp-content/uploads/2021/04/walshe-B-H-300x375.jpg,3,Woods,,,,,,,,,,,,,,,,,,,,,,,unlisted
woods,,,,,,,false,,,,,,,,,,,,,,,,,,https://irishfamilysurnames.com/wp-content/uploads/2021/04/wilson-B-H-300x375.jpg,4,Woods,,,,,,,,,,,,,,,,,,,,,,,unlisted
woods,,,,,,,false,,,,,,,,,,,,,,,,,,https://irishfamilysurnames.com/wp-content/uploads/2021/04/welsh-B-H-300x375.jpg,5,Woods,,,,,,,,,,,,,,,,,,,,,,,unlisted
young,Young,"<p>Learn the full history of your family with a Family History or a Crest/History Combination.</p><p>Family History Standard : 16 x 20 cm | 6 x 8 inches. €9.90</p><p>Family History Large : 20 x 26 cm | 8 x 10 inches. €12.50</p><p>Family Combination (History &amp;amp;amp; Crest) : 26 x 20 cm | 10 x 8 inches.€14.95</p><p>Family Histories and Family Combinations are supplied mounted and ready to frame.<br/>FREE WORLDWIDE POSTAGE</p>",Irish Family Surnames,,General,"imported, unlisted",false,Title,Default Title,,,,,4998,0,shopify,1,deny,manual,9.90,,true,true,,https://irishfamilysurnames.com/wp-content/uploads/2021/04/young-B-H.jpg,1,Young,false,Young,Learn the full history of your family with a Family History or a Crest/History Combination. Family History Standard : 16 x 20 cm | 6 x 8 inches. €9.90 Family History Large : 20 x 26 cm | 8 x 10 inches. €12.50 Family Combination (History &amp; Crest) : 26 x 20 cm | 10 x 8 inches.€14.95 Family Histories and Family Combin,,,,,,,,,,,,,g,,,true,true,,,unlisted
young,,,,,,,false,,,,,,,,,,,,,,,,,,https://irishfamilysurnames.com/wp-content/uploads/2021/03/irishfamilysurnameslogo2.jpg,2,Young,,,,,,,,,,,,,,,,,,,,,,,unlisted
3063,Imported Product,<p>Product details coming soon.</p>,Irish Family Surnames,,General,"imported, unlisted",false,Title,Default Title,,,,,IMP-3063,0,shopify,1,deny,manual,0.00,,true,true,,https://cdn.shopify.com/s/files/1/0533/2089/files/placeholder-images-image_large.png,1,Imported Product,false,Imported Product,Imported product — review before publishing.,,,,,,,,,,,,,g,,,true,true,,,unlisted
