Handle,Title,Body (HTML),Vendor,Product Category,Type,Tags,Published,Option1 Name,Option1 Value,Option2 Name,Option2 Value,Option3 Name,Option3 Value,Variant SKU,Variant Grams,Variant Inventory Tracker,Variant Inventory Qty,Variant Inventory Policy,Variant Fulfillment Service,Variant Price,Variant Compare At Price,Variant Requires Shipping,Variant Taxable,Variant Barcode,Image Src,Image Position,Image Alt Text,Gift Card,SEO Title,SEO Description,Google Shopping / Google Product Category,Google Shopping / Gender,Google Shopping / Age Group,Google Shopping / MPN,Google Shopping / Condition,Google Shopping / Custom Product,Google Shopping / Custom Label 0,Google Shopping / Custom Label 1,Google Shopping / Custom Label 2,Google Shopping / Custom Label 3,Google Shopping / Custom Label 4,Variant Image,Variant Weight Unit,Variant Tax Code,Cost per item,Included / United States,Included / International,Price / International,Compare At Price / International,Status
harrison,Harrison Family name History & Crest Plaques,<p>Learn the full history of your family with a Family History or a Crest/History Combination.</p><p>Family History Standard : 16 x 20 cm | 6 x 8 inches.&nbsp;</p><p>Family Histories and Family Combinations are supplied mounted and ready to frame.</p>,Irish Family Surnames,Home & Garden > Decor > Decorative Plaques,Decorative Plaques,"Heraldic Irish Family Names, Gifts under €25, Surname H",true,Plaque size,Standard,,,,,1242,0.05,shopify,20,deny,manual,12.45,,true,false,,https://irishfamilysurnames.com/wp-content/uploads/2021/04/harrison-B-H.jpg,1,Harrison,false,Harrison Family name History & Crest Plaques,Learn the full history of your family with a Family History or a Crest/History Combination. Family History Standard : 16 x 20 cm | 6 x 8 inches. Family Histories and Family Combinations are supplied mounted and ready to frame.,,,,,,,,,,,,,g,,,true,true,,,active
hart,Hart Family name History & Crest Plaques,<p>Learn the full history of your family with a Family History or a Crest/History Combination.</p><p>Family History Standard : 16 x 20 cm | 6 x 8 inches.&nbsp;</p><p>Family Histories and Family Combinations are supplied mounted and ready to frame.</p>,Irish Family Surnames,Home & Garden > Decor > Decorative Plaques,Decorative Plaques,"Heraldic Irish Family Names, Gifts under €25, Surname H",true,Plaque size,Standard,,,,,1249,0.05,shopify,20,deny,manual,12.45,,true,false,,https://irishfamilysurnames.com/wp-content/uploads/2021/04/hart-B-H.jpg,1,Hart,false,Hart Family name History & Crest Plaques,Learn the full history of your family with a Family History or a Crest/History Combination. Family History Standard : 16 x 20 cm | 6 x 8 inches. Family Histories and Family Combinations are supplied mounted and ready to frame.,,,,,,,,,,,,,g,,,true,true,,,active
harte,Harte Family name History & Crest Plaques,<p>Learn the full history of your family with a Family History or a Crest/History Combination.</p><p>Family History Standard : 16 x 20 cm | 6 x 8 inches.&nbsp;</p><p>Family Histories and Family Combinations are supplied mounted and ready to frame.</p>,Irish Family Surnames,Home & Garden > Decor > Decorative Plaques,Decorative Plaques,"Heraldic Irish Family Names, Gifts under €25, Surname H",true,Plaque size,Standard,,,,,1256,0.05,shopify,20,deny,manual,12.45,,true,false,,https://irishfamilysurnames.com/wp-content/uploads/2021/04/harte-B-H.jpg,1,Harte,false,Harte Family name History & Crest Plaques,Learn the full history of your family with a Family History or a Crest/History Combination. Family History Standard : 16 x 20 cm | 6 x 8 inches. Family Histories and Family Combinations are supplied mounted and ready to frame.,,,,,,,,,,,,,g,,,true,true,,,active
hackett,Hackett Family name History & Crest Plaques,<p>Learn the full history of your family with a Family History or a Crest/History Combination.</p><p>Family History Standard : 16 x 20 cm | 6 x 8 inches.&nbsp;</p><p>Family Histories and Family Combinations are supplied mounted and ready to frame.</p>,Irish Family Surnames,Home & Garden > Decor > Decorative Plaques,Decorative Plaques,"Heraldic Irish Family Names, Gifts under €25, Surname H",true,Plaque size,Standard,,,,,1102,0.05,shopify,20,deny,manual,12.45,,true,false,,https://irishfamilysurnames.com/wp-content/uploads/2021/04/hackett-B-H.jpg,1,Hackett,false,Hackett Family name History & Crest Plaques,Learn the full history of your family with a Family History or a Crest/History Combination. Family History Standard : 16 x 20 cm | 6 x 8 inches. Family Histories and Family Combinations are supplied mounted and ready to frame.,,,,,,,,,,,,,g,,,true,true,,,active
hall,Hall Family name History & Crest Plaques,<p>Learn the full history of your family with a Family History or a Crest/History Combination.</p><p>Family History Standard : 16 x 20 cm | 6 x 8 inches.&nbsp;</p><p>Family Histories and Family Combinations are supplied mounted and ready to frame.</p>,Irish Family Surnames,Home & Garden > Decor > Decorative Plaques,Decorative Plaques,"Heraldic Irish Family Names, Gifts under €25, Surname H",true,Plaque size,Standard,,,,,1126,0.05,shopify,20,deny,manual,12.45,,true,false,,https://irishfamilysurnames.com/wp-content/uploads/2021/04/hall-B-H.jpg,1,Hall,false,Hall Family name History & Crest Plaques,Learn the full history of your family with a Family History or a Crest/History Combination. Family History Standard : 16 x 20 cm | 6 x 8 inches. Family Histories and Family Combinations are supplied mounted and ready to frame.,,,,,,,,,,,,,g,,,true,true,,,active
halloran,Halloran Family name History & Crest Plaques,<p>Learn the full history of your family with a Family History or a Crest/History Combination.</p><p>Family History Standard : 16 x 20 cm | 6 x 8 inches.&nbsp;</p><p>Family Histories and Family Combinations are supplied mounted and ready to frame.</p>,Irish Family Surnames,Home & Garden > Decor > Decorative Plaques,Decorative Plaques,"Heraldic Irish Family Names, Gifts under €25, Surname H",true,Plaque size,Standard,,,,,1137,0.05,shopify,20,deny,manual,12.45,,true,false,,https://irishfamilysurnames.com/wp-content/uploads/2021/04/halloran-B-H.jpg,1,Halloran,false,Halloran Family name History & Crest Plaques,Learn the full history of your family with a Family History or a Crest/History Combination. Family History Standard : 16 x 20 cm | 6 x 8 inches. Family Histories and Family Combinations are supplied mounted and ready to frame.,,,,,,,,,,,,,g,,,true,true,,,active
hanley,Hanley Family name History & Crest Plaques,<p>Learn the full history of your family with a Family History or a Crest/History Combination.</p><p>Family History Standard : 16 x 20 cm | 6 x 8 inches.&nbsp;</p><p>Family Histories and Family Combinations are supplied mounted and ready to frame.</p>,Irish Family Surnames,Home & Garden > Decor > Decorative Plaques,Decorative Plaques,"Heraldic Irish Family Names, Gifts under €25, Surname H",true,Plaque size,Standard,,,,,1148,0.05,shopify,20,deny,manual,12.45,,true,false,,https://irishfamilysurnames.com/wp-content/uploads/2021/04/hanley-B-H.jpg,1,Hanley,false,Hanley Family name History & Crest Plaques,Learn the full history of your family with a Family History or a Crest/History Combination. Family History Standard : 16 x 20 cm | 6 x 8 inches. Family Histories and Family Combinations are supplied mounted and ready to frame.,,,,,,,,,,,,,g,,,true,true,,,active
hanlon,Hanlon Family name History & Crest Plaques,<p>Learn the full history of your family with a Family History or a Crest/History Combination.</p><p>Family History Standard : 16 x 20 cm | 6 x 8 inches.&nbsp;</p><p>Family Histories and Family Combinations are supplied mounted and ready to frame.</p>,Irish Family Surnames,Home & Garden > Decor > Decorative Plaques,Decorative Plaques,"Heraldic Irish Family Names, Gifts under €25, Surname H",true,Plaque size,Standard,,,,,1159,0.05,shopify,20,deny,manual,12.45,,true,false,,https://irishfamilysurnames.com/wp-content/uploads/2021/04/hanlon-B-H.jpg,1,Hanlon,false,Hanlon Family name History & Crest Plaques,Learn the full history of your family with a Family History or a Crest/History Combination. Family History Standard : 16 x 20 cm | 6 x 8 inches. Family Histories and Family Combinations are supplied mounted and ready to frame.,,,,,,,,,,,,,g,,,true,true,,,active
hannon,Hannon Family name History & Crest Plaques,<p>Learn the full history of your family with a Family History or a Crest/History Combination.</p><p>Family History Standard : 16 x 20 cm | 6 x 8 inches.&nbsp;</p><p>Family Histories and Family Combinations are supplied mounted and ready to frame.</p>,Irish Family Surnames,Home & Garden > Decor > Decorative Plaques,Decorative Plaques,"Heraldic Irish Family Names, Gifts under €25, Surname H",true,Plaque size,Standard,,,,,1181,0.05,shopify,20,deny,manual,12.45,,true,false,,https://irishfamilysurnames.com/wp-content/uploads/2021/04/hannon-B-H.jpg,1,Hannon,false,Hannon Family name History & Crest Plaques,Learn the full history of your family with a Family History or a Crest/History Combination. Family History Standard : 16 x 20 cm | 6 x 8 inches. Family Histories and Family Combinations are supplied mounted and ready to frame.,,,,,,,,,,,,,g,,,true,true,,,active
hara,Hara Family name History & Crest Plaques,<p>Learn the full history of your family with a Family History or a Crest/History Combination.</p><p>Family History Standard : 16 x 20 cm | 6 x 8 inches.&nbsp;</p><p>Family Histories and Family Combinations are supplied mounted and ready to frame.</p>,Irish Family Surnames,Home & Garden > Decor > Decorative Plaques,Decorative Plaques,"Heraldic Irish Family Names, Gifts under €25, Surname H",true,Plaque size,Standard,,,,,1198,0.05,shopify,20,deny,manual,12.45,,true,false,,https://irishfamilysurnames.com/wp-content/uploads/2021/04/hara-B-H.jpg,1,Hara,false,Hara Family name History & Crest Plaques,Learn the full history of your family with a Family History or a Crest/History Combination. Family History Standard : 16 x 20 cm | 6 x 8 inches. Family Histories and Family Combinations are supplied mounted and ready to frame.,,,,,,,,,,,,,g,,,true,true,,,active
harrington,Harrington Family name History & Crest Plaques,<p>Learn the full history of your family with a Family History or a Crest/History Combination.</p><p>Family History Standard : 16 x 20 cm | 6 x 8 inches.&nbsp;</p><p>Family Histories and Family Combinations are supplied mounted and ready to frame.</p>,Irish Family Surnames,Home & Garden > Decor > Decorative Plaques,Decorative Plaques,"Heraldic Irish Family Names, Gifts under €25, Surname H",true,Plaque size,Standard,,,,,1228,0.05,shopify,20,deny,manual,12.45,,true,false,,https://irishfamilysurnames.com/wp-content/uploads/2021/04/harrington-B-H.jpg,1,Harrington,false,Harrington Family name History & Crest Plaques,Learn the full history of your family with a Family History or a Crest/History Combination. Family History Standard : 16 x 20 cm | 6 x 8 inches. Family Histories and Family Combinations are supplied mounted and ready to frame.,,,,,,,,,,,,,g,,,true,true,,,active
hayes,Hayes Family name History & Crest Plaques,<p>Learn the full history of your family with a Family History or a Crest/History Combination.</p><p>Family History Standard : 16 x 20 cm | 6 x 8 inches.&nbsp;</p><p>Family Histories and Family Combinations are supplied mounted and ready to frame.</p>,Irish Family Surnames,Home & Garden > Decor > Decorative Plaques,Decorative Plaques,"Heraldic Irish Family Names, Gifts under €25, Surname H",true,Plaque size,Standard,,,,,1312,0.05,shopify,20,deny,manual,12.45,,true,false,,https://irishfamilysurnames.com/wp-content/uploads/2021/04/hayes-B-H.jpg,1,Hayes,false,Hayes Family name History & Crest Plaques,Learn the full history of your family with a Family History or a Crest/History Combination. Family History Standard : 16 x 20 cm | 6 x 8 inches. Family Histories and Family Combinations are supplied mounted and ready to frame.,,,,,,,,,,,,,g,,,true,true,,,active
healy,Healy Family name History & Crest Plaques,<p>Learn the full history of your family with a Family History or a Crest/History Combination.</p><p>Family History Standard : 16 x 20 cm | 6 x 8 inches.&nbsp;</p><p>Family Histories and Family Combinations are supplied mounted and ready to frame.</p>,Irish Family Surnames,Home & Garden > Decor > Decorative Plaques,Decorative Plaques,"Heraldic Irish Family Names, Gifts under €25, Surname H",true,Plaque size,Standard,,,,,1339,0.05,shopify,20,deny,manual,12.45,,true,false,,https://irishfamilysurnames.com/wp-content/uploads/2021/04/healy-B-H.jpg,1,Healy,false,Healy Family name History & Crest Plaques,Learn the full history of your family with a Family History or a Crest/History Combination. Family History Standard : 16 x 20 cm | 6 x 8 inches. Family Histories and Family Combinations are supplied mounted and ready to frame.,,,,,,,,,,,,,g,,,true,true,,,active
heffernan,Heffernan Family name History & Crest Plaques,<p>Learn the full history of your family with a Family History or a Crest/History Combination.</p><p>Family History Standard : 16 x 20 cm | 6 x 8 inches.&nbsp;</p><p>Family Histories and Family Combinations are supplied mounted and ready to frame.</p>,Irish Family Surnames,Home & Garden > Decor > Decorative Plaques,Decorative Plaques,"Heraldic Irish Family Names, Gifts under €25, Surname H",true,Plaque size,Standard,,,,,1346,0.05,shopify,20,deny,manual,12.45,,true,false,,https://irishfamilysurnames.com/wp-content/uploads/2021/04/heffernan-B-H.jpg,1,Heffernan,false,Heffernan Family name History & Crest Plaques,Learn the full history of your family with a Family History or a Crest/History Combination. Family History Standard : 16 x 20 cm | 6 x 8 inches. Family Histories and Family Combinations are supplied mounted and ready to frame.,,,,,,,,,,,,,g,,,true,true,,,active
hely,Hely Family name History & Crest Plaques,<p>Learn the full history of your family with a Family History or a Crest/History Combination.</p><p>Family History Standard : 16 x 20 cm | 6 x 8 inches.&nbsp;</p><p>Family Histories and Family Combinations are supplied mounted and ready to frame.</p>,Irish Family Surnames,Home & Garden > Decor > Decorative Plaques,Decorative Plaques,"Heraldic Irish Family Names, Gifts under €25, Surname H",true,Plaque size,Standard,,,,,1360,0.05,shopify,20,deny,manual,12.45,,true,false,,https://irishfamilysurnames.com/wp-content/uploads/2021/04/hely-B-H.jpg,1,Hely,false,Hely Family name History & Crest Plaques,Learn the full history of your family with a Family History or a Crest/History Combination. Family History Standard : 16 x 20 cm | 6 x 8 inches. Family Histories and Family Combinations are supplied mounted and ready to frame.,,,,,,,,,,,,,g,,,true,true,,,active
hennessy,Hennessy Family name History & Crest Plaques,<p>Learn the full history of your family with a Family History or a Crest/History Combination.</p><p>Family History Standard : 16 x 20 cm | 6 x 8 inches.&nbsp;</p><p>Family Histories and Family Combinations are supplied mounted and ready to frame.</p>,Irish Family Surnames,Home & Garden > Decor > Decorative Plaques,Decorative Plaques,"Heraldic Irish Family Names, Gifts under €25, Surname H",true,Plaque size,Standard,,,,,1397,0.05,shopify,20,deny,manual,12.45,,true,false,,https://irishfamilysurnames.com/wp-content/uploads/2021/04/hennessy-B-H.jpg,1,Hennessy,false,Hennessy Family name History & Crest Plaques,Learn the full history of your family with a Family History or a Crest/History Combination. Family History Standard : 16 x 20 cm | 6 x 8 inches. Family Histories and Family Combinations are supplied mounted and ready to frame.,,,,,,,,,,,,,g,,,true,true,,,active
hickey,Hickey Family name History & Crest Plaques,<p>Learn the full history of your family with a Family History or a Crest/History Combination.</p><p>Family History Standard : 16 x 20 cm | 6 x 8 inches.&nbsp;</p><p>Family Histories and Family Combinations are supplied mounted and ready to frame.</p>,Irish Family Surnames,Home & Garden > Decor > Decorative Plaques,Decorative Plaques,"Heraldic Irish Family Names, Gifts under €25, Surname H",true,Plaque size,Standard,,,,,1412,0.05,shopify,20,deny,manual,12.45,,true,false,,https://irishfamilysurnames.com/wp-content/uploads/2021/04/hickey-B-H.jpg,1,Hickey,false,Hickey Family name History & Crest Plaques,Learn the full history of your family with a Family History or a Crest/History Combination. Family History Standard : 16 x 20 cm | 6 x 8 inches. Family Histories and Family Combinations are supplied mounted and ready to frame.,,,,,,,,,,,,,g,,,true,true,,,active
higgins,Higgins Family name History & Crest Plaques,<p>Learn the full history of your family with a Family History or a Crest/History Combination.</p><p>Family History Standard : 16 x 20 cm | 6 x 8 inches.&nbsp;</p><p>Family Histories and Family Combinations are supplied mounted and ready to frame.</p>,Irish Family Surnames,Home & Garden > Decor > Decorative Plaques,Decorative Plaques,"Heraldic Irish Family Names, Gifts under €25, Surname H",true,Plaque size,Standard,,,,,1419,0.05,shopify,20,deny,manual,12.45,,true,false,,https://irishfamilysurnames.com/wp-content/uploads/2021/04/higgins-B-H.jpg,1,Higgins,false,Higgins Family name History & Crest Plaques,Learn the full history of your family with a Family History or a Crest/History Combination. Family History Standard : 16 x 20 cm | 6 x 8 inches. Family Histories and Family Combinations are supplied mounted and ready to frame.,,,,,,,,,,,,,g,,,true,true,,,active
hines,Hines Family name History & Crest Plaques,<p>Learn the full history of your family with a Family History or a Crest/History Combination.</p><p>Family History Standard : 16 x 20 cm | 6 x 8 inches.&nbsp;</p><p>Family Histories and Family Combinations are supplied mounted and ready to frame.</p>,Irish Family Surnames,Home & Garden > Decor > Decorative Plaques,Decorative Plaques,"Heraldic Irish Family Names, Gifts under €25, Surname H",true,Plaque size,Standard,,,,,1433,0.05,shopify,20,deny,manual,12.45,,true,false,,https://irishfamilysurnames.com/wp-content/uploads/2021/04/hines-B-H.jpg,1,Hines,false,Hines Family name History & Crest Plaques,Learn the full history of your family with a Family History or a Crest/History Combination. Family History Standard : 16 x 20 cm | 6 x 8 inches. Family Histories and Family Combinations are supplied mounted and ready to frame.,,,,,,,,,,,,,g,,,true,true,,,active
hogan,Hogan Family name History & Crest Plaques,<p>Learn the full history of your family with a Family History or a Crest/History Combination.</p><p>Family History Standard : 16 x 20 cm | 6 x 8 inches.&nbsp;</p><p>Family Histories and Family Combinations are supplied mounted and ready to frame.</p>,Irish Family Surnames,Home & Garden > Decor > Decorative Plaques,Decorative Plaques,"Heraldic Irish Family Names, Gifts under €25, Surname H",true,Plaque size,Standard,,,,,1440,0.05,shopify,20,deny,manual,12.45,,true,false,,https://irishfamilysurnames.com/wp-content/uploads/2021/04/hogan-B-H.jpg,1,Hogan,false,Hogan Family name History & Crest Plaques,Learn the full history of your family with a Family History or a Crest/History Combination. Family History Standard : 16 x 20 cm | 6 x 8 inches. Family Histories and Family Combinations are supplied mounted and ready to frame.,,,,,,,,,,,,,g,,,true,true,,,active
horan,Horan Family name History & Crest Plaques,<p>Learn the full history of your family with a Family History or a Crest/History Combination.</p><p>Family History Standard : 16 x 20 cm | 6 x 8 inches.&nbsp;</p><p>Family Histories and Family Combinations are supplied mounted and ready to frame.</p>,Irish Family Surnames,Home & Garden > Decor > Decorative Plaques,Decorative Plaques,"Heraldic Irish Family Names, Gifts under €25, Surname H",true,Plaque size,Standard,,,,,1447,0.05,shopify,20,deny,manual,12.45,,true,false,,https://irishfamilysurnames.com/wp-content/uploads/2021/04/horan-B-H.jpg,1,Horan,false,Horan Family name History & Crest Plaques,Learn the full history of your family with a Family History or a Crest/History Combination. Family History Standard : 16 x 20 cm | 6 x 8 inches. Family Histories and Family Combinations are supplied mounted and ready to frame.,,,,,,,,,,,,,g,,,true,true,,,active
hughes,Hughes Family name History & Crest Plaques,<p>Learn the full history of your family with a Family History or a Crest/History Combination.</p><p>Family History Standard : 16 x 20 cm | 6 x 8 inches.&nbsp;</p><p>Family Histories and Family Combinations are supplied mounted and ready to frame.</p>,Irish Family Surnames,Home & Garden > Decor > Decorative Plaques,Decorative Plaques,"Heraldic Irish Family Names, Gifts under €25, Surname H",true,Plaque size,Standard,,,,,1481,0.05,shopify,20,deny,manual,12.45,,true,false,,https://irishfamilysurnames.com/wp-content/uploads/2021/04/hughes-B-H.jpg,1,Hughes,false,Hughes Family name History & Crest Plaques,Learn the full history of your family with a Family History or a Crest/History Combination. Family History Standard : 16 x 20 cm | 6 x 8 inches. Family Histories and Family Combinations are supplied mounted and ready to frame.,,,,,,,,,,,,,g,,,true,true,,,active
hyland-copy,Hynes Family name History & Crest Plaques,<p>Learn the full history of your family with a Family History or a Crest/History Combination.</p><p>Family History Standard : 16 x 20 cm | 6 x 8 inches.&nbsp;</p><p>Family Histories and Family Combinations are supplied mounted and ready to frame.</p>,Irish Family Surnames,Home & Garden > Decor > Decorative Plaques,Decorative Plaques,"Heraldic Irish Family Names, Gifts under €25, Surname H",true,Plaque size,Standard,,,,,1495,0.05,shopify,20,deny,manual,12.45,,true,false,,https://irishfamilysurnames.com/wp-content/uploads/2021/04/hynes-B-H.jpg,1,Hynes,false,Hynes Family name History & Crest Plaques,Learn the full history of your family with a Family History or a Crest/History Combination. Family History Standard : 16 x 20 cm | 6 x 8 inches. Family Histories and Family Combinations are supplied mounted and ready to frame.,,,,,,,,,,,,,g,,,true,true,,,active
hurley,Hurley Family name History & Crest Plaques,<p>Learn the full history of your family with a Family History or a Crest/History Combination.</p><p>Family History Standard : 16 x 20 cm | 6 x 8 inches.&nbsp;</p><p>Family Histories and Family Combinations are supplied mounted and ready to frame.</p>,Irish Family Surnames,Home & Garden > Decor > Decorative Plaques,Decorative Plaques,"Heraldic Irish Family Names, Gifts under €25, Surname H",true,Plaque size,Standard,,,,,1528,0.05,shopify,20,deny,manual,12.45,,true,false,,https://irishfamilysurnames.com/wp-content/uploads/2021/04/hurley-B-H-1.jpg,1,Hurley,false,Hurley Family name History & Crest Plaques,Learn the full history of your family with a Family History or a Crest/History Combination. Family History Standard : 16 x 20 cm | 6 x 8 inches. Family Histories and Family Combinations are supplied mounted and ready to frame.,,,,,,,,,,,,,g,,,true,true,,,active
johnson,Johnson Family name History & Crest Plaques,<p>Learn the full history of your family with a Family History or a Crest/History Combination.</p><p>Family History Standard : 16 x 20 cm | 6 x 8 inches.&nbsp;</p><p>Family Histories and Family Combinations are supplied mounted and ready to frame.</p>,Irish Family Surnames,Home & Garden > Decor > Decorative Plaques,Decorative Plaques,"Heraldic Irish Family Names, Gifts under €25, Surname J",true,Plaque size,Standard,,,,,1542,0.05,shopify,20,deny,manual,12.45,,true,false,,https://irishfamilysurnames.com/wp-content/uploads/2021/04/johnson-B-H.jpg,1,Johnson,false,Johnson Family name History & Crest Plaques,Learn the full history of your family with a Family History or a Crest/History Combination. Family History Standard : 16 x 20 cm | 6 x 8 inches. Family Histories and Family Combinations are supplied mounted and ready to frame.,,,,,,,,,,,,,g,,,true,true,,,active
jordan,Jordan Family name History & Crest Plaques,<p>Learn the full history of your family with a Family History or a Crest/History Combination.</p><p>Family History Standard : 16 x 20 cm | 6 x 8 inches.&nbsp;</p><p>Family Histories and Family Combinations are supplied mounted and ready to frame.</p>,Irish Family Surnames,Home & Garden > Decor > Decorative Plaques,Decorative Plaques,"Heraldic Irish Family Names, Gifts under €25, Surname J",true,Plaque size,Standard,,,,,1563,0.05,shopify,20,deny,manual,12.45,,true,false,,https://irishfamilysurnames.com/wp-content/uploads/2021/04/jordan-B-H.jpg,1,Jordan,false,Jordan Family name History & Crest Plaques,Learn the full history of your family with a Family History or a Crest/History Combination. Family History Standard : 16 x 20 cm | 6 x 8 inches. Family Histories and Family Combinations are supplied mounted and ready to frame.,,,,,,,,,,,,,g,,,true,true,,,active
kearney,Kearney Family name History & Crest Plaques,<p>Learn the full history of your family with a Family History or a Crest/History Combination.</p><p>Family History Standard : 16 x 20 cm | 6 x 8 inches.&nbsp;</p><p>Family Histories and Family Combinations are supplied mounted and ready to frame.</p>,Irish Family Surnames,Home & Garden > Decor > Decorative Plaques,Decorative Plaques,"Heraldic Irish Family Names, Gifts under €25, Surname K",true,Plaque size,Standard,,,,,1612,0.05,shopify,20,deny,manual,12.45,,true,false,,https://irishfamilysurnames.com/wp-content/uploads/2021/04/kearney-B-H.jpg,1,Kearney,false,Kearney Family name History & Crest Plaques,Learn the full history of your family with a Family History or a Crest/History Combination. Family History Standard : 16 x 20 cm | 6 x 8 inches. Family Histories and Family Combinations are supplied mounted and ready to frame.,,,,,,,,,,,,,g,,,true,true,,,active
kearns,Kearns Family name History & Crest Plaques,<p>Learn the full history of your family with a Family History or a Crest/History Combination.</p><p>Family History Standard : 16 x 20 cm | 6 x 8 inches.&nbsp;</p><p>Family Histories and Family Combinations are supplied mounted and ready to frame.</p>,Irish Family Surnames,Home & Garden > Decor > Decorative Plaques,Decorative Plaques,"Heraldic Irish Family Names, Gifts under €25, Surname K",true,Plaque size,Standard,,,,,1630,0.05,shopify,20,deny,manual,12.45,,true,false,,https://irishfamilysurnames.com/wp-content/uploads/2021/04/kearns-B-H.jpg,1,Kearns,false,Kearns Family name History & Crest Plaques,Learn the full history of your family with a Family History or a Crest/History Combination. Family History Standard : 16 x 20 cm | 6 x 8 inches. Family Histories and Family Combinations are supplied mounted and ready to frame.,,,,,,,,,,,,,g,,,true,true,,,active
keating,Keating Family name History & Crest Plaques,<p>Learn the full history of your family with a Family History or a Crest/History Combination.</p><p>Family History Standard : 16 x 20 cm | 6 x 8 inches.&nbsp;</p><p>Family Histories and Family Combinations are supplied mounted and ready to frame.</p>,Irish Family Surnames,Home & Garden > Decor > Decorative Plaques,Decorative Plaques,"Heraldic Irish Family Names, Gifts under €25, Surname K",true,Plaque size,Standard,,,,,1641,0.05,shopify,20,deny,manual,12.45,,true,false,,https://irishfamilysurnames.com/wp-content/uploads/2021/04/keating-B-H.jpg,1,Keating,false,Keating Family name History & Crest Plaques,Learn the full history of your family with a Family History or a Crest/History Combination. Family History Standard : 16 x 20 cm | 6 x 8 inches. Family Histories and Family Combinations are supplied mounted and ready to frame.,,,,,,,,,,,,,g,,,true,true,,,active
keefe,Keefe Family name History & Crest Plaques,<p>Learn the full history of your family with a Family History or a Crest/History Combination.</p><p>Family History Standard : 16 x 20 cm | 6 x 8 inches.&nbsp;</p><p>Family Histories and Family Combinations are supplied mounted and ready to frame.</p>,Irish Family Surnames,Home & Garden > Decor > Decorative Plaques,Decorative Plaques,"Heraldic Irish Family Names, Gifts under €25, Surname K",true,Plaque size,Standard,,,,,1652,0.05,shopify,20,deny,manual,12.45,,true,false,,https://irishfamilysurnames.com/wp-content/uploads/2021/04/keefe-B-H.jpg,1,Keefe,false,Keefe Family name History & Crest Plaques,Learn the full history of your family with a Family History or a Crest/History Combination. Family History Standard : 16 x 20 cm | 6 x 8 inches. Family Histories and Family Combinations are supplied mounted and ready to frame.,,,,,,,,,,,,,g,,,true,true,,,active
keeffe,Keeffe Family name History & Crest Plaques,<p>Learn the full history of your family with a Family History or a Crest/History Combination.</p><p>Family History Standard : 16 x 20 cm | 6 x 8 inches.&nbsp;</p><p>Family Histories and Family Combinations are supplied mounted and ready to frame.</p>,Irish Family Surnames,Home & Garden > Decor > Decorative Plaques,Decorative Plaques,"Heraldic Irish Family Names, Gifts under €25, Surname K",true,Plaque size,Standard,,,,,1663,0.05,shopify,20,deny,manual,12.45,,true,false,,https://irishfamilysurnames.com/wp-content/uploads/2021/04/keeffe-B-H.jpg,1,Keeffe,false,Keeffe Family name History & Crest Plaques,Learn the full history of your family with a Family History or a Crest/History Combination. Family History Standard : 16 x 20 cm | 6 x 8 inches. Family Histories and Family Combinations are supplied mounted and ready to frame.,,,,,,,,,,,,,g,,,true,true,,,active
keegan,Keegan Family name History & Crest Plaques,<p>Learn the full history of your family with a Family History or a Crest/History Combination.</p><p>Family History Standard : 16 x 20 cm | 6 x 8 inches.&nbsp;</p><p>Family Histories and Family Combinations are supplied mounted and ready to frame.</p>,Irish Family Surnames,Home & Garden > Decor > Decorative Plaques,Decorative Plaques,"Heraldic Irish Family Names, Gifts under €25, Surname K",true,Plaque size,Standard,,,,,1674,0.05,shopify,20,deny,manual,12.45,,true,false,,https://irishfamilysurnames.com/wp-content/uploads/2021/04/keegan-B-H.jpg,1,Keegan,false,Keegan Family name History & Crest Plaques,Learn the full history of your family with a Family History or a Crest/History Combination. Family History Standard : 16 x 20 cm | 6 x 8 inches. Family Histories and Family Combinations are supplied mounted and ready to frame.,,,,,,,,,,,,,g,,,true,true,,,active
keenan,Keenan Family name History & Crest Plaques,<p>Learn the full history of your family with a Family History or a Crest/History Combination.</p><p>Family History Standard : 16 x 20 cm | 6 x 8 inches.&nbsp;</p><p>Family Histories and Family Combinations are supplied mounted and ready to frame.</p>,Irish Family Surnames,Home & Garden > Decor > Decorative Plaques,Decorative Plaques,"Heraldic Irish Family Names, Gifts under €25, Surname K",true,Plaque size,Standard,,,,,1685,0.05,shopify,20,deny,manual,12.45,,true,false,,https://irishfamilysurnames.com/wp-content/uploads/2021/04/keenan-B-H.jpg,1,Keenan,false,Keenan Family name History & Crest Plaques,Learn the full history of your family with a Family History or a Crest/History Combination. Family History Standard : 16 x 20 cm | 6 x 8 inches. Family Histories and Family Combinations are supplied mounted and ready to frame.,,,,,,,,,,,,,g,,,true,true,,,active
kehoe,Kehoe Family name History & Crest Plaques,<p>Learn the full history of your family with a Family History or a Crest/History Combination.</p><p>Family History Standard : 16 x 20 cm | 6 x 8 inches.&nbsp;</p><p>Family Histories and Family Combinations are supplied mounted and ready to frame.</p>,Irish Family Surnames,Home & Garden > Decor > Decorative Plaques,Decorative Plaques,"Heraldic Irish Family Names, Gifts under €25, Surname K",true,Plaque size,Standard,,,,,1696,0.05,shopify,20,deny,manual,12.45,,true,false,,https://irishfamilysurnames.com/wp-content/uploads/2021/04/kehoe-B-H.jpg,1,Kehoe,false,Kehoe Family name History & Crest Plaques,Learn the full history of your family with a Family History or a Crest/History Combination. Family History Standard : 16 x 20 cm | 6 x 8 inches. Family Histories and Family Combinations are supplied mounted and ready to frame.,,,,,,,,,,,,,g,,,true,true,,,active
kelley,Kelley Family name History & Crest Plaques,<p>Learn the full history of your family with a Family History or a Crest/History Combination.</p><p>Family History Standard : 16 x 20 cm | 6 x 8 inches.&nbsp;</p><p>Family Histories and Family Combinations are supplied mounted and ready to frame.</p>,Irish Family Surnames,Home & Garden > Decor > Decorative Plaques,Decorative Plaques,"Heraldic Irish Family Names, Gifts under €25, Surname K",true,Plaque size,Standard,,,,,1707,0.05,shopify,20,deny,manual,12.45,,true,false,,https://irishfamilysurnames.com/wp-content/uploads/2021/04/kelley-B-H.jpg,1,Kelley,false,Kelley Family name History & Crest Plaques,Learn the full history of your family with a Family History or a Crest/History Combination. Family History Standard : 16 x 20 cm | 6 x 8 inches. Family Histories and Family Combinations are supplied mounted and ready to frame.,,,,,,,,,,,,,g,,,true,true,,,active
kelly,Kelly Family name History & Crest Plaques,<p>Learn the full history of your family with a Family History or a Crest/History Combination.</p><p>Family History Standard : 16 x 20 cm | 6 x 8 inches.&nbsp;</p><p>Family Histories and Family Combinations are supplied mounted and ready to frame.</p>,Irish Family Surnames,Home & Garden > Decor > Decorative Plaques,Decorative Plaques,"Heraldic Irish Family Names, Gifts under €25, Surname K",true,Plaque size,Standard,,,,,1718,0.05,shopify,20,deny,manual,12.45,,true,false,,https://irishfamilysurnames.com/wp-content/uploads/2021/04/kelly-B-H.jpg,1,Kelly,false,Kelly Family name History & Crest Plaques,Learn the full history of your family with a Family History or a Crest/History Combination. Family History Standard : 16 x 20 cm | 6 x 8 inches. Family Histories and Family Combinations are supplied mounted and ready to frame.,,,,,,,,,,,,,g,,,true,true,,,active
kennedy,Kennedy Family name History & Crest Plaques,<p>Learn the full history of your family with a Family History or a Crest/History Combination.</p><p>Family History Standard : 16 x 20 cm | 6 x 8 inches.&nbsp;</p><p>Family Histories and Family Combinations are supplied mounted and ready to frame.</p>,Irish Family Surnames,Home & Garden > Decor > Decorative Plaques,Decorative Plaques,"Heraldic Irish Family Names, Gifts under €25, Surname K",true,Plaque size,Standard,,,,,1729,0.05,shopify,20,deny,manual,12.45,,true,false,,https://irishfamilysurnames.com/wp-content/uploads/2021/04/kennedy-B-H.jpg,1,Kennedy,false,Kennedy Family name History & Crest Plaques,Learn the full history of your family with a Family History or a Crest/History Combination. Family History Standard : 16 x 20 cm | 6 x 8 inches. Family Histories and Family Combinations are supplied mounted and ready to frame.,,,,,,,,,,,,,g,,,true,true,,,active
kenny,Kenny Family name History & Crest Plaques,<p>Learn the full history of your family with a Family History or a Crest/History Combination.</p><p>Family History Standard : 16 x 20 cm | 6 x 8 inches.&nbsp;</p><p>Family Histories and Family Combinations are supplied mounted and ready to frame.</p>,Irish Family Surnames,Home & Garden > Decor > Decorative Plaques,Decorative Plaques,"Heraldic Irish Family Names, Gifts under €25, Surname K",true,Plaque size,Standard,,,,,1740,0.05,shopify,20,deny,manual,12.45,,true,false,,https://irishfamilysurnames.com/wp-content/uploads/2021/04/kenny-B-H.jpg,1,Kenny,false,Kenny Family name History & Crest Plaques,Learn the full history of your family with a Family History or a Crest/History Combination. Family History Standard : 16 x 20 cm | 6 x 8 inches. Family Histories and Family Combinations are supplied mounted and ready to frame.,,,,,,,,,,,,,g,,,true,true,,,active
keogh,Keogh Family name History & Crest Plaques,<p>Learn the full history of your family with a Family History or a Crest/History Combination.</p><p>Family History Standard : 16 x 20 cm | 6 x 8 inches.&nbsp;</p><p>Family Histories and Family Combinations are supplied mounted and ready to frame.</p>,Irish Family Surnames,Home & Garden > Decor > Decorative Plaques,Decorative Plaques,"Heraldic Irish Family Names, Gifts under €25, Surname K",true,Plaque size,Standard,,,,,1751,0.05,shopify,20,deny,manual,12.45,,true,false,,https://irishfamilysurnames.com/wp-content/uploads/2021/04/keogh-B-H.jpg,1,Keogh,false,Keogh Family name History & Crest Plaques,Learn the full history of your family with a Family History or a Crest/History Combination. Family History Standard : 16 x 20 cm | 6 x 8 inches. Family Histories and Family Combinations are supplied mounted and ready to frame.,,,,,,,,,,,,,g,,,true,true,,,active
kerins,Kerins Family name History & Crest Plaques,<p>Learn the full history of your family with a Family History or a Crest/History Combination.</p><p>Family History Standard : 16 x 20 cm | 6 x 8 inches.&nbsp;</p><p>Family Histories and Family Combinations are supplied mounted and ready to frame.</p>,Irish Family Surnames,Home & Garden > Decor > Decorative Plaques,Decorative Plaques,"Heraldic Irish Family Names, Gifts under €25, Surname K",true,Plaque size,Standard,,,,,1782,0.05,shopify,20,deny,manual,12.45,,true,false,,https://irishfamilysurnames.com/wp-content/uploads/2021/04/kerins-B-H.jpg,1,Kerins,false,Kerins Family name History & Crest Plaques,Learn the full history of your family with a Family History or a Crest/History Combination. Family History Standard : 16 x 20 cm | 6 x 8 inches. Family Histories and Family Combinations are supplied mounted and ready to frame.,,,,,,,,,,,,,g,,,true,true,,,active
king,King Family name History & Crest Plaques,<p>Learn the full history of your family with a Family History or a Crest/History Combination.</p><p>Family History Standard : 16 x 20 cm | 6 x 8 inches.&nbsp;</p><p>Family Histories and Family Combinations are supplied mounted and ready to frame.</p>,Irish Family Surnames,Home & Garden > Decor > Decorative Plaques,Decorative Plaques,"Heraldic Irish Family Names, Gifts under €25, Surname K",true,Plaque size,Standard,,,,,1796,0.05,shopify,20,deny,manual,12.45,,true,false,,https://irishfamilysurnames.com/wp-content/uploads/2021/04/king-B-H.jpg,1,King,false,King Family name History & Crest Plaques,Learn the full history of your family with a Family History or a Crest/History Combination. Family History Standard : 16 x 20 cm | 6 x 8 inches. Family Histories and Family Combinations are supplied mounted and ready to frame.,,,,,,,,,,,,,g,,,true,true,,,active
kinsella,Kinsella Family name History & Crest Plaques,<p>Learn the full history of your family with a Family History or a Crest/History Combination.</p><p>Family History Standard : 16 x 20 cm | 6 x 8 inches.&nbsp;</p><p>Family Histories and Family Combinations are supplied mounted and ready to frame.</p>,Irish Family Surnames,Home & Garden > Decor > Decorative Plaques,Decorative Plaques,"Heraldic Irish Family Names, Gifts under €25, Surname K",true,Plaque size,Standard,,,,,1803,0.05,shopify,20,deny,manual,12.45,,true,false,,https://irishfamilysurnames.com/wp-content/uploads/2021/04/kinsella-B-H.jpg,1,Kinsella,false,Kinsella Family name History & Crest Plaques,Learn the full history of your family with a Family History or a Crest/History Combination. Family History Standard : 16 x 20 cm | 6 x 8 inches. Family Histories and Family Combinations are supplied mounted and ready to frame.,,,,,,,,,,,,,g,,,true,true,,,active
lalor,Lalor Family name History & Crest Plaques,<p>Learn the full history of your family with a Family History or a Crest/History Combination.</p><p>Family History Standard : 16 x 20 cm | 6 x 8 inches.&nbsp;</p><p>Family Histories and Family Combinations are supplied mounted and ready to frame.</p>,Irish Family Surnames,Home & Garden > Decor > Decorative Plaques,Decorative Plaques,"Heraldic Irish Family Names, Gifts under €25, Surname L",true,Plaque size,Standard,,,,,1820,0.05,shopify,20,deny,manual,12.45,,true,false,,https://irishfamilysurnames.com/wp-content/uploads/2021/04/lalor-B-H.jpg,1,Lalor,false,Lalor Family name History & Crest Plaques,Learn the full history of your family with a Family History or a Crest/History Combination. Family History Standard : 16 x 20 cm | 6 x 8 inches. Family Histories and Family Combinations are supplied mounted and ready to frame.,,,,,,,,,,,,,g,,,true,true,,,active
larkin,Larkin Family name History & Crest Plaques,<p>Learn the full history of your family with a Family History or a Crest/History Combination.</p><p>Family History Standard : 16 x 20 cm | 6 x 8 inches.&nbsp;</p><p>Family Histories and Family Combinations are supplied mounted and ready to frame.</p>,Irish Family Surnames,Home & Garden > Decor > Decorative Plaques,Decorative Plaques,"Heraldic Irish Family Names, Gifts under €25, Surname L",true,Plaque size,Standard,,,,,1875,0.05,shopify,20,deny,manual,12.45,,true,false,,https://irishfamilysurnames.com/wp-content/uploads/2021/04/larkin-B-H.jpg,1,Larkin,false,Larkin Family name History & Crest Plaques,Learn the full history of your family with a Family History or a Crest/History Combination. Family History Standard : 16 x 20 cm | 6 x 8 inches. Family Histories and Family Combinations are supplied mounted and ready to frame.,,,,,,,,,,,,,g,,,true,true,,,active
lawler,Lawler Family name History & Crest Plaques,<p>Learn the full history of your family with a Family History or a Crest/History Combination.</p><p>Family History Standard : 16 x 20 cm | 6 x 8 inches.&nbsp;</p><p>Family Histories and Family Combinations are supplied mounted and ready to frame.</p>,Irish Family Surnames,Home & Garden > Decor > Decorative Plaques,Decorative Plaques,"Heraldic Irish Family Names, Gifts under €25, Surname L",true,Plaque size,Standard,,,,,1883,0.05,shopify,20,deny,manual,12.45,,true,false,,https://irishfamilysurnames.com/wp-content/uploads/2021/04/lawler-B-H-1.jpg,1,Lawler,false,Lawler Family name History & Crest Plaques,Learn the full history of your family with a Family History or a Crest/History Combination. Family History Standard : 16 x 20 cm | 6 x 8 inches. Family Histories and Family Combinations are supplied mounted and ready to frame.,,,,,,,,,,,,,g,,,true,true,,,active
lawlor,Lawlor Family name History & Crest Plaques,<p>Learn the full history of your family with a Family History or a Crest/History Combination.</p><p>Family History Standard : 16 x 20 cm | 6 x 8 inches.&nbsp;</p><p>Family Histories and Family Combinations are supplied mounted and ready to frame.</p>,Irish Family Surnames,Home & Garden > Decor > Decorative Plaques,Decorative Plaques,"Heraldic Irish Family Names, Gifts under €25, Surname L",true,Plaque size,Standard,,,,,1894,0.05,shopify,20,deny,manual,12.45,,true,false,,https://irishfamilysurnames.com/wp-content/uploads/2021/04/lawlor-B-H-1.jpg,1,Lawlor,false,Lawlor Family name History & Crest Plaques,Learn the full history of your family with a Family History or a Crest/History Combination. Family History Standard : 16 x 20 cm | 6 x 8 inches. Family Histories and Family Combinations are supplied mounted and ready to frame.,,,,,,,,,,,,,g,,,true,true,,,active
lee,Lee Family name History & Crest Plaques,<p>Learn the full history of your family with a Family History or a Crest/History Combination.</p><p>Family History Standard : 16 x 20 cm | 6 x 8 inches.&nbsp;</p><p>Family Histories and Family Combinations are supplied mounted and ready to frame.</p>,Irish Family Surnames,Home & Garden > Decor > Decorative Plaques,Decorative Plaques,"Heraldic Irish Family Names, Gifts under €25, Surname L",true,Plaque size,Standard,,,,,1927,0.05,shopify,20,deny,manual,12.45,,true,false,,https://irishfamilysurnames.com/wp-content/uploads/2021/04/lee-B-H-1.jpg,1,Lee,false,Lee Family name History & Crest Plaques,Learn the full history of your family with a Family History or a Crest/History Combination. Family History Standard : 16 x 20 cm | 6 x 8 inches. Family Histories and Family Combinations are supplied mounted and ready to frame.,,,,,,,,,,,,,g,,,true,true,,,active
lenihan,Lenihan Family name History & Crest Plaques,<p>Learn the full history of your family with a Family History or a Crest/History Combination.</p><p>Family History Standard : 16 x 20 cm | 6 x 8 inches.&nbsp;</p><p>Family Histories and Family Combinations are supplied mounted and ready to frame.</p>,Irish Family Surnames,Home & Garden > Decor > Decorative Plaques,Decorative Plaques,"Heraldic Irish Family Names, Gifts under €25, Surname L",true,Plaque size,Standard,,,,,1939,0.05,shopify,20,deny,manual,12.45,,true,false,,https://irishfamilysurnames.com/wp-content/uploads/2021/04/lenihan-B-H-1.jpg,1,Lenihan,false,Lenihan Family name History & Crest Plaques,Learn the full history of your family with a Family History or a Crest/History Combination. Family History Standard : 16 x 20 cm | 6 x 8 inches. Family Histories and Family Combinations are supplied mounted and ready to frame.,,,,,,,,,,,,,g,,,true,true,,,active
lennon,Lennon Family name History & Crest Plaques,<p>Learn the full history of your family with a Family History or a Crest/History Combination.</p><p>Family History Standard : 16 x 20 cm | 6 x 8 inches.&nbsp;</p><p>Family Histories and Family Combinations are supplied mounted and ready to frame.</p>,Irish Family Surnames,Home & Garden > Decor > Decorative Plaques,Decorative Plaques,"Heraldic Irish Family Names, Gifts under €25, Surname L",true,Plaque size,Standard,,,,,1951,0.05,shopify,20,deny,manual,12.45,,true,false,,https://irishfamilysurnames.com/wp-content/uploads/2021/04/lennon-B-H-1.jpg,1,Lennon,false,Lennon Family name History & Crest Plaques,Learn the full history of your family with a Family History or a Crest/History Combination. Family History Standard : 16 x 20 cm | 6 x 8 inches. Family Histories and Family Combinations are supplied mounted and ready to frame.,,,,,,,,,,,,,g,,,true,true,,,active
kirwan,Kirwan Family name History & Crest Plaques,<p>Learn the full history of your family with a Family History or a Crest/History Combination.</p><p>Family History Standard : 16 x 20 cm | 6 x 8 inches.&nbsp;</p><p>Family Histories and Family Combinations are supplied mounted and ready to frame.</p>,Irish Family Surnames,Home & Garden > Decor > Decorative Plaques,Decorative Plaques,"Heraldic Irish Family Names, Gifts under €25, Surname K",true,Plaque size,Standard,,,,,1810,0.05,shopify,20,deny,manual,12.45,,true,false,,https://irishfamilysurnames.com/wp-content/uploads/2021/04/kirwan-B-H.jpg,1,Kirwan,false,Kirwan Family name History & Crest Plaques,Learn the full history of your family with a Family History or a Crest/History Combination. Family History Standard : 16 x 20 cm | 6 x 8 inches. Family Histories and Family Combinations are supplied mounted and ready to frame.,,,,,,,,,,,,,g,,,true,true,,,active
long,Long Family name History & Crest Plaques,<p>Learn the full history of your family with a Family History or a Crest/History Combination.</p><p>Family History Standard : 16 x 20 cm | 6 x 8 inches.&nbsp;</p><p>Family Histories and Family Combinations are supplied mounted and ready to frame.</p>,Irish Family Surnames,Home & Garden > Decor > Decorative Plaques,Decorative Plaques,"Heraldic Irish Family Names, Gifts under €25, Surname L",true,Plaque size,Standard,,,,,1964,0.05,shopify,20,deny,manual,12.45,,true,false,,https://irishfamilysurnames.com/wp-content/uploads/2021/04/long-B-H-1.jpg,1,Long,false,Long Family name History & Crest Plaques,Learn the full history of your family with a Family History or a Crest/History Combination. Family History Standard : 16 x 20 cm | 6 x 8 inches. Family Histories and Family Combinations are supplied mounted and ready to frame.,,,,,,,,,,,,,g,,,true,true,,,active
lyons,Lyons Family name History & Crest Plaques,<p>Learn the full history of your family with a Family History or a Crest/History Combination.</p><p>Family History Standard : 16 x 20 cm | 6 x 8 inches.&nbsp;</p><p>Family Histories and Family Combinations are supplied mounted and ready to frame.</p>,Irish Family Surnames,Home & Garden > Decor > Decorative Plaques,Decorative Plaques,"Heraldic Irish Family Names, Gifts under €25, Surname L",true,Plaque size,Standard,,,,,1990,0.05,shopify,20,deny,manual,12.45,,true,false,,https://irishfamilysurnames.com/wp-content/uploads/2021/04/lyons-B-H-1.jpg,1,Lyons,false,Lyons Family name History & Crest Plaques,Learn the full history of your family with a Family History or a Crest/History Combination. Family History Standard : 16 x 20 cm | 6 x 8 inches. Family Histories and Family Combinations are supplied mounted and ready to frame.,,,,,,,,,,,,,g,,,true,true,,,active
mackey,Mackey Family name History & Crest Plaques,<p>Learn the full history of your family with a Family History or a Crest/History Combination.</p><p>Family History Standard : 16 x 20 cm | 6 x 8 inches.&nbsp;</p><p>Family Histories and Family Combinations are supplied mounted and ready to frame.</p>,Irish Family Surnames,Home & Garden > Decor > Decorative Plaques,Decorative Plaques,"Heraldic Irish Family Names, Gifts under €25, Surname M",true,Plaque size,Standard,,,,,1997,0.05,shopify,20,deny,manual,12.45,,true,false,,https://irishfamilysurnames.com/wp-content/uploads/2021/04/mackey-B-H.jpg,1,Mackey,false,Mackey Family name History & Crest Plaques,Learn the full history of your family with a Family History or a Crest/History Combination. Family History Standard : 16 x 20 cm | 6 x 8 inches. Family Histories and Family Combinations are supplied mounted and ready to frame.,,,,,,,,,,,,,g,,,true,true,,,active
madden,Madden Family name History & Crest Plaques,<p>Learn the full history of your family with a Family History or a Crest/History Combination.</p><p>Family History Standard : 16 x 20 cm | 6 x 8 inches.&nbsp;</p><p>Family Histories and Family Combinations are supplied mounted and ready to frame.</p>,Irish Family Surnames,Home & Garden > Decor > Decorative Plaques,Decorative Plaques,"Heraldic Irish Family Names, Gifts under €25, Surname M",true,Plaque size,Standard,,,,,2028,0.05,shopify,20,deny,manual,12.45,,true,false,,https://irishfamilysurnames.com/wp-content/uploads/2021/04/madden-B-H.jpg,1,Madden,false,Madden Family name History & Crest Plaques,Learn the full history of your family with a Family History or a Crest/History Combination. Family History Standard : 16 x 20 cm | 6 x 8 inches. Family Histories and Family Combinations are supplied mounted and ready to frame.,,,,,,,,,,,,,g,,,true,true,,,active
magee,Magee Family name History & Crest Plaques,<p>Learn the full history of your family with a Family History or a Crest/History Combination.</p><p>Family History Standard : 16 x 20 cm | 6 x 8 inches.&nbsp;</p><p>Family Histories and Family Combinations are supplied mounted and ready to frame.</p>,Irish Family Surnames,Home & Garden > Decor > Decorative Plaques,Decorative Plaques,"Heraldic Irish Family Names, Gifts under €25, Surname M",true,Plaque size,Standard,,,,,2035,0.05,shopify,20,deny,manual,12.45,,true,false,,https://irishfamilysurnames.com/wp-content/uploads/2021/04/magee-B-H.jpg,1,Magee,false,Magee Family name History & Crest Plaques,Learn the full history of your family with a Family History or a Crest/History Combination. Family History Standard : 16 x 20 cm | 6 x 8 inches. Family Histories and Family Combinations are supplied mounted and ready to frame.,,,,,,,,,,,,,g,,,true,true,,,active
maguire,Maguire Family name History & Crest Plaques,<p>Learn the full history of your family with a Family History or a Crest/History Combination.</p><p>Family History Standard : 16 x 20 cm | 6 x 8 inches.&nbsp;</p><p>Family Histories and Family Combinations are supplied mounted and ready to frame.</p>,Irish Family Surnames,Home & Garden > Decor > Decorative Plaques,Decorative Plaques,"Heraldic Irish Family Names, Gifts under €25, Surname M",true,Plaque size,Standard,,,,,2042,0.05,shopify,20,deny,manual,12.45,,true,false,,https://irishfamilysurnames.com/wp-content/uploads/2021/04/maguire-B-H.jpg,1,Maguire,false,Maguire Family name History & Crest Plaques,Learn the full history of your family with a Family History or a Crest/History Combination. Family History Standard : 16 x 20 cm | 6 x 8 inches. Family Histories and Family Combinations are supplied mounted and ready to frame.,,,,,,,,,,,,,g,,,true,true,,,active
maher,Maher Family name History & Crest Plaques,<p>Learn the full history of your family with a Family History or a Crest/History Combination.</p><p>Family History Standard : 16 x 20 cm | 6 x 8 inches.&nbsp;</p><p>Family Histories and Family Combinations are supplied mounted and ready to frame.</p>,Irish Family Surnames,Home & Garden > Decor > Decorative Plaques,Decorative Plaques,"Heraldic Irish Family Names, Gifts under €25, Surname M",true,Plaque size,Standard,,,,,2049,0.05,shopify,20,deny,manual,12.45,,true,false,,https://irishfamilysurnames.com/wp-content/uploads/2021/04/maher-B-H.jpg,1,Maher,false,Maher Family name History & Crest Plaques,Learn the full history of your family with a Family History or a Crest/History Combination. Family History Standard : 16 x 20 cm | 6 x 8 inches. Family Histories and Family Combinations are supplied mounted and ready to frame.,,,,,,,,,,,,,g,,,true,true,,,active
mahon,Mahon Family name History & Crest Plaques,<p>Learn the full history of your family with a Family History or a Crest/History Combination.</p><p>Family History Standard : 16 x 20 cm | 6 x 8 inches.&nbsp;</p><p>Family Histories and Family Combinations are supplied mounted and ready to frame.</p>,Irish Family Surnames,Home & Garden > Decor > Decorative Plaques,Decorative Plaques,"Heraldic Irish Family Names, Gifts under €25, Surname M",true,Plaque size,Standard,,,,,2056,0.05,shopify,20,deny,manual,12.45,,true,false,,https://irishfamilysurnames.com/wp-content/uploads/2021/04/mahon-B-H.jpg,1,Mahon,false,Mahon Family name History & Crest Plaques,Learn the full history of your family with a Family History or a Crest/History Combination. Family History Standard : 16 x 20 cm | 6 x 8 inches. Family Histories and Family Combinations are supplied mounted and ready to frame.,,,,,,,,,,,,,g,,,true,true,,,active
mahoney,Mahoney Family name History & Crest Plaques,<p>Learn the full history of your family with a Family History or a Crest/History Combination.</p><p>Family History Standard : 16 x 20 cm | 6 x 8 inches.&nbsp;</p><p>Family Histories and Family Combinations are supplied mounted and ready to frame.</p>,Irish Family Surnames,Home & Garden > Decor > Decorative Plaques,Decorative Plaques,"Heraldic Irish Family Names, Gifts under €25, Surname M",true,Plaque size,Standard,,,,,2063,0.05,shopify,20,deny,manual,12.45,,true,false,,https://irishfamilysurnames.com/wp-content/uploads/2021/04/mahoney-B-H.jpg,1,Mahoney,false,Mahoney Family name History & Crest Plaques,Learn the full history of your family with a Family History or a Crest/History Combination. Family History Standard : 16 x 20 cm | 6 x 8 inches. Family Histories and Family Combinations are supplied mounted and ready to frame.,,,,,,,,,,,,,g,,,true,true,,,active
mahony,Mahony Family name History & Crest Plaques,<p>Learn the full history of your family with a Family History or a Crest/History Combination.</p><p>Family History Standard : 16 x 20 cm | 6 x 8 inches.&nbsp;</p><p>Family Histories and Family Combinations are supplied mounted and ready to frame.</p>,Irish Family Surnames,Home & Garden > Decor > Decorative Plaques,Decorative Plaques,"Heraldic Irish Family Names, Gifts under €25, Surname M",true,Plaque size,Standard,,,,,2114,0.05,shopify,20,deny,manual,12.45,,true,false,,https://irishfamilysurnames.com/wp-content/uploads/2021/04/mahony-B-H.jpg,1,Mahony,false,Mahony Family name History & Crest Plaques,Learn the full history of your family with a Family History or a Crest/History Combination. Family History Standard : 16 x 20 cm | 6 x 8 inches. Family Histories and Family Combinations are supplied mounted and ready to frame.,,,,,,,,,,,,,g,,,true,true,,,active
malley,Malley Family name History & Crest Plaques,<p>Learn the full history of your family with a Family History or a Crest/History Combination.</p><p>Family History Standard : 16 x 20 cm | 6 x 8 inches.&nbsp;</p><p>Family Histories and Family Combinations are supplied mounted and ready to frame.</p>,Irish Family Surnames,Home & Garden > Decor > Decorative Plaques,Decorative Plaques,"Heraldic Irish Family Names, Gifts under €25, Surname M",true,Plaque size,Standard,,,,,2121,0.05,shopify,20,deny,manual,12.45,,true,false,,https://irishfamilysurnames.com/wp-content/uploads/2021/04/malley-B-H.jpg,1,Malley,false,Malley Family name History & Crest Plaques,Learn the full history of your family with a Family History or a Crest/History Combination. Family History Standard : 16 x 20 cm | 6 x 8 inches. Family Histories and Family Combinations are supplied mounted and ready to frame.,,,,,,,,,,,,,g,,,true,true,,,active
manning,Manning Family name History & Crest Plaques,<p>Learn the full history of your family with a Family History or a Crest/History Combination.</p><p>Family History Standard : 16 x 20 cm | 6 x 8 inches.&nbsp;</p><p>Family Histories and Family Combinations are supplied mounted and ready to frame.</p>,Irish Family Surnames,Home & Garden > Decor > Decorative Plaques,Decorative Plaques,"Heraldic Irish Family Names, Gifts under €25, Surname M",true,Plaque size,Standard,,,,,2135,0.05,shopify,20,deny,manual,12.45,,true,false,,https://irishfamilysurnames.com/wp-content/uploads/2021/04/manning-B-H.jpg,1,Manning,false,Manning Family name History & Crest Plaques,Learn the full history of your family with a Family History or a Crest/History Combination. Family History Standard : 16 x 20 cm | 6 x 8 inches. Family Histories and Family Combinations are supplied mounted and ready to frame.,,,,,,,,,,,,,g,,,true,true,,,active
mara,Mara Family name History & Crest Plaques,<p>Learn the full history of your family with a Family History or a Crest/History Combination.</p><p>Family History Standard : 16 x 20 cm | 6 x 8 inches.&nbsp;</p><p>Family Histories and Family Combinations are supplied mounted and ready to frame.</p>,Irish Family Surnames,Home & Garden > Decor > Decorative Plaques,Decorative Plaques,"Heraldic Irish Family Names, Gifts under €25, Surname M",true,Plaque size,Standard,,,,,2142,0.05,shopify,20,deny,manual,12.45,,true,false,,https://irishfamilysurnames.com/wp-content/uploads/2021/04/mara-B-H.jpg,1,Mara,false,Mara Family name History & Crest Plaques,Learn the full history of your family with a Family History or a Crest/History Combination. Family History Standard : 16 x 20 cm | 6 x 8 inches. Family Histories and Family Combinations are supplied mounted and ready to frame.,,,,,,,,,,,,,g,,,true,true,,,active
martin,Martin Family name History & Crest Plaques,<p>Learn the full history of your family with a Family History or a Crest/History Combination.</p><p>Family History Standard : 16 x 20 cm | 6 x 8 inches.&nbsp;</p><p>Family Histories and Family Combinations are supplied mounted and ready to frame.</p>,Irish Family Surnames,Home & Garden > Decor > Decorative Plaques,Decorative Plaques,"Heraldic Irish Family Names, Gifts under €25, Surname M",true,Plaque size,Standard,,,,,2149,0.05,shopify,20,deny,manual,12.45,,true,false,,https://irishfamilysurnames.com/wp-content/uploads/2021/04/martin-B-H.jpg,1,Martin,false,Martin Family name History & Crest Plaques,Learn the full history of your family with a Family History or a Crest/History Combination. Family History Standard : 16 x 20 cm | 6 x 8 inches. Family Histories and Family Combinations are supplied mounted and ready to frame.,,,,,,,,,,,,,g,,,true,true,,,active
meagher,Meagher Family name History & Crest Plaques,<p>Learn the full history of your family with a Family History or a Crest/History Combination.</p><p>Family History Standard : 16 x 20 cm | 6 x 8 inches.&nbsp;</p><p>Family Histories and Family Combinations are supplied mounted and ready to frame.</p>,Irish Family Surnames,Home & Garden > Decor > Decorative Plaques,Decorative Plaques,"Heraldic Irish Family Names, Gifts under €25, Surname M",true,Plaque size,Standard,,,,,2180,0.05,shopify,20,deny,manual,12.45,,true,false,,https://irishfamilysurnames.com/wp-content/uploads/2021/04/meagher-B-H.jpg,1,Meagher,false,Meagher Family name History & Crest Plaques,Learn the full history of your family with a Family History or a Crest/History Combination. Family History Standard : 16 x 20 cm | 6 x 8 inches. Family Histories and Family Combinations are supplied mounted and ready to frame.,,,,,,,,,,,,,g,,,true,true,,,active
miller,Miller Family name History & Crest Plaques,<p>Learn the full history of your family with a Family History or a Crest/History Combination.</p><p>Family History Standard : 16 x 20 cm | 6 x 8 inches.&nbsp;</p><p>Family Histories and Family Combinations are supplied mounted and ready to frame.</p>,Irish Family Surnames,Home & Garden > Decor > Decorative Plaques,Decorative Plaques,"Heraldic Irish Family Names, Gifts under €25, Surname M",true,Plaque size,Standard,,,,,2201,0.05,shopify,20,deny,manual,12.45,,true,false,,https://irishfamilysurnames.com/wp-content/uploads/2021/04/miller-B-H.jpg,1,Miller,false,Miller Family name History & Crest Plaques,Learn the full history of your family with a Family History or a Crest/History Combination. Family History Standard : 16 x 20 cm | 6 x 8 inches. Family Histories and Family Combinations are supplied mounted and ready to frame.,,,,,,,,,,,,,g,,,true,true,,,active
mitchell,Mitchell Family name History & Crest Plaques,<p>Learn the full history of your family with a Family History or a Crest/History Combination.</p><p>Family History Standard : 16 x 20 cm | 6 x 8 inches.&nbsp;</p><p>Family Histories and Family Combinations are supplied mounted and ready to frame.</p>,Irish Family Surnames,Home & Garden > Decor > Decorative Plaques,Decorative Plaques,"Heraldic Irish Family Names, Gifts under €25, Surname M",true,Plaque size,Standard,,,,,2208,0.05,shopify,20,deny,manual,12.45,,true,false,,https://irishfamilysurnames.com/wp-content/uploads/2021/04/mitchell-B-H.jpg,1,Mitchell,false,Mitchell Family name History & Crest Plaques,Learn the full history of your family with a Family History or a Crest/History Combination. Family History Standard : 16 x 20 cm | 6 x 8 inches. Family Histories and Family Combinations are supplied mounted and ready to frame.,,,,,,,,,,,,,g,,,true,true,,,active
monaghan,Monaghan Family name History & Crest Plaques,<p>Learn the full history of your family with a Family History or a Crest/History Combination.</p><p>Family History Standard : 16 x 20 cm | 6 x 8 inches.&nbsp;</p><p>Family Histories and Family Combinations are supplied mounted and ready to frame.</p>,Irish Family Surnames,Home & Garden > Decor > Decorative Plaques,Decorative Plaques,"Heraldic Irish Family Names, Gifts under €25, Surname M",true,Plaque size,Standard,,,,,2245,0.05,shopify,20,deny,manual,12.45,,true,false,,https://irishfamilysurnames.com/wp-content/uploads/2021/04/monaghan-B-H.jpg,1,Monaghan,false,Monaghan Family name History & Crest Plaques,Learn the full history of your family with a Family History or a Crest/History Combination. Family History Standard : 16 x 20 cm | 6 x 8 inches. Family Histories and Family Combinations are supplied mounted and ready to frame.,,,,,,,,,,,,,g,,,true,true,,,active
mooney,Mooney Family name History & Crest Plaques,<p>Learn the full history of your family with a Family History or a Crest/History Combination.</p><p>Family History Standard : 16 x 20 cm | 6 x 8 inches.&nbsp;</p><p>Family Histories and Family Combinations are supplied mounted and ready to frame.</p>,Irish Family Surnames,Home & Garden > Decor > Decorative Plaques,Decorative Plaques,"Heraldic Irish Family Names, Gifts under €25, Surname M",true,Plaque size,Standard,,,,,2260,0.05,shopify,20,deny,manual,12.45,,true,false,,https://irishfamilysurnames.com/wp-content/uploads/2021/04/mooney-B-H.jpg,1,Mooney,false,Mooney Family name History & Crest Plaques,Learn the full history of your family with a Family History or a Crest/History Combination. Family History Standard : 16 x 20 cm | 6 x 8 inches. Family Histories and Family Combinations are supplied mounted and ready to frame.,,,,,,,,,,,,,g,,,true,true,,,active
moore,Moore Family name History & Crest Plaques,<p>Learn the full history of your family with a Family History or a Crest/History Combination.</p><p>Family History Standard : 16 x 20 cm | 6 x 8 inches.&nbsp;</p><p>Family Histories and Family Combinations are supplied mounted and ready to frame.</p>,Irish Family Surnames,Home & Garden > Decor > Decorative Plaques,Decorative Plaques,"Heraldic Irish Family Names, Gifts under €25, Surname M",true,Plaque size,Standard,,,,,2272,0.05,shopify,20,deny,manual,12.45,,true,false,,https://irishfamilysurnames.com/wp-content/uploads/2021/04/moore-B-H.jpg,1,Moore,false,Moore Family name History & Crest Plaques,Learn the full history of your family with a Family History or a Crest/History Combination. Family History Standard : 16 x 20 cm | 6 x 8 inches. Family Histories and Family Combinations are supplied mounted and ready to frame.,,,,,,,,,,,,,g,,,true,true,,,active
moran,Moran Family name History & Crest Plaques,<p>Learn the full history of your family with a Family History or a Crest/History Combination.</p><p>Family History Standard : 16 x 20 cm | 6 x 8 inches.&nbsp;</p><p>Family Histories and Family Combinations are supplied mounted and ready to frame.</p>,Irish Family Surnames,Home & Garden > Decor > Decorative Plaques,Decorative Plaques,"Heraldic Irish Family Names, Gifts under €25, Surname M",true,Plaque size,Standard,,,,,2283,0.05,shopify,20,deny,manual,12.45,,true,false,,https://irishfamilysurnames.com/wp-content/uploads/2021/04/moran-B-H.jpg,1,Moran,false,Moran Family name History & Crest Plaques,Learn the full history of your family with a Family History or a Crest/History Combination. Family History Standard : 16 x 20 cm | 6 x 8 inches. Family Histories and Family Combinations are supplied mounted and ready to frame.,,,,,,,,,,,,,g,,,true,true,,,active
moriarty,Moriarty Family name History & Crest Plaques,<p>Learn the full history of your family with a Family History or a Crest/History Combination.</p><p>Family History Standard : 16 x 20 cm | 6 x 8 inches.&nbsp;</p><p>Family Histories and Family Combinations are supplied mounted and ready to frame.</p>,Irish Family Surnames,Home & Garden > Decor > Decorative Plaques,Decorative Plaques,"Heraldic Irish Family Names, Gifts under €25, Surname M",true,Plaque size,Standard,,,,,2294,0.05,shopify,20,deny,manual,12.45,,true,false,,https://irishfamilysurnames.com/wp-content/uploads/2021/04/moriarty-B-H.jpg,1,Moriarty,false,Moriarty Family name History & Crest Plaques,Learn the full history of your family with a Family History or a Crest/History Combination. Family History Standard : 16 x 20 cm | 6 x 8 inches. Family Histories and Family Combinations are supplied mounted and ready to frame.,,,,,,,,,,,,,g,,,true,true,,,active
morris,Morris Family name History & Crest Plaques,<p>Learn the full history of your family with a Family History or a Crest/History Combination.</p><p>Family History Standard : 16 x 20 cm | 6 x 8 inches.&nbsp;</p><p>Family Histories and Family Combinations are supplied mounted and ready to frame.</p>,Irish Family Surnames,Home & Garden > Decor > Decorative Plaques,Decorative Plaques,"Heraldic Irish Family Names, Gifts under €25, Surname M",true,Plaque size,Standard,,,,,2305,0.05,shopify,20,deny,manual,12.45,,true,false,,https://irishfamilysurnames.com/wp-content/uploads/2021/04/morris-B-H.jpg,1,Morris,false,Morris Family name History & Crest Plaques,Learn the full history of your family with a Family History or a Crest/History Combination. Family History Standard : 16 x 20 cm | 6 x 8 inches. Family Histories and Family Combinations are supplied mounted and ready to frame.,,,,,,,,,,,,,g,,,true,true,,,active
mullan,Mullan Family name History & Crest Plaques,<p>Learn the full history of your family with a Family History or a Crest/History Combination.</p><p>Family History Standard : 16 x 20 cm | 6 x 8 inches.&nbsp;</p><p>Family Histories and Family Combinations are supplied mounted and ready to frame.</p>,Irish Family Surnames,Home & Garden > Decor > Decorative Plaques,Decorative Plaques,"Heraldic Irish Family Names, Gifts under €25, Surname M",true,Plaque size,Standard,,,,,2316,0.05,shopify,20,deny,manual,12.45,,true,false,,https://irishfamilysurnames.com/wp-content/uploads/2021/04/mullan-B-H.jpg,1,Mullan,false,Mullan Family name History & Crest Plaques,Learn the full history of your family with a Family History or a Crest/History Combination. Family History Standard : 16 x 20 cm | 6 x 8 inches. Family Histories and Family Combinations are supplied mounted and ready to frame.,,,,,,,,,,,,,g,,,true,true,,,active
mulligan,Mulligan Family name History & Crest Plaques,<p>Learn the full history of your family with a Family History or a Crest/History Combination.</p><p>Family History Standard : 16 x 20 cm | 6 x 8 inches.&nbsp;</p><p>Family Histories and Family Combinations are supplied mounted and ready to frame.</p>,Irish Family Surnames,Home & Garden > Decor > Decorative Plaques,Decorative Plaques,"Heraldic Irish Family Names, Gifts under €25, Surname M",true,Plaque size,Standard,,,,,2338,0.05,shopify,20,deny,manual,12.45,,true,false,,https://irishfamilysurnames.com/wp-content/uploads/2021/04/mulligan-B-H.jpg,1,Mulligan,false,Mulligan Family name History & Crest Plaques,Learn the full history of your family with a Family History or a Crest/History Combination. Family History Standard : 16 x 20 cm | 6 x 8 inches. Family Histories and Family Combinations are supplied mounted and ready to frame.,,,,,,,,,,,,,g,,,true,true,,,active
murphy,Murphy Family name History & Crest Plaques,<p>Learn the full history of your family with a Family History or a Crest/History Combination.</p><p>Family History Standard : 16 x 20 cm | 6 x 8 inches.&nbsp;</p><p>Family Histories and Family Combinations are supplied mounted and ready to frame.</p>,Irish Family Surnames,Home & Garden > Decor > Decorative Plaques,Decorative Plaques,"Heraldic Irish Family Names, Gifts under €25, Surname M",true,Plaque size,Standard,,,,,2349,0.05,shopify,20,deny,manual,12.45,,true,false,,https://irishfamilysurnames.com/wp-content/uploads/2021/04/murphy-B-H.jpg,1,Murphy,false,Murphy Family name History & Crest Plaques,Learn the full history of your family with a Family History or a Crest/History Combination. Family History Standard : 16 x 20 cm | 6 x 8 inches. Family Histories and Family Combinations are supplied mounted and ready to frame.,,,,,,,,,,,,,g,,,true,true,,,active
murray,Murray Family name History & Crest Plaques,<p>Learn the full history of your family with a Family History or a Crest/History Combination.</p><p>Family History Standard : 16 x 20 cm | 6 x 8 inches.&nbsp;</p><p>Family Histories and Family Combinations are supplied mounted and ready to frame.</p>,Irish Family Surnames,Home & Garden > Decor > Decorative Plaques,Decorative Plaques,"Heraldic Irish Family Names, Gifts under €25, Surname M",true,Plaque size,Standard,,,,,2360,0.05,shopify,20,deny,manual,12.45,,true,false,,https://irishfamilysurnames.com/wp-content/uploads/2021/04/murray-B-H.jpg,1,Murray,false,Murray Family name History & Crest Plaques,Learn the full history of your family with a Family History or a Crest/History Combination. Family History Standard : 16 x 20 cm | 6 x 8 inches. Family Histories and Family Combinations are supplied mounted and ready to frame.,,,,,,,,,,,,,g,,,true,true,,,active
mcawley,McAwley Family name History & Crest Plaques,<p>Learn the full history of your family with a Family History or a Crest/History Combination.</p><p>Family History Standard : 16 x 20 cm | 6 x 8 inches.&nbsp;</p><p>Family Histories and Family Combinations are supplied mounted and ready to frame.</p>,Irish Family Surnames,Home & Garden > Decor > Decorative Plaques,Decorative Plaques,"Heraldic Irish Family Names, Gifts under €25, Surname M",true,Plaque size,Standard,,,,,2382,0.05,shopify,20,deny,manual,12.45,,true,false,,https://irishfamilysurnames.com/wp-content/uploads/2021/04/mcawley-B-H.jpg,1,McAwley,false,McAwley Family name History & Crest Plaques,Learn the full history of your family with a Family History or a Crest/History Combination. Family History Standard : 16 x 20 cm | 6 x 8 inches. Family Histories and Family Combinations are supplied mounted and ready to frame.,,,,,,,,,,,,,g,,,true,true,,,active
mccabe,McCabe Family name History & Crest Plaques,<p>Learn the full history of your family with a Family History or a Crest/History Combination.</p><p>Family History Standard : 16 x 20 cm | 6 x 8 inches.&nbsp;</p><p>Family Histories and Family Combinations are supplied mounted and ready to frame.</p>,Irish Family Surnames,Home & Garden > Decor > Decorative Plaques,Decorative Plaques,"Heraldic Irish Family Names, Gifts under €25, Surname M",true,Plaque size,Standard,,,,,2393,0.05,shopify,20,deny,manual,12.45,,true,false,,https://irishfamilysurnames.com/wp-content/uploads/2021/04/mccabe-B-H.jpg,1,McCabe,false,McCabe Family name History & Crest Plaques,Learn the full history of your family with a Family History or a Crest/History Combination. Family History Standard : 16 x 20 cm | 6 x 8 inches. Family Histories and Family Combinations are supplied mounted and ready to frame.,,,,,,,,,,,,,g,,,true,true,,,active
mccarthy,McCarthy Family name History & Crest Plaques,<p>Learn the full history of your family with a Family History or a Crest/History Combination.</p><p>Family History Standard : 16 x 20 cm | 6 x 8 inches.&nbsp;</p><p>Family Histories and Family Combinations are supplied mounted and ready to frame.</p>,Irish Family Surnames,Home & Garden > Decor > Decorative Plaques,Decorative Plaques,"Heraldic Irish Family Names, Gifts under €25, Surname M",true,Plaque size,Standard,,,,,2417,0.05,shopify,20,deny,manual,12.45,,true,false,,https://irishfamilysurnames.com/wp-content/uploads/2021/04/mccarthy-B-H.jpg,1,McCarthy,false,McCarthy Family name History & Crest Plaques,Learn the full history of your family with a Family History or a Crest/History Combination. Family History Standard : 16 x 20 cm | 6 x 8 inches. Family Histories and Family Combinations are supplied mounted and ready to frame.,,,,,,,,,,,,,g,,,true,true,,,active
mccormack,McCormack Family name History & Crest Plaques,<p>Learn the full history of your family with a Family History or a Crest/History Combination.</p><p>Family History Standard : 16 x 20 cm | 6 x 8 inches.&nbsp;</p><p>Family Histories and Family Combinations are supplied mounted and ready to frame.</p>,Irish Family Surnames,Home & Garden > Decor > Decorative Plaques,Decorative Plaques,"Heraldic Irish Family Names, Gifts under €25, Surname M",true,Plaque size,Standard,,,,,2428,0.05,shopify,20,deny,manual,12.45,,true,false,,https://irishfamilysurnames.com/wp-content/uploads/2021/04/mccormack-B-H.jpg,1,McCormack,false,McCormack Family name History & Crest Plaques,Learn the full history of your family with a Family History or a Crest/History Combination. Family History Standard : 16 x 20 cm | 6 x 8 inches. Family Histories and Family Combinations are supplied mounted and ready to frame.,,,,,,,,,,,,,g,,,true,true,,,active
mccormick,McCormick Family name History & Crest Plaques,<p>Learn the full history of your family with a Family History or a Crest/History Combination.</p><p>Family History Standard : 16 x 20 cm | 6 x 8 inches.&nbsp;</p><p>Family Histories and Family Combinations are supplied mounted and ready to frame.</p>,Irish Family Surnames,Home & Garden > Decor > Decorative Plaques,Decorative Plaques,"Heraldic Irish Family Names, Gifts under €25, Surname M",true,Plaque size,Standard,,,,,2439,0.05,shopify,20,deny,manual,12.45,,true,false,,https://irishfamilysurnames.com/wp-content/uploads/2021/04/mccormick-B-H.jpg,1,McCormick,false,McCormick Family name History & Crest Plaques,Learn the full history of your family with a Family History or a Crest/History Combination. Family History Standard : 16 x 20 cm | 6 x 8 inches. Family Histories and Family Combinations are supplied mounted and ready to frame.,,,,,,,,,,,,,g,,,true,true,,,active
mcdonagh,McDonagh Family name History & Crest Plaques,<p>Learn the full history of your family with a Family History or a Crest/History Combination.</p><p>Family History Standard : 16 x 20 cm | 6 x 8 inches.&nbsp;</p><p>Family Histories and Family Combinations are supplied mounted and ready to frame.</p>,Irish Family Surnames,Home & Garden > Decor > Decorative Plaques,Decorative Plaques,"Heraldic Irish Family Names, Gifts under €25, Surname M",true,Plaque size,Standard,,,,,2473,0.05,shopify,20,deny,manual,12.45,,true,false,,https://irishfamilysurnames.com/wp-content/uploads/2021/04/mcdonagh-B-H.jpg,1,McDonagh,false,McDonagh Family name History & Crest Plaques,Learn the full history of your family with a Family History or a Crest/History Combination. Family History Standard : 16 x 20 cm | 6 x 8 inches. Family Histories and Family Combinations are supplied mounted and ready to frame.,,,,,,,,,,,,,g,,,true,true,,,active
mcdonald,McDonald Family name History & Crest Plaques,<p>Learn the full history of your family with a Family History or a Crest/History Combination.</p><p>Family History Standard : 16 x 20 cm | 6 x 8 inches.&nbsp;</p><p>Family Histories and Family Combinations are supplied mounted and ready to frame.</p>,Irish Family Surnames,Home & Garden > Decor > Decorative Plaques,Decorative Plaques,"Heraldic Irish Family Names, Gifts under €25, Surname M",true,Plaque size,Standard,,,,,2484,0.05,shopify,20,deny,manual,12.45,,true,false,,https://irishfamilysurnames.com/wp-content/uploads/2021/04/mcdonald-B-H.jpg,1,McDonald,false,McDonald Family name History & Crest Plaques,Learn the full history of your family with a Family History or a Crest/History Combination. Family History Standard : 16 x 20 cm | 6 x 8 inches. Family Histories and Family Combinations are supplied mounted and ready to frame.,,,,,,,,,,,,,g,,,true,true,,,active
mcdonnell,McDonnell Family name History & Crest Plaques,<p>Learn the full history of your family with a Family History or a Crest/History Combination.</p><p>Family History Standard : 16 x 20 cm | 6 x 8 inches.&nbsp;</p><p>Family Histories and Family Combinations are supplied mounted and ready to frame.</p>,Irish Family Surnames,Home & Garden > Decor > Decorative Plaques,Decorative Plaques,"Heraldic Irish Family Names, Gifts under €25, Surname M",true,Plaque size,Standard,,,,,2495,0.05,shopify,20,deny,manual,12.45,,true,false,,https://irishfamilysurnames.com/wp-content/uploads/2021/04/mcdonnell-B-H.jpg,1,McDonnell,false,McDonnell Family name History & Crest Plaques,Learn the full history of your family with a Family History or a Crest/History Combination. Family History Standard : 16 x 20 cm | 6 x 8 inches. Family Histories and Family Combinations are supplied mounted and ready to frame.,,,,,,,,,,,,,g,,,true,true,,,active
mcdowell,McDowell Family name History & Crest Plaques,<p>Learn the full history of your family with a Family History or a Crest/History Combination.</p><p>Family History Standard : 16 x 20 cm | 6 x 8 inches.&nbsp;</p><p>Family Histories and Family Combinations are supplied mounted and ready to frame.</p>,Irish Family Surnames,Home & Garden > Decor > Decorative Plaques,Decorative Plaques,"Heraldic Irish Family Names, Gifts under €25, Surname M",true,Plaque size,Standard,,,,,2506,0.05,shopify,20,deny,manual,12.45,,true,false,,https://irishfamilysurnames.com/wp-content/uploads/2021/04/mcdowell-B-H.jpg,1,McDowell,false,McDowell Family name History & Crest Plaques,Learn the full history of your family with a Family History or a Crest/History Combination. Family History Standard : 16 x 20 cm | 6 x 8 inches. Family Histories and Family Combinations are supplied mounted and ready to frame.,,,,,,,,,,,,,g,,,true,true,,,active
mcelroy,McElroy Family name History & Crest Plaques,<p>Learn the full history of your family with a Family History or a Crest/History Combination.</p><p>Family History Standard : 16 x 20 cm | 6 x 8 inches.&nbsp;</p><p>Family Histories and Family Combinations are supplied mounted and ready to frame.</p>,Irish Family Surnames,Home & Garden > Decor > Decorative Plaques,Decorative Plaques,"Heraldic Irish Family Names, Gifts under €25, Surname M",true,Plaque size,Standard,,,,,2518,0.05,shopify,20,deny,manual,12.45,,true,false,,https://irishfamilysurnames.com/wp-content/uploads/2021/04/mcelroy-B-H.jpg,1,McElroy,false,McElroy Family name History & Crest Plaques,Learn the full history of your family with a Family History or a Crest/History Combination. Family History Standard : 16 x 20 cm | 6 x 8 inches. Family Histories and Family Combinations are supplied mounted and ready to frame.,,,,,,,,,,,,,g,,,true,true,,,active
mcgee,McGee Family name History & Crest Plaques,<p>Learn the full history of your family with a Family History or a Crest/History Combination.</p><p>Family History Standard : 16 x 20 cm | 6 x 8 inches.&nbsp;</p><p>Family Histories and Family Combinations are supplied mounted and ready to frame.</p>,Irish Family Surnames,Home & Garden > Decor > Decorative Plaques,Decorative Plaques,"Heraldic Irish Family Names, Gifts under €25, Surname M",true,Plaque size,Standard,,,,,2541,0.05,shopify,20,deny,manual,12.45,,true,false,,https://irishfamilysurnames.com/wp-content/uploads/2021/04/mcgee-B-H.jpg,1,McGee,false,McGee Family name History & Crest Plaques,Learn the full history of your family with a Family History or a Crest/History Combination. Family History Standard : 16 x 20 cm | 6 x 8 inches. Family Histories and Family Combinations are supplied mounted and ready to frame.,,,,,,,,,,,,,g,,,true,true,,,active
mcginley,McGinley Family name History & Crest Plaques,<p>Learn the full history of your family with a Family History or a Crest/History Combination.</p><p>Family History Standard : 16 x 20 cm | 6 x 8 inches.&nbsp;</p><p>Family Histories and Family Combinations are supplied mounted and ready to frame.</p>,Irish Family Surnames,Home & Garden > Decor > Decorative Plaques,Decorative Plaques,"Heraldic Irish Family Names, Gifts under €25, Surname M",true,Plaque size,Standard,,,,,2552,0.05,shopify,20,deny,manual,12.45,,true,false,,https://irishfamilysurnames.com/wp-content/uploads/2021/04/mcginley-B-H.jpg,1,McGinley,false,McGinley Family name History & Crest Plaques,Learn the full history of your family with a Family History or a Crest/History Combination. Family History Standard : 16 x 20 cm | 6 x 8 inches. Family Histories and Family Combinations are supplied mounted and ready to frame.,,,,,,,,,,,,,g,,,true,true,,,active
mcgovern,McGovern Family name History & Crest Plaques,<p>Learn the full history of your family with a Family History or a Crest/History Combination.</p><p>Family History Standard : 16 x 20 cm | 6 x 8 inches.&nbsp;</p><p>Family Histories and Family Combinations are supplied mounted and ready to frame.</p>,Irish Family Surnames,Home & Garden > Decor > Decorative Plaques,Decorative Plaques,"Heraldic Irish Family Names, Gifts under €25, Surname M",true,Plaque size,Standard,,,,,2563,0.05,shopify,20,deny,manual,12.45,,true,false,,https://irishfamilysurnames.com/wp-content/uploads/2021/04/mcgovern-B-H.jpg,1,McGovern,false,McGovern Family name History & Crest Plaques,Learn the full history of your family with a Family History or a Crest/History Combination. Family History Standard : 16 x 20 cm | 6 x 8 inches. Family Histories and Family Combinations are supplied mounted and ready to frame.,,,,,,,,,,,,,g,,,true,true,,,active
mcgowan,McGowan Family name History & Crest Plaques,<p>Learn the full history of your family with a Family History or a Crest/History Combination.</p><p>Family History Standard : 16 x 20 cm | 6 x 8 inches.&nbsp;</p><p>Family Histories and Family Combinations are supplied mounted and ready to frame.</p>,Irish Family Surnames,Home & Garden > Decor > Decorative Plaques,Decorative Plaques,"Heraldic Irish Family Names, Gifts under €25, Surname M",true,Plaque size,Standard,,,,,2574,0.05,shopify,20,deny,manual,12.45,,true,false,,https://irishfamilysurnames.com/wp-content/uploads/2021/04/mcgowan-B-H.jpg,1,McGowan,false,McGowan Family name History & Crest Plaques,Learn the full history of your family with a Family History or a Crest/History Combination. Family History Standard : 16 x 20 cm | 6 x 8 inches. Family Histories and Family Combinations are supplied mounted and ready to frame.,,,,,,,,,,,,,g,,,true,true,,,active
mcgrath,McGrath Family name History & Crest Plaques,<p>Learn the full history of your family with a Family History or a Crest/History Combination.</p><p>Family History Standard : 16 x 20 cm | 6 x 8 inches.&nbsp;</p><p>Family Histories and Family Combinations are supplied mounted and ready to frame.</p>,Irish Family Surnames,Home & Garden > Decor > Decorative Plaques,Decorative Plaques,"Heraldic Irish Family Names, Gifts under €25, Surname M",true,Plaque size,Standard,,,,,2586,0.05,shopify,20,deny,manual,12.45,,true,false,,https://irishfamilysurnames.com/wp-content/uploads/2021/04/mcgrath-B-H.jpg,1,McGrath,false,McGrath Family name History & Crest Plaques,Learn the full history of your family with a Family History or a Crest/History Combination. Family History Standard : 16 x 20 cm | 6 x 8 inches. Family Histories and Family Combinations are supplied mounted and ready to frame.,,,,,,,,,,,,,g,,,true,true,,,active
mcguinness,McGuinness Family name History & Crest Plaques,<p>Learn the full history of your family with a Family History or a Crest/History Combination.</p><p>Family History Standard : 16 x 20 cm | 6 x 8 inches.&nbsp;</p><p>Family Histories and Family Combinations are supplied mounted and ready to frame.</p>,Irish Family Surnames,Home & Garden > Decor > Decorative Plaques,Decorative Plaques,"Heraldic Irish Family Names, Gifts under €25, Surname M",true,Plaque size,Standard,,,,,2597,0.05,shopify,20,deny,manual,12.45,,true,false,,https://irishfamilysurnames.com/wp-content/uploads/2021/04/mcguinness-B-H.jpg,1,McGuinness,false,McGuinness Family name History & Crest Plaques,Learn the full history of your family with a Family History or a Crest/History Combination. Family History Standard : 16 x 20 cm | 6 x 8 inches. Family Histories and Family Combinations are supplied mounted and ready to frame.,,,,,,,,,,,,,g,,,true,true,,,active
mcguire,McGuire Family name History & Crest Plaques,<p>Learn the full history of your family with a Family History or a Crest/History Combination.</p><p>Family History Standard : 16 x 20 cm | 6 x 8 inches.&nbsp;</p><p>Family Histories and Family Combinations are supplied mounted and ready to frame.</p>,Irish Family Surnames,Home & Garden > Decor > Decorative Plaques,Decorative Plaques,"Heraldic Irish Family Names, Gifts under €25, Surname M",true,Plaque size,Standard,,,,,2608,0.05,shopify,20,deny,manual,12.45,,true,false,,https://irishfamilysurnames.com/wp-content/uploads/2021/04/mcguire-B-H.jpg,1,McGuire,false,McGuire Family name History & Crest Plaques,Learn the full history of your family with a Family History or a Crest/History Combination. Family History Standard : 16 x 20 cm | 6 x 8 inches. Family Histories and Family Combinations are supplied mounted and ready to frame.,,,,,,,,,,,,,g,,,true,true,,,active
mcinerney,McInerney Family name History & Crest Plaques,<p>Learn the full history of your family with a Family History or a Crest/History Combination.</p><p>Family History Standard : 16 x 20 cm | 6 x 8 inches.&nbsp;</p><p>Family Histories and Family Combinations are supplied mounted and ready to frame.</p>,Irish Family Surnames,Home & Garden > Decor > Decorative Plaques,Decorative Plaques,"Heraldic Irish Family Names, Gifts under €25, Surname M",true,Plaque size,Standard,,,,,2632,0.05,shopify,20,deny,manual,12.45,,true,false,,https://irishfamilysurnames.com/wp-content/uploads/2021/04/mcinerney-B-H.jpg,1,McInerney,false,McInerney Family name History & Crest Plaques,Learn the full history of your family with a Family History or a Crest/History Combination. Family History Standard : 16 x 20 cm | 6 x 8 inches. Family Histories and Family Combinations are supplied mounted and ready to frame.,,,,,,,,,,,,,g,,,true,true,,,active
mckee,McKee Family name History & Crest Plaques,<p>Learn the full history of your family with a Family History or a Crest/History Combination.</p><p>Family History Standard : 16 x 20 cm | 6 x 8 inches.&nbsp;</p><p>Family Histories and Family Combinations are supplied mounted and ready to frame.</p>,Irish Family Surnames,Home & Garden > Decor > Decorative Plaques,Decorative Plaques,"Heraldic Irish Family Names, Gifts under €25, Surname M",true,Plaque size,Standard,,,,,2643,0.05,shopify,20,deny,manual,12.45,,true,false,,https://irishfamilysurnames.com/wp-content/uploads/2021/04/mckee-B-H.jpg,1,McKee,false,McKee Family name History & Crest Plaques,Learn the full history of your family with a Family History or a Crest/History Combination. Family History Standard : 16 x 20 cm | 6 x 8 inches. Family Histories and Family Combinations are supplied mounted and ready to frame.,,,,,,,,,,,,,g,,,true,true,,,active
mckenna,McKenna Family name History & Crest Plaques,<p>Learn the full history of your family with a Family History or a Crest/History Combination.</p><p>Family History Standard : 16 x 20 cm | 6 x 8 inches.&nbsp;</p><p>Family Histories and Family Combinations are supplied mounted and ready to frame.</p>,Irish Family Surnames,Home & Garden > Decor > Decorative Plaques,Decorative Plaques,"Heraldic Irish Family Names, Gifts under €25, Surname M",true,Plaque size,Standard,,,,,2670,0.05,shopify,20,deny,manual,12.45,,true,false,,https://irishfamilysurnames.com/wp-content/uploads/2021/04/mckenna-B-H.jpg,1,McKenna,false,McKenna Family name History & Crest Plaques,Learn the full history of your family with a Family History or a Crest/History Combination. Family History Standard : 16 x 20 cm | 6 x 8 inches. Family Histories and Family Combinations are supplied mounted and ready to frame.,,,,,,,,,,,,,g,,,true,true,,,active
mckeogh,McKeogh Family name History & Crest Plaques,<p>Learn the full history of your family with a Family History or a Crest/History Combination.</p><p>Family History Standard : 16 x 20 cm | 6 x 8 inches.&nbsp;</p><p>Family Histories and Family Combinations are supplied mounted and ready to frame.</p>,Irish Family Surnames,Home & Garden > Decor > Decorative Plaques,Decorative Plaques,"Heraldic Irish Family Names, Gifts under €25, Surname M",true,Plaque size,Standard,,,,,2677,0.05,shopify,20,deny,manual,12.45,,true,false,,https://irishfamilysurnames.com/wp-content/uploads/2021/04/mckeogh-B-H.jpg,1,McKeogh,false,McKeogh Family name History & Crest Plaques,Learn the full history of your family with a Family History or a Crest/History Combination. Family History Standard : 16 x 20 cm | 6 x 8 inches. Family Histories and Family Combinations are supplied mounted and ready to frame.,,,,,,,,,,,,,g,,,true,true,,,active
mclaughlin,McLaughlin Family name History & Crest Plaques,<p>Learn the full history of your family with a Family History or a Crest/History Combination.</p><p>Family History Standard : 16 x 20 cm | 6 x 8 inches.&nbsp;</p><p>Family Histories and Family Combinations are supplied mounted and ready to frame.</p>,Irish Family Surnames,Home & Garden > Decor > Decorative Plaques,Decorative Plaques,"Heraldic Irish Family Names, Gifts under €25, Surname M",true,Plaque size,Standard,,,,,2684,0.05,shopify,20,deny,manual,12.45,,true,false,,https://irishfamilysurnames.com/wp-content/uploads/2021/04/mclaughlin-B-H.jpg,1,McLaughlin,false,McLaughlin Family name History & Crest Plaques,Learn the full history of your family with a Family History or a Crest/History Combination. Family History Standard : 16 x 20 cm | 6 x 8 inches. Family Histories and Family Combinations are supplied mounted and ready to frame.,,,,,,,,,,,,,g,,,true,true,,,active
mcloughlin,McLoughlin Family name History & Crest Plaques,<p>Learn the full history of your family with a Family History or a Crest/History Combination.</p><p>Family History Standard : 16 x 20 cm | 6 x 8 inches.&nbsp;</p><p>Family Histories and Family Combinations are supplied mounted and ready to frame.</p>,Irish Family Surnames,Home & Garden > Decor > Decorative Plaques,Decorative Plaques,"Heraldic Irish Family Names, Gifts under €25, Surname M",true,Plaque size,Standard,,,,,2691,0.05,shopify,20,deny,manual,12.45,,true,false,,https://irishfamilysurnames.com/wp-content/uploads/2021/04/mcloughlin-B-H.jpg,1,McLoughlin,false,McLoughlin Family name History & Crest Plaques,Learn the full history of your family with a Family History or a Crest/History Combination. Family History Standard : 16 x 20 cm | 6 x 8 inches. Family Histories and Family Combinations are supplied mounted and ready to frame.,,,,,,,,,,,,,g,,,true,true,,,active
mcmahon,McMahon Family name History & Crest Plaques,<p>Learn the full history of your family with a Family History or a Crest/History Combination.</p><p>Family History Standard : 16 x 20 cm | 6 x 8 inches.&nbsp;</p><p>Family Histories and Family Combinations are supplied mounted and ready to frame.</p>,Irish Family Surnames,Home & Garden > Decor > Decorative Plaques,Decorative Plaques,"Heraldic Irish Family Names, Gifts under €25, Surname M",true,Plaque size,Standard,,,,,2698,0.05,shopify,20,deny,manual,12.45,,true,false,,https://irishfamilysurnames.com/wp-content/uploads/2021/04/mcmahon-B-H.jpg,1,McMahon,false,McMahon Family name History & Crest Plaques,Learn the full history of your family with a Family History or a Crest/History Combination. Family History Standard : 16 x 20 cm | 6 x 8 inches. Family Histories and Family Combinations are supplied mounted and ready to frame.,,,,,,,,,,,,,g,,,true,true,,,active
mcmanus,McManus Family name History & Crest Plaques,<p>Learn the full history of your family with a Family History or a Crest/History Combination.</p><p>Family History Standard : 16 x 20 cm | 6 x 8 inches.&nbsp;</p><p>Family Histories and Family Combinations are supplied mounted and ready to frame.</p>,Irish Family Surnames,Home & Garden > Decor > Decorative Plaques,Decorative Plaques,"Heraldic Irish Family Names, Gifts under €25, Surname M",true,Plaque size,Standard,,,,,2725,0.05,shopify,20,deny,manual,12.45,,true,false,,https://irishfamilysurnames.com/wp-content/uploads/2021/04/mcmanus-B-H.jpg,1,McManus,false,McManus Family name History & Crest Plaques,Learn the full history of your family with a Family History or a Crest/History Combination. Family History Standard : 16 x 20 cm | 6 x 8 inches. Family Histories and Family Combinations are supplied mounted and ready to frame.,,,,,,,,,,,,,g,,,true,true,,,active
mcnally,McNally Family name History & Crest Plaques,<p>Learn the full history of your family with a Family History or a Crest/History Combination.</p><p>Family History Standard : 16 x 20 cm | 6 x 8 inches.&nbsp;</p><p>Family Histories and Family Combinations are supplied mounted and ready to frame.</p>,Irish Family Surnames,Home & Garden > Decor > Decorative Plaques,Decorative Plaques,"Heraldic Irish Family Names, Gifts under €25, Surname M",true,Plaque size,Standard,,,,,2732,0.05,shopify,20,deny,manual,12.45,,true,false,,https://irishfamilysurnames.com/wp-content/uploads/2021/04/mcnally-B-H.jpg,1,McNally,false,McNally Family name History & Crest Plaques,Learn the full history of your family with a Family History or a Crest/History Combination. Family History Standard : 16 x 20 cm | 6 x 8 inches. Family Histories and Family Combinations are supplied mounted and ready to frame.,,,,,,,,,,,,,g,,,true,true,,,active
mcnamara,McNamara Family name History & Crest Plaques,<p>Learn the full history of your family with a Family History or a Crest/History Combination.</p><p>Family History Standard : 16 x 20 cm | 6 x 8 inches.&nbsp;</p><p>Family Histories and Family Combinations are supplied mounted and ready to frame.</p>,Irish Family Surnames,Home & Garden > Decor > Decorative Plaques,Decorative Plaques,"Heraldic Irish Family Names, Gifts under €25, Surname M",true,Plaque size,Standard,,,,,2739,0.05,shopify,20,deny,manual,12.45,,true,false,,https://irishfamilysurnames.com/wp-content/uploads/2021/04/mcnamara-B-H.jpg,1,McNamara,false,McNamara Family name History & Crest Plaques,Learn the full history of your family with a Family History or a Crest/History Combination. Family History Standard : 16 x 20 cm | 6 x 8 inches. Family Histories and Family Combinations are supplied mounted and ready to frame.,,,,,,,,,,,,,g,,,true,true,,,active
mcsweeney,McSweeney Family name History & Crest Plaques,<p>Learn the full history of your family with a Family History or a Crest/History Combination.</p><p>Family History Standard : 16 x 20 cm | 6 x 8 inches.&nbsp;</p><p>Family Histories and Family Combinations are supplied mounted and ready to frame.</p>,Irish Family Surnames,Home & Garden > Decor > Decorative Plaques,Decorative Plaques,"Heraldic Irish Family Names, Gifts under €25, Surname M",true,Plaque size,Standard,,,,,2746,0.05,shopify,20,deny,manual,12.45,,true,false,,https://irishfamilysurnames.com/wp-content/uploads/2021/04/mcsweeney-B-H.jpg,1,McSweeney,false,McSweeney Family name History & Crest Plaques,Learn the full history of your family with a Family History or a Crest/History Combination. Family History Standard : 16 x 20 cm | 6 x 8 inches. Family Histories and Family Combinations are supplied mounted and ready to frame.,,,,,,,,,,,,,g,,,true,true,,,active
power,Power Family name History & Crest Plaques,<p>Learn the full history of your family with a Family History or a Crest/History Combination.</p><p>Family History Standard : 16 x 20 cm | 6 x 8 inches.&nbsp;</p><p>Family Histories and Family Combinations are supplied mounted and ready to frame.</p>,Irish Family Surnames,Home & Garden > Decor > Decorative Plaques,Decorative Plaques,"Heraldic Irish Family Names, Gifts under €25, Surname P",true,Plaque size,Standard,,,,,2801,0.05,shopify,20,deny,manual,12.45,,true,false,,https://irishfamilysurnames.com/wp-content/uploads/2021/04/power-B-H.jpg,1,Power,false,Power Family name History & Crest Plaques,Learn the full history of your family with a Family History or a Crest/History Combination. Family History Standard : 16 x 20 cm | 6 x 8 inches. Family Histories and Family Combinations are supplied mounted and ready to frame.,,,,,,,,,,,,,g,,,true,true,,,active
reagan,Reagan Family name History & Crest Plaques,<p>Learn the full history of your family with a Family History or a Crest/History Combination.</p><p>Family History Standard : 16 x 20 cm | 6 x 8 inches.&nbsp;</p><p>Family Histories and Family Combinations are supplied mounted and ready to frame.</p>,Irish Family Surnames,Home & Garden > Decor > Decorative Plaques,Decorative Plaques,"Heraldic Irish Family Names, Gifts under €25, Surname R",true,Plaque size,Standard,,,,,2856,0.05,shopify,20,deny,manual,12.45,,true,false,,https://irishfamilysurnames.com/wp-content/uploads/2021/04/reagan-B-H.jpg,1,Reagan,false,Reagan Family name History & Crest Plaques,Learn the full history of your family with a Family History or a Crest/History Combination. Family History Standard : 16 x 20 cm | 6 x 8 inches. Family Histories and Family Combinations are supplied mounted and ready to frame.,,,,,,,,,,,,,g,,,true,true,,,active
reardon,Reardon Family name History & Crest Plaques,<p>Learn the full history of your family with a Family History or a Crest/History Combination.</p><p>Family History Standard : 16 x 20 cm | 6 x 8 inches.&nbsp;</p><p>Family Histories and Family Combinations are supplied mounted and ready to frame.</p>,Irish Family Surnames,Home & Garden > Decor > Decorative Plaques,Decorative Plaques,"Heraldic Irish Family Names, Gifts under €25, Surname R",true,Plaque size,Standard,,,,,2867,0.05,shopify,20,deny,manual,12.45,,true,false,,https://irishfamilysurnames.com/wp-content/uploads/2021/04/reardon-B-H.jpg,1,Reardon,false,Reardon Family name History & Crest Plaques,Learn the full history of your family with a Family History or a Crest/History Combination. Family History Standard : 16 x 20 cm | 6 x 8 inches. Family Histories and Family Combinations are supplied mounted and ready to frame.,,,,,,,,,,,,,g,,,true,true,,,active
redmond,Redmond Family name History & Crest Plaques,<p>Learn the full history of your family with a Family History or a Crest/History Combination.</p><p>Family History Standard : 16 x 20 cm | 6 x 8 inches.&nbsp;</p><p>Family Histories and Family Combinations are supplied mounted and ready to frame.</p>,Irish Family Surnames,Home & Garden > Decor > Decorative Plaques,Decorative Plaques,"Heraldic Irish Family Names, Gifts under €25, Surname R",true,Plaque size,Standard,,,,,2878,0.05,shopify,20,deny,manual,12.45,,true,false,,https://irishfamilysurnames.com/wp-content/uploads/2021/04/redmond-B-H.jpg,1,Redmond,false,Redmond Family name History & Crest Plaques,Learn the full history of your family with a Family History or a Crest/History Combination. Family History Standard : 16 x 20 cm | 6 x 8 inches. Family Histories and Family Combinations are supplied mounted and ready to frame.,,,,,,,,,,,,,g,,,true,true,,,active
regan,Regan Family name History & Crest Plaques,<p>Learn the full history of your family with a Family History or a Crest/History Combination.</p><p>Family History Standard : 16 x 20 cm | 6 x 8 inches.&nbsp;</p><p>Family Histories and Family Combinations are supplied mounted and ready to frame.</p>,Irish Family Surnames,Home & Garden > Decor > Decorative Plaques,Decorative Plaques,"Heraldic Irish Family Names, Gifts under €25, Surname R",true,Plaque size,Standard,,,,,2890,0.05,shopify,20,deny,manual,12.45,,true,false,,https://irishfamilysurnames.com/wp-content/uploads/2021/04/regan-B-H.jpg,1,Regan,false,Regan Family name History & Crest Plaques,Learn the full history of your family with a Family History or a Crest/History Combination. Family History Standard : 16 x 20 cm | 6 x 8 inches. Family Histories and Family Combinations are supplied mounted and ready to frame.,,,,,,,,,,,,,g,,,true,true,,,active
reynolds,Reynolds Family name History & Crest Plaques,<p>Learn the full history of your family with a Family History or a Crest/History Combination.</p><p>Family History Standard : 16 x 20 cm | 6 x 8 inches.&nbsp;</p><p>Family Histories and Family Combinations are supplied mounted and ready to frame.</p>,Irish Family Surnames,Home & Garden > Decor > Decorative Plaques,Decorative Plaques,"Heraldic Irish Family Names, Gifts under €25, Surname R",true,Plaque size,Standard,,,,,2927,0.05,shopify,20,deny,manual,12.45,,true,false,,https://irishfamilysurnames.com/wp-content/uploads/2021/04/reynolds-B-H.jpg,1,Reynolds,false,Reynolds Family name History & Crest Plaques,Learn the full history of your family with a Family History or a Crest/History Combination. Family History Standard : 16 x 20 cm | 6 x 8 inches. Family Histories and Family Combinations are supplied mounted and ready to frame.,,,,,,,,,,,,,g,,,true,true,,,active
roche,Roche Family name History & Crest Plaques,<p>Learn the full history of your family with a Family History or a Crest/History Combination.</p><p>Family History Standard : 16 x 20 cm | 6 x 8 inches.&nbsp;</p><p>Family Histories and Family Combinations are supplied mounted and ready to frame.</p>,Irish Family Surnames,Home & Garden > Decor > Decorative Plaques,Decorative Plaques,"Heraldic Irish Family Names, Gifts under €25, Surname R",true,Plaque size,Standard,,,,,2983,0.05,shopify,20,deny,manual,12.45,,true,false,,https://irishfamilysurnames.com/wp-content/uploads/2021/04/roche-B-H.jpg,1,Roche,false,Roche Family name History & Crest Plaques,Learn the full history of your family with a Family History or a Crest/History Combination. Family History Standard : 16 x 20 cm | 6 x 8 inches. Family Histories and Family Combinations are supplied mounted and ready to frame.,,,,,,,,,,,,,g,,,true,true,,,active
rooney,Rooney Family name History & Crest Plaques,<p>Learn the full history of your family with a Family History or a Crest/History Combination.</p><p>Family History Standard : 16 x 20 cm | 6 x 8 inches.&nbsp;</p><p>Family Histories and Family Combinations are supplied mounted and ready to frame.</p>,Irish Family Surnames,Home & Garden > Decor > Decorative Plaques,Decorative Plaques,"Heraldic Irish Family Names, Gifts under €25, Surname R",true,Plaque size,Standard,,,,,2994,0.05,shopify,20,deny,manual,12.45,,true,false,,https://irishfamilysurnames.com/wp-content/uploads/2021/04/rooney-B-H.jpg,1,Rooney,false,Rooney Family name History & Crest Plaques,Learn the full history of your family with a Family History or a Crest/History Combination. Family History Standard : 16 x 20 cm | 6 x 8 inches. Family Histories and Family Combinations are supplied mounted and ready to frame.,,,,,,,,,,,,,g,,,true,true,,,active
rourke,Rourke Family name History & Crest Plaques,<p>Learn the full history of your family with a Family History or a Crest/History Combination.</p><p>Family History Standard : 16 x 20 cm | 6 x 8 inches.&nbsp;</p><p>Family Histories and Family Combinations are supplied mounted and ready to frame.</p>,Irish Family Surnames,Home & Garden > Decor > Decorative Plaques,Decorative Plaques,"Heraldic Irish Family Names, Gifts under €25, Surname R",true,Plaque size,Standard,,,,,3005,0.05,shopify,20,deny,manual,12.45,,true,false,,https://irishfamilysurnames.com/wp-content/uploads/2021/04/rourke-B-H.jpg,1,Rourke,false,Rourke Family name History & Crest Plaques,Learn the full history of your family with a Family History or a Crest/History Combination. Family History Standard : 16 x 20 cm | 6 x 8 inches. Family Histories and Family Combinations are supplied mounted and ready to frame.,,,,,,,,,,,,,g,,,true,true,,,active
russell,Russell Family name History & Crest Plaques,<p>Learn the full history of your family with a Family History or a Crest/History Combination.</p><p>Family History Standard : 16 x 20 cm | 6 x 8 inches.&nbsp;</p><p>Family Histories and Family Combinations are supplied mounted and ready to frame.</p>,Irish Family Surnames,Home & Garden > Decor > Decorative Plaques,Decorative Plaques,"Heraldic Irish Family Names, Gifts under €25, Surname R",true,Plaque size,Standard,,,,,3017,0.05,shopify,20,deny,manual,12.45,,true,false,,https://irishfamilysurnames.com/wp-content/uploads/2021/04/russell-B-H.jpg,1,Russell,false,Russell Family name History & Crest Plaques,Learn the full history of your family with a Family History or a Crest/History Combination. Family History Standard : 16 x 20 cm | 6 x 8 inches. Family Histories and Family Combinations are supplied mounted and ready to frame.,,,,,,,,,,,,,g,,,true,true,,,active
ryan,Ryan Family name History & Crest Plaques,<p>Learn the full history of your family with a Family History or a Crest/History Combination.</p><p>Family History Standard : 16 x 20 cm | 6 x 8 inches.&nbsp;</p><p>Family Histories and Family Combinations are supplied mounted and ready to frame.</p>,Irish Family Surnames,Home & Garden > Decor > Decorative Plaques,Decorative Plaques,"Heraldic Irish Family Names, Gifts under €25, Surname R",true,Plaque size,Standard,,,,,3030,0.05,shopify,20,deny,manual,12.45,,true,false,,https://irishfamilysurnames.com/wp-content/uploads/2021/04/ryan-B-H.jpg,1,Ryan,false,Ryan Family name History & Crest Plaques,Learn the full history of your family with a Family History or a Crest/History Combination. Family History Standard : 16 x 20 cm | 6 x 8 inches. Family Histories and Family Combinations are supplied mounted and ready to frame.,,,,,,,,,,,,,g,,,true,true,,,active
butler,Butler Family name History & Crest Plaques,<p>Learn the full history of your family with a Family History or a Crest/History Combination.</p><p>Family History Standard : 16 x 20 cm | 6 x 8 inches.&nbsp;</p><p>Family Histories and Family Combinations are supplied mounted and ready to frame.</p>,Irish Family Surnames,Home & Garden > Decor > Decorative Plaques,Decorative Plaques,"Heraldic Irish Family Names, Gifts under €25, Surname B",true,Plaque size,Standard,,,,,3308,0.05,shopify,20,deny,manual,12.45,,true,false,,https://irishfamilysurnames.com/wp-content/uploads/2021/04/butler-B-H.jpg,1,Butler,false,Butler Family name History & Crest Plaques,Learn the full history of your family with a Family History or a Crest/History Combination. Family History Standard : 16 x 20 cm | 6 x 8 inches. Family Histories and Family Combinations are supplied mounted and ready to frame.,,,,,,,,,,,,,g,,,true,true,,,active
byrne,Byrne Family name History & Crest Plaques,<p>Learn the full history of your family with a Family History or a Crest/History Combination.</p><p>Family History Standard : 16 x 20 cm | 6 x 8 inches.&nbsp;</p><p>Family Histories and Family Combinations are supplied mounted and ready to frame.</p>,Irish Family Surnames,Home & Garden > Decor > Decorative Plaques,Decorative Plaques,"Heraldic Irish Family Names, Gifts under €25, Surname B",true,Plaque size,Standard,,,,,3319,0.05,shopify,20,deny,manual,12.45,,true,false,,https://irishfamilysurnames.com/wp-content/uploads/2021/04/byrne-B-H.jpg,1,Byrne,false,Byrne Family name History & Crest Plaques,Learn the full history of your family with a Family History or a Crest/History Combination. Family History Standard : 16 x 20 cm | 6 x 8 inches. Family Histories and Family Combinations are supplied mounted and ready to frame.,,,,,,,,,,,,,g,,,true,true,,,active
burns,Burns Family name History & Crest Plaques,<p>Learn the full history of your family with a Family History or a Crest/History Combination.</p><p>Family History Standard : 16 x 20 cm | 6 x 8 inches.&nbsp;</p><p>Family Histories and Family Combinations are supplied mounted and ready to frame.</p>,Irish Family Surnames,Home & Garden > Decor > Decorative Plaques,Decorative Plaques,"Heraldic Irish Family Names, Gifts under €25, Surname B",true,Plaque size,Standard,,,,,3297,0.05,shopify,20,deny,manual,12.45,,true,false,,https://irishfamilysurnames.com/wp-content/uploads/2021/04/burns-B-H.jpg,1,Burns,false,Burns Family name History & Crest Plaques,Learn the full history of your family with a Family History or a Crest/History Combination. Family History Standard : 16 x 20 cm | 6 x 8 inches. Family Histories and Family Combinations are supplied mounted and ready to frame.,,,,,,,,,,,,,g,,,true,true,,,active
burke,Burke Family name History & Crest Plaques,<p>Learn the full history of your family with a Family History or a Crest/History Combination.</p><p>Family History Standard : 16 x 20 cm | 6 x 8 inches.&nbsp;</p><p>Family Histories and Family Combinations are supplied mounted and ready to frame.</p>,Irish Family Surnames,Home & Garden > Decor > Decorative Plaques,Decorative Plaques,"Heraldic Irish Family Names, Gifts under €25, Surname B",true,Plaque size,Standard,,,,,3286,0.05,shopify,20,deny,manual,12.45,,true,false,,https://irishfamilysurnames.com/wp-content/uploads/2021/04/burke-B-H.jpg,1,Burke,false,Burke Family name History & Crest Plaques,Learn the full history of your family with a Family History or a Crest/History Combination. Family History Standard : 16 x 20 cm | 6 x 8 inches. Family Histories and Family Combinations are supplied mounted and ready to frame.,,,,,,,,,,,,,g,,,true,true,,,active
burk,Burk Family name History & Crest Plaques,<p>Learn the full history of your family with a Family History or a Crest/History Combination.</p><p>Family History Standard : 16 x 20 cm | 6 x 8 inches.&nbsp;</p><p>Family Histories and Family Combinations are supplied mounted and ready to frame.</p>,Irish Family Surnames,Home & Garden > Decor > Decorative Plaques,Decorative Plaques,"Heraldic Irish Family Names, Gifts under €25, Surname B",true,Plaque size,Standard,,,,,3275,0.05,shopify,20,deny,manual,12.45,,true,false,,https://irishfamilysurnames.com/wp-content/uploads/2021/04/burk-B-H.jpg,1,Burk,false,Burk Family name History & Crest Plaques,Learn the full history of your family with a Family History or a Crest/History Combination. Family History Standard : 16 x 20 cm | 6 x 8 inches. Family Histories and Family Combinations are supplied mounted and ready to frame.,,,,,,,,,,,,,g,,,true,true,,,active
buckley,Buckley Family name History & Crest Plaques,<p>Learn the full history of your family with a Family History or a Crest/History Combination.</p><p>Family History Standard : 16 x 20 cm | 6 x 8 inches.&nbsp;</p><p>Family Histories and Family Combinations are supplied mounted and ready to frame.</p>,Irish Family Surnames,Home & Garden > Decor > Decorative Plaques,Decorative Plaques,"Heraldic Irish Family Names, Gifts under €25, Surname B",true,Plaque size,Standard,,,,,3264,0.05,shopify,20,deny,manual,12.45,,true,false,,https://irishfamilysurnames.com/wp-content/uploads/2021/04/buckley-B-H.jpg,1,Buckley,false,Buckley Family name History & Crest Plaques,Learn the full history of your family with a Family History or a Crest/History Combination. Family History Standard : 16 x 20 cm | 6 x 8 inches. Family Histories and Family Combinations are supplied mounted and ready to frame.,,,,,,,,,,,,,g,,,true,true,,,active
browne,Browne Family name History & Crest Plaques,<p>Learn the full history of your family with a Family History or a Crest/History Combination.</p><p>Family History Standard : 16 x 20 cm | 6 x 8 inches.&nbsp;</p><p>Family Histories and Family Combinations are supplied mounted and ready to frame.</p>,Irish Family Surnames,Home & Garden > Decor > Decorative Plaques,Decorative Plaques,"Heraldic Irish Family Names, Gifts under €25, Surname B",true,Plaque size,Standard,,,,,3253,0.05,shopify,20,deny,manual,12.45,,true,false,,https://irishfamilysurnames.com/wp-content/uploads/2021/04/browne-B-H.jpg,1,Browne,false,Browne Family name History & Crest Plaques,Learn the full history of your family with a Family History or a Crest/History Combination. Family History Standard : 16 x 20 cm | 6 x 8 inches. Family Histories and Family Combinations are supplied mounted and ready to frame.,,,,,,,,,,,,,g,,,true,true,,,active
brown,Brown Family name History & Crest Plaques,<p>Learn the full history of your family with a Family History or a Crest/History Combination.</p><p>Family History Standard : 16 x 20 cm | 6 x 8 inches.&nbsp;</p><p>Family Histories and Family Combinations are supplied mounted and ready to frame.</p>,Irish Family Surnames,Home & Garden > Decor > Decorative Plaques,Decorative Plaques,"Heraldic Irish Family Names, Gifts under €25, Surname B",true,Plaque size,Standard,,,,,3242,0.05,shopify,20,deny,manual,12.45,,true,false,,https://irishfamilysurnames.com/wp-content/uploads/2021/04/brown-B-H.jpg,1,Brown,false,Brown Family name History & Crest Plaques,Learn the full history of your family with a Family History or a Crest/History Combination. Family History Standard : 16 x 20 cm | 6 x 8 inches. Family Histories and Family Combinations are supplied mounted and ready to frame.,,,,,,,,,,,,,g,,,true,true,,,active
brophy,Brophy Family name History & Crest Plaques,<p>Learn the full history of your family with a Family History or a Crest/History Combination.</p><p>Family History Standard : 16 x 20 cm | 6 x 8 inches.&nbsp;</p><p>Family Histories and Family Combinations are supplied mounted and ready to frame.</p>,Irish Family Surnames,Home & Garden > Decor > Decorative Plaques,Decorative Plaques,"Heraldic Irish Family Names, Gifts under €25, Surname B",true,Plaque size,Standard,,,,,3231,0.05,shopify,20,deny,manual,12.45,,true,false,,https://irishfamilysurnames.com/wp-content/uploads/2021/04/brophy-B-H.jpg,1,Brophy,false,Brophy Family name History & Crest Plaques,Learn the full history of your family with a Family History or a Crest/History Combination. Family History Standard : 16 x 20 cm | 6 x 8 inches. Family Histories and Family Combinations are supplied mounted and ready to frame.,,,,,,,,,,,,,g,,,true,true,,,active
brien,Brien Family name History & Crest Plaques,<p>Learn the full history of your family with a Family History or a Crest/History Combination.</p><p>Family History Standard : 16 x 20 cm | 6 x 8 inches.&nbsp;</p><p>Family Histories and Family Combinations are supplied mounted and ready to frame.</p>,Irish Family Surnames,Home & Garden > Decor > Decorative Plaques,Decorative Plaques,"Heraldic Irish Family Names, Gifts under €25, Surname B",true,Plaque size,Standard,,,,,3220,0.05,shopify,20,deny,manual,12.45,,true,false,,https://irishfamilysurnames.com/wp-content/uploads/2021/04/brien-B-H.jpg,1,Brien,false,Brien Family name History & Crest Plaques,Learn the full history of your family with a Family History or a Crest/History Combination. Family History Standard : 16 x 20 cm | 6 x 8 inches. Family Histories and Family Combinations are supplied mounted and ready to frame.,,,,,,,,,,,,,g,,,true,true,,,active
brennan,Brennan Family name History & Crest Plaques,<p>Learn the full history of your family with a Family History or a Crest/History Combination.</p><p>Family History Standard : 16 x 20 cm | 6 x 8 inches.&nbsp;</p><p>Family Histories and Family Combinations are supplied mounted and ready to frame.</p>,Irish Family Surnames,Home & Garden > Decor > Decorative Plaques,Decorative Plaques,"Heraldic Irish Family Names, Gifts under €25, Surname B",true,Plaque size,Standard,,,,,3209,0.05,shopify,20,deny,manual,12.45,,true,false,,https://irishfamilysurnames.com/wp-content/uploads/2021/04/brennan-B-H.jpg,1,Brennan,false,Brennan Family name History & Crest Plaques,Learn the full history of your family with a Family History or a Crest/History Combination. Family History Standard : 16 x 20 cm | 6 x 8 inches. Family Histories and Family Combinations are supplied mounted and ready to frame.,,,,,,,,,,,,,g,,,true,true,,,active
brady,Brady Family name History & Crest Plaques,<p>Learn the full history of your family with a Family History or a Crest/History Combination.</p><p>Family History Standard : 16 x 20 cm | 6 x 8 inches.&nbsp;</p><p>Family Histories and Family Combinations are supplied mounted and ready to frame.</p>,Irish Family Surnames,Home & Garden > Decor > Decorative Plaques,Decorative Plaques,"Heraldic Irish Family Names, Gifts under €25, Surname B",true,Plaque size,Standard,,,,,3198,0.05,shopify,20,deny,manual,12.45,,true,false,,https://irishfamilysurnames.com/wp-content/uploads/2021/04/brady-B-H.jpg,1,Brady,false,Brady Family name History & Crest Plaques,Learn the full history of your family with a Family History or a Crest/History Combination. Family History Standard : 16 x 20 cm | 6 x 8 inches. Family Histories and Family Combinations are supplied mounted and ready to frame.,,,,,,,,,,,,,g,,,true,true,,,active
blake,Blake Family name History & Crest Plaques,<p>Learn the full history of your family with a Family History or a Crest/History Combination.</p><p>Family History Standard : 16 x 20 cm | 6 x 8 inches.&nbsp;</p><p>Family Histories and Family Combinations are supplied mounted and ready to frame.</p>,Irish Family Surnames,Home & Garden > Decor > Decorative Plaques,Decorative Plaques,"Heraldic Irish Family Names, Gifts under €25, Surname B",true,Plaque size,Standard,,,,,3121,0.05,shopify,20,deny,manual,12.45,,true,false,,https://irishfamilysurnames.com/wp-content/uploads/2021/04/blake-B-H.jpg,1,Blake,false,Blake Family name History & Crest Plaques,Learn the full history of your family with a Family History or a Crest/History Combination. Family History Standard : 16 x 20 cm | 6 x 8 inches. Family Histories and Family Combinations are supplied mounted and ready to frame.,,,,,,,,,,,,,g,,,true,true,,,active
behan,Behan Family name History & Crest Plaques,<p>Learn the full history of your family with a Family History or a Crest/History Combination.</p><p>Family History Standard : 16 x 20 cm | 6 x 8 inches.&nbsp;</p><p>Family Histories and Family Combinations are supplied mounted and ready to frame.</p>,Irish Family Surnames,Home & Garden > Decor > Decorative Plaques,Decorative Plaques,"Heraldic Irish Family Names, Gifts under €25, Surname B",true,Plaque size,Standard,,,,,3099,0.05,shopify,20,deny,manual,12.45,,true,false,,https://irishfamilysurnames.com/wp-content/uploads/2021/04/behan-B-H.jpg,1,Behan,false,Behan Family name History & Crest Plaques,Learn the full history of your family with a Family History or a Crest/History Combination. Family History Standard : 16 x 20 cm | 6 x 8 inches. Family Histories and Family Combinations are supplied mounted and ready to frame.,,,,,,,,,,,,,g,,,true,true,,,active
barry,Barry Family name History & Crest Plaques,<p>Learn the full history of your family with a Family History or a Crest/History Combination.</p><p>Family History Standard : 16 x 20 cm | 6 x 8 inches.&nbsp;</p><p>Family Histories and Family Combinations are supplied mounted and ready to frame.</p>,Irish Family Surnames,Home & Garden > Decor > Decorative Plaques,Decorative Plaques,"Heraldic Irish Family Names, Gifts under €25, Surname B",true,Plaque size,Standard,,,,,3088,0.05,shopify,20,deny,manual,12.45,,true,false,,https://irishfamilysurnames.com/wp-content/uploads/2021/04/barry-B-H.jpg,1,Barry,false,Barry Family name History & Crest Plaques,Learn the full history of your family with a Family History or a Crest/History Combination. Family History Standard : 16 x 20 cm | 6 x 8 inches. Family Histories and Family Combinations are supplied mounted and ready to frame.,,,,,,,,,,,,,g,,,true,true,,,active
barrett,Barrett Family name History & Crest Plaques,<p>Learn the full history of your family with a Family History or a Crest/History Combination.</p><p>Family History Standard : 16 x 20 cm | 6 x 8 inches.&nbsp;</p><p>Family Histories and Family Combinations are supplied mounted and ready to frame.</p>,Irish Family Surnames,Home & Garden > Decor > Decorative Plaques,Decorative Plaques,"Heraldic Irish Family Names, Gifts under €25, Surname B",true,Plaque size,Standard,,,,,3077,0.05,shopify,20,deny,manual,12.45,,true,false,,https://irishfamilysurnames.com/wp-content/uploads/2021/04/barrett-B-H.jpg,1,Barrett,false,Barrett Family name History & Crest Plaques,Learn the full history of your family with a Family History or a Crest/History Combination. Family History Standard : 16 x 20 cm | 6 x 8 inches. Family Histories and Family Combinations are supplied mounted and ready to frame.,,,,,,,,,,,,,g,,,true,true,,,active
allen,Allen Family name History & Crest Plaques,<p>Learn the full history of your family with a Family History or a Crest/History Combination.</p><p>Family History Standard : 16 x 20 cm | 6 x 8 inches.&nbsp;</p><p>Family Histories and Family Combinations are supplied mounted and ready to frame.</p>,Irish Family Surnames,Home & Garden > Decor > Decorative Plaques,Decorative Plaques,"Heraldic Irish Family Names, Gifts under €25, Surname A",true,Plaque size,Standard,,,,,3063,0.05,shopify,20,deny,manual,12.45,,true,false,,https://irishfamilysurnames.com/wp-content/uploads/2021/04/allen-B-H.jpg,1,Allen,false,Allen Family name History & Crest Plaques,Learn the full history of your family with a Family History or a Crest/History Combination. Family History Standard : 16 x 20 cm | 6 x 8 inches. Family Histories and Family Combinations are supplied mounted and ready to frame.,,,,,,,,,,,,,g,,,true,true,,,active
ahern,Ahern Family name History & Crest Plaques,<p>Learn the full history of your family with a Family History or a Crest/History Combination.</p><p>Family History Standard : 16 x 20 cm | 6 x 8 inches.&nbsp;</p><p>Family Histories and Family Combinations are supplied mounted and ready to frame.</p>,Irish Family Surnames,Home & Garden > Decor > Decorative Plaques,Decorative Plaques,"Heraldic Irish Family Names, Gifts under €25, Surname A",true,Plaque size,Standard,,,,,3052,0.05,shopify,20,deny,manual,12.45,,true,false,,https://irishfamilysurnames.com/wp-content/uploads/2021/04/ahern-B-H.jpg,1,Ahern,false,Ahern Family name History & Crest Plaques,Learn the full history of your family with a Family History or a Crest/History Combination. Family History Standard : 16 x 20 cm | 6 x 8 inches. Family Histories and Family Combinations are supplied mounted and ready to frame.,,,,,,,,,,,,,g,,,true,true,,,active
aherne,Aherne Family name History & Crest Plaques,<p>Learn the full history of your family with a Family History or a Crest/History Combination.</p><p>Family History Standard : 16 x 20 cm | 6 x 8 inches.&nbsp;</p><p>Family Histories and Family Combinations are supplied mounted and ready to frame.</p>,Irish Family Surnames,Home & Garden > Decor > Decorative Plaques,Decorative Plaques,"Heraldic Irish Family Names, Gifts under €25, Surname A",true,Plaque size,Standard,,,,,3041,0.05,shopify,20,deny,manual,12.45,,true,false,,https://irishfamilysurnames.com/wp-content/uploads/2021/04/aherne-B-H.jpg,1,Aherne,false,Aherne Family name History & Crest Plaques,Learn the full history of your family with a Family History or a Crest/History Combination. Family History Standard : 16 x 20 cm | 6 x 8 inches. Family Histories and Family Combinations are supplied mounted and ready to frame.,,,,,,,,,,,,,g,,,true,true,,,active
mcevoy,McEvoy Family name History & Crest Plaques,<p>Learn the full history of your family with a Family History or a Crest/History Combination.</p><p>Family History Standard : 16 x 20 cm | 6 x 8 inches.&nbsp;</p><p>Family Histories and Family Combinations are supplied mounted and ready to frame.</p>,Irish Family Surnames,Home & Garden > Decor > Decorative Plaques,Decorative Plaques,"Heraldic Irish Family Names, Gifts under €25, Surname M",true,Plaque size,Standard,,,,,2530,0.05,shopify,20,deny,manual,12.45,,true,false,,https://irishfamilysurnames.com/wp-content/uploads/2021/04/mcevoy-B-H.jpg,1,McEvoy,false,McEvoy Family name History & Crest Plaques,Learn the full history of your family with a Family History or a Crest/History Combination. Family History Standard : 16 x 20 cm | 6 x 8 inches. Family Histories and Family Combinations are supplied mounted and ready to frame.,,,,,,,,,,,,,g,,,true,true,,,active
mchugh,McHugh Family name History & Crest Plaques,<p>Learn the full history of your family with a Family History or a Crest/History Combination.</p><p>Family History Standard : 16 x 20 cm | 6 x 8 inches.&nbsp;</p><p>Family Histories and Family Combinations are supplied mounted and ready to frame.</p>,Irish Family Surnames,Home & Garden > Decor > Decorative Plaques,Decorative Plaques,"Heraldic Irish Family Names, Gifts under €25, Surname M",true,Plaque size,Standard,,,,,2621,0.05,shopify,20,deny,manual,12.45,,true,false,,https://irishfamilysurnames.com/wp-content/uploads/2021/04/mchugh-B-H.jpg,1,McHugh,false,McHugh Family name History & Crest Plaques,Learn the full history of your family with a Family History or a Crest/History Combination. Family History Standard : 16 x 20 cm | 6 x 8 inches. Family Histories and Family Combinations are supplied mounted and ready to frame.,,,,,,,,,,,,,g,,,true,true,,,active
rafferty,Rafferty Family name History & Crest Plaques,<p>Learn the full history of your family with a Family History or a Crest/History Combination.</p><p>Family History Standard : 16 x 20 cm | 6 x 8 inches.&nbsp;</p><p>Family Histories and Family Combinations are supplied mounted and ready to frame.</p>,Irish Family Surnames,Home & Garden > Decor > Decorative Plaques,Decorative Plaques,"Heraldic Irish Family Names, Gifts under €25, Surname R",true,Plaque size,Standard,,,,,2845,0.05,shopify,20,deny,manual,12.45,,true,false,,https://irishfamilysurnames.com/wp-content/uploads/2021/04/rafferty-B-H.jpg,1,Rafferty,false,Rafferty Family name History & Crest Plaques,Learn the full history of your family with a Family History or a Crest/History Combination. Family History Standard : 16 x 20 cm | 6 x 8 inches. Family Histories and Family Combinations are supplied mounted and ready to frame.,,,,,,,,,,,,,g,,,true,true,,,active
riley,Riley Family name History & Crest Plaques,<p>Learn the full history of your family with a Family History or a Crest/History Combination.</p><p>Family History Standard : 16 x 20 cm | 6 x 8 inches.&nbsp;</p><p>Family Histories and Family Combinations are supplied mounted and ready to frame.</p>,Irish Family Surnames,Home & Garden > Decor > Decorative Plaques,Decorative Plaques,"Heraldic Irish Family Names, Gifts under €25, Surname R",true,Plaque size,Standard,,,,,2939,0.05,shopify,20,deny,manual,12.45,,true,false,,https://irishfamilysurnames.com/wp-content/uploads/2021/04/riley-B-H.jpg,1,Riley,false,Riley Family name History & Crest Plaques,Learn the full history of your family with a Family History or a Crest/History Combination. Family History Standard : 16 x 20 cm | 6 x 8 inches. Family Histories and Family Combinations are supplied mounted and ready to frame.,,,,,,,,,,,,,g,,,true,true,,,active
roark,Roark Family name History & Crest Plaques,<p>Learn the full history of your family with a Family History or a Crest/History Combination.</p><p>Family History Standard : 16 x 20 cm | 6 x 8 inches.&nbsp;</p><p>Family Histories and Family Combinations are supplied mounted and ready to frame.</p>,Irish Family Surnames,Home & Garden > Decor > Decorative Plaques,Decorative Plaques,"Heraldic Irish Family Names, Gifts under €25, Surname R",true,Plaque size,Standard,,,,,2973,0.05,shopify,20,deny,manual,12.45,,true,false,,https://irishfamilysurnames.com/wp-content/uploads/2021/04/roark-B-H.jpg,1,Roark,false,Roark Family name History & Crest Plaques,Learn the full history of your family with a Family History or a Crest/History Combination. Family History Standard : 16 x 20 cm | 6 x 8 inches. Family Histories and Family Combinations are supplied mounted and ready to frame.,,,,,,,,,,,,,g,,,true,true,,,active
callaghan,Callaghan Family name History & Crest Plaques,<p>Learn the full history of your family with a Family History or a Crest/History Combination.</p><p>Family History Standard : 16 x 20 cm | 6 x 8 inches.&nbsp;</p><p>Family Histories and Family Combinations are supplied mounted and ready to frame.</p>,Irish Family Surnames,Home & Garden > Decor > Decorative Plaques,Decorative Plaques,"Heraldic Irish Family Names, Gifts under €25, Surname C",true,Plaque size,Standard,,,,,3352,0.05,shopify,20,deny,manual,12.45,,true,false,,https://irishfamilysurnames.com/wp-content/uploads/2021/04/callaghan-B-H.jpg,1,Callaghan,false,Callaghan Family name History & Crest Plaques,Learn the full history of your family with a Family History or a Crest/History Combination. Family History Standard : 16 x 20 cm | 6 x 8 inches. Family Histories and Family Combinations are supplied mounted and ready to frame.,,,,,,,,,,,,,g,,,true,true,,,active
campbell,Campbell Family name History & Crest Plaques,<p>Learn the full history of your family with a Family History or a Crest/History Combination.</p><p>Family History Standard : 16 x 20 cm | 6 x 8 inches.&nbsp;</p><p>Family Histories and Family Combinations are supplied mounted and ready to frame.</p>,Irish Family Surnames,Home & Garden > Decor > Decorative Plaques,Decorative Plaques,"Heraldic Irish Family Names, Gifts under €25, Surname C",true,Plaque size,Standard,,,,,3374,0.05,shopify,20,deny,manual,12.45,,true,false,,https://irishfamilysurnames.com/wp-content/uploads/2021/04/campbell-B-H.jpg,1,Campbell,false,Campbell Family name History & Crest Plaques,Learn the full history of your family with a Family History or a Crest/History Combination. Family History Standard : 16 x 20 cm | 6 x 8 inches. Family Histories and Family Combinations are supplied mounted and ready to frame.,,,,,,,,,,,,,g,,,true,true,,,active
carney,Carney Family name History & Crest Plaques,<p>Learn the full history of your family with a Family History or a Crest/History Combination.</p><p>Family History Standard : 16 x 20 cm | 6 x 8 inches.&nbsp;</p><p>Family Histories and Family Combinations are supplied mounted and ready to frame.</p>,Irish Family Surnames,Home & Garden > Decor > Decorative Plaques,Decorative Plaques,"Heraldic Irish Family Names, Gifts under €25, Surname C",true,Plaque size,Standard,,,,,3385,0.05,shopify,20,deny,manual,12.45,,true,false,,https://irishfamilysurnames.com/wp-content/uploads/2021/04/carney-B-H.jpg,1,Carney,false,Carney Family name History & Crest Plaques,Learn the full history of your family with a Family History or a Crest/History Combination. Family History Standard : 16 x 20 cm | 6 x 8 inches. Family Histories and Family Combinations are supplied mounted and ready to frame.,,,,,,,,,,,,,g,,,true,true,,,active
carey,Carey Family name History & Crest Plaques,<p>Learn the full history of your family with a Family History or a Crest/History Combination.</p><p>Family History Standard : 16 x 20 cm | 6 x 8 inches.&nbsp;</p><p>Family Histories and Family Combinations are supplied mounted and ready to frame.</p>,Irish Family Surnames,Home & Garden > Decor > Decorative Plaques,Decorative Plaques,"Heraldic Irish Family Names, Gifts under €25, Surname C",true,Plaque size,Standard,,,,,3400,0.05,shopify,20,deny,manual,12.45,,true,false,,https://irishfamilysurnames.com/wp-content/uploads/2021/04/carey-B-H.jpg,1,Carey,false,Carey Family name History & Crest Plaques,Learn the full history of your family with a Family History or a Crest/History Combination. Family History Standard : 16 x 20 cm | 6 x 8 inches. Family Histories and Family Combinations are supplied mounted and ready to frame.,,,,,,,,,,,,,g,,,true,true,,,active
nolan,Nolan Family name History & Crest Plaques,<p>Learn the full history of your family with a Family History or a Crest/History Combination.</p><p>Family History Standard : 16 x 20 cm | 6 x 8 inches.&nbsp;</p><p>Family Histories and Family Combinations are supplied mounted and ready to frame.</p>,Irish Family Surnames,Home & Garden > Decor > Decorative Plaques,Decorative Plaques,"Heraldic Irish Family Names, Gifts under €25, Surname N",true,Plaque size,Standard,,,,,2831,0.05,shopify,20,deny,manual,12.45,,true,false,,https://irishfamilysurnames.com/wp-content/uploads/2021/04/nolan-B-H.jpg,1,Nolan,false,Nolan Family name History & Crest Plaques,Learn the full history of your family with a Family History or a Crest/History Combination. Family History Standard : 16 x 20 cm | 6 x 8 inches. Family Histories and Family Combinations are supplied mounted and ready to frame.,,,,,,,,,,,,,g,,,true,true,,,active
nugent,Nugent Family name History & Crest Plaques,<p>Learn the full history of your family with a Family History or a Crest/History Combination.</p><p>Family History Standard : 16 x 20 cm | 6 x 8 inches.&nbsp;</p><p>Family Histories and Family Combinations are supplied mounted and ready to frame.</p>,Irish Family Surnames,Home & Garden > Decor > Decorative Plaques,Decorative Plaques,"Heraldic Irish Family Names, Gifts under €25, Surname N",true,Plaque size,Standard,,,,,2838,0.05,shopify,20,deny,manual,12.45,,true,false,,https://irishfamilysurnames.com/wp-content/uploads/2021/04/nugent-B-H.jpg,1,Nugent,false,Nugent Family name History & Crest Plaques,Learn the full history of your family with a Family History or a Crest/History Combination. Family History Standard : 16 x 20 cm | 6 x 8 inches. Family Histories and Family Combinations are supplied mounted and ready to frame.,,,,,,,,,,,,,g,,,true,true,,,active
neill,Neill Family name History & Crest Plaques,<p>Learn the full history of your family with a Family History or a Crest/History Combination.</p><p>Family History Standard : 16 x 20 cm | 6 x 8 inches.&nbsp;</p><p>Family Histories and Family Combinations are supplied mounted and ready to frame.</p>,Irish Family Surnames,Home & Garden > Decor > Decorative Plaques,Decorative Plaques,"Heraldic Irish Family Names, Gifts under €25, Surname N",true,Plaque size,Standard,,,,,2824,0.05,shopify,20,deny,manual,12.45,,true,false,,https://irishfamilysurnames.com/wp-content/uploads/2021/04/neill-B-H.jpg,1,Neill,false,Neill Family name History & Crest Plaques,Learn the full history of your family with a Family History or a Crest/History Combination. Family History Standard : 16 x 20 cm | 6 x 8 inches. Family Histories and Family Combinations are supplied mounted and ready to frame.,,,,,,,,,,,,,g,,,true,true,,,active
nally,Nally Family name History & Crest Plaques,<p>Learn the full history of your family with a Family History or a Crest/History Combination.</p><p>Family History Standard : 16 x 20 cm | 6 x 8 inches.&nbsp;</p><p>Family Histories and Family Combinations are supplied mounted and ready to frame.</p>,Irish Family Surnames,Home & Garden > Decor > Decorative Plaques,Decorative Plaques,"Heraldic Irish Family Names, Gifts under €25, Surname N",true,Plaque size,Standard,,,,,2753,0.05,shopify,20,deny,manual,12.45,,true,false,,https://irishfamilysurnames.com/wp-content/uploads/2021/04/nally-B-H.jpg,1,Nally,false,Nally Family name History & Crest Plaques,Learn the full history of your family with a Family History or a Crest/History Combination. Family History Standard : 16 x 20 cm | 6 x 8 inches. Family Histories and Family Combinations are supplied mounted and ready to frame.,,,,,,,,,,,,,g,,,true,true,,,active
obrien,O'Brien Family name History & Crest Plaques,<p>Learn the full history of your family with a Family History or a Crest/History Combination.</p><p>Family History Standard : 16 x 20 cm | 6 x 8 inches.&nbsp;</p><p>Family Histories and Family Combinations are supplied mounted and ready to frame.</p>,Irish Family Surnames,Home & Garden > Decor > Decorative Plaques,Decorative Plaques,"Heraldic Irish Family Names, Gifts under €25, Surname O",true,Plaque size,Standard,,,,,3477,0.05,shopify,20,deny,manual,12.45,,true,false,,https://irishfamilysurnames.com/wp-content/uploads/2021/04/o-brien-B-H.jpg,1,O'Brien,false,O'Brien Family name History & Crest Plaques,Learn the full history of your family with a Family History or a Crest/History Combination. Family History Standard : 16 x 20 cm | 6 x 8 inches. Family Histories and Family Combinations are supplied mounted and ready to frame.,,,,,,,,,,,,,g,,,true,true,,,active
obyrne,O'Byrne Family name History & Crest Plaques,<p>Learn the full history of your family with a Family History or a Crest/History Combination.</p><p>Family History Standard : 16 x 20 cm | 6 x 8 inches.&nbsp;</p><p>Family Histories and Family Combinations are supplied mounted and ready to frame.</p>,Irish Family Surnames,Home & Garden > Decor > Decorative Plaques,Decorative Plaques,"Heraldic Irish Family Names, Gifts under €25, Surname O",true,Plaque size,Standard,,,,,3484,0.05,shopify,20,deny,manual,12.45,,true,false,,https://irishfamilysurnames.com/wp-content/uploads/2021/04/o-byrne-B-H.jpg,1,O'Byrne,false,O'Byrne Family name History & Crest Plaques,Learn the full history of your family with a Family History or a Crest/History Combination. Family History Standard : 16 x 20 cm | 6 x 8 inches. Family Histories and Family Combinations are supplied mounted and ready to frame.,,,,,,,,,,,,,g,,,true,true,,,active
quigley,Quigley Family name History & Crest Plaques,<p>Learn the full history of your family with a Family History or a Crest/History Combination.</p><p>Family History Standard : 16 x 20 cm | 6 x 8 inches.&nbsp;</p><p>Family Histories and Family Combinations are supplied mounted and ready to frame.</p>,Irish Family Surnames,Home & Garden > Decor > Decorative Plaques,Decorative Plaques,"Heraldic Irish Family Names, Gifts under €25, Surname Q",true,Plaque size,Standard,,,,,3491,0.05,shopify,20,deny,manual,12.45,,true,false,,https://irishfamilysurnames.com/wp-content/uploads/2021/04/quigley-B-H.jpg,1,Quigley,false,Quigley Family name History & Crest Plaques,Learn the full history of your family with a Family History or a Crest/History Combination. Family History Standard : 16 x 20 cm | 6 x 8 inches. Family Histories and Family Combinations are supplied mounted and ready to frame.,,,,,,,,,,,,,g,,,true,true,,,active
quinlan,Quinlan Family name History & Crest Plaques,<p>Learn the full history of your family with a Family History or a Crest/History Combination.</p><p>Family History Standard : 16 x 20 cm | 6 x 8 inches.&nbsp;</p><p>Family Histories and Family Combinations are supplied mounted and ready to frame.</p>,Irish Family Surnames,Home & Garden > Decor > Decorative Plaques,Decorative Plaques,"Heraldic Irish Family Names, Gifts under €25, Surname Q",true,Plaque size,Standard,,,,,3510,0.05,shopify,20,deny,manual,12.45,,true,false,,https://irishfamilysurnames.com/wp-content/uploads/2021/04/quinlan-B-H.jpg,1,Quinlan,false,Quinlan Family name History & Crest Plaques,Learn the full history of your family with a Family History or a Crest/History Combination. Family History Standard : 16 x 20 cm | 6 x 8 inches. Family Histories and Family Combinations are supplied mounted and ready to frame.,,,,,,,,,,,,,g,,,true,true,,,active
quinn,Quinn Family name History & Crest Plaques,<p>Learn the full history of your family with a Family History or a Crest/History Combination.</p><p>Family History Standard : 16 x 20 cm | 6 x 8 inches.&nbsp;</p><p>Family Histories and Family Combinations are supplied mounted and ready to frame.</p>,Irish Family Surnames,Home & Garden > Decor > Decorative Plaques,Decorative Plaques,"Heraldic Irish Family Names, Gifts under €25, Surname Q",true,Plaque size,Standard,,,,,3517,0.05,shopify,20,deny,manual,12.45,,true,false,,https://irishfamilysurnames.com/wp-content/uploads/2021/04/quinn-B-H.jpg,1,Quinn,false,Quinn Family name History & Crest Plaques,Learn the full history of your family with a Family History or a Crest/History Combination. Family History Standard : 16 x 20 cm | 6 x 8 inches. Family Histories and Family Combinations are supplied mounted and ready to frame.,,,,,,,,,,,,,g,,,true,true,,,active
powers,Powers Family name History & Crest Plaques,<p>Learn the full history of your family with a Family History or a Crest/History Combination.</p><p>Family History Standard : 16 x 20 cm | 6 x 8 inches.&nbsp;</p><p>Family Histories and Family Combinations are supplied mounted and ready to frame.</p>,Irish Family Surnames,Home & Garden > Decor > Decorative Plaques,Decorative Plaques,"Heraldic Irish Family Names, Gifts under €25, Surname P",true,Plaque size,Standard,,,,,2808,0.05,shopify,20,deny,manual,12.45,,true,false,,https://irishfamilysurnames.com/wp-content/uploads/2021/04/powers-B-H.jpg,1,Powers,false,Powers Family name History & Crest Plaques,Learn the full history of your family with a Family History or a Crest/History Combination. Family History Standard : 16 x 20 cm | 6 x 8 inches. Family Histories and Family Combinations are supplied mounted and ready to frame.,,,,,,,,,,,,,g,,,true,true,,,active
ocallaghan,O'Callaghan Family name History & Crest Plaques,<p>Learn the full history of your family with a Family History or a Crest/History Combination.</p><p>Family History Standard : 16 x 20 cm | 6 x 8 inches.&nbsp;</p><p>Family Histories and Family Combinations are supplied mounted and ready to frame.</p>,Irish Family Surnames,Home & Garden > Decor > Decorative Plaques,Decorative Plaques,"Heraldic Irish Family Names, Gifts under €25, Surname O",true,Plaque size,Standard,,,,,3527,0.05,shopify,20,deny,manual,12.45,,true,false,,https://irishfamilysurnames.com/wp-content/uploads/2021/04/o-callaghan-B-H.jpg,1,O'Callaghan,false,O'Callaghan Family name History & Crest Plaques,Learn the full history of your family with a Family History or a Crest/History Combination. Family History Standard : 16 x 20 cm | 6 x 8 inches. Family Histories and Family Combinations are supplied mounted and ready to frame.,,,,,,,,,,,,,g,,,true,true,,,active
oconnell,O'Connell Family name History & Crest Plaques,<p>Learn the full history of your family with a Family History or a Crest/History Combination.</p><p>Family History Standard : 16 x 20 cm | 6 x 8 inches.&nbsp;</p><p>Family Histories and Family Combinations are supplied mounted and ready to frame.</p>,Irish Family Surnames,Home & Garden > Decor > Decorative Plaques,Decorative Plaques,"Heraldic Irish Family Names, Gifts under €25, Surname O",true,Plaque size,Standard,,,,,3557,0.05,shopify,20,deny,manual,12.45,,true,false,,https://irishfamilysurnames.com/wp-content/uploads/2021/04/o-connell-B-H.jpg,1,O'Connell,false,O'Connell Family name History & Crest Plaques,Learn the full history of your family with a Family History or a Crest/History Combination. Family History Standard : 16 x 20 cm | 6 x 8 inches. Family Histories and Family Combinations are supplied mounted and ready to frame.,,,,,,,,,,,,,g,,,true,true,,,active
oconnor,O'Connor Family name History & Crest Plaques,<p>Learn the full history of your family with a Family History or a Crest/History Combination.</p><p>Family History Standard : 16 x 20 cm | 6 x 8 inches.&nbsp;</p><p>Family Histories and Family Combinations are supplied mounted and ready to frame.</p>,Irish Family Surnames,Home & Garden > Decor > Decorative Plaques,Decorative Plaques,"Heraldic Irish Family Names, Gifts under €25, Surname O",true,Plaque size,Standard,,,,,3564,0.05,shopify,20,deny,manual,12.45,,true,false,,https://irishfamilysurnames.com/wp-content/uploads/2021/04/o-connor-B-H.jpg,1,O'Connor,false,O'Connor Family name History & Crest Plaques,Learn the full history of your family with a Family History or a Crest/History Combination. Family History Standard : 16 x 20 cm | 6 x 8 inches. Family Histories and Family Combinations are supplied mounted and ready to frame.,,,,,,,,,,,,,g,,,true,true,,,active
odaugherty,O'Daugherty Family name History & Crest Plaques,<p>Learn the full history of your family with a Family History or a Crest/History Combination.</p><p>Family History Standard : 16 x 20 cm | 6 x 8 inches.&nbsp;</p><p>Family Histories and Family Combinations are supplied mounted and ready to frame.</p>,Irish Family Surnames,Home & Garden > Decor > Decorative Plaques,Decorative Plaques,"Heraldic Irish Family Names, Gifts under €25, Surname O",true,Plaque size,Standard,,,,,3571,0.05,shopify,20,deny,manual,12.45,,true,false,,https://irishfamilysurnames.com/wp-content/uploads/2021/04/o-daugherty-B-H.jpg,1,O'Daugherty,false,O'Daugherty Family name History & Crest Plaques,Learn the full history of your family with a Family History or a Crest/History Combination. Family History Standard : 16 x 20 cm | 6 x 8 inches. Family Histories and Family Combinations are supplied mounted and ready to frame.,,,,,,,,,,,,,g,,,true,true,,,active
odonnell,O'Donnell Family name History & Crest Plaques,<p>Learn the full history of your family with a Family History or a Crest/History Combination.</p><p>Family History Standard : 16 x 20 cm | 6 x 8 inches.&nbsp;</p><p>Family Histories and Family Combinations are supplied mounted and ready to frame.</p>,Irish Family Surnames,Home & Garden > Decor > Decorative Plaques,Decorative Plaques,"Heraldic Irish Family Names, Gifts under €25, Surname O",true,Plaque size,Standard,,,,,3597,0.05,shopify,20,deny,manual,12.45,,true,false,,https://irishfamilysurnames.com/wp-content/uploads/2021/04/o-donnell-B-H.jpg,1,O'Donnell,false,O'Donnell Family name History & Crest Plaques,Learn the full history of your family with a Family History or a Crest/History Combination. Family History Standard : 16 x 20 cm | 6 x 8 inches. Family Histories and Family Combinations are supplied mounted and ready to frame.,,,,,,,,,,,,,g,,,true,true,,,active
odonoghoe,O'Donoghoe Family name History & Crest Plaques,<p>Learn the full history of your family with a Family History or a Crest/History Combination.</p><p>Family History Standard : 16 x 20 cm | 6 x 8 inches.&nbsp;</p><p>Family Histories and Family Combinations are supplied mounted and ready to frame.</p>,Irish Family Surnames,Home & Garden > Decor > Decorative Plaques,Decorative Plaques,"Heraldic Irish Family Names, Gifts under €25, Surname O",true,Plaque size,Standard,,,,,3604,0.05,shopify,20,deny,manual,12.45,,true,false,,https://irishfamilysurnames.com/wp-content/uploads/2021/04/o-donoghoe-B-H.jpg,1,O'Donoghoe,false,O'Donoghoe Family name History & Crest Plaques,Learn the full history of your family with a Family History or a Crest/History Combination. Family History Standard : 16 x 20 cm | 6 x 8 inches. Family Histories and Family Combinations are supplied mounted and ready to frame.,,,,,,,,,,,,,g,,,true,true,,,active
odonoghue,O'Donoghue Family name History & Crest Plaques,<p>Learn the full history of your family with a Family History or a Crest/History Combination.</p><p>Family History Standard : 16 x 20 cm | 6 x 8 inches.&nbsp;</p><p>Family Histories and Family Combinations are supplied mounted and ready to frame.</p>,Irish Family Surnames,Home & Garden > Decor > Decorative Plaques,Decorative Plaques,"Heraldic Irish Family Names, Gifts under €25, Surname O",true,Plaque size,Standard,,,,,3611,0.05,shopify,20,deny,manual,12.45,,true,false,,https://irishfamilysurnames.com/wp-content/uploads/2021/04/o-donoghue-B-H.jpg,1,O'Donoghue,false,O'Donoghue Family name History & Crest Plaques,Learn the full history of your family with a Family History or a Crest/History Combination. Family History Standard : 16 x 20 cm | 6 x 8 inches. Family Histories and Family Combinations are supplied mounted and ready to frame.,,,,,,,,,,,,,g,,,true,true,,,active
odriscoll,O'Driscoll Family name History & Crest Plaques,<p>Learn the full history of your family with a Family History or a Crest/History Combination.</p><p>Family History Standard : 16 x 20 cm | 6 x 8 inches.&nbsp;</p><p>Family Histories and Family Combinations are supplied mounted and ready to frame.</p>,Irish Family Surnames,Home & Garden > Decor > Decorative Plaques,Decorative Plaques,"Heraldic Irish Family Names, Gifts under €25, Surname O",true,Plaque size,Standard,,,,,3653,0.05,shopify,20,deny,manual,12.45,,true,false,,https://irishfamilysurnames.com/wp-content/uploads/2021/04/o-driscoll-B-H.jpg,1,O'Driscoll,false,O'Driscoll Family name History & Crest Plaques,Learn the full history of your family with a Family History or a Crest/History Combination. Family History Standard : 16 x 20 cm | 6 x 8 inches. Family Histories and Family Combinations are supplied mounted and ready to frame.,,,,,,,,,,,,,g,,,true,true,,,active
odwyer,O'Dwyer Family name History & Crest Plaques,<p>Learn the full history of your family with a Family History or a Crest/History Combination.</p><p>Family History Standard : 16 x 20 cm | 6 x 8 inches.&nbsp;</p><p>Family Histories and Family Combinations are supplied mounted and ready to frame.</p>,Irish Family Surnames,Home & Garden > Decor > Decorative Plaques,Decorative Plaques,"Heraldic Irish Family Names, Gifts under €25, Surname O",true,Plaque size,Standard,,,,,3675,0.05,shopify,20,deny,manual,12.45,,true,false,,https://irishfamilysurnames.com/wp-content/uploads/2021/04/o-dwyer-B-H.jpg,1,O'Dwyer,false,O'Dwyer Family name History & Crest Plaques,Learn the full history of your family with a Family History or a Crest/History Combination. Family History Standard : 16 x 20 cm | 6 x 8 inches. Family Histories and Family Combinations are supplied mounted and ready to frame.,,,,,,,,,,,,,g,,,true,true,,,active
ofarrell,O'Farrell Family name History & Crest Plaques,<p>Learn the full history of your family with a Family History or a Crest/History Combination.</p><p>Family History Standard : 16 x 20 cm | 6 x 8 inches.&nbsp;</p><p>Family Histories and Family Combinations are supplied mounted and ready to frame.</p>,Irish Family Surnames,Home & Garden > Decor > Decorative Plaques,Decorative Plaques,"Heraldic Irish Family Names, Gifts under €25, Surname O",true,Plaque size,Standard,,,,,3686,0.05,shopify,20,deny,manual,12.45,,true,false,,https://irishfamilysurnames.com/wp-content/uploads/2021/04/o-farrell-B-H.jpg,1,O'Farrell,false,O'Farrell Family name History & Crest Plaques,Learn the full history of your family with a Family History or a Crest/History Combination. Family History Standard : 16 x 20 cm | 6 x 8 inches. Family Histories and Family Combinations are supplied mounted and ready to frame.,,,,,,,,,,,,,g,,,true,true,,,active
oflaherty,O'Flaherty Family name History & Crest Plaques,<p>Learn the full history of your family with a Family History or a Crest/History Combination.</p><p>Family History Standard : 16 x 20 cm | 6 x 8 inches.&nbsp;</p><p>Family Histories and Family Combinations are supplied mounted and ready to frame.</p>,Irish Family Surnames,Home & Garden > Decor > Decorative Plaques,Decorative Plaques,"Heraldic Irish Family Names, Gifts under €25, Surname O",true,Plaque size,Standard,,,,,3697,0.05,shopify,20,deny,manual,12.45,,true,false,,https://irishfamilysurnames.com/wp-content/uploads/2021/04/o-flaherty-B-H.jpg,1,O'Flaherty,false,O'Flaherty Family name History & Crest Plaques,Learn the full history of your family with a Family History or a Crest/History Combination. Family History Standard : 16 x 20 cm | 6 x 8 inches. Family Histories and Family Combinations are supplied mounted and ready to frame.,,,,,,,,,,,,,g,,,true,true,,,active
oflanagan,O'Flanagan Family name History & Crest Plaques,<p>Learn the full history of your family with a Family History or a Crest/History Combination.</p><p>Family History Standard : 16 x 20 cm | 6 x 8 inches.&nbsp;</p><p>Family Histories and Family Combinations are supplied mounted and ready to frame.</p>,Irish Family Surnames,Home & Garden > Decor > Decorative Plaques,Decorative Plaques,"Heraldic Irish Family Names, Gifts under €25, Surname O",true,Plaque size,Standard,,,,,3708,0.05,shopify,20,deny,manual,12.45,,true,false,,https://irishfamilysurnames.com/wp-content/uploads/2021/04/o-flanagan-B-H.jpg,1,O'Flanagan,false,O'Flanagan Family name History & Crest Plaques,Learn the full history of your family with a Family History or a Crest/History Combination. Family History Standard : 16 x 20 cm | 6 x 8 inches. Family Histories and Family Combinations are supplied mounted and ready to frame.,,,,,,,,,,,,,g,,,true,true,,,active
oflynn,O'Flynn Family name History & Crest Plaques,<p>Learn the full history of your family with a Family History or a Crest/History Combination.</p><p>Family History Standard : 16 x 20 cm | 6 x 8 inches.&nbsp;</p><p>Family Histories and Family Combinations are supplied mounted and ready to frame.</p>,Irish Family Surnames,Home & Garden > Decor > Decorative Plaques,Decorative Plaques,"Heraldic Irish Family Names, Gifts under €25, Surname O",true,Plaque size,Standard,,,,,3719,0.05,shopify,20,deny,manual,12.45,,true,false,,https://irishfamilysurnames.com/wp-content/uploads/2021/04/o-flynn-B-H.jpg,1,O'Flynn,false,O'Flynn Family name History & Crest Plaques,Learn the full history of your family with a Family History or a Crest/History Combination. Family History Standard : 16 x 20 cm | 6 x 8 inches. Family Histories and Family Combinations are supplied mounted and ready to frame.,,,,,,,,,,,,,g,,,true,true,,,active
ogorman,O'Gorman Family name History & Crest Plaques,<p>Learn the full history of your family with a Family History or a Crest/History Combination.</p><p>Family History Standard : 16 x 20 cm | 6 x 8 inches.&nbsp;</p><p>Family Histories and Family Combinations are supplied mounted and ready to frame.</p>,Irish Family Surnames,Home & Garden > Decor > Decorative Plaques,Decorative Plaques,"Heraldic Irish Family Names, Gifts under €25, Surname O",true,Plaque size,Standard,,,,,3730,0.05,shopify,20,deny,manual,12.45,,true,false,,https://irishfamilysurnames.com/wp-content/uploads/2021/04/o-gorman-B-H.jpg,1,O'Gorman,false,O'Gorman Family name History & Crest Plaques,Learn the full history of your family with a Family History or a Crest/History Combination. Family History Standard : 16 x 20 cm | 6 x 8 inches. Family Histories and Family Combinations are supplied mounted and ready to frame.,,,,,,,,,,,,,g,,,true,true,,,active
ogrady,O'Grady Family name History & Crest Plaques,<p>Learn the full history of your family with a Family History or a Crest/History Combination.</p><p>Family History Standard : 16 x 20 cm | 6 x 8 inches.&nbsp;</p><p>Family Histories and Family Combinations are supplied mounted and ready to frame.</p>,Irish Family Surnames,Home & Garden > Decor > Decorative Plaques,Decorative Plaques,"Heraldic Irish Family Names, Gifts under €25, Surname O",true,Plaque size,Standard,,,,,3741,0.05,shopify,20,deny,manual,12.45,,true,false,,https://irishfamilysurnames.com/wp-content/uploads/2021/04/o-grady-B-H.jpg,1,O'Grady,false,O'Grady Family name History & Crest Plaques,Learn the full history of your family with a Family History or a Crest/History Combination. Family History Standard : 16 x 20 cm | 6 x 8 inches. Family Histories and Family Combinations are supplied mounted and ready to frame.,,,,,,,,,,,,,g,,,true,true,,,active
ohalloran,O'Halloran Family name History & Crest Plaques,<p>Learn the full history of your family with a Family History or a Crest/History Combination.</p><p>Family History Standard : 16 x 20 cm | 6 x 8 inches.&nbsp;</p><p>Family Histories and Family Combinations are supplied mounted and ready to frame.</p>,Irish Family Surnames,Home & Garden > Decor > Decorative Plaques,Decorative Plaques,"Heraldic Irish Family Names, Gifts under €25, Surname O",true,Plaque size,Standard,,,,,3763,0.05,shopify,20,deny,manual,12.45,,true,false,,https://irishfamilysurnames.com/wp-content/uploads/2021/04/o-halloran-B-H.jpg,1,O'Halloran,false,O'Halloran Family name History & Crest Plaques,Learn the full history of your family with a Family History or a Crest/History Combination. Family History Standard : 16 x 20 cm | 6 x 8 inches. Family Histories and Family Combinations are supplied mounted and ready to frame.,,,,,,,,,,,,,g,,,true,true,,,active
ohara,O'Hara Family name History & Crest Plaques,<p>Learn the full history of your family with a Family History or a Crest/History Combination.</p><p>Family History Standard : 16 x 20 cm | 6 x 8 inches.&nbsp;</p><p>Family Histories and Family Combinations are supplied mounted and ready to frame.</p>,Irish Family Surnames,Home & Garden > Decor > Decorative Plaques,Decorative Plaques,"Heraldic Irish Family Names, Gifts under €25, Surname O",true,Plaque size,Standard,,,,,3784,0.05,shopify,20,deny,manual,12.45,,true,false,,https://irishfamilysurnames.com/wp-content/uploads/2021/04/o-hara-B-H.jpg,1,O'Hara,false,O'Hara Family name History & Crest Plaques,Learn the full history of your family with a Family History or a Crest/History Combination. Family History Standard : 16 x 20 cm | 6 x 8 inches. Family Histories and Family Combinations are supplied mounted and ready to frame.,,,,,,,,,,,,,g,,,true,true,,,active
ohart,O'Hart Family name History & Crest Plaques,<p>Learn the full history of your family with a Family History or a Crest/History Combination.</p><p>Family History Standard : 16 x 20 cm | 6 x 8 inches.&nbsp;</p><p>Family Histories and Family Combinations are supplied mounted and ready to frame.</p>,Irish Family Surnames,Home & Garden > Decor > Decorative Plaques,Decorative Plaques,"Heraldic Irish Family Names, Gifts under €25, Surname O",true,Plaque size,Standard,,,,,3796,0.05,shopify,20,deny,manual,12.45,,true,false,,https://irishfamilysurnames.com/wp-content/uploads/2021/04/o-hart-B-H.jpg,1,O'Hart,false,O'Hart Family name History & Crest Plaques,Learn the full history of your family with a Family History or a Crest/History Combination. Family History Standard : 16 x 20 cm | 6 x 8 inches. Family Histories and Family Combinations are supplied mounted and ready to frame.,,,,,,,,,,,,,g,,,true,true,,,active
ohiggins,O'Higgins Family name History & Crest Plaques,<p>Learn the full history of your family with a Family History or a Crest/History Combination.</p><p>Family History Standard : 16 x 20 cm | 6 x 8 inches.&nbsp;</p><p>Family Histories and Family Combinations are supplied mounted and ready to frame.</p>,Irish Family Surnames,Home & Garden > Decor > Decorative Plaques,Decorative Plaques,"Heraldic Irish Family Names, Gifts under €25, Surname O",true,Plaque size,Standard,,,,,3807,0.05,shopify,20,deny,manual,12.45,,true,false,,https://irishfamilysurnames.com/wp-content/uploads/2021/04/o-higgins-B-H.jpg,1,O'Higgins,false,O'Higgins Family name History & Crest Plaques,Learn the full history of your family with a Family History or a Crest/History Combination. Family History Standard : 16 x 20 cm | 6 x 8 inches. Family Histories and Family Combinations are supplied mounted and ready to frame.,,,,,,,,,,,,,g,,,true,true,,,active
okeefe,O'Keefe Family name History & Crest Plaques,<p>Learn the full history of your family with a Family History or a Crest/History Combination.</p><p>Family History Standard : 16 x 20 cm | 6 x 8 inches.&nbsp;</p><p>Family Histories and Family Combinations are supplied mounted and ready to frame.</p>,Irish Family Surnames,Home & Garden > Decor > Decorative Plaques,Decorative Plaques,"Heraldic Irish Family Names, Gifts under €25, Surname O",true,Plaque size,Standard,,,,,3818,0.05,shopify,20,deny,manual,12.45,,true,false,,https://irishfamilysurnames.com/wp-content/uploads/2021/04/o-keefe-B-H.jpg,1,O'Keefe,false,O'Keefe Family name History & Crest Plaques,Learn the full history of your family with a Family History or a Crest/History Combination. Family History Standard : 16 x 20 cm | 6 x 8 inches. Family Histories and Family Combinations are supplied mounted and ready to frame.,,,,,,,,,,,,,g,,,true,true,,,active
okeeffe,O'Keeffe Family name History & Crest Plaques,<p>Learn the full history of your family with a Family History or a Crest/History Combination.</p><p>Family History Standard : 16 x 20 cm | 6 x 8 inches.&nbsp;</p><p>Family Histories and Family Combinations are supplied mounted and ready to frame.</p>,Irish Family Surnames,Home & Garden > Decor > Decorative Plaques,Decorative Plaques,"Heraldic Irish Family Names, Gifts under €25, Surname O",true,Plaque size,Standard,,,,,3829,0.05,shopify,20,deny,manual,12.45,,true,false,,https://irishfamilysurnames.com/wp-content/uploads/2021/04/o-keeffe-B-H.jpg,1,O'Keeffe,false,O'Keeffe Family name History & Crest Plaques,Learn the full history of your family with a Family History or a Crest/History Combination. Family History Standard : 16 x 20 cm | 6 x 8 inches. Family Histories and Family Combinations are supplied mounted and ready to frame.,,,,,,,,,,,,,g,,,true,true,,,active
okelly,O'Kelly Family name History & Crest Plaques,<p>Learn the full history of your family with a Family History or a Crest/History Combination.</p><p>Family History Standard : 16 x 20 cm | 6 x 8 inches.&nbsp;</p><p>Family Histories and Family Combinations are supplied mounted and ready to frame.</p>,Irish Family Surnames,Home & Garden > Decor > Decorative Plaques,Decorative Plaques,"Heraldic Irish Family Names, Gifts under €25, Surname O",true,Plaque size,Standard,,,,,3841,0.05,shopify,20,deny,manual,12.45,,true,false,,https://irishfamilysurnames.com/wp-content/uploads/2021/04/o-kelly-B-H.jpg,1,O'Kelly,false,O'Kelly Family name History & Crest Plaques,Learn the full history of your family with a Family History or a Crest/History Combination. Family History Standard : 16 x 20 cm | 6 x 8 inches. Family Histories and Family Combinations are supplied mounted and ready to frame.,,,,,,,,,,,,,g,,,true,true,,,active
olaughlin,O'Laughlin Family name History & Crest Plaques,<p>Learn the full history of your family with a Family History or a Crest/History Combination.</p><p>Family History Standard : 16 x 20 cm | 6 x 8 inches.&nbsp;</p><p>Family Histories and Family Combinations are supplied mounted and ready to frame.</p>,Irish Family Surnames,Home & Garden > Decor > Decorative Plaques,Decorative Plaques,"Heraldic Irish Family Names, Gifts under €25, Surname O",true,Plaque size,Standard,,,,,3852,0.05,shopify,20,deny,manual,12.45,,true,false,,https://irishfamilysurnames.com/wp-content/uploads/2021/04/o-laughlin-B-H.jpg,1,O'Laughlin,false,O'Laughlin Family name History & Crest Plaques,Learn the full history of your family with a Family History or a Crest/History Combination. Family History Standard : 16 x 20 cm | 6 x 8 inches. Family Histories and Family Combinations are supplied mounted and ready to frame.,,,,,,,,,,,,,g,,,true,true,,,active
oleary,O'Leary Family name History & Crest Plaques,<p>Learn the full history of your family with a Family History or a Crest/History Combination.</p><p>Family History Standard : 16 x 20 cm | 6 x 8 inches.&nbsp;</p><p>Family Histories and Family Combinations are supplied mounted and ready to frame.</p>,Irish Family Surnames,Home & Garden > Decor > Decorative Plaques,Decorative Plaques,"Heraldic Irish Family Names, Gifts under €25, Surname O",true,Plaque size,Standard,,,,,3863,0.05,shopify,20,deny,manual,12.45,,true,false,,https://irishfamilysurnames.com/wp-content/uploads/2021/04/o-leary-B-H.jpg,1,O'Leary,false,O'Leary Family name History & Crest Plaques,Learn the full history of your family with a Family History or a Crest/History Combination. Family History Standard : 16 x 20 cm | 6 x 8 inches. Family Histories and Family Combinations are supplied mounted and ready to frame.,,,,,,,,,,,,,g,,,true,true,,,active
oloughlin,O'Loughlin Family name History & Crest Plaques,<p>Learn the full history of your family with a Family History or a Crest/History Combination.</p><p>Family History Standard : 16 x 20 cm | 6 x 8 inches.&nbsp;</p><p>Family Histories and Family Combinations are supplied mounted and ready to frame.</p>,Irish Family Surnames,Home & Garden > Decor > Decorative Plaques,Decorative Plaques,"Heraldic Irish Family Names, Gifts under €25, Surname O",true,Plaque size,Standard,,,,,3875,0.05,shopify,20,deny,manual,12.45,,true,false,,https://irishfamilysurnames.com/wp-content/uploads/2021/04/o-loughlin-B-H.jpg,1,O'Loughlin,false,O'Loughlin Family name History & Crest Plaques,Learn the full history of your family with a Family History or a Crest/History Combination. Family History Standard : 16 x 20 cm | 6 x 8 inches. Family Histories and Family Combinations are supplied mounted and ready to frame.,,,,,,,,,,,,,g,,,true,true,,,active
omahoney,O'Mahoney Family name History & Crest Plaques,<p>Learn the full history of your family with a Family History or a Crest/History Combination.</p><p>Family History Standard : 16 x 20 cm | 6 x 8 inches.&nbsp;</p><p>Family Histories and Family Combinations are supplied mounted and ready to frame.</p>,Irish Family Surnames,Home & Garden > Decor > Decorative Plaques,Decorative Plaques,"Heraldic Irish Family Names, Gifts under €25, Surname O",true,Plaque size,Standard,,,,,3887,0.05,shopify,20,deny,manual,12.45,,true,false,,https://irishfamilysurnames.com/wp-content/uploads/2021/04/o-mahoney-B-H.jpg,1,O'Mahoney,false,O'Mahoney Family name History & Crest Plaques,Learn the full history of your family with a Family History or a Crest/History Combination. Family History Standard : 16 x 20 cm | 6 x 8 inches. Family Histories and Family Combinations are supplied mounted and ready to frame.,,,,,,,,,,,,,g,,,true,true,,,active
omahony,O'Mahony Family name History & Crest Plaques,<p>Learn the full history of your family with a Family History or a Crest/History Combination.</p><p>Family History Standard : 16 x 20 cm | 6 x 8 inches.&nbsp;</p><p>Family Histories and Family Combinations are supplied mounted and ready to frame.</p>,Irish Family Surnames,Home & Garden > Decor > Decorative Plaques,Decorative Plaques,"Heraldic Irish Family Names, Gifts under €25, Surname O",true,Plaque size,Standard,,,,,3898,0.05,shopify,20,deny,manual,12.45,,true,false,,https://irishfamilysurnames.com/wp-content/uploads/2021/04/o-mahony-B-H.jpg,1,O'Mahony,false,O'Mahony Family name History & Crest Plaques,Learn the full history of your family with a Family History or a Crest/History Combination. Family History Standard : 16 x 20 cm | 6 x 8 inches. Family Histories and Family Combinations are supplied mounted and ready to frame.,,,,,,,,,,,,,g,,,true,true,,,active
omalley,O'Malley Family name History & Crest Plaques,<p>Learn the full history of your family with a Family History or a Crest/History Combination.</p><p>Family History Standard : 16 x 20 cm | 6 x 8 inches.&nbsp;</p><p>Family Histories and Family Combinations are supplied mounted and ready to frame.</p>,Irish Family Surnames,Home & Garden > Decor > Decorative Plaques,Decorative Plaques,"Heraldic Irish Family Names, Gifts under €25, Surname O",true,Plaque size,Standard,,,,,3909,0.05,shopify,20,deny,manual,12.45,,true,false,,https://irishfamilysurnames.com/wp-content/uploads/2021/04/o-malley-B-H.jpg,1,O'Malley,false,O'Malley Family name History & Crest Plaques,Learn the full history of your family with a Family History or a Crest/History Combination. Family History Standard : 16 x 20 cm | 6 x 8 inches. Family Histories and Family Combinations are supplied mounted and ready to frame.,,,,,,,,,,,,,g,,,true,true,,,active
omara,O'Mara Family name History & Crest Plaques,<p>Learn the full history of your family with a Family History or a Crest/History Combination.</p><p>Family History Standard : 16 x 20 cm | 6 x 8 inches.&nbsp;</p><p>Family Histories and Family Combinations are supplied mounted and ready to frame.</p>,Irish Family Surnames,Home & Garden > Decor > Decorative Plaques,Decorative Plaques,"Heraldic Irish Family Names, Gifts under €25, Surname O",true,Plaque size,Standard,,,,,3921,0.05,shopify,20,deny,manual,12.45,,true,false,,https://irishfamilysurnames.com/wp-content/uploads/2021/04/o-mara-B-H.jpg,1,O'Mara,false,O'Mara Family name History & Crest Plaques,Learn the full history of your family with a Family History or a Crest/History Combination. Family History Standard : 16 x 20 cm | 6 x 8 inches. Family Histories and Family Combinations are supplied mounted and ready to frame.,,,,,,,,,,,,,g,,,true,true,,,active
omeara,O'Meara Family name History & Crest Plaques,<p>Learn the full history of your family with a Family History or a Crest/History Combination.</p><p>Family History Standard : 16 x 20 cm | 6 x 8 inches.&nbsp;</p><p>Family Histories and Family Combinations are supplied mounted and ready to frame.</p>,Irish Family Surnames,Home & Garden > Decor > Decorative Plaques,Decorative Plaques,"Heraldic Irish Family Names, Gifts under €25, Surname O",true,Plaque size,Standard,,,,,3932,0.05,shopify,20,deny,manual,12.45,,true,false,,https://irishfamilysurnames.com/wp-content/uploads/2021/04/o-meara-B-H.jpg,1,O'Meara,false,O'Meara Family name History & Crest Plaques,Learn the full history of your family with a Family History or a Crest/History Combination. Family History Standard : 16 x 20 cm | 6 x 8 inches. Family Histories and Family Combinations are supplied mounted and ready to frame.,,,,,,,,,,,,,g,,,true,true,,,active
oreagan,O'Reagan Family name History & Crest Plaques,<p>Learn the full history of your family with a Family History or a Crest/History Combination.</p><p>Family History Standard : 16 x 20 cm | 6 x 8 inches.&nbsp;</p><p>Family Histories and Family Combinations are supplied mounted and ready to frame.</p>,Irish Family Surnames,Home & Garden > Decor > Decorative Plaques,Decorative Plaques,"Heraldic Irish Family Names, Gifts under €25, Surname O",true,Plaque size,Standard,,,,,3964,0.05,shopify,20,deny,manual,12.45,,true,false,,https://irishfamilysurnames.com/wp-content/uploads/2021/04/o-reagan-B-H.jpg,1,O'Reagan,false,O'Reagan Family name History & Crest Plaques,Learn the full history of your family with a Family History or a Crest/History Combination. Family History Standard : 16 x 20 cm | 6 x 8 inches. Family Histories and Family Combinations are supplied mounted and ready to frame.,,,,,,,,,,,,,g,,,true,true,,,active
oreilly,O'Reilly Family name History & Crest Plaques,<p>Learn the full history of your family with a Family History or a Crest/History Combination.</p><p>Family History Standard : 16 x 20 cm | 6 x 8 inches.&nbsp;</p><p>Family Histories and Family Combinations are supplied mounted and ready to frame.</p>,Irish Family Surnames,Home & Garden > Decor > Decorative Plaques,Decorative Plaques,"Heraldic Irish Family Names, Gifts under €25, Surname O",true,Plaque size,Standard,,,,,3986,0.05,shopify,20,deny,manual,12.45,,true,false,,https://irishfamilysurnames.com/wp-content/uploads/2021/04/o-reilly-B-H.jpg,1,O'Reilly,false,O'Reilly Family name History & Crest Plaques,Learn the full history of your family with a Family History or a Crest/History Combination. Family History Standard : 16 x 20 cm | 6 x 8 inches. Family Histories and Family Combinations are supplied mounted and ready to frame.,,,,,,,,,,,,,g,,,true,true,,,active
orourke,O'Rourke Family name History & Crest Plaques,<p>Learn the full history of your family with a Family History or a Crest/History Combination.</p><p>Family History Standard : 16 x 20 cm | 6 x 8 inches.&nbsp;</p><p>Family Histories and Family Combinations are supplied mounted and ready to frame.</p>,Irish Family Surnames,Home & Garden > Decor > Decorative Plaques,Decorative Plaques,"Heraldic Irish Family Names, Gifts under €25, Surname O",true,Plaque size,Standard,,,,,4009,0.05,shopify,20,deny,manual,12.45,,true,false,,https://irishfamilysurnames.com/wp-content/uploads/2021/04/o-rourke-B-H.jpg,1,O'Rourke,false,O'Rourke Family name History & Crest Plaques,Learn the full history of your family with a Family History or a Crest/History Combination. Family History Standard : 16 x 20 cm | 6 x 8 inches. Family Histories and Family Combinations are supplied mounted and ready to frame.,,,,,,,,,,,,,g,,,true,true,,,active
oshaughnessy,O'Shaughnessy Family name History & Crest Plaques,<p>Learn the full history of your family with a Family History or a Crest/History Combination.</p><p>Family History Standard : 16 x 20 cm | 6 x 8 inches.&nbsp;</p><p>Family Histories and Family Combinations are supplied mounted and ready to frame.</p>,Irish Family Surnames,Home & Garden > Decor > Decorative Plaques,Decorative Plaques,"Heraldic Irish Family Names, Gifts under €25, Surname O",true,Plaque size,Standard,,,,,4036,0.05,shopify,20,deny,manual,12.45,,true,false,,https://irishfamilysurnames.com/wp-content/uploads/2021/04/o-shaughnessy-B-H.jpg,1,O'Shaughnessy,false,O'Shaughnessy Family name History & Crest Plaques,Learn the full history of your family with a Family History or a Crest/History Combination. Family History Standard : 16 x 20 cm | 6 x 8 inches. Family Histories and Family Combinations are supplied mounted and ready to frame.,,,,,,,,,,,,,g,,,true,true,,,active
oshea,O'Shea Family name History & Crest Plaques,<p>Learn the full history of your family with a Family History or a Crest/History Combination.</p><p>Family History Standard : 16 x 20 cm | 6 x 8 inches.&nbsp;</p><p>Family Histories and Family Combinations are supplied mounted and ready to frame.</p>,Irish Family Surnames,Home & Garden > Decor > Decorative Plaques,Decorative Plaques,"Heraldic Irish Family Names, Gifts under €25, Surname O",true,Plaque size,Standard,,,,,4043,0.05,shopify,20,deny,manual,12.45,,true,false,,https://irishfamilysurnames.com/wp-content/uploads/2021/04/o-shea-B-H.jpg,1,O'Shea,false,O'Shea Family name History & Crest Plaques,Learn the full history of your family with a Family History or a Crest/History Combination. Family History Standard : 16 x 20 cm | 6 x 8 inches. Family Histories and Family Combinations are supplied mounted and ready to frame.,,,,,,,,,,,,,g,,,true,true,,,active
osullivan,O'Sullivan Family name History & Crest Plaques,<p>Learn the full history of your family with a Family History or a Crest/History Combination.</p><p>Family History Standard : 16 x 20 cm | 6 x 8 inches.&nbsp;</p><p>Family Histories and Family Combinations are supplied mounted and ready to frame.</p>,Irish Family Surnames,Home & Garden > Decor > Decorative Plaques,Decorative Plaques,"Heraldic Irish Family Names, Gifts under €25, Surname O",true,Plaque size,Standard,,,,,4050,0.05,shopify,20,deny,manual,12.45,,true,false,,https://irishfamilysurnames.com/wp-content/uploads/2021/04/o-sullivan-B-H.jpg,1,O'Sullivan,false,O'Sullivan Family name History & Crest Plaques,Learn the full history of your family with a Family History or a Crest/History Combination. Family History Standard : 16 x 20 cm | 6 x 8 inches. Family Histories and Family Combinations are supplied mounted and ready to frame.,,,,,,,,,,,,,g,,,true,true,,,active
otoole,O'Toole Family name History & Crest Plaques,<p>Learn the full history of your family with a Family History or a Crest/History Combination.</p><p>Family History Standard : 16 x 20 cm | 6 x 8 inches.&nbsp;</p><p>Family Histories and Family Combinations are supplied mounted and ready to frame.</p>,Irish Family Surnames,Home & Garden > Decor > Decorative Plaques,Decorative Plaques,"Heraldic Irish Family Names, Gifts under €25, Surname O",true,Plaque size,Standard,,,,,4057,0.05,shopify,20,deny,manual,12.45,,true,false,,https://irishfamilysurnames.com/wp-content/uploads/2021/04/o-toole-B-H.jpg,1,O'Toole,false,O'Toole Family name History & Crest Plaques,Learn the full history of your family with a Family History or a Crest/History Combination. Family History Standard : 16 x 20 cm | 6 x 8 inches. Family Histories and Family Combinations are supplied mounted and ready to frame.,,,,,,,,,,,,,g,,,true,true,,,active
scott,Scott Family name History & Crest Plaques,<p>Learn the full history of your family with a Family History or a Crest/History Combination.</p><p>Family History Standard : 16 x 20 cm | 6 x 8 inches.&nbsp;</p><p>Family Histories and Family Combinations are supplied mounted and ready to frame.</p>,Irish Family Surnames,Home & Garden > Decor > Decorative Plaques,Decorative Plaques,"Heraldic Irish Family Names, Gifts under €25, Surname S",true,Plaque size,Standard,,,,,4064,0.05,shopify,20,deny,manual,12.45,,true,false,,https://irishfamilysurnames.com/wp-content/uploads/2021/04/scott-B-H.jpg,1,Scott,false,Scott Family name History & Crest Plaques,Learn the full history of your family with a Family History or a Crest/History Combination. Family History Standard : 16 x 20 cm | 6 x 8 inches. Family Histories and Family Combinations are supplied mounted and ready to frame.,,,,,,,,,,,,,g,,,true,true,,,active
scully,Scully Family name History & Crest Plaques,<p>Learn the full history of your family with a Family History or a Crest/History Combination.</p><p>Family History Standard : 16 x 20 cm | 6 x 8 inches.&nbsp;</p><p>Family Histories and Family Combinations are supplied mounted and ready to frame.</p>,Irish Family Surnames,Home & Garden > Decor > Decorative Plaques,Decorative Plaques,"Heraldic Irish Family Names, Gifts under €25, Surname S",true,Plaque size,Standard,,,,,4075,0.05,shopify,20,deny,manual,12.45,,true,false,,https://irishfamilysurnames.com/wp-content/uploads/2021/04/scully-B-H.jpg,1,Scully,false,Scully Family name History & Crest Plaques,Learn the full history of your family with a Family History or a Crest/History Combination. Family History Standard : 16 x 20 cm | 6 x 8 inches. Family Histories and Family Combinations are supplied mounted and ready to frame.,,,,,,,,,,,,,g,,,true,true,,,active
shanahan,Shanahan Family name History & Crest Plaques,<p>Learn the full history of your family with a Family History or a Crest/History Combination.</p><p>Family History Standard : 16 x 20 cm | 6 x 8 inches.&nbsp;</p><p>Family Histories and Family Combinations are supplied mounted and ready to frame.</p>,Irish Family Surnames,Home & Garden > Decor > Decorative Plaques,Decorative Plaques,"Heraldic Irish Family Names, Gifts under €25, Surname S",true,Plaque size,Standard,,,,,4087,0.05,shopify,20,deny,manual,12.45,,true,false,,https://irishfamilysurnames.com/wp-content/uploads/2021/04/shanahan-B-H.jpg,1,Shanahan,false,Shanahan Family name History & Crest Plaques,Learn the full history of your family with a Family History or a Crest/History Combination. Family History Standard : 16 x 20 cm | 6 x 8 inches. Family Histories and Family Combinations are supplied mounted and ready to frame.,,,,,,,,,,,,,g,,,true,true,,,active
shannon,Shannon Family name History & Crest Plaques,<p>Learn the full history of your family with a Family History or a Crest/History Combination.</p><p>Family History Standard : 16 x 20 cm | 6 x 8 inches.&nbsp;</p><p>Family Histories and Family Combinations are supplied mounted and ready to frame.</p>,Irish Family Surnames,Home & Garden > Decor > Decorative Plaques,Decorative Plaques,"Heraldic Irish Family Names, Gifts under €25, Surname S",true,Plaque size,Standard,,,,,4098,0.05,shopify,20,deny,manual,12.45,,true,false,,https://irishfamilysurnames.com/wp-content/uploads/2021/04/shannon-B-H.jpg,1,Shannon,false,Shannon Family name History & Crest Plaques,Learn the full history of your family with a Family History or a Crest/History Combination. Family History Standard : 16 x 20 cm | 6 x 8 inches. Family Histories and Family Combinations are supplied mounted and ready to frame.,,,,,,,,,,,,,g,,,true,true,,,active
shaughnessy,Shaughnessy Family name History & Crest Plaques,<p>Learn the full history of your family with a Family History or a Crest/History Combination.</p><p>Family History Standard : 16 x 20 cm | 6 x 8 inches.&nbsp;</p><p>Family Histories and Family Combinations are supplied mounted and ready to frame.</p>,Irish Family Surnames,Home & Garden > Decor > Decorative Plaques,Decorative Plaques,"Heraldic Irish Family Names, Gifts under €25, Surname S",true,Plaque size,Standard,,,,,4109,0.05,shopify,20,deny,manual,12.45,,true,false,,https://irishfamilysurnames.com/wp-content/uploads/2021/04/shaughnessy-B-H.jpg,1,Shaughnessy,false,Shaughnessy Family name History & Crest Plaques,Learn the full history of your family with a Family History or a Crest/History Combination. Family History Standard : 16 x 20 cm | 6 x 8 inches. Family Histories and Family Combinations are supplied mounted and ready to frame.,,,,,,,,,,,,,g,,,true,true,,,active
shea,Shea Family name History & Crest Plaques,<p>Learn the full history of your family with a Family History or a Crest/History Combination.</p><p>Family History Standard : 16 x 20 cm | 6 x 8 inches.&nbsp;</p><p>Family Histories and Family Combinations are supplied mounted and ready to frame.</p>,Irish Family Surnames,Home & Garden > Decor > Decorative Plaques,Decorative Plaques,"Heraldic Irish Family Names, Gifts under €25, Surname S",true,Plaque size,Standard,,,,,4120,0.05,shopify,20,deny,manual,12.45,,true,false,,https://irishfamilysurnames.com/wp-content/uploads/2021/04/shea-B-H.jpg,1,Shea,false,Shea Family name History & Crest Plaques,Learn the full history of your family with a Family History or a Crest/History Combination. Family History Standard : 16 x 20 cm | 6 x 8 inches. Family Histories and Family Combinations are supplied mounted and ready to frame.,,,,,,,,,,,,,g,,,true,true,,,active
sheehan,Sheehan Family name History & Crest Plaques,<p>Learn the full history of your family with a Family History or a Crest/History Combination.</p><p>Family History Standard : 16 x 20 cm | 6 x 8 inches.&nbsp;</p><p>Family Histories and Family Combinations are supplied mounted and ready to frame.</p>,Irish Family Surnames,Home & Garden > Decor > Decorative Plaques,Decorative Plaques,"Heraldic Irish Family Names, Gifts under €25, Surname S",true,Plaque size,Standard,,,,,4131,0.05,shopify,20,deny,manual,12.45,,true,false,,https://irishfamilysurnames.com/wp-content/uploads/2021/04/sheehan-B-H.jpg,1,Sheehan,false,Sheehan Family name History & Crest Plaques,Learn the full history of your family with a Family History or a Crest/History Combination. Family History Standard : 16 x 20 cm | 6 x 8 inches. Family Histories and Family Combinations are supplied mounted and ready to frame.,,,,,,,,,,,,,g,,,true,true,,,active
sheehy,Sheehy Family name History & Crest Plaques,<p>Learn the full history of your family with a Family History or a Crest/History Combination.</p><p>Family History Standard : 16 x 20 cm | 6 x 8 inches.&nbsp;</p><p>Family Histories and Family Combinations are supplied mounted and ready to frame.</p>,Irish Family Surnames,Home & Garden > Decor > Decorative Plaques,Decorative Plaques,"Heraldic Irish Family Names, Gifts under €25, Surname S",true,Plaque size,Standard,,,,,4142,0.05,shopify,20,deny,manual,12.45,,true,false,,https://irishfamilysurnames.com/wp-content/uploads/2021/04/sheehy-B-H.jpg,1,Sheehy,false,Sheehy Family name History & Crest Plaques,Learn the full history of your family with a Family History or a Crest/History Combination. Family History Standard : 16 x 20 cm | 6 x 8 inches. Family Histories and Family Combinations are supplied mounted and ready to frame.,,,,,,,,,,,,,g,,,true,true,,,active
slattery,Slattery Family name History & Crest Plaques,<p>Learn the full history of your family with a Family History or a Crest/History Combination.</p><p>Family History Standard : 16 x 20 cm | 6 x 8 inches.&nbsp;</p><p>Family Histories and Family Combinations are supplied mounted and ready to frame.</p>,Irish Family Surnames,Home & Garden > Decor > Decorative Plaques,Decorative Plaques,"Heraldic Irish Family Names, Gifts under €25, Surname S",true,Plaque size,Standard,,,,,4164,0.05,shopify,20,deny,manual,12.45,,true,false,,https://irishfamilysurnames.com/wp-content/uploads/2021/04/slattery-B-H.jpg,1,Slattery,false,Slattery Family name History & Crest Plaques,Learn the full history of your family with a Family History or a Crest/History Combination. Family History Standard : 16 x 20 cm | 6 x 8 inches. Family Histories and Family Combinations are supplied mounted and ready to frame.,,,,,,,,,,,,,g,,,true,true,,,active
smith,Smith Family name History & Crest Plaques,<p>Learn the full history of your family with a Family History or a Crest/History Combination.</p><p>Family History Standard : 16 x 20 cm | 6 x 8 inches.&nbsp;</p><p>Family Histories and Family Combinations are supplied mounted and ready to frame.</p>,Irish Family Surnames,Home & Garden > Decor > Decorative Plaques,Decorative Plaques,"Heraldic Irish Family Names, Gifts under €25, Surname S",true,Plaque size,Standard,,,,,4176,0.05,shopify,20,deny,manual,12.45,,true,false,,https://irishfamilysurnames.com/wp-content/uploads/2021/04/smith-B-H.jpg,1,Smith,false,Smith Family name History & Crest Plaques,Learn the full history of your family with a Family History or a Crest/History Combination. Family History Standard : 16 x 20 cm | 6 x 8 inches. Family Histories and Family Combinations are supplied mounted and ready to frame.,,,,,,,,,,,,,g,,,true,true,,,active
smyth,Smyth Family name History & Crest Plaques,<p>Learn the full history of your family with a Family History or a Crest/History Combination.</p><p>Family History Standard : 16 x 20 cm | 6 x 8 inches.&nbsp;</p><p>Family Histories and Family Combinations are supplied mounted and ready to frame.</p>,Irish Family Surnames,Home & Garden > Decor > Decorative Plaques,Decorative Plaques,"Heraldic Irish Family Names, Gifts under €25, Surname S",true,Plaque size,Standard,,,,,4187,0.05,shopify,20,deny,manual,12.45,,true,false,,https://irishfamilysurnames.com/wp-content/uploads/2021/04/smyth-B-H.jpg,1,Smyth,false,Smyth Family name History & Crest Plaques,Learn the full history of your family with a Family History or a Crest/History Combination. Family History Standard : 16 x 20 cm | 6 x 8 inches. Family Histories and Family Combinations are supplied mounted and ready to frame.,,,,,,,,,,,,,g,,,true,true,,,active
stewart,Stewart Family name History & Crest Plaques,<p>Learn the full history of your family with a Family History or a Crest/History Combination.</p><p>Family History Standard : 16 x 20 cm | 6 x 8 inches.&nbsp;</p><p>Family Histories and Family Combinations are supplied mounted and ready to frame.</p>,Irish Family Surnames,Home & Garden > Decor > Decorative Plaques,Decorative Plaques,"Heraldic Irish Family Names, Gifts under €25, Surname S",true,Plaque size,Standard,,,,,4210,0.05,shopify,20,deny,manual,12.45,,true,false,,https://irishfamilysurnames.com/wp-content/uploads/2021/04/stewart-B-H.jpg,1,Stewart,false,Stewart Family name History & Crest Plaques,Learn the full history of your family with a Family History or a Crest/History Combination. Family History Standard : 16 x 20 cm | 6 x 8 inches. Family Histories and Family Combinations are supplied mounted and ready to frame.,,,,,,,,,,,,,g,,,true,true,,,active
carr,Carr Family name History & Crest Plaques,<p>Learn the full history of your family with a Family History or a Crest/History Combination.</p><p>Family History Standard : 16 x 20 cm | 6 x 8 inches.&nbsp;</p><p>Family Histories and Family Combinations are supplied mounted and ready to frame.</p>,Irish Family Surnames,Home & Garden > Decor > Decorative Plaques,Decorative Plaques,"Heraldic Irish Family Names, Gifts under €25, Surname C",true,Plaque size,Standard,,,,,4243,0.05,shopify,20,deny,manual,12.45,,true,false,,https://irishfamilysurnames.com/wp-content/uploads/2021/04/carr-B-H.jpg,1,Carr,false,Carr Family name History & Crest Plaques,Learn the full history of your family with a Family History or a Crest/History Combination. Family History Standard : 16 x 20 cm | 6 x 8 inches. Family Histories and Family Combinations are supplied mounted and ready to frame.,,,,,,,,,,,,,g,,,true,true,,,active
carroll,Carroll Family name History & Crest Plaques,<p>Learn the full history of your family with a Family History or a Crest/History Combination.</p><p>Family History Standard : 16 x 20 cm | 6 x 8 inches.&nbsp;</p><p>Family Histories and Family Combinations are supplied mounted and ready to frame.</p>,Irish Family Surnames,Home & Garden > Decor > Decorative Plaques,Decorative Plaques,"Heraldic Irish Family Names, Gifts under €25, Surname C",true,Plaque size,Standard,,,,,4254,0.05,shopify,20,deny,manual,12.45,,true,false,,https://irishfamilysurnames.com/wp-content/uploads/2021/04/carroll-B-H.jpg,1,Carroll,false,Carroll Family name History & Crest Plaques,Learn the full history of your family with a Family History or a Crest/History Combination. Family History Standard : 16 x 20 cm | 6 x 8 inches. Family Histories and Family Combinations are supplied mounted and ready to frame.,,,,,,,,,,,,,g,,,true,true,,,active
carthy,Carthy Family name History & Crest Plaques,<p>Learn the full history of your family with a Family History or a Crest/History Combination.</p><p>Family History Standard : 16 x 20 cm | 6 x 8 inches.&nbsp;</p><p>Family Histories and Family Combinations are supplied mounted and ready to frame.</p>,Irish Family Surnames,Home & Garden > Decor > Decorative Plaques,Decorative Plaques,"Heraldic Irish Family Names, Gifts under €25, Surname C",true,Plaque size,Standard,,,,,4265,0.05,shopify,20,deny,manual,12.45,,true,false,,https://irishfamilysurnames.com/wp-content/uploads/2021/04/carthy-B-H.jpg,1,Carthy,false,Carthy Family name History & Crest Plaques,Learn the full history of your family with a Family History or a Crest/History Combination. Family History Standard : 16 x 20 cm | 6 x 8 inches. Family Histories and Family Combinations are supplied mounted and ready to frame.,,,,,,,,,,,,,g,,,true,true,,,active
cary,Cary Family name History & Crest Plaques,<p>Learn the full history of your family with a Family History or a Crest/History Combination.</p><p>Family History Standard : 16 x 20 cm | 6 x 8 inches.&nbsp;</p><p>Family Histories and Family Combinations are supplied mounted and ready to frame.</p>,Irish Family Surnames,Home & Garden > Decor > Decorative Plaques,Decorative Plaques,"Heraldic Irish Family Names, Gifts under €25, Surname C",true,Plaque size,Standard,,,,,4276,0.05,shopify,20,deny,manual,12.45,,true,false,,https://irishfamilysurnames.com/wp-content/uploads/2021/04/cary-B-H.jpg,1,Cary,false,Cary Family name History & Crest Plaques,Learn the full history of your family with a Family History or a Crest/History Combination. Family History Standard : 16 x 20 cm | 6 x 8 inches. Family Histories and Family Combinations are supplied mounted and ready to frame.,,,,,,,,,,,,,g,,,true,true,,,active
casey,Casey Family name History & Crest Plaques,<p>Learn the full history of your family with a Family History or a Crest/History Combination.</p><p>Family History Standard : 16 x 20 cm | 6 x 8 inches.&nbsp;</p><p>Family Histories and Family Combinations are supplied mounted and ready to frame.</p>,Irish Family Surnames,Home & Garden > Decor > Decorative Plaques,Decorative Plaques,"Heraldic Irish Family Names, Gifts under €25, Surname C",true,Plaque size,Standard,,,,,4287,0.05,shopify,20,deny,manual,12.45,,true,false,,https://irishfamilysurnames.com/wp-content/uploads/2021/04/casey-B-H.jpg,1,Casey,false,Casey Family name History & Crest Plaques,Learn the full history of your family with a Family History or a Crest/History Combination. Family History Standard : 16 x 20 cm | 6 x 8 inches. Family Histories and Family Combinations are supplied mounted and ready to frame.,,,,,,,,,,,,,g,,,true,true,,,active
cassidy,Cassidy Family name History & Crest Plaques,<p>Learn the full history of your family with a Family History or a Crest/History Combination.</p><p>Family History Standard : 16 x 20 cm | 6 x 8 inches.&nbsp;</p><p>Family Histories and Family Combinations are supplied mounted and ready to frame.</p>,Irish Family Surnames,Home & Garden > Decor > Decorative Plaques,Decorative Plaques,"Heraldic Irish Family Names, Gifts under €25, Surname C",true,Plaque size,Standard,,,,,4298,0.05,shopify,20,deny,manual,12.45,,true,false,,https://irishfamilysurnames.com/wp-content/uploads/2021/04/cassidy-B-H.jpg,1,Cassidy,false,Cassidy Family name History & Crest Plaques,Learn the full history of your family with a Family History or a Crest/History Combination. Family History Standard : 16 x 20 cm | 6 x 8 inches. Family Histories and Family Combinations are supplied mounted and ready to frame.,,,,,,,,,,,,,g,,,true,true,,,active
cavanagh,Cavanagh Family name History & Crest Plaques,<p>Learn the full history of your family with a Family History or a Crest/History Combination.</p><p>Family History Standard : 16 x 20 cm | 6 x 8 inches.&nbsp;</p><p>Family Histories and Family Combinations are supplied mounted and ready to frame.</p>,Irish Family Surnames,Home & Garden > Decor > Decorative Plaques,Decorative Plaques,"Heraldic Irish Family Names, Gifts under €25, Surname C",true,Plaque size,Standard,,,,,4309,0.05,shopify,20,deny,manual,12.45,,true,false,,https://irishfamilysurnames.com/wp-content/uploads/2021/04/cavanagh-B-H.jpg,1,Cavanagh,false,Cavanagh Family name History & Crest Plaques,Learn the full history of your family with a Family History or a Crest/History Combination. Family History Standard : 16 x 20 cm | 6 x 8 inches. Family Histories and Family Combinations are supplied mounted and ready to frame.,,,,,,,,,,,,,g,,,true,true,,,active
cavanaugh,Cavanaugh Family name History & Crest Plaques,<p>Learn the full history of your family with a Family History or a Crest/History Combination.</p><p>Family History Standard : 16 x 20 cm | 6 x 8 inches.&nbsp;</p><p>Family Histories and Family Combinations are supplied mounted and ready to frame.</p>,Irish Family Surnames,Home & Garden > Decor > Decorative Plaques,Decorative Plaques,"Heraldic Irish Family Names, Gifts under €25, Surname C",true,Plaque size,Standard,,,,,4320,0.05,shopify,20,deny,manual,12.45,,true,false,,https://irishfamilysurnames.com/wp-content/uploads/2021/04/cavanaugh-B-H.jpg,1,Cavanaugh,false,Cavanaugh Family name History & Crest Plaques,Learn the full history of your family with a Family History or a Crest/History Combination. Family History Standard : 16 x 20 cm | 6 x 8 inches. Family Histories and Family Combinations are supplied mounted and ready to frame.,,,,,,,,,,,,,g,,,true,true,,,active
clancy,Clancy Family name History & Crest Plaques,<p>Learn the full history of your family with a Family History or a Crest/History Combination.</p><p>Family History Standard : 16 x 20 cm | 6 x 8 inches.&nbsp;</p><p>Family Histories and Family Combinations are supplied mounted and ready to frame.</p>,Irish Family Surnames,Home & Garden > Decor > Decorative Plaques,Decorative Plaques,"Heraldic Irish Family Names, Gifts under €25, Surname C",true,Plaque size,Standard,,,,,4331,0.05,shopify,20,deny,manual,12.45,,true,false,,https://irishfamilysurnames.com/wp-content/uploads/2021/04/clancy-B-H.jpg,1,Clancy,false,Clancy Family name History & Crest Plaques,Learn the full history of your family with a Family History or a Crest/History Combination. Family History Standard : 16 x 20 cm | 6 x 8 inches. Family Histories and Family Combinations are supplied mounted and ready to frame.,,,,,,,,,,,,,g,,,true,true,,,active
clark,Clark Family name History & Crest Plaques,<p>Learn the full history of your family with a Family History or a Crest/History Combination.</p><p>Family History Standard : 16 x 20 cm | 6 x 8 inches.&nbsp;</p><p>Family Histories and Family Combinations are supplied mounted and ready to frame.</p>,Irish Family Surnames,Home & Garden > Decor > Decorative Plaques,Decorative Plaques,"Heraldic Irish Family Names, Gifts under €25, Surname C",true,Plaque size,Standard,,,,,4343,0.05,shopify,20,deny,manual,12.45,,true,false,,https://irishfamilysurnames.com/wp-content/uploads/2021/04/clark-B-H.jpg,1,Clark,false,Clark Family name History & Crest Plaques,Learn the full history of your family with a Family History or a Crest/History Combination. Family History Standard : 16 x 20 cm | 6 x 8 inches. Family Histories and Family Combinations are supplied mounted and ready to frame.,,,,,,,,,,,,,g,,,true,true,,,active
clarke,Clarke Family name History & Crest Plaques,<p>Learn the full history of your family with a Family History or a Crest/History Combination.</p><p>Family History Standard : 16 x 20 cm | 6 x 8 inches.&nbsp;</p><p>Family Histories and Family Combinations are supplied mounted and ready to frame.</p>,Irish Family Surnames,Home & Garden > Decor > Decorative Plaques,Decorative Plaques,"Heraldic Irish Family Names, Gifts under €25, Surname C",true,Plaque size,Standard,,,,,4354,0.05,shopify,20,deny,manual,12.45,,true,false,,https://irishfamilysurnames.com/wp-content/uploads/2021/04/clarke-B-H.jpg,1,Clarke,false,Clarke Family name History & Crest Plaques,Learn the full history of your family with a Family History or a Crest/History Combination. Family History Standard : 16 x 20 cm | 6 x 8 inches. Family Histories and Family Combinations are supplied mounted and ready to frame.,,,,,,,,,,,,,g,,,true,true,,,active
cahill,Cahill Family name History & Crest Plaques,<p>Learn the full history of your family with a Family History or a Crest/History Combination.</p><p>Family History Standard : 16 x 20 cm | 6 x 8 inches.&nbsp;</p><p>Family Histories and Family Combinations are supplied mounted and ready to frame.</p>,Irish Family Surnames,Home & Garden > Decor > Decorative Plaques,Decorative Plaques,"Heraldic Irish Family Names, Gifts under €25, Surname C",true,Plaque size,Standard,,,,,3330,0.05,shopify,20,deny,manual,12.45,,true,false,,https://irishfamilysurnames.com/wp-content/uploads/2021/04/cahill-B-H.jpg,1,Cahill,false,Cahill Family name History & Crest Plaques,Learn the full history of your family with a Family History or a Crest/History Combination. Family History Standard : 16 x 20 cm | 6 x 8 inches. Family Histories and Family Combinations are supplied mounted and ready to frame.,,,,,,,,,,,,,g,,,true,true,,,active
boland,Boland Family name History & Crest Plaques,<p>Learn the full history of your family with a Family History or a Crest/History Combination.</p><p>Family History Standard : 16 x 20 cm | 6 x 8 inches.&nbsp;</p><p>Family Histories and Family Combinations are supplied mounted and ready to frame.</p>,Irish Family Surnames,Home & Garden > Decor > Decorative Plaques,Decorative Plaques,"Heraldic Irish Family Names, Gifts under €25, Surname B",true,Plaque size,Standard,,,,,3132,0.05,shopify,20,deny,manual,12.45,,true,false,,https://irishfamilysurnames.com/wp-content/uploads/2021/04/boland-B-H.jpg,1,Boland,false,Boland Family name History & Crest Plaques,Learn the full history of your family with a Family History or a Crest/History Combination. Family History Standard : 16 x 20 cm | 6 x 8 inches. Family Histories and Family Combinations are supplied mounted and ready to frame.,,,,,,,,,,,,,g,,,true,true,,,active
bolger,Bolger Family name History & Crest Plaques,<p>Learn the full history of your family with a Family History or a Crest/History Combination.</p><p>Family History Standard : 16 x 20 cm | 6 x 8 inches.&nbsp;</p><p>Family Histories and Family Combinations are supplied mounted and ready to frame.</p>,Irish Family Surnames,Home & Garden > Decor > Decorative Plaques,Decorative Plaques,"Heraldic Irish Family Names, Gifts under €25, Surname B",true,Plaque size,Standard,,,,,3143,0.05,shopify,20,deny,manual,12.45,,true,false,,https://irishfamilysurnames.com/wp-content/uploads/2021/04/bolger-B-H.jpg,1,Bolger,false,Bolger Family name History & Crest Plaques,Learn the full history of your family with a Family History or a Crest/History Combination. Family History Standard : 16 x 20 cm | 6 x 8 inches. Family Histories and Family Combinations are supplied mounted and ready to frame.,,,,,,,,,,,,,g,,,true,true,,,active
boylan,Boylan Family name History & Crest Plaques,<p>Learn the full history of your family with a Family History or a Crest/History Combination.</p><p>Family History Standard : 16 x 20 cm | 6 x 8 inches.&nbsp;</p><p>Family Histories and Family Combinations are supplied mounted and ready to frame.</p>,Irish Family Surnames,Home & Garden > Decor > Decorative Plaques,Decorative Plaques,"Heraldic Irish Family Names, Gifts under €25, Surname B",true,Plaque size,Standard,,,,,3165,0.05,shopify,20,deny,manual,12.45,,true,false,,https://irishfamilysurnames.com/wp-content/uploads/2021/04/boylan-B-H.jpg,1,Boylan,false,Boylan Family name History & Crest Plaques,Learn the full history of your family with a Family History or a Crest/History Combination. Family History Standard : 16 x 20 cm | 6 x 8 inches. Family Histories and Family Combinations are supplied mounted and ready to frame.,,,,,,,,,,,,,g,,,true,true,,,active
boyle,Boyle Family name History & Crest Plaques,<p>Learn the full history of your family with a Family History or a Crest/History Combination.</p><p>Family History Standard : 16 x 20 cm | 6 x 8 inches.&nbsp;</p><p>Family Histories and Family Combinations are supplied mounted and ready to frame.</p>,Irish Family Surnames,Home & Garden > Decor > Decorative Plaques,Decorative Plaques,"Heraldic Irish Family Names, Gifts under €25, Surname B",true,Plaque size,Standard,,,,,3176,0.05,shopify,20,deny,manual,12.45,,true,false,,https://irishfamilysurnames.com/wp-content/uploads/2021/04/boyle-B-H.jpg,1,Boyle,false,Boyle Family name History & Crest Plaques,Learn the full history of your family with a Family History or a Crest/History Combination. Family History Standard : 16 x 20 cm | 6 x 8 inches. Family Histories and Family Combinations are supplied mounted and ready to frame.,,,,,,,,,,,,,g,,,true,true,,,active
leary,Leary Family name History & Crest Plaques,<p>Learn the full history of your family with a Family History or a Crest/History Combination.</p><p>Family History Standard : 16 x 20 cm | 6 x 8 inches.&nbsp;</p><p>Family Histories and Family Combinations are supplied mounted and ready to frame.</p>,Irish Family Surnames,Home & Garden > Decor > Decorative Plaques,Decorative Plaques,"Heraldic Irish Family Names, Gifts under €25, Surname L",true,Plaque size,Standard,,,,,1916,0.05,shopify,20,deny,manual,12.45,,true,false,,https://irishfamilysurnames.com/wp-content/uploads/2021/04/leary-B-H-1.jpg,1,Leary,false,Leary Family name History & Crest Plaques,Learn the full history of your family with a Family History or a Crest/History Combination. Family History Standard : 16 x 20 cm | 6 x 8 inches. Family Histories and Family Combinations are supplied mounted and ready to frame.,,,,,,,,,,,,,g,,,true,true,,,active
cleary,Cleary Family name History & Crest Plaques,<p>Learn the full history of your family with a Family History or a Crest/History Combination.</p><p>Family History Standard : 16 x 20 cm | 6 x 8 inches.&nbsp;</p><p>Family Histories and Family Combinations are supplied mounted and ready to frame.</p>,Irish Family Surnames,Home & Garden > Decor > Decorative Plaques,Decorative Plaques,"Heraldic Irish Family Names, Gifts under €25, Surname C",true,Plaque size,Standard,,,,,4366,0.05,shopify,20,deny,manual,12.45,,true,false,,https://irishfamilysurnames.com/wp-content/uploads/2021/04/cleary-B-H.jpg,1,Cleary,false,Cleary Family name History & Crest Plaques,Learn the full history of your family with a Family History or a Crest/History Combination. Family History Standard : 16 x 20 cm | 6 x 8 inches. Family Histories and Family Combinations are supplied mounted and ready to frame.,,,,,,,,,,,,,g,,,true,true,,,active
clery,Clery Family name History & Crest Plaques,<p>Learn the full history of your family with a Family History or a Crest/History Combination.</p><p>Family History Standard : 16 x 20 cm | 6 x 8 inches.&nbsp;</p><p>Family Histories and Family Combinations are supplied mounted and ready to frame.</p>,Irish Family Surnames,Home & Garden > Decor > Decorative Plaques,Decorative Plaques,"Heraldic Irish Family Names, Gifts under €25, Surname C",true,Plaque size,Standard,,,,,4389,0.05,shopify,20,deny,manual,12.45,,true,false,,https://irishfamilysurnames.com/wp-content/uploads/2021/04/clery-B-H.jpg,1,Clery,false,Clery Family name History & Crest Plaques,Learn the full history of your family with a Family History or a Crest/History Combination. Family History Standard : 16 x 20 cm | 6 x 8 inches. Family Histories and Family Combinations are supplied mounted and ready to frame.,,,,,,,,,,,,,g,,,true,true,,,active
coffey,Coffey Family name History & Crest Plaques,<p>Learn the full history of your family with a Family History or a Crest/History Combination.</p><p>Family History Standard : 16 x 20 cm | 6 x 8 inches.&nbsp;</p><p>Family Histories and Family Combinations are supplied mounted and ready to frame.</p>,Irish Family Surnames,Home & Garden > Decor > Decorative Plaques,Decorative Plaques,"Heraldic Irish Family Names, Gifts under €25, Surname C",true,Plaque size,Standard,,,,,4400,0.05,shopify,20,deny,manual,12.45,,true,false,,https://irishfamilysurnames.com/wp-content/uploads/2021/04/coffey-B-H.jpg,1,Coffey,false,Coffey Family name History & Crest Plaques,Learn the full history of your family with a Family History or a Crest/History Combination. Family History Standard : 16 x 20 cm | 6 x 8 inches. Family Histories and Family Combinations are supplied mounted and ready to frame.,,,,,,,,,,,,,g,,,true,true,,,active
coleman,Coleman Family name History & Crest Plaques,<p>Learn the full history of your family with a Family History or a Crest/History Combination.</p><p>Family History Standard : 16 x 20 cm | 6 x 8 inches.&nbsp;</p><p>Family Histories and Family Combinations are supplied mounted and ready to frame.</p>,Irish Family Surnames,Home & Garden > Decor > Decorative Plaques,Decorative Plaques,"Heraldic Irish Family Names, Gifts under €25, Surname C",true,Plaque size,Standard,,,,,4411,0.05,shopify,20,deny,manual,12.45,,true,false,,https://irishfamilysurnames.com/wp-content/uploads/2021/04/coleman-B-H.jpg,1,Coleman,false,Coleman Family name History & Crest Plaques,Learn the full history of your family with a Family History or a Crest/History Combination. Family History Standard : 16 x 20 cm | 6 x 8 inches. Family Histories and Family Combinations are supplied mounted and ready to frame.,,,,,,,,,,,,,g,,,true,true,,,active
collins,Collins Family name History & Crest Plaques,<p>Learn the full history of your family with a Family History or a Crest/History Combination.</p><p>Family History Standard : 16 x 20 cm | 6 x 8 inches.&nbsp;</p><p>Family Histories and Family Combinations are supplied mounted and ready to frame.</p>,Irish Family Surnames,Home & Garden > Decor > Decorative Plaques,Decorative Plaques,"Heraldic Irish Family Names, Gifts under €25, Surname C",true,Plaque size,Standard,,,,,4422,0.05,shopify,20,deny,manual,12.45,,true,false,,https://irishfamilysurnames.com/wp-content/uploads/2021/04/collins-B-H.jpg,1,Collins,false,Collins Family name History & Crest Plaques,Learn the full history of your family with a Family History or a Crest/History Combination. Family History Standard : 16 x 20 cm | 6 x 8 inches. Family Histories and Family Combinations are supplied mounted and ready to frame.,,,,,,,,,,,,,g,,,true,true,,,active
condon,Condon Family name History & Crest Plaques,<p>Learn the full history of your family with a Family History or a Crest/History Combination.</p><p>Family History Standard : 16 x 20 cm | 6 x 8 inches.&nbsp;</p><p>Family Histories and Family Combinations are supplied mounted and ready to frame.</p>,Irish Family Surnames,Home & Garden > Decor > Decorative Plaques,Decorative Plaques,"Heraldic Irish Family Names, Gifts under €25, Surname C",true,Plaque size,Standard,,,,,4433,0.05,shopify,20,deny,manual,12.45,,true,false,,https://irishfamilysurnames.com/wp-content/uploads/2021/04/condon-B-H.jpg,1,Condon,false,Condon Family name History & Crest Plaques,Learn the full history of your family with a Family History or a Crest/History Combination. Family History Standard : 16 x 20 cm | 6 x 8 inches. Family Histories and Family Combinations are supplied mounted and ready to frame.,,,,,,,,,,,,,g,,,true,true,,,active
conlan,Conlan Family name History & Crest Plaques,<p>Learn the full history of your family with a Family History or a Crest/History Combination.</p><p>Family History Standard : 16 x 20 cm | 6 x 8 inches.&nbsp;</p><p>Family Histories and Family Combinations are supplied mounted and ready to frame.</p>,Irish Family Surnames,Home & Garden > Decor > Decorative Plaques,Decorative Plaques,"Heraldic Irish Family Names, Gifts under €25, Surname C",true,Plaque size,Standard,,,,,4445,0.05,shopify,20,deny,manual,12.45,,true,false,,https://irishfamilysurnames.com/wp-content/uploads/2021/04/conlan-B-H.jpg,1,Conlan,false,Conlan Family name History & Crest Plaques,Learn the full history of your family with a Family History or a Crest/History Combination. Family History Standard : 16 x 20 cm | 6 x 8 inches. Family Histories and Family Combinations are supplied mounted and ready to frame.,,,,,,,,,,,,,g,,,true,true,,,active
connell,Connell Family name History & Crest Plaques,<p>Learn the full history of your family with a Family History or a Crest/History Combination.</p><p>Family History Standard : 16 x 20 cm | 6 x 8 inches.&nbsp;</p><p>Family Histories and Family Combinations are supplied mounted and ready to frame.</p>,Irish Family Surnames,Home & Garden > Decor > Decorative Plaques,Decorative Plaques,"Heraldic Irish Family Names, Gifts under €25, Surname C",true,Plaque size,Standard,,,,,4456,0.05,shopify,20,deny,manual,12.45,,true,false,,https://irishfamilysurnames.com/wp-content/uploads/2021/04/connell-B-H.jpg,1,Connell,false,Connell Family name History & Crest Plaques,Learn the full history of your family with a Family History or a Crest/History Combination. Family History Standard : 16 x 20 cm | 6 x 8 inches. Family Histories and Family Combinations are supplied mounted and ready to frame.,,,,,,,,,,,,,g,,,true,true,,,active
connolly,Connolly Family name History & Crest Plaques,<p>Learn the full history of your family with a Family History or a Crest/History Combination.</p><p>Family History Standard : 16 x 20 cm | 6 x 8 inches.&nbsp;</p><p>Family Histories and Family Combinations are supplied mounted and ready to frame.</p>,Irish Family Surnames,Home & Garden > Decor > Decorative Plaques,Decorative Plaques,"Heraldic Irish Family Names, Gifts under €25, Surname C",true,Plaque size,Standard,,,,,4467,0.05,shopify,20,deny,manual,12.45,,true,false,,https://irishfamilysurnames.com/wp-content/uploads/2021/04/connolly-B-H.jpg,1,Connolly,false,Connolly Family name History & Crest Plaques,Learn the full history of your family with a Family History or a Crest/History Combination. Family History Standard : 16 x 20 cm | 6 x 8 inches. Family Histories and Family Combinations are supplied mounted and ready to frame.,,,,,,,,,,,,,g,,,true,true,,,active
connor,Connor Family name History & Crest Plaques,<p>Learn the full history of your family with a Family History or a Crest/History Combination.</p><p>Family History Standard : 16 x 20 cm | 6 x 8 inches.&nbsp;</p><p>Family Histories and Family Combinations are supplied mounted and ready to frame.</p>,Irish Family Surnames,Home & Garden > Decor > Decorative Plaques,Decorative Plaques,"Heraldic Irish Family Names, Gifts under €25, Surname C",true,Plaque size,Standard,,,,,4478,0.05,shopify,20,deny,manual,12.45,,true,false,,https://irishfamilysurnames.com/wp-content/uploads/2021/04/connor-B-H.jpg,1,Connor,false,Connor Family name History & Crest Plaques,Learn the full history of your family with a Family History or a Crest/History Combination. Family History Standard : 16 x 20 cm | 6 x 8 inches. Family Histories and Family Combinations are supplied mounted and ready to frame.,,,,,,,,,,,,,g,,,true,true,,,active
conroy,Conroy Family name History & Crest Plaques,<p>Learn the full history of your family with a Family History or a Crest/History Combination.</p><p>Family History Standard : 16 x 20 cm | 6 x 8 inches.&nbsp;</p><p>Family Histories and Family Combinations are supplied mounted and ready to frame.</p>,Irish Family Surnames,Home & Garden > Decor > Decorative Plaques,Decorative Plaques,"Heraldic Irish Family Names, Gifts under €25, Surname C",true,Plaque size,Standard,,,,,4489,0.05,shopify,20,deny,manual,12.45,,true,false,,https://irishfamilysurnames.com/wp-content/uploads/2021/04/conroy-B-H.jpg,1,Conroy,false,Conroy Family name History & Crest Plaques,Learn the full history of your family with a Family History or a Crest/History Combination. Family History Standard : 16 x 20 cm | 6 x 8 inches. Family Histories and Family Combinations are supplied mounted and ready to frame.,,,,,,,,,,,,,g,,,true,true,,,active
conway,Conway Family name History & Crest Plaques,<p>Learn the full history of your family with a Family History or a Crest/History Combination.</p><p>Family History Standard : 16 x 20 cm | 6 x 8 inches.&nbsp;</p><p>Family Histories and Family Combinations are supplied mounted and ready to frame.</p>,Irish Family Surnames,Home & Garden > Decor > Decorative Plaques,Decorative Plaques,"Heraldic Irish Family Names, Gifts under €25, Surname C",true,Plaque size,Standard,,,,,4500,0.05,shopify,20,deny,manual,12.45,,true,false,,https://irishfamilysurnames.com/wp-content/uploads/2021/04/conway-B-H.jpg,1,Conway,false,Conway Family name History & Crest Plaques,Learn the full history of your family with a Family History or a Crest/History Combination. Family History Standard : 16 x 20 cm | 6 x 8 inches. Family Histories and Family Combinations are supplied mounted and ready to frame.,,,,,,,,,,,,,g,,,true,true,,,active
cooney,Cooney Family name History & Crest Plaques,<p>Learn the full history of your family with a Family History or a Crest/History Combination.</p><p>Family History Standard : 16 x 20 cm | 6 x 8 inches.&nbsp;</p><p>Family Histories and Family Combinations are supplied mounted and ready to frame.</p>,Irish Family Surnames,Home & Garden > Decor > Decorative Plaques,Decorative Plaques,"Heraldic Irish Family Names, Gifts under €25, Surname C",true,Plaque size,Standard,,,,,4512,0.05,shopify,20,deny,manual,12.45,,true,false,,https://irishfamilysurnames.com/wp-content/uploads/2021/04/cooney-B-H.jpg,1,Cooney,false,Cooney Family name History & Crest Plaques,Learn the full history of your family with a Family History or a Crest/History Combination. Family History Standard : 16 x 20 cm | 6 x 8 inches. Family Histories and Family Combinations are supplied mounted and ready to frame.,,,,,,,,,,,,,g,,,true,true,,,active
corcoran,Corcoran Family name History & Crest Plaques,<p>Learn the full history of your family with a Family History or a Crest/History Combination.</p><p>Family History Standard : 16 x 20 cm | 6 x 8 inches.&nbsp;</p><p>Family Histories and Family Combinations are supplied mounted and ready to frame.</p>,Irish Family Surnames,Home & Garden > Decor > Decorative Plaques,Decorative Plaques,"Heraldic Irish Family Names, Gifts under €25, Surname C",true,Plaque size,Standard,,,,,4534,0.05,shopify,20,deny,manual,12.45,,true,false,,https://irishfamilysurnames.com/wp-content/uploads/2021/04/corcoran-B-H.jpg,1,Corcoran,false,Corcoran Family name History & Crest Plaques,Learn the full history of your family with a Family History or a Crest/History Combination. Family History Standard : 16 x 20 cm | 6 x 8 inches. Family Histories and Family Combinations are supplied mounted and ready to frame.,,,,,,,,,,,,,g,,,true,true,,,active
mcdermot,McDermot Family name History & Crest Plaques,<p>Learn the full history of your family with a Family History or a Crest/History Combination.</p><p>Family History Standard : 16 x 20 cm | 6 x 8 inches.&nbsp;</p><p>Family Histories and Family Combinations are supplied mounted and ready to frame.</p>,Irish Family Surnames,Home & Garden > Decor > Decorative Plaques,Decorative Plaques,"Heraldic Irish Family Names, Gifts under €25, Surname M",true,Plaque size,Standard,,,,,2451,0.05,shopify,20,deny,manual,12.45,,true,false,,https://irishfamilysurnames.com/wp-content/uploads/2021/04/mcdermot-B-H.jpg,1,McDermot,false,McDermot Family name History & Crest Plaques,Learn the full history of your family with a Family History or a Crest/History Combination. Family History Standard : 16 x 20 cm | 6 x 8 inches. Family Histories and Family Combinations are supplied mounted and ready to frame.,,,,,,,,,,,,,g,,,true,true,,,active
sheridan,Sheridan Family name History & Crest Plaques,<p>Learn the full history of your family with a Family History or a Crest/History Combination.</p><p>Family History Standard : 16 x 20 cm | 6 x 8 inches.&nbsp;</p><p>Family Histories and Family Combinations are supplied mounted and ready to frame.</p>,Irish Family Surnames,Home & Garden > Decor > Decorative Plaques,Decorative Plaques,"Heraldic Irish Family Names, Gifts under €25, Surname S",true,Plaque size,Standard,,,,,4153,0.05,shopify,20,deny,manual,12.45,,true,false,,https://irishfamilysurnames.com/wp-content/uploads/2021/04/SHERIDAN-B-H-1.jpg,1,Sheridan,false,Sheridan Family name History & Crest Plaques,Learn the full history of your family with a Family History or a Crest/History Combination. Family History Standard : 16 x 20 cm | 6 x 8 inches. Family Histories and Family Combinations are supplied mounted and ready to frame.,,,,,,,,,,,,,g,,,true,true,,,active
ohanlon,O'Hanlon Family name History & Crest Plaques,<p>Learn the full history of your family with a Family History or a Crest/History Combination.</p><p>Family History Standard : 16 x 20 cm | 6 x 8 inches.&nbsp;</p><p>Family Histories and Family Combinations are supplied mounted and ready to frame.</p>,Irish Family Surnames,Home & Garden > Decor > Decorative Plaques,Decorative Plaques,"Heraldic Irish Family Names, Gifts under €25, Surname O",true,Plaque size,Standard,,,,,3774,0.05,shopify,20,deny,manual,12.45,,true,false,,https://irishfamilysurnames.com/wp-content/uploads/2021/04/ohanlon-B-H.jpg,1,O'Hanlon,false,O'Hanlon Family name History & Crest Plaques,Learn the full history of your family with a Family History or a Crest/History Combination. Family History Standard : 16 x 20 cm | 6 x 8 inches. Family Histories and Family Combinations are supplied mounted and ready to frame.,,,,,,,,,,,,,g,,,true,true,,,active
oneal,O'Neal Family name History & Crest Plaques,<p>Learn the full history of your family with a Family History or a Crest/History Combination.</p><p>Family History Standard : 16 x 20 cm | 6 x 8 inches.&nbsp;</p><p>Family Histories and Family Combinations are supplied mounted and ready to frame.</p>,Irish Family Surnames,Home & Garden > Decor > Decorative Plaques,Decorative Plaques,"Heraldic Irish Family Names, Gifts under €25, Surname O",true,Plaque size,Standard,,,,,3943,0.05,shopify,20,deny,manual,12.45,,true,false,,https://irishfamilysurnames.com/wp-content/uploads/2021/04/o-neal-B-H.jpg,1,O'Neal,false,O'Neal Family name History & Crest Plaques,Learn the full history of your family with a Family History or a Crest/History Combination. Family History Standard : 16 x 20 cm | 6 x 8 inches. Family Histories and Family Combinations are supplied mounted and ready to frame.,,,,,,,,,,,,,g,,,true,true,,,active
oneill,O'Neill Family name History & Crest Plaques,<p>Learn the full history of your family with a Family History or a Crest/History Combination.</p><p>Family History Standard : 16 x 20 cm | 6 x 8 inches.&nbsp;</p><p>Family Histories and Family Combinations are supplied mounted and ready to frame.</p>,Irish Family Surnames,Home & Garden > Decor > Decorative Plaques,Decorative Plaques,"Heraldic Irish Family Names, Gifts under €25, Surname O",true,Plaque size,Standard,,,,,3953,0.05,shopify,20,deny,manual,12.45,,true,false,,https://irishfamilysurnames.com/wp-content/uploads/2021/04/o-neill-B-H.jpg,1,O'Neill,false,O'Neill Family name History & Crest Plaques,Learn the full history of your family with a Family History or a Crest/History Combination. Family History Standard : 16 x 20 cm | 6 x 8 inches. Family Histories and Family Combinations are supplied mounted and ready to frame.,,,,,,,,,,,,,g,,,true,true,,,active
oregan,O'Regan Family name History & Crest Plaques,<p>Learn the full history of your family with a Family History or a Crest/History Combination.</p><p>Family History Standard : 16 x 20 cm | 6 x 8 inches.&nbsp;</p><p>Family Histories and Family Combinations are supplied mounted and ready to frame.</p>,Irish Family Surnames,Home & Garden > Decor > Decorative Plaques,Decorative Plaques,"Heraldic Irish Family Names, Gifts under €25, Surname O",true,Plaque size,Standard,,,,,3976,0.05,shopify,20,deny,manual,12.45,,true,false,,https://irishfamilysurnames.com/wp-content/uploads/2021/04/o-regan-B-H.jpg,1,O'Regan,false,O'Regan Family name History & Crest Plaques,Learn the full history of your family with a Family History or a Crest/History Combination. Family History Standard : 16 x 20 cm | 6 x 8 inches. Family Histories and Family Combinations are supplied mounted and ready to frame.,,,,,,,,,,,,,g,,,true,true,,,active
cosgrave,Cosgrave Family name History & Crest Plaques,<p>Learn the full history of your family with a Family History or a Crest/History Combination.</p><p>Family History Standard : 16 x 20 cm | 6 x 8 inches.&nbsp;</p><p>Family Histories and Family Combinations are supplied mounted and ready to frame.</p>,Irish Family Surnames,Home & Garden > Decor > Decorative Plaques,Decorative Plaques,"Heraldic Irish Family Names, Gifts under €25, Surname C",true,Plaque size,Standard,,,,,4556,0.05,shopify,20,deny,manual,12.45,,true,false,,https://irishfamilysurnames.com/wp-content/uploads/2021/04/cosgrave-B-H.jpg,1,Cosgrave,false,Cosgrave Family name History & Crest Plaques,Learn the full history of your family with a Family History or a Crest/History Combination. Family History Standard : 16 x 20 cm | 6 x 8 inches. Family Histories and Family Combinations are supplied mounted and ready to frame.,,,,,,,,,,,,,g,,,true,true,,,active
cosgrove,Cosgrove Family name History & Crest Plaques,<p>Learn the full history of your family with a Family History or a Crest/History Combination.</p><p>Family History Standard : 16 x 20 cm | 6 x 8 inches.&nbsp;</p><p>Family Histories and Family Combinations are supplied mounted and ready to frame.</p>,Irish Family Surnames,Home & Garden > Decor > Decorative Plaques,Decorative Plaques,"Heraldic Irish Family Names, Gifts under €25, Surname C",true,Plaque size,Standard,,,,,4567,0.05,shopify,20,deny,manual,12.45,,true,false,,https://irishfamilysurnames.com/wp-content/uploads/2021/04/cosgrove-B-H.jpg,1,Cosgrove,false,Cosgrove Family name History & Crest Plaques,Learn the full history of your family with a Family History or a Crest/History Combination. Family History Standard : 16 x 20 cm | 6 x 8 inches. Family Histories and Family Combinations are supplied mounted and ready to frame.,,,,,,,,,,,,,g,,,true,true,,,active
costello,Costello Family name History & Crest Plaques,<p>Learn the full history of your family with a Family History or a Crest/History Combination.</p><p>Family History Standard : 16 x 20 cm | 6 x 8 inches.&nbsp;</p><p>Family Histories and Family Combinations are supplied mounted and ready to frame.</p>,Irish Family Surnames,Home & Garden > Decor > Decorative Plaques,Decorative Plaques,"Heraldic Irish Family Names, Gifts under €25, Surname C",true,Plaque size,Standard,,,,,4578,0.05,shopify,20,deny,manual,12.45,,true,false,,https://irishfamilysurnames.com/wp-content/uploads/2021/04/costello-B-H.jpg,1,Costello,false,Costello Family name History & Crest Plaques,Learn the full history of your family with a Family History or a Crest/History Combination. Family History Standard : 16 x 20 cm | 6 x 8 inches. Family Histories and Family Combinations are supplied mounted and ready to frame.,,,,,,,,,,,,,g,,,true,true,,,active
coughlin,Coughlin Family name History & Crest Plaques,<p>Learn the full history of your family with a Family History or a Crest/History Combination.</p><p>Family History Standard : 16 x 20 cm | 6 x 8 inches.&nbsp;</p><p>Family Histories and Family Combinations are supplied mounted and ready to frame.</p>,Irish Family Surnames,Home & Garden > Decor > Decorative Plaques,Decorative Plaques,"Heraldic Irish Family Names, Gifts under €25, Surname C",true,Plaque size,Standard,,,,,4611,0.05,shopify,20,deny,manual,12.45,,true,false,,https://irishfamilysurnames.com/wp-content/uploads/2021/04/coughlin-B-H.jpg,1,Coughlin,false,Coughlin Family name History & Crest Plaques,Learn the full history of your family with a Family History or a Crest/History Combination. Family History Standard : 16 x 20 cm | 6 x 8 inches. Family Histories and Family Combinations are supplied mounted and ready to frame.,,,,,,,,,,,,,g,,,true,true,,,active
coyle,Coyle Family name History & Crest Plaques,<p>Learn the full history of your family with a Family History or a Crest/History Combination.</p><p>Family History Standard : 16 x 20 cm | 6 x 8 inches.&nbsp;</p><p>Family Histories and Family Combinations are supplied mounted and ready to frame.</p>,Irish Family Surnames,Home & Garden > Decor > Decorative Plaques,Decorative Plaques,"Heraldic Irish Family Names, Gifts under €25, Surname C",true,Plaque size,Standard,,,,,4622,0.05,shopify,20,deny,manual,12.45,,true,false,,https://irishfamilysurnames.com/wp-content/uploads/2021/04/coyle-B-H.jpg,1,Coyle,false,Coyle Family name History & Crest Plaques,Learn the full history of your family with a Family History or a Crest/History Combination. Family History Standard : 16 x 20 cm | 6 x 8 inches. Family Histories and Family Combinations are supplied mounted and ready to frame.,,,,,,,,,,,,,g,,,true,true,,,active
coyne,Coyne Family name History & Crest Plaques,<p>Learn the full history of your family with a Family History or a Crest/History Combination.</p><p>Family History Standard : 16 x 20 cm | 6 x 8 inches.&nbsp;</p><p>Family Histories and Family Combinations are supplied mounted and ready to frame.</p>,Irish Family Surnames,Home & Garden > Decor > Decorative Plaques,Decorative Plaques,"Heraldic Irish Family Names, Gifts under €25, Surname C",true,Plaque size,Standard,,,,,4633,0.05,shopify,20,deny,manual,12.45,,true,false,,https://irishfamilysurnames.com/wp-content/uploads/2021/04/coyne-B-H.jpg,1,Coyne,false,Coyne Family name History & Crest Plaques,Learn the full history of your family with a Family History or a Crest/History Combination. Family History Standard : 16 x 20 cm | 6 x 8 inches. Family Histories and Family Combinations are supplied mounted and ready to frame.,,,,,,,,,,,,,g,,,true,true,,,active
cremin,Cremin Family name History & Crest Plaques,<p>Learn the full history of your family with a Family History or a Crest/History Combination.</p><p>Family History Standard : 16 x 20 cm | 6 x 8 inches.&nbsp;</p><p>Family Histories and Family Combinations are supplied mounted and ready to frame.</p>,Irish Family Surnames,Home & Garden > Decor > Decorative Plaques,Decorative Plaques,"Heraldic Irish Family Names, Gifts under €25, Surname C",true,Plaque size,Standard,,,,,4644,0.05,shopify,20,deny,manual,12.45,,true,false,,https://irishfamilysurnames.com/wp-content/uploads/2021/04/cremin-B-H.jpg,1,Cremin,false,Cremin Family name History & Crest Plaques,Learn the full history of your family with a Family History or a Crest/History Combination. Family History Standard : 16 x 20 cm | 6 x 8 inches. Family Histories and Family Combinations are supplied mounted and ready to frame.,,,,,,,,,,,,,g,,,true,true,,,active
crowe,Crowe Family name History & Crest Plaques,<p>Learn the full history of your family with a Family History or a Crest/History Combination.</p><p>Family History Standard : 16 x 20 cm | 6 x 8 inches.&nbsp;</p><p>Family Histories and Family Combinations are supplied mounted and ready to frame.</p>,Irish Family Surnames,Home & Garden > Decor > Decorative Plaques,Decorative Plaques,"Heraldic Irish Family Names, Gifts under €25, Surname C",true,Plaque size,Standard,,,,,4666,0.05,shopify,20,deny,manual,12.45,,true,false,,https://irishfamilysurnames.com/wp-content/uploads/2021/04/crowe-B-H.jpg,1,Crowe,false,Crowe Family name History & Crest Plaques,Learn the full history of your family with a Family History or a Crest/History Combination. Family History Standard : 16 x 20 cm | 6 x 8 inches. Family Histories and Family Combinations are supplied mounted and ready to frame.,,,,,,,,,,,,,g,,,true,true,,,active
cullen,Cullen Family name History & Crest Plaques,<p>Learn the full history of your family with a Family History or a Crest/History Combination.</p><p>Family History Standard : 16 x 20 cm | 6 x 8 inches.&nbsp;</p><p>Family Histories and Family Combinations are supplied mounted and ready to frame.</p>,Irish Family Surnames,Home & Garden > Decor > Decorative Plaques,Decorative Plaques,"Heraldic Irish Family Names, Gifts under €25, Surname C",true,Plaque size,Standard,,,,,4688,0.05,shopify,20,deny,manual,12.45,,true,false,,https://irishfamilysurnames.com/wp-content/uploads/2021/04/cullen-B-H.jpg,1,Cullen,false,Cullen Family name History & Crest Plaques,Learn the full history of your family with a Family History or a Crest/History Combination. Family History Standard : 16 x 20 cm | 6 x 8 inches. Family Histories and Family Combinations are supplied mounted and ready to frame.,,,,,,,,,,,,,g,,,true,true,,,active
cummins,Cummins Family name History & Crest Plaques,<p>Learn the full history of your family with a Family History or a Crest/History Combination.</p><p>Family History Standard : 16 x 20 cm | 6 x 8 inches.&nbsp;</p><p>Family Histories and Family Combinations are supplied mounted and ready to frame.</p>,Irish Family Surnames,Home & Garden > Decor > Decorative Plaques,Decorative Plaques,"Heraldic Irish Family Names, Gifts under €25, Surname C",true,Plaque size,Standard,,,,,4699,0.05,shopify,20,deny,manual,12.45,,true,false,,https://irishfamilysurnames.com/wp-content/uploads/2021/04/cummins-B-H.jpg,1,Cummins,false,Cummins Family name History & Crest Plaques,Learn the full history of your family with a Family History or a Crest/History Combination. Family History Standard : 16 x 20 cm | 6 x 8 inches. Family Histories and Family Combinations are supplied mounted and ready to frame.,,,,,,,,,,,,,g,,,true,true,,,active
cunningham,Cunningham Family name History & Crest Plaques,<p>Learn the full history of your family with a Family History or a Crest/History Combination.</p><p>Family History Standard : 16 x 20 cm | 6 x 8 inches.&nbsp;</p><p>Family Histories and Family Combinations are supplied mounted and ready to frame.</p>,Irish Family Surnames,Home & Garden > Decor > Decorative Plaques,Decorative Plaques,"Heraldic Irish Family Names, Gifts under €25, Surname C",true,Plaque size,Standard,,,,,4710,0.05,shopify,20,deny,manual,12.45,,true,false,,https://irishfamilysurnames.com/wp-content/uploads/2021/04/cunningham-B-H.jpg,1,Cunningham,false,Cunningham Family name History & Crest Plaques,Learn the full history of your family with a Family History or a Crest/History Combination. Family History Standard : 16 x 20 cm | 6 x 8 inches. Family Histories and Family Combinations are supplied mounted and ready to frame.,,,,,,,,,,,,,g,,,true,true,,,active
curran,Curran Family name History & Crest Plaques,<p>Learn the full history of your family with a Family History or a Crest/History Combination.</p><p>Family History Standard : 16 x 20 cm | 6 x 8 inches.&nbsp;</p><p>Family Histories and Family Combinations are supplied mounted and ready to frame.</p>,Irish Family Surnames,Home & Garden > Decor > Decorative Plaques,Decorative Plaques,"Heraldic Irish Family Names, Gifts under €25, Surname C",true,Plaque size,Standard,,,,,4722,0.05,shopify,20,deny,manual,12.45,,true,false,,https://irishfamilysurnames.com/wp-content/uploads/2021/04/curran-B-H.jpg,1,Curran,false,Curran Family name History & Crest Plaques,Learn the full history of your family with a Family History or a Crest/History Combination. Family History Standard : 16 x 20 cm | 6 x 8 inches. Family Histories and Family Combinations are supplied mounted and ready to frame.,,,,,,,,,,,,,g,,,true,true,,,active
curtin,Curtin Family name History & Crest Plaques,<p>Learn the full history of your family with a Family History or a Crest/History Combination.</p><p>Family History Standard : 16 x 20 cm | 6 x 8 inches.&nbsp;</p><p>Family Histories and Family Combinations are supplied mounted and ready to frame.</p>,Irish Family Surnames,Home & Garden > Decor > Decorative Plaques,Decorative Plaques,"Heraldic Irish Family Names, Gifts under €25, Surname C",true,Plaque size,Standard,,,,,4734,0.05,shopify,20,deny,manual,12.45,,true,false,,https://irishfamilysurnames.com/wp-content/uploads/2021/04/curtin-B-H.jpg,1,Curtin,false,Curtin Family name History & Crest Plaques,Learn the full history of your family with a Family History or a Crest/History Combination. Family History Standard : 16 x 20 cm | 6 x 8 inches. Family Histories and Family Combinations are supplied mounted and ready to frame.,,,,,,,,,,,,,g,,,true,true,,,active
cusack,Cusack Family name History & Crest Plaques,<p>Learn the full history of your family with a Family History or a Crest/History Combination.</p><p>Family History Standard : 16 x 20 cm | 6 x 8 inches.&nbsp;</p><p>Family Histories and Family Combinations are supplied mounted and ready to frame.</p>,Irish Family Surnames,Home & Garden > Decor > Decorative Plaques,Decorative Plaques,"Heraldic Irish Family Names, Gifts under €25, Surname C",true,Plaque size,Standard,,,,,4745,0.05,shopify,20,deny,manual,12.45,,true,false,,https://irishfamilysurnames.com/wp-content/uploads/2021/04/cusack-B-H.jpg,1,Cusack,false,Cusack Family name History & Crest Plaques,Learn the full history of your family with a Family History or a Crest/History Combination. Family History Standard : 16 x 20 cm | 6 x 8 inches. Family Histories and Family Combinations are supplied mounted and ready to frame.,,,,,,,,,,,,,g,,,true,true,,,active
taylor,D'Arcy Family name History & Crest Plaques,<p>Learn the full history of your family with a Family History or a Crest/History Combination.</p><p>Family History Standard : 16 x 20 cm | 6 x 8 inches.&nbsp;</p><p>Family Histories and Family Combinations are supplied mounted and ready to frame.</p>,Irish Family Surnames,Home & Garden > Decor > Decorative Plaques,Decorative Plaques,"Heraldic Irish Family Names, Gifts under €25, Surname D",true,Plaque size,Standard,,,,,4756,0.05,shopify,20,deny,manual,12.45,,true,false,,https://irishfamilysurnames.com/wp-content/uploads/2021/04/d-arcy-B-H.jpg,1,D'Arcy,false,D'Arcy Family name History & Crest Plaques,Learn the full history of your family with a Family History or a Crest/History Combination. Family History Standard : 16 x 20 cm | 6 x 8 inches. Family Histories and Family Combinations are supplied mounted and ready to frame.,,,,,,,,,,,,,g,,,true,true,,,active
taylor-2,Taylor Family name History & Crest Plaques,<p>Learn the full history of your family with a Family History or a Crest/History Combination.</p><p>Family History Standard : 16 x 20 cm | 6 x 8 inches.&nbsp;</p><p>Family Histories and Family Combinations are supplied mounted and ready to frame.</p>,Irish Family Surnames,Home & Garden > Decor > Decorative Plaques,Decorative Plaques,"Heraldic Irish Family Names, Gifts under €25, Surname T",true,Plaque size,Standard,,,,,4787,0.05,shopify,20,deny,manual,12.45,,true,false,,https://irishfamilysurnames.com/wp-content/uploads/2021/04/taylor-B-H.jpg,1,Taylor,false,Taylor Family name History & Crest Plaques,Learn the full history of your family with a Family History or a Crest/History Combination. Family History Standard : 16 x 20 cm | 6 x 8 inches. Family Histories and Family Combinations are supplied mounted and ready to frame.,,,,,,,,,,,,,g,,,true,true,,,active
thompson,Thompson Family name History & Crest Plaques,<p>Learn the full history of your family with a Family History or a Crest/History Combination.</p><p>Family History Standard : 16 x 20 cm | 6 x 8 inches.&nbsp;</p><p>Family Histories and Family Combinations are supplied mounted and ready to frame.</p>,Irish Family Surnames,Home & Garden > Decor > Decorative Plaques,Decorative Plaques,"Heraldic Irish Family Names, Gifts under €25, Surname T",true,Plaque size,Standard,,,,,4798,0.05,shopify,20,deny,manual,12.45,,true,false,,https://irishfamilysurnames.com/wp-content/uploads/2021/04/thompson-B-H.jpg,1,Thompson,false,Thompson Family name History & Crest Plaques,Learn the full history of your family with a Family History or a Crest/History Combination. Family History Standard : 16 x 20 cm | 6 x 8 inches. Family Histories and Family Combinations are supplied mounted and ready to frame.,,,,,,,,,,,,,g,,,true,true,,,active
tierney,Tierney Family name History & Crest Plaques,<p>Learn the full history of your family with a Family History or a Crest/History Combination.</p><p>Family History Standard : 16 x 20 cm | 6 x 8 inches.&nbsp;</p><p>Family Histories and Family Combinations are supplied mounted and ready to frame.</p>,Irish Family Surnames,Home & Garden > Decor > Decorative Plaques,Decorative Plaques,"Heraldic Irish Family Names, Gifts under €25, Surname T",true,Plaque size,Standard,,,,,4809,0.05,shopify,20,deny,manual,12.45,,true,false,,https://irishfamilysurnames.com/wp-content/uploads/2021/04/tierney-B-H.jpg,1,Tierney,false,Tierney Family name History & Crest Plaques,Learn the full history of your family with a Family History or a Crest/History Combination. Family History Standard : 16 x 20 cm | 6 x 8 inches. Family Histories and Family Combinations are supplied mounted and ready to frame.,,,,,,,,,,,,,g,,,true,true,,,active
tracy,Tracy Family name History & Crest Plaques,<p>Learn the full history of your family with a Family History or a Crest/History Combination.</p><p>Family History Standard : 16 x 20 cm | 6 x 8 inches.&nbsp;</p><p>Family Histories and Family Combinations are supplied mounted and ready to frame.</p>,Irish Family Surnames,Home & Garden > Decor > Decorative Plaques,Decorative Plaques,"Heraldic Irish Family Names, Gifts under €25, Surname T",true,Plaque size,Standard,,,,,4842,0.05,shopify,20,deny,manual,12.45,,true,false,,https://irishfamilysurnames.com/wp-content/uploads/2021/04/tracy-B-H.jpg,1,Tracy,false,Tracy Family name History & Crest Plaques,Learn the full history of your family with a Family History or a Crest/History Combination. Family History Standard : 16 x 20 cm | 6 x 8 inches. Family Histories and Family Combinations are supplied mounted and ready to frame.,,,,,,,,,,,,,g,,,true,true,,,active
treacy,Treacy Family name History & Crest Plaques,<p>Learn the full history of your family with a Family History or a Crest/History Combination.</p><p>Family History Standard : 16 x 20 cm | 6 x 8 inches.&nbsp;</p><p>Family Histories and Family Combinations are supplied mounted and ready to frame.</p>,Irish Family Surnames,Home & Garden > Decor > Decorative Plaques,Decorative Plaques,"Heraldic Irish Family Names, Gifts under €25, Surname T",true,Plaque size,Standard,,,,,4853,0.05,shopify,20,deny,manual,12.45,,true,false,,https://irishfamilysurnames.com/wp-content/uploads/2021/04/treacy-B-H.jpg,1,Treacy,false,Treacy Family name History & Crest Plaques,Learn the full history of your family with a Family History or a Crest/History Combination. Family History Standard : 16 x 20 cm | 6 x 8 inches. Family Histories and Family Combinations are supplied mounted and ready to frame.,,,,,,,,,,,,,g,,,true,true,,,active
wall,Wall Family name History & Crest Plaques,<p>Learn the full history of your family with a Family History or a Crest/History Combination.</p><p>Family History Standard : 16 x 20 cm | 6 x 8 inches.&nbsp;</p><p>Family Histories and Family Combinations are supplied mounted and ready to frame.</p>,Irish Family Surnames,Home & Garden > Decor > Decorative Plaques,Decorative Plaques,"Heraldic Irish Family Names, Gifts under €25, Surname W",true,Plaque size,Standard,,,,,4875,0.05,shopify,20,deny,manual,12.45,,true,false,,https://irishfamilysurnames.com/wp-content/uploads/2021/04/wall-B-H.jpg,1,Wall,false,Wall Family name History & Crest Plaques,Learn the full history of your family with a Family History or a Crest/History Combination. Family History Standard : 16 x 20 cm | 6 x 8 inches. Family Histories and Family Combinations are supplied mounted and ready to frame.,,,,,,,,,,,,,g,,,true,true,,,active
walsh,Walsh Family name History & Crest Plaques,<p>Learn the full history of your family with a Family History or a Crest/History Combination.</p><p>Family History Standard : 16 x 20 cm | 6 x 8 inches.&nbsp;</p><p>Family Histories and Family Combinations are supplied mounted and ready to frame.</p>,Irish Family Surnames,Home & Garden > Decor > Decorative Plaques,Decorative Plaques,"Heraldic Irish Family Names, Gifts under €25, Surname W",true,Plaque size,Standard,,,,,4886,0.05,shopify,20,deny,manual,12.45,,true,false,,https://irishfamilysurnames.com/wp-content/uploads/2021/04/walsh-B-H.jpg,1,Walsh,false,Walsh Family name History & Crest Plaques,Learn the full history of your family with a Family History or a Crest/History Combination. Family History Standard : 16 x 20 cm | 6 x 8 inches. Family Histories and Family Combinations are supplied mounted and ready to frame.,,,,,,,,,,,,,g,,,true,true,,,active
walshe,Walshe Family name History & Crest Plaques,<p>Learn the full history of your family with a Family History or a Crest/History Combination.</p><p>Family History Standard : 16 x 20 cm | 6 x 8 inches.&nbsp;</p><p>Family Histories and Family Combinations are supplied mounted and ready to frame.</p>,Irish Family Surnames,Home & Garden > Decor > Decorative Plaques,Decorative Plaques,"Heraldic Irish Family Names, Gifts under €25, Surname W",true,Plaque size,Standard,,,,,4898,0.05,shopify,20,deny,manual,12.45,,true,false,,https://irishfamilysurnames.com/wp-content/uploads/2021/04/walshe-B-H.jpg,1,Walshe,false,Walshe Family name History & Crest Plaques,Learn the full history of your family with a Family History or a Crest/History Combination. Family History Standard : 16 x 20 cm | 6 x 8 inches. Family Histories and Family Combinations are supplied mounted and ready to frame.,,,,,,,,,,,,,g,,,true,true,,,active
ward,Ward Family name History & Crest Plaques,<p>Learn the full history of your family with a Family History or a Crest/History Combination.</p><p>Family History Standard : 16 x 20 cm | 6 x 8 inches.&nbsp;</p><p>Family Histories and Family Combinations are supplied mounted and ready to frame.</p>,Irish Family Surnames,Home & Garden > Decor > Decorative Plaques,Decorative Plaques,"Heraldic Irish Family Names, Gifts under €25, Surname W",true,Plaque size,Standard,,,,,4909,0.05,shopify,20,deny,manual,12.45,,true,false,,https://irishfamilysurnames.com/wp-content/uploads/2021/04/ward-B-H.jpg,1,Ward,false,Ward Family name History & Crest Plaques,Learn the full history of your family with a Family History or a Crest/History Combination. Family History Standard : 16 x 20 cm | 6 x 8 inches. Family Histories and Family Combinations are supplied mounted and ready to frame.,,,,,,,,,,,,,g,,,true,true,,,active
welsh,Welsh Family name History & Crest Plaques,<p>Learn the full history of your family with a Family History or a Crest/History Combination.</p><p>Family History Standard : 16 x 20 cm | 6 x 8 inches.&nbsp;</p><p>Family Histories and Family Combinations are supplied mounted and ready to frame.</p>,Irish Family Surnames,Home & Garden > Decor > Decorative Plaques,Decorative Plaques,"Heraldic Irish Family Names, Gifts under €25, Surname W",true,Plaque size,Standard,,,,,4920,0.05,shopify,20,deny,manual,12.45,,true,false,,https://irishfamilysurnames.com/wp-content/uploads/2021/04/welsh-B-H.jpg,1,Welsh,false,Welsh Family name History & Crest Plaques,Learn the full history of your family with a Family History or a Crest/History Combination. Family History Standard : 16 x 20 cm | 6 x 8 inches. Family Histories and Family Combinations are supplied mounted and ready to frame.,,,,,,,,,,,,,g,,,true,true,,,active
whalen,Whalen Family name History & Crest Plaques,<p>Learn the full history of your family with a Family History or a Crest/History Combination.</p><p>Family History Standard : 16 x 20 cm | 6 x 8 inches.&nbsp;</p><p>Family Histories and Family Combinations are supplied mounted and ready to frame.</p>,Irish Family Surnames,Home & Garden > Decor > Decorative Plaques,Decorative Plaques,"Heraldic Irish Family Names, Gifts under €25, Surname W",true,Plaque size,Standard,,,,,4931,0.05,shopify,20,deny,manual,12.45,,true,false,,https://irishfamilysurnames.com/wp-content/uploads/2021/04/whalen-B-H.jpg,1,Whalen,false,Whalen Family name History & Crest Plaques,Learn the full history of your family with a Family History or a Crest/History Combination. Family History Standard : 16 x 20 cm | 6 x 8 inches. Family Histories and Family Combinations are supplied mounted and ready to frame.,,,,,,,,,,,,,g,,,true,true,,,active
whelan,Whelan Family name History & Crest Plaques,<p>Learn the full history of your family with a Family History or a Crest/History Combination.</p><p>Family History Standard : 16 x 20 cm | 6 x 8 inches.&nbsp;</p><p>Family Histories and Family Combinations are supplied mounted and ready to frame.</p>,Irish Family Surnames,Home & Garden > Decor > Decorative Plaques,Decorative Plaques,"Heraldic Irish Family Names, Gifts under €25, Surname W",true,Plaque size,Standard,,,,,4942,0.05,shopify,20,deny,manual,12.45,,true,false,,https://irishfamilysurnames.com/wp-content/uploads/2021/04/whelan-B-H.jpg,1,Whelan,false,Whelan Family name History & Crest Plaques,Learn the full history of your family with a Family History or a Crest/History Combination. Family History Standard : 16 x 20 cm | 6 x 8 inches. Family Histories and Family Combinations are supplied mounted and ready to frame.,,,,,,,,,,,,,g,,,true,true,,,active
odonovan-2,O'Donovan Family name History & Crest Plaques,<p>Learn the full history of your family with a Family History or a Crest/History Combination.</p><p>Family History Standard : 16 x 20 cm | 6 x 8 inches.&nbsp;</p><p>Family Histories and Family Combinations are supplied mounted and ready to frame.</p>,Irish Family Surnames,Home & Garden > Decor > Decorative Plaques,Decorative Plaques,"Heraldic Irish Family Names, Gifts under €25, Surname O",true,Plaque size,Standard,,,,,4776,0.05,shopify,20,deny,manual,12.45,,true,false,,https://irishfamilysurnames.com/wp-content/uploads/2021/04/odonovan-B-H.jpg,1,O'Donovan,false,O'Donovan Family name History & Crest Plaques,Learn the full history of your family with a Family History or a Crest/History Combination. Family History Standard : 16 x 20 cm | 6 x 8 inches. Family Histories and Family Combinations are supplied mounted and ready to frame.,,,,,,,,,,,,,g,,,true,true,,,active
davis,Davis Family name History & Crest Plaques,<p>Learn the full history of your family with a Family History or a Crest/History Combination.</p><p>Family History Standard : 16 x 20 cm | 6 x 8 inches.&nbsp;</p><p>Family Histories and Family Combinations are supplied mounted and ready to frame.</p>,Irish Family Surnames,Home & Garden > Decor > Decorative Plaques,Decorative Plaques,"Heraldic Irish Family Names, Gifts under €25, Surname D",true,Plaque size,Standard,,,,,5069,0.05,shopify,20,deny,manual,12.45,,true,false,,https://irishfamilysurnames.com/wp-content/uploads/2021/04/davis-B-H.jpg,1,Davis,false,Davis Family name History & Crest Plaques,Learn the full history of your family with a Family History or a Crest/History Combination. Family History Standard : 16 x 20 cm | 6 x 8 inches. Family Histories and Family Combinations are supplied mounted and ready to frame.,,,,,,,,,,,,,g,,,true,true,,,active
delaney,Delaney Family name History & Crest Plaques,<p>Learn the full history of your family with a Family History or a Crest/History Combination.</p><p>Family History Standard : 16 x 20 cm | 6 x 8 inches.&nbsp;</p><p>Family Histories and Family Combinations are supplied mounted and ready to frame.</p>,Irish Family Surnames,Home & Garden > Decor > Decorative Plaques,Decorative Plaques,"Heraldic Irish Family Names, Gifts under €25, Surname D",true,Plaque size,Standard,,,,,5080,0.05,shopify,20,deny,manual,12.45,,true,false,,https://irishfamilysurnames.com/wp-content/uploads/2021/04/delaney-B-H.jpg,1,Delaney,false,Delaney Family name History & Crest Plaques,Learn the full history of your family with a Family History or a Crest/History Combination. Family History Standard : 16 x 20 cm | 6 x 8 inches. Family Histories and Family Combinations are supplied mounted and ready to frame.,,,,,,,,,,,,,g,,,true,true,,,active
dempsey,Dempsey Family name History & Crest Plaques,<p>Learn the full history of your family with a Family History or a Crest/History Combination.</p><p>Family History Standard : 16 x 20 cm | 6 x 8 inches.&nbsp;</p><p>Family Histories and Family Combinations are supplied mounted and ready to frame.</p>,Irish Family Surnames,Home & Garden > Decor > Decorative Plaques,Decorative Plaques,"Heraldic Irish Family Names, Gifts under €25, Surname D",true,Plaque size,Standard,,,,,5091,0.05,shopify,20,deny,manual,12.45,,true,false,,https://irishfamilysurnames.com/wp-content/uploads/2021/04/dempsey-B-H.jpg,1,Dempsey,false,Dempsey Family name History & Crest Plaques,Learn the full history of your family with a Family History or a Crest/History Combination. Family History Standard : 16 x 20 cm | 6 x 8 inches. Family Histories and Family Combinations are supplied mounted and ready to frame.,,,,,,,,,,,,,g,,,true,true,,,active
donnell,Donnell Family name History & Crest Plaques,<p>Learn the full history of your family with a Family History or a Crest/History Combination.</p><p>Family History Standard : 16 x 20 cm | 6 x 8 inches.&nbsp;</p><p>Family Histories and Family Combinations are supplied mounted and ready to frame.</p>,Irish Family Surnames,Home & Garden > Decor > Decorative Plaques,Decorative Plaques,"Heraldic Irish Family Names, Gifts under €25, Surname D",true,Plaque size,Standard,,,,,5180,0.05,shopify,20,deny,manual,12.45,,true,false,,https://irishfamilysurnames.com/wp-content/uploads/2021/04/donnell-B-H.jpg,1,Donnell,false,Donnell Family name History & Crest Plaques,Learn the full history of your family with a Family History or a Crest/History Combination. Family History Standard : 16 x 20 cm | 6 x 8 inches. Family Histories and Family Combinations are supplied mounted and ready to frame.,,,,,,,,,,,,,g,,,true,true,,,active
donoghoe,Donoghoe Family name History & Crest Plaques,<p>Learn the full history of your family with a Family History or a Crest/History Combination.</p><p>Family History Standard : 16 x 20 cm | 6 x 8 inches.&nbsp;</p><p>Family Histories and Family Combinations are supplied mounted and ready to frame.</p>,Irish Family Surnames,Home & Garden > Decor > Decorative Plaques,Decorative Plaques,"Heraldic Irish Family Names, Gifts under €25, Surname D",true,Plaque size,Standard,,,,,5202,0.05,shopify,20,deny,manual,12.45,,true,false,,https://irishfamilysurnames.com/wp-content/uploads/2021/04/donoghoe-B-H.jpg,1,Donoghoe,false,Donoghoe Family name History & Crest Plaques,Learn the full history of your family with a Family History or a Crest/History Combination. Family History Standard : 16 x 20 cm | 6 x 8 inches. Family Histories and Family Combinations are supplied mounted and ready to frame.,,,,,,,,,,,,,g,,,true,true,,,active
donohoe,Donohoe Family name History & Crest Plaques,<p>Learn the full history of your family with a Family History or a Crest/History Combination.</p><p>Family History Standard : 16 x 20 cm | 6 x 8 inches.&nbsp;</p><p>Family Histories and Family Combinations are supplied mounted and ready to frame.</p>,Irish Family Surnames,Home & Garden > Decor > Decorative Plaques,Decorative Plaques,"Heraldic Irish Family Names, Gifts under €25, Surname D",true,Plaque size,Standard,,,,,5225,0.05,shopify,20,deny,manual,12.45,,true,false,,https://irishfamilysurnames.com/wp-content/uploads/2021/04/donohoe-B-H.jpg,1,Donohoe,false,Donohoe Family name History & Crest Plaques,Learn the full history of your family with a Family History or a Crest/History Combination. Family History Standard : 16 x 20 cm | 6 x 8 inches. Family Histories and Family Combinations are supplied mounted and ready to frame.,,,,,,,,,,,,,g,,,true,true,,,active
donovan,Donovan Family name History & Crest Plaques,<p>Learn the full history of your family with a Family History or a Crest/History Combination.</p><p>Family History Standard : 16 x 20 cm | 6 x 8 inches.&nbsp;</p><p>Family Histories and Family Combinations are supplied mounted and ready to frame.</p>,Irish Family Surnames,Home & Garden > Decor > Decorative Plaques,Decorative Plaques,"Heraldic Irish Family Names, Gifts under €25, Surname D",true,Plaque size,Standard,,,,,5239,0.05,shopify,20,deny,manual,12.45,,true,false,,https://irishfamilysurnames.com/wp-content/uploads/2021/04/donovan-B-H.jpg,1,Donovan,false,Donovan Family name History & Crest Plaques,Learn the full history of your family with a Family History or a Crest/History Combination. Family History Standard : 16 x 20 cm | 6 x 8 inches. Family Histories and Family Combinations are supplied mounted and ready to frame.,,,,,,,,,,,,,g,,,true,true,,,active
dooley,Dooley Family name History & Crest Plaques,<p>Learn the full history of your family with a Family History or a Crest/History Combination.</p><p>Family History Standard : 16 x 20 cm | 6 x 8 inches.&nbsp;</p><p>Family Histories and Family Combinations are supplied mounted and ready to frame.</p>,Irish Family Surnames,Home & Garden > Decor > Decorative Plaques,Decorative Plaques,"Heraldic Irish Family Names, Gifts under €25, Surname D",true,Plaque size,Standard,,,,,5250,0.05,shopify,20,deny,manual,12.45,,true,false,,https://irishfamilysurnames.com/wp-content/uploads/2021/04/dooley-B-H.jpg,1,Dooley,false,Dooley Family name History & Crest Plaques,Learn the full history of your family with a Family History or a Crest/History Combination. Family History Standard : 16 x 20 cm | 6 x 8 inches. Family Histories and Family Combinations are supplied mounted and ready to frame.,,,,,,,,,,,,,g,,,true,true,,,active
walker,Walker Family name History & Crest Plaques,<p>Learn the full history of your family with a Family History or a Crest/History Combination.</p><p>Family History Standard : 16 x 20 cm | 6 x 8 inches.&nbsp;</p><p>Family Histories and Family Combinations are supplied mounted and ready to frame.</p>,Irish Family Surnames,Home & Garden > Decor > Decorative Plaques,Decorative Plaques,"Heraldic Irish Family Names, Gifts under €25, Surname W",true,Plaque size,Standard,,,,,4864,0.05,shopify,20,deny,manual,12.45,,true,false,,https://irishfamilysurnames.com/wp-content/uploads/2021/04/walker-B-H.jpg,1,Walker,false,Walker Family name History & Crest Plaques,Learn the full history of your family with a Family History or a Crest/History Combination. Family History Standard : 16 x 20 cm | 6 x 8 inches. Family Histories and Family Combinations are supplied mounted and ready to frame.,,,,,,,,,,,,,g,,,true,true,,,active
doran,Doran Family name History & Crest Plaques,<p>Learn the full history of your family with a Family History or a Crest/History Combination.</p><p>Family History Standard : 16 x 20 cm | 6 x 8 inches.&nbsp;</p><p>Family Histories and Family Combinations are supplied mounted and ready to frame.</p>,Irish Family Surnames,Home & Garden > Decor > Decorative Plaques,Decorative Plaques,"Heraldic Irish Family Names, Gifts under €25, Surname D",true,Plaque size,Standard,,,,,5264,0.05,shopify,20,deny,manual,12.45,,true,false,,https://irishfamilysurnames.com/wp-content/uploads/2021/04/doran-B-H.jpg,1,Doran,false,Doran Family name History & Crest Plaques,Learn the full history of your family with a Family History or a Crest/History Combination. Family History Standard : 16 x 20 cm | 6 x 8 inches. Family Histories and Family Combinations are supplied mounted and ready to frame.,,,,,,,,,,,,,g,,,true,true,,,active
darcy,Darcy Family name History & Crest Plaques,<p>Learn the full history of your family with a Family History or a Crest/History Combination.</p><p>Family History Standard : 16 x 20 cm | 6 x 8 inches.&nbsp;</p><p>Family Histories and Family Combinations are supplied mounted and ready to frame.</p>,Irish Family Surnames,Home & Garden > Decor > Decorative Plaques,Decorative Plaques,"Heraldic Irish Family Names, Gifts under €25, Surname D",true,Plaque size,Standard,,,,,5043,0.05,shopify,20,deny,manual,12.45,,true,false,,https://irishfamilysurnames.com/wp-content/uploads/2021/04/darcy-B-H-7.jpg,1,Darcy,false,Darcy Family name History & Crest Plaques,Learn the full history of your family with a Family History or a Crest/History Combination. Family History Standard : 16 x 20 cm | 6 x 8 inches. Family Histories and Family Combinations are supplied mounted and ready to frame.,,,,,,,,,,,,,g,,,true,true,,,active
donnelan,Donnelan Family name History & Crest Plaques,<p>Learn the full history of your family with a Family History or a Crest/History Combination.</p><p>Family History Standard : 16 x 20 cm | 6 x 8 inches.&nbsp;</p><p>Family Histories and Family Combinations are supplied mounted and ready to frame.</p>,Irish Family Surnames,Home & Garden > Decor > Decorative Plaques,Decorative Plaques,"Heraldic Irish Family Names, Gifts under €25, Surname D",true,Plaque size,Standard,,,,,5169,0.05,shopify,20,deny,manual,12.45,,true,false,,https://irishfamilysurnames.com/wp-content/uploads/2021/04/donnelan-B-H.jpg,1,Donnelan,false,Donnelan Family name History & Crest Plaques,Learn the full history of your family with a Family History or a Crest/History Combination. Family History Standard : 16 x 20 cm | 6 x 8 inches. Family Histories and Family Combinations are supplied mounted and ready to frame.,,,,,,,,,,,,,g,,,true,true,,,active
donlon,Donlon Family name History & Crest Plaques,<p>Learn the full history of your family with a Family History or a Crest/History Combination.</p><p>Family History Standard : 16 x 20 cm | 6 x 8 inches.&nbsp;</p><p>Family Histories and Family Combinations are supplied mounted and ready to frame.</p>,Irish Family Surnames,Home & Garden > Decor > Decorative Plaques,Decorative Plaques,"Heraldic Irish Family Names, Gifts under €25, Surname D",true,Plaque size,Standard,,,,,5158,0.05,shopify,20,deny,manual,12.45,,true,false,,https://irishfamilysurnames.com/wp-content/uploads/2021/04/donlon-B-H.jpg,1,Donlon,false,Donlon Family name History & Crest Plaques,Learn the full history of your family with a Family History or a Crest/History Combination. Family History Standard : 16 x 20 cm | 6 x 8 inches. Family Histories and Family Combinations are supplied mounted and ready to frame.,,,,,,,,,,,,,g,,,true,true,,,active
dolan,Dolan Family name History & Crest Plaques,<p>Learn the full history of your family with a Family History or a Crest/History Combination.</p><p>Family History Standard : 16 x 20 cm | 6 x 8 inches.&nbsp;</p><p>Family Histories and Family Combinations are supplied mounted and ready to frame.</p>,Irish Family Surnames,Home & Garden > Decor > Decorative Plaques,Decorative Plaques,"Heraldic Irish Family Names, Gifts under €25, Surname D",true,Plaque size,Standard,,,,,5147,0.05,shopify,20,deny,manual,12.45,,true,false,,https://irishfamilysurnames.com/wp-content/uploads/2021/04/dolan-B-H.jpg,1,Dolan,false,Dolan Family name History & Crest Plaques,Learn the full history of your family with a Family History or a Crest/History Combination. Family History Standard : 16 x 20 cm | 6 x 8 inches. Family Histories and Family Combinations are supplied mounted and ready to frame.,,,,,,,,,,,,,g,,,true,true,,,active
devlin,Devlin Family name History & Crest Plaques,<p>Learn the full history of your family with a Family History or a Crest/History Combination.</p><p>Family History Standard : 16 x 20 cm | 6 x 8 inches.&nbsp;</p><p>Family Histories and Family Combinations are supplied mounted and ready to frame.</p>,Irish Family Surnames,Home & Garden > Decor > Decorative Plaques,Decorative Plaques,"Heraldic Irish Family Names, Gifts under €25, Surname D",true,Plaque size,Standard,,,,,5113,0.05,shopify,20,deny,manual,12.45,,true,false,,https://irishfamilysurnames.com/wp-content/uploads/2021/04/devlin-B-H.jpg,1,Devlin,false,Devlin Family name History & Crest Plaques,Learn the full history of your family with a Family History or a Crest/History Combination. Family History Standard : 16 x 20 cm | 6 x 8 inches. Family Histories and Family Combinations are supplied mounted and ready to frame.,,,,,,,,,,,,,g,,,true,true,,,active
devine,Devine Family name History & Crest Plaques,<p>Learn the full history of your family with a Family History or a Crest/History Combination.</p><p>Family History Standard : 16 x 20 cm | 6 x 8 inches.&nbsp;</p><p>Family Histories and Family Combinations are supplied mounted and ready to frame.</p>,Irish Family Surnames,Home & Garden > Decor > Decorative Plaques,Decorative Plaques,"Heraldic Irish Family Names, Gifts under €25, Surname D",true,Plaque size,Standard,,,,,5102,0.05,shopify,20,deny,manual,12.45,,true,false,,https://irishfamilysurnames.com/wp-content/uploads/2021/04/devine-B-H.jpg,1,Devine,false,Devine Family name History & Crest Plaques,Learn the full history of your family with a Family History or a Crest/History Combination. Family History Standard : 16 x 20 cm | 6 x 8 inches. Family Histories and Family Combinations are supplied mounted and ready to frame.,,,,,,,,,,,,,g,,,true,true,,,active
daly,Daly Family name History & Crest Plaques,<p>Learn the full history of your family with a Family History or a Crest/History Combination.</p><p>Family History Standard : 16 x 20 cm | 6 x 8 inches.&nbsp;</p><p>Family Histories and Family Combinations are supplied mounted and ready to frame.</p>,Irish Family Surnames,Home & Garden > Decor > Decorative Plaques,Decorative Plaques,"Heraldic Irish Family Names, Gifts under €25, Surname D",true,Plaque size,Standard,,,,,5032,0.05,shopify,20,deny,manual,12.45,,true,false,,https://irishfamilysurnames.com/wp-content/uploads/2021/04/daly-B-H.jpg,1,Daly,false,Daly Family name History & Crest Plaques,Learn the full history of your family with a Family History or a Crest/History Combination. Family History Standard : 16 x 20 cm | 6 x 8 inches. Family Histories and Family Combinations are supplied mounted and ready to frame.,,,,,,,,,,,,,g,,,true,true,,,active
dowling,Dowling Family name History & Crest Plaques,<p>Learn the full history of your family with a Family History or a Crest/History Combination.</p><p>Family History Standard : 16 x 20 cm | 6 x 8 inches.&nbsp;</p><p>Family Histories and Family Combinations are supplied mounted and ready to frame.</p>,Irish Family Surnames,Home & Garden > Decor > Decorative Plaques,Decorative Plaques,"Heraldic Irish Family Names, Gifts under €25, Surname D",true,Plaque size,Standard,,,,,5310,0.05,shopify,20,deny,manual,12.45,,true,false,,https://irishfamilysurnames.com/wp-content/uploads/2021/04/dowling-B-H.jpg,1,Dowling,false,Dowling Family name History & Crest Plaques,Learn the full history of your family with a Family History or a Crest/History Combination. Family History Standard : 16 x 20 cm | 6 x 8 inches. Family Histories and Family Combinations are supplied mounted and ready to frame.,,,,,,,,,,,,,g,,,true,true,,,active
downey,Downey Family name History & Crest Plaques,<p>Learn the full history of your family with a Family History or a Crest/History Combination.</p><p>Family History Standard : 16 x 20 cm | 6 x 8 inches.&nbsp;</p><p>Family Histories and Family Combinations are supplied mounted and ready to frame.</p>,Irish Family Surnames,Home & Garden > Decor > Decorative Plaques,Decorative Plaques,"Heraldic Irish Family Names, Gifts under €25, Surname D",true,Plaque size,Standard,,,,,5321,0.05,shopify,20,deny,manual,12.45,,true,false,,https://irishfamilysurnames.com/wp-content/uploads/2021/04/downey-B-H.jpg,1,Downey,false,Downey Family name History & Crest Plaques,Learn the full history of your family with a Family History or a Crest/History Combination. Family History Standard : 16 x 20 cm | 6 x 8 inches. Family Histories and Family Combinations are supplied mounted and ready to frame.,,,,,,,,,,,,,g,,,true,true,,,active
doyle,Doyle Family name History & Crest Plaques,<p>Learn the full history of your family with a Family History or a Crest/History Combination.</p><p>Family History Standard : 16 x 20 cm | 6 x 8 inches.&nbsp;</p><p>Family Histories and Family Combinations are supplied mounted and ready to frame.</p>,Irish Family Surnames,Home & Garden > Decor > Decorative Plaques,Decorative Plaques,"Heraldic Irish Family Names, Gifts under €25, Surname D",true,Plaque size,Standard,,,,,5332,0.05,shopify,20,deny,manual,12.45,,true,false,,https://irishfamilysurnames.com/wp-content/uploads/2021/04/doyle-B-H.jpg,1,Doyle,false,Doyle Family name History & Crest Plaques,Learn the full history of your family with a Family History or a Crest/History Combination. Family History Standard : 16 x 20 cm | 6 x 8 inches. Family Histories and Family Combinations are supplied mounted and ready to frame.,,,,,,,,,,,,,g,,,true,true,,,active
driscoll,Driscoll Family name History & Crest Plaques,<p>Learn the full history of your family with a Family History or a Crest/History Combination.</p><p>Family History Standard : 16 x 20 cm | 6 x 8 inches.&nbsp;</p><p>Family Histories and Family Combinations are supplied mounted and ready to frame.</p>,Irish Family Surnames,Home & Garden > Decor > Decorative Plaques,Decorative Plaques,"Heraldic Irish Family Names, Gifts under €25, Surname D",true,Plaque size,Standard,,,,,5348,0.05,shopify,20,deny,manual,12.45,,true,false,,https://irishfamilysurnames.com/wp-content/uploads/2021/04/driscoll-B-H.jpg,1,Driscoll,false,Driscoll Family name History & Crest Plaques,Learn the full history of your family with a Family History or a Crest/History Combination. Family History Standard : 16 x 20 cm | 6 x 8 inches. Family Histories and Family Combinations are supplied mounted and ready to frame.,,,,,,,,,,,,,g,,,true,true,,,active
duffy,Duffy Family name History & Crest Plaques,<p>Learn the full history of your family with a Family History or a Crest/History Combination.</p><p>Family History Standard : 16 x 20 cm | 6 x 8 inches.&nbsp;</p><p>Family Histories and Family Combinations are supplied mounted and ready to frame.</p>,Irish Family Surnames,Home & Garden > Decor > Decorative Plaques,Decorative Plaques,"Heraldic Irish Family Names, Gifts under €25, Surname D",true,Plaque size,Standard,,,,,5359,0.05,shopify,20,deny,manual,12.45,,true,false,,https://irishfamilysurnames.com/wp-content/uploads/2021/04/duffy-B-H.jpg,1,Duffy,false,Duffy Family name History & Crest Plaques,Learn the full history of your family with a Family History or a Crest/History Combination. Family History Standard : 16 x 20 cm | 6 x 8 inches. Family Histories and Family Combinations are supplied mounted and ready to frame.,,,,,,,,,,,,,g,,,true,true,,,active
dugan,Dugan Family name History & Crest Plaques,<p>Learn the full history of your family with a Family History or a Crest/History Combination.</p><p>Family History Standard : 16 x 20 cm | 6 x 8 inches.&nbsp;</p><p>Family Histories and Family Combinations are supplied mounted and ready to frame.</p>,Irish Family Surnames,Home & Garden > Decor > Decorative Plaques,Decorative Plaques,"Heraldic Irish Family Names, Gifts under €25, Surname D",true,Plaque size,Standard,,,,,5370,0.05,shopify,20,deny,manual,12.45,,true,false,,https://irishfamilysurnames.com/wp-content/uploads/2021/04/dugan-B-H.jpg,1,Dugan,false,Dugan Family name History & Crest Plaques,Learn the full history of your family with a Family History or a Crest/History Combination. Family History Standard : 16 x 20 cm | 6 x 8 inches. Family Histories and Family Combinations are supplied mounted and ready to frame.,,,,,,,,,,,,,g,,,true,true,,,active
duggan,Duggan Family name History & Crest Plaques,<p>Learn the full history of your family with a Family History or a Crest/History Combination.</p><p>Family History Standard : 16 x 20 cm | 6 x 8 inches.&nbsp;</p><p>Family Histories and Family Combinations are supplied mounted and ready to frame.</p>,Irish Family Surnames,Home & Garden > Decor > Decorative Plaques,Decorative Plaques,"Heraldic Irish Family Names, Gifts under €25, Surname D",true,Plaque size,Standard,,,,,5381,0.05,shopify,20,deny,manual,12.45,,true,false,,https://irishfamilysurnames.com/wp-content/uploads/2021/04/duggan-B-H.jpg,1,Duggan,false,Duggan Family name History & Crest Plaques,Learn the full history of your family with a Family History or a Crest/History Combination. Family History Standard : 16 x 20 cm | 6 x 8 inches. Family Histories and Family Combinations are supplied mounted and ready to frame.,,,,,,,,,,,,,g,,,true,true,,,active
dunn,Dunn Family name History & Crest Plaques,<p>Learn the full history of your family with a Family History or a Crest/History Combination.</p><p>Family History Standard : 16 x 20 cm | 6 x 8 inches.&nbsp;</p><p>Family Histories and Family Combinations are supplied mounted and ready to frame.</p>,Irish Family Surnames,Home & Garden > Decor > Decorative Plaques,Decorative Plaques,"Heraldic Irish Family Names, Gifts under €25, Surname D",true,Plaque size,Standard,,,,,5393,0.05,shopify,20,deny,manual,12.45,,true,false,,https://irishfamilysurnames.com/wp-content/uploads/2021/04/dunn-B-H.jpg,1,Dunn,false,Dunn Family name History & Crest Plaques,Learn the full history of your family with a Family History or a Crest/History Combination. Family History Standard : 16 x 20 cm | 6 x 8 inches. Family Histories and Family Combinations are supplied mounted and ready to frame.,,,,,,,,,,,,,g,,,true,true,,,active
dunne,Dunne Family name History & Crest Plaques,<p>Learn the full history of your family with a Family History or a Crest/History Combination.</p><p>Family History Standard : 16 x 20 cm | 6 x 8 inches.&nbsp;</p><p>Family Histories and Family Combinations are supplied mounted and ready to frame.</p>,Irish Family Surnames,Home & Garden > Decor > Decorative Plaques,Decorative Plaques,"Heraldic Irish Family Names, Gifts under €25, Surname D",true,Plaque size,Standard,,,,,5408,0.05,shopify,20,deny,manual,12.45,,true,false,,https://irishfamilysurnames.com/wp-content/uploads/2021/04/dunne-B-H.jpg,1,Dunne,false,Dunne Family name History & Crest Plaques,Learn the full history of your family with a Family History or a Crest/History Combination. Family History Standard : 16 x 20 cm | 6 x 8 inches. Family Histories and Family Combinations are supplied mounted and ready to frame.,,,,,,,,,,,,,g,,,true,true,,,active
dwyer,Dwyer Family name History & Crest Plaques,<p>Learn the full history of your family with a Family History or a Crest/History Combination.</p><p>Family History Standard : 16 x 20 cm | 6 x 8 inches.&nbsp;</p><p>Family Histories and Family Combinations are supplied mounted and ready to frame.</p>,Irish Family Surnames,Home & Garden > Decor > Decorative Plaques,Decorative Plaques,"Heraldic Irish Family Names, Gifts under €25, Surname D",true,Plaque size,Standard,,,,,5420,0.05,shopify,20,deny,manual,12.45,,true,false,,https://irishfamilysurnames.com/wp-content/uploads/2021/04/dwyer-B-H.jpg,1,Dwyer,false,Dwyer Family name History & Crest Plaques,Learn the full history of your family with a Family History or a Crest/History Combination. Family History Standard : 16 x 20 cm | 6 x 8 inches. Family Histories and Family Combinations are supplied mounted and ready to frame.,,,,,,,,,,,,,g,,,true,true,,,active
egan,Egan Family name History & Crest Plaques,<p>Learn the full history of your family with a Family History or a Crest/History Combination.</p><p>Family History Standard : 16 x 20 cm | 6 x 8 inches.&nbsp;</p><p>Family Histories and Family Combinations are supplied mounted and ready to frame.</p>,Irish Family Surnames,Home & Garden > Decor > Decorative Plaques,Decorative Plaques,"Heraldic Irish Family Names, Gifts under €25, Surname E",true,Plaque size,Standard,,,,,5432,0.05,shopify,20,deny,manual,12.45,,true,false,,https://irishfamilysurnames.com/wp-content/uploads/2021/04/egan-B-H.jpg,1,Egan,false,Egan Family name History & Crest Plaques,Learn the full history of your family with a Family History or a Crest/History Combination. Family History Standard : 16 x 20 cm | 6 x 8 inches. Family Histories and Family Combinations are supplied mounted and ready to frame.,,,,,,,,,,,,,g,,,true,true,,,active
fagan,Fagan Family name History & Crest Plaques,<p>Learn the full history of your family with a Family History or a Crest/History Combination.</p><p>Family History Standard : 16 x 20 cm | 6 x 8 inches.&nbsp;</p><p>Family Histories and Family Combinations are supplied mounted and ready to frame.</p>,Irish Family Surnames,Home & Garden > Decor > Decorative Plaques,Decorative Plaques,"Heraldic Irish Family Names, Gifts under €25, Surname F",true,Plaque size,Standard,,,,,5456,0.05,shopify,20,deny,manual,12.45,,true,false,,https://irishfamilysurnames.com/wp-content/uploads/2021/04/fagan-B-H.jpg,1,Fagan,false,Fagan Family name History & Crest Plaques,Learn the full history of your family with a Family History or a Crest/History Combination. Family History Standard : 16 x 20 cm | 6 x 8 inches. Family Histories and Family Combinations are supplied mounted and ready to frame.,,,,,,,,,,,,,g,,,true,true,,,active
fahy,Fahy Family name History & Crest Plaques,<p>Learn the full history of your family with a Family History or a Crest/History Combination.</p><p>Family History Standard : 16 x 20 cm | 6 x 8 inches.&nbsp;</p><p>Family Histories and Family Combinations are supplied mounted and ready to frame.</p>,Irish Family Surnames,Home & Garden > Decor > Decorative Plaques,Decorative Plaques,"Heraldic Irish Family Names, Gifts under €25, Surname F",true,Plaque size,Standard,,,,,5467,0.05,shopify,20,deny,manual,12.45,,true,false,,https://irishfamilysurnames.com/wp-content/uploads/2021/04/fahy-B-H.jpg,1,Fahy,false,Fahy Family name History & Crest Plaques,Learn the full history of your family with a Family History or a Crest/History Combination. Family History Standard : 16 x 20 cm | 6 x 8 inches. Family Histories and Family Combinations are supplied mounted and ready to frame.,,,,,,,,,,,,,g,,,true,true,,,active
fallon,Fallon Family name History & Crest Plaques,<p>Learn the full history of your family with a Family History or a Crest/History Combination.</p><p>Family History Standard : 16 x 20 cm | 6 x 8 inches.&nbsp;</p><p>Family Histories and Family Combinations are supplied mounted and ready to frame.</p>,Irish Family Surnames,Home & Garden > Decor > Decorative Plaques,Decorative Plaques,"Heraldic Irish Family Names, Gifts under €25, Surname F",true,Plaque size,Standard,,,,,5479,0.05,shopify,20,deny,manual,12.45,,true,false,,https://irishfamilysurnames.com/wp-content/uploads/2021/04/fallon-B-H.jpg,1,Fallon,false,Fallon Family name History & Crest Plaques,Learn the full history of your family with a Family History or a Crest/History Combination. Family History Standard : 16 x 20 cm | 6 x 8 inches. Family Histories and Family Combinations are supplied mounted and ready to frame.,,,,,,,,,,,,,g,,,true,true,,,active
farley,Farley Family name History & Crest Plaques,<p>Learn the full history of your family with a Family History or a Crest/History Combination.</p><p>Family History Standard : 16 x 20 cm | 6 x 8 inches.&nbsp;</p><p>Family Histories and Family Combinations are supplied mounted and ready to frame.</p>,Irish Family Surnames,Home & Garden > Decor > Decorative Plaques,Decorative Plaques,"Heraldic Irish Family Names, Gifts under €25, Surname F",true,Plaque size,Standard,,,,,5491,0.05,shopify,20,deny,manual,12.45,,true,false,,https://irishfamilysurnames.com/wp-content/uploads/2021/04/farley-B-H.jpg,1,Farley,false,Farley Family name History & Crest Plaques,Learn the full history of your family with a Family History or a Crest/History Combination. Family History Standard : 16 x 20 cm | 6 x 8 inches. Family Histories and Family Combinations are supplied mounted and ready to frame.,,,,,,,,,,,,,g,,,true,true,,,active
farrell,Farrell Family name History & Crest Plaques,<p>Learn the full history of your family with a Family History or a Crest/History Combination.</p><p>Family History Standard : 16 x 20 cm | 6 x 8 inches.&nbsp;</p><p>Family Histories and Family Combinations are supplied mounted and ready to frame.</p>,Irish Family Surnames,Home & Garden > Decor > Decorative Plaques,Decorative Plaques,"Heraldic Irish Family Names, Gifts under €25, Surname F",true,Plaque size,Standard,,,,,5502,0.05,shopify,20,deny,manual,12.45,,true,false,,https://irishfamilysurnames.com/wp-content/uploads/2021/04/farrell-B-H.jpg,1,Farrell,false,Farrell Family name History & Crest Plaques,Learn the full history of your family with a Family History or a Crest/History Combination. Family History Standard : 16 x 20 cm | 6 x 8 inches. Family Histories and Family Combinations are supplied mounted and ready to frame.,,,,,,,,,,,,,g,,,true,true,,,active
farrelly,Farrelly Family name History & Crest Plaques,<p>Learn the full history of your family with a Family History or a Crest/History Combination.</p><p>Family History Standard : 16 x 20 cm | 6 x 8 inches.&nbsp;</p><p>Family Histories and Family Combinations are supplied mounted and ready to frame.</p>,Irish Family Surnames,Home & Garden > Decor > Decorative Plaques,Decorative Plaques,"Heraldic Irish Family Names, Gifts under €25, Surname F",true,Plaque size,Standard,,,,,5514,0.05,shopify,20,deny,manual,12.45,,true,false,,https://irishfamilysurnames.com/wp-content/uploads/2021/04/farrelly-B-H.jpg,1,Farrelly,false,Farrelly Family name History & Crest Plaques,Learn the full history of your family with a Family History or a Crest/History Combination. Family History Standard : 16 x 20 cm | 6 x 8 inches. Family Histories and Family Combinations are supplied mounted and ready to frame.,,,,,,,,,,,,,g,,,true,true,,,active
finn,Finn Family name History & Crest Plaques,<p>Learn the full history of your family with a Family History or a Crest/History Combination.</p><p>Family History Standard : 16 x 20 cm | 6 x 8 inches.&nbsp;</p><p>Family Histories and Family Combinations are supplied mounted and ready to frame.</p>,Irish Family Surnames,Home & Garden > Decor > Decorative Plaques,Decorative Plaques,"Heraldic Irish Family Names, Gifts under €25, Surname F",true,Plaque size,Standard,,,,,5525,0.05,shopify,20,deny,manual,12.45,,true,false,,https://irishfamilysurnames.com/wp-content/uploads/2021/04/finn-B-H.jpg,1,Finn,false,Finn Family name History & Crest Plaques,Learn the full history of your family with a Family History or a Crest/History Combination. Family History Standard : 16 x 20 cm | 6 x 8 inches. Family Histories and Family Combinations are supplied mounted and ready to frame.,,,,,,,,,,,,,g,,,true,true,,,active
finnegan,Finnegan Family name History & Crest Plaques,<p>Learn the full history of your family with a Family History or a Crest/History Combination.</p><p>Family History Standard : 16 x 20 cm | 6 x 8 inches.&nbsp;</p><p>Family Histories and Family Combinations are supplied mounted and ready to frame.</p>,Irish Family Surnames,Home & Garden > Decor > Decorative Plaques,Decorative Plaques,"Heraldic Irish Family Names, Gifts under €25, Surname F",true,Plaque size,Standard,,,,,5536,0.05,shopify,20,deny,manual,12.45,,true,false,,https://irishfamilysurnames.com/wp-content/uploads/2021/04/finnegan-B-H.jpg,1,Finnegan,false,Finnegan Family name History & Crest Plaques,Learn the full history of your family with a Family History or a Crest/History Combination. Family History Standard : 16 x 20 cm | 6 x 8 inches. Family Histories and Family Combinations are supplied mounted and ready to frame.,,,,,,,,,,,,,g,,,true,true,,,active
fitzgerald,Fitzgerald Family name History & Crest Plaques,<p>Learn the full history of your family with a Family History or a Crest/History Combination.</p><p>Family History Standard : 16 x 20 cm | 6 x 8 inches.&nbsp;</p><p>Family Histories and Family Combinations are supplied mounted and ready to frame.</p>,Irish Family Surnames,Home & Garden > Decor > Decorative Plaques,Decorative Plaques,"Heraldic Irish Family Names, Gifts under €25, Surname F",true,Plaque size,Standard,,,,,5551,0.05,shopify,20,deny,manual,12.45,,true,false,,https://irishfamilysurnames.com/wp-content/uploads/2021/04/fitzgerald-B-H.jpg,1,Fitzgerald,false,Fitzgerald Family name History & Crest Plaques,Learn the full history of your family with a Family History or a Crest/History Combination. Family History Standard : 16 x 20 cm | 6 x 8 inches. Family Histories and Family Combinations are supplied mounted and ready to frame.,,,,,,,,,,,,,g,,,true,true,,,active
fitzgibbon,Fitzgibbon Family name History & Crest Plaques,<p>Learn the full history of your family with a Family History or a Crest/History Combination.</p><p>Family History Standard : 16 x 20 cm | 6 x 8 inches.&nbsp;</p><p>Family Histories and Family Combinations are supplied mounted and ready to frame.</p>,Irish Family Surnames,Home & Garden > Decor > Decorative Plaques,Decorative Plaques,"Heraldic Irish Family Names, Gifts under €25, Surname F",true,Plaque size,Standard,,,,,5566,0.05,shopify,20,deny,manual,12.45,,true,false,,https://irishfamilysurnames.com/wp-content/uploads/2021/04/fitzgibbon-B-H.jpg,1,Fitzgibbon,false,Fitzgibbon Family name History & Crest Plaques,Learn the full history of your family with a Family History or a Crest/History Combination. Family History Standard : 16 x 20 cm | 6 x 8 inches. Family Histories and Family Combinations are supplied mounted and ready to frame.,,,,,,,,,,,,,g,,,true,true,,,active
fitzpatrick,Fitzpatrick Family name History & Crest Plaques,<p>Learn the full history of your family with a Family History or a Crest/History Combination.</p><p>Family History Standard : 16 x 20 cm | 6 x 8 inches.&nbsp;</p><p>Family Histories and Family Combinations are supplied mounted and ready to frame.</p>,Irish Family Surnames,Home & Garden > Decor > Decorative Plaques,Decorative Plaques,"Heraldic Irish Family Names, Gifts under €25, Surname F",true,Plaque size,Standard,,,,,5580,0.05,shopify,20,deny,manual,12.45,,true,false,,https://irishfamilysurnames.com/wp-content/uploads/2021/04/fitzpatrick-B-H.jpg,1,Fitzpatrick,false,Fitzpatrick Family name History & Crest Plaques,Learn the full history of your family with a Family History or a Crest/History Combination. Family History Standard : 16 x 20 cm | 6 x 8 inches. Family Histories and Family Combinations are supplied mounted and ready to frame.,,,,,,,,,,,,,g,,,true,true,,,active
flaherty,Flaherty Family name History & Crest Plaques,<p>Learn the full history of your family with a Family History or a Crest/History Combination.</p><p>Family History Standard : 16 x 20 cm | 6 x 8 inches.&nbsp;</p><p>Family Histories and Family Combinations are supplied mounted and ready to frame.</p>,Irish Family Surnames,Home & Garden > Decor > Decorative Plaques,Decorative Plaques,"Heraldic Irish Family Names, Gifts under €25, Surname F",true,Plaque size,Standard,,,,,5603,0.05,shopify,20,deny,manual,12.45,,true,false,,https://irishfamilysurnames.com/wp-content/uploads/2021/04/flaherty-B-H.jpg,1,Flaherty,false,Flaherty Family name History & Crest Plaques,Learn the full history of your family with a Family History or a Crest/History Combination. Family History Standard : 16 x 20 cm | 6 x 8 inches. Family Histories and Family Combinations are supplied mounted and ready to frame.,,,,,,,,,,,,,g,,,true,true,,,active
flanagan,Flanagan Family name History & Crest Plaques,<p>Learn the full history of your family with a Family History or a Crest/History Combination.</p><p>Family History Standard : 16 x 20 cm | 6 x 8 inches.&nbsp;</p><p>Family Histories and Family Combinations are supplied mounted and ready to frame.</p>,Irish Family Surnames,Home & Garden > Decor > Decorative Plaques,Decorative Plaques,"Heraldic Irish Family Names, Gifts under €25, Surname F",true,Plaque size,Standard,,,,,5614,0.05,shopify,20,deny,manual,12.45,,true,false,,https://irishfamilysurnames.com/wp-content/uploads/2021/04/flanagan-B-H.jpg,1,Flanagan,false,Flanagan Family name History & Crest Plaques,Learn the full history of your family with a Family History or a Crest/History Combination. Family History Standard : 16 x 20 cm | 6 x 8 inches. Family Histories and Family Combinations are supplied mounted and ready to frame.,,,,,,,,,,,,,g,,,true,true,,,active
fleming,Fleming Family name History & Crest Plaques,<p>Learn the full history of your family with a Family History or a Crest/History Combination.</p><p>Family History Standard : 16 x 20 cm | 6 x 8 inches.&nbsp;</p><p>Family Histories and Family Combinations are supplied mounted and ready to frame.</p>,Irish Family Surnames,Home & Garden > Decor > Decorative Plaques,Decorative Plaques,"Heraldic Irish Family Names, Gifts under €25, Surname F",true,Plaque size,Standard,,,,,5625,0.05,shopify,20,deny,manual,12.45,,true,false,,https://irishfamilysurnames.com/wp-content/uploads/2021/04/fleming-B-H.jpg,1,Fleming,false,Fleming Family name History & Crest Plaques,Learn the full history of your family with a Family History or a Crest/History Combination. Family History Standard : 16 x 20 cm | 6 x 8 inches. Family Histories and Family Combinations are supplied mounted and ready to frame.,,,,,,,,,,,,,g,,,true,true,,,active
flood,Flood Family name History & Crest Plaques,<p>Learn the full history of your family with a Family History or a Crest/History Combination.</p><p>Family History Standard : 16 x 20 cm | 6 x 8 inches.&nbsp;</p><p>Family Histories and Family Combinations are supplied mounted and ready to frame.</p>,Irish Family Surnames,Home & Garden > Decor > Decorative Plaques,Decorative Plaques,"Heraldic Irish Family Names, Gifts under €25, Surname F",true,Plaque size,Standard,,,,,5636,0.05,shopify,20,deny,manual,12.45,,true,false,,https://irishfamilysurnames.com/wp-content/uploads/2021/04/flood-B-H.jpg,1,Flood,false,Flood Family name History & Crest Plaques,Learn the full history of your family with a Family History or a Crest/History Combination. Family History Standard : 16 x 20 cm | 6 x 8 inches. Family Histories and Family Combinations are supplied mounted and ready to frame.,,,,,,,,,,,,,g,,,true,true,,,active
flynn,Flynn Family name History & Crest Plaques,<p>Learn the full history of your family with a Family History or a Crest/History Combination.</p><p>Family History Standard : 16 x 20 cm | 6 x 8 inches.&nbsp;</p><p>Family Histories and Family Combinations are supplied mounted and ready to frame.</p>,Irish Family Surnames,Home & Garden > Decor > Decorative Plaques,Decorative Plaques,"Heraldic Irish Family Names, Gifts under €25, Surname F",true,Plaque size,Standard,,,,,5648,0.05,shopify,20,deny,manual,12.45,,true,false,,https://irishfamilysurnames.com/wp-content/uploads/2021/04/flynn-B-H.jpg,1,Flynn,false,Flynn Family name History & Crest Plaques,Learn the full history of your family with a Family History or a Crest/History Combination. Family History Standard : 16 x 20 cm | 6 x 8 inches. Family Histories and Family Combinations are supplied mounted and ready to frame.,,,,,,,,,,,,,g,,,true,true,,,active
fox,Fox Family name History & Crest Plaques,<p>Learn the full history of your family with a Family History or a Crest/History Combination.</p><p>Family History Standard : 16 x 20 cm | 6 x 8 inches.&nbsp;</p><p>Family Histories and Family Combinations are supplied mounted and ready to frame.</p>,Irish Family Surnames,Home & Garden > Decor > Decorative Plaques,Decorative Plaques,"Heraldic Irish Family Names, Gifts under €25, Surname F",true,Plaque size,Standard,,,,,5683,0.05,shopify,20,deny,manual,12.45,,true,false,,https://irishfamilysurnames.com/wp-content/uploads/2021/04/fox-B-H.jpg,1,Fox,false,Fox Family name History & Crest Plaques,Learn the full history of your family with a Family History or a Crest/History Combination. Family History Standard : 16 x 20 cm | 6 x 8 inches. Family Histories and Family Combinations are supplied mounted and ready to frame.,,,,,,,,,,,,,g,,,true,true,,,active
french,French Family name History & Crest Plaques,<p>Learn the full history of your family with a Family History or a Crest/History Combination.</p><p>Family History Standard : 16 x 20 cm | 6 x 8 inches.&nbsp;</p><p>Family Histories and Family Combinations are supplied mounted and ready to frame.</p>,Irish Family Surnames,Home & Garden > Decor > Decorative Plaques,Decorative Plaques,"Heraldic Irish Family Names, Gifts under €25, Surname F",true,Plaque size,Standard,,,,,5694,0.05,shopify,20,deny,manual,12.45,,true,false,,https://irishfamilysurnames.com/wp-content/uploads/2021/04/french-B-H.jpg,1,French,false,French Family name History & Crest Plaques,Learn the full history of your family with a Family History or a Crest/History Combination. Family History Standard : 16 x 20 cm | 6 x 8 inches. Family Histories and Family Combinations are supplied mounted and ready to frame.,,,,,,,,,,,,,g,,,true,true,,,active
furlong,Furlong Family name History & Crest Plaques,<p>Learn the full history of your family with a Family History or a Crest/History Combination.</p><p>Family History Standard : 16 x 20 cm | 6 x 8 inches.&nbsp;</p><p>Family Histories and Family Combinations are supplied mounted and ready to frame.</p>,Irish Family Surnames,Home & Garden > Decor > Decorative Plaques,Decorative Plaques,"Heraldic Irish Family Names, Gifts under €25, Surname F",true,Plaque size,Standard,,,,,5706,0.05,shopify,20,deny,manual,12.45,,true,false,,https://irishfamilysurnames.com/wp-content/uploads/2021/04/furlong-B-H.jpg,1,Furlong,false,Furlong Family name History & Crest Plaques,Learn the full history of your family with a Family History or a Crest/History Combination. Family History Standard : 16 x 20 cm | 6 x 8 inches. Family Histories and Family Combinations are supplied mounted and ready to frame.,,,,,,,,,,,,,g,,,true,true,,,active
gaffney,Gaffney Family name History & Crest Plaques,<p>Learn the full history of your family with a Family History or a Crest/History Combination.</p><p>Family History Standard : 16 x 20 cm | 6 x 8 inches.&nbsp;</p><p>Family Histories and Family Combinations are supplied mounted and ready to frame.</p>,Irish Family Surnames,Home & Garden > Decor > Decorative Plaques,Decorative Plaques,"Heraldic Irish Family Names, Gifts under €25, Surname G",true,Plaque size,Standard,,,,,5718,0.05,shopify,20,deny,manual,12.45,,true,false,,https://irishfamilysurnames.com/wp-content/uploads/2021/04/gaffney-B-H.jpg,1,Gaffney,false,Gaffney Family name History & Crest Plaques,Learn the full history of your family with a Family History or a Crest/History Combination. Family History Standard : 16 x 20 cm | 6 x 8 inches. Family Histories and Family Combinations are supplied mounted and ready to frame.,,,,,,,,,,,,,g,,,true,true,,,active
gallagher,Gallagher Family name History & Crest Plaques,<p>Learn the full history of your family with a Family History or a Crest/History Combination.</p><p>Family History Standard : 16 x 20 cm | 6 x 8 inches.&nbsp;</p><p>Family Histories and Family Combinations are supplied mounted and ready to frame.</p>,Irish Family Surnames,Home & Garden > Decor > Decorative Plaques,Decorative Plaques,"Heraldic Irish Family Names, Gifts under €25, Surname G",true,Plaque size,Standard,,,,,5729,0.05,shopify,20,deny,manual,12.45,,true,false,,https://irishfamilysurnames.com/wp-content/uploads/2021/04/gallagher-B-H.jpg,1,Gallagher,false,Gallagher Family name History & Crest Plaques,Learn the full history of your family with a Family History or a Crest/History Combination. Family History Standard : 16 x 20 cm | 6 x 8 inches. Family Histories and Family Combinations are supplied mounted and ready to frame.,,,,,,,,,,,,,g,,,true,true,,,active
galvin,Galvin Family name History & Crest Plaques,<p>Learn the full history of your family with a Family History or a Crest/History Combination.</p><p>Family History Standard : 16 x 20 cm | 6 x 8 inches.&nbsp;</p><p>Family Histories and Family Combinations are supplied mounted and ready to frame.</p>,Irish Family Surnames,Home & Garden > Decor > Decorative Plaques,Decorative Plaques,"Heraldic Irish Family Names, Gifts under €25, Surname G",true,Plaque size,Standard,,,,,5741,0.05,shopify,20,deny,manual,12.45,,true,false,,https://irishfamilysurnames.com/wp-content/uploads/2021/04/galvin-B-H.jpg,1,Galvin,false,Galvin Family name History & Crest Plaques,Learn the full history of your family with a Family History or a Crest/History Combination. Family History Standard : 16 x 20 cm | 6 x 8 inches. Family Histories and Family Combinations are supplied mounted and ready to frame.,,,,,,,,,,,,,g,,,true,true,,,active
geraghty,Geraghty Family name History & Crest Plaques,<p>Learn the full history of your family with a Family History or a Crest/History Combination.</p><p>Family History Standard : 16 x 20 cm | 6 x 8 inches.&nbsp;</p><p>Family Histories and Family Combinations are supplied mounted and ready to frame.</p>,Irish Family Surnames,Home & Garden > Decor > Decorative Plaques,Decorative Plaques,"Heraldic Irish Family Names, Gifts under €25, Surname G",true,Plaque size,Standard,,,,,5764,0.05,shopify,20,deny,manual,12.45,,true,false,,https://irishfamilysurnames.com/wp-content/uploads/2021/04/geraghty-B-H.jpg,1,Geraghty,false,Geraghty Family name History & Crest Plaques,Learn the full history of your family with a Family History or a Crest/History Combination. Family History Standard : 16 x 20 cm | 6 x 8 inches. Family Histories and Family Combinations are supplied mounted and ready to frame.,,,,,,,,,,,,,g,,,true,true,,,active
gibbons,Gibbons Family name History & Crest Plaques,<p>Learn the full history of your family with a Family History or a Crest/History Combination.</p><p>Family History Standard : 16 x 20 cm | 6 x 8 inches.&nbsp;</p><p>Family Histories and Family Combinations are supplied mounted and ready to frame.</p>,Irish Family Surnames,Home & Garden > Decor > Decorative Plaques,Decorative Plaques,"Heraldic Irish Family Names, Gifts under €25, Surname G",true,Plaque size,Standard,,,,,5776,0.05,shopify,20,deny,manual,12.45,,true,false,,https://irishfamilysurnames.com/wp-content/uploads/2021/04/gibbons-B-H.jpg,1,Gibbons,false,Gibbons Family name History & Crest Plaques,Learn the full history of your family with a Family History or a Crest/History Combination. Family History Standard : 16 x 20 cm | 6 x 8 inches. Family Histories and Family Combinations are supplied mounted and ready to frame.,,,,,,,,,,,,,g,,,true,true,,,active
gleason,Gleason Family name History & Crest Plaques,<p>Learn the full history of your family with a Family History or a Crest/History Combination.</p><p>Family History Standard : 16 x 20 cm | 6 x 8 inches.&nbsp;</p><p>Family Histories and Family Combinations are supplied mounted and ready to frame.</p>,Irish Family Surnames,Home & Garden > Decor > Decorative Plaques,Decorative Plaques,"Heraldic Irish Family Names, Gifts under €25, Surname G",true,Plaque size,Standard,,,,,5787,0.05,shopify,20,deny,manual,12.45,,true,false,,https://irishfamilysurnames.com/wp-content/uploads/2021/04/gleason-B-H.jpg,1,Gleason,false,Gleason Family name History & Crest Plaques,Learn the full history of your family with a Family History or a Crest/History Combination. Family History Standard : 16 x 20 cm | 6 x 8 inches. Family Histories and Family Combinations are supplied mounted and ready to frame.,,,,,,,,,,,,,g,,,true,true,,,active
gorman,Gorman Family name History & Crest Plaques,<p>Learn the full history of your family with a Family History or a Crest/History Combination.</p><p>Family History Standard : 16 x 20 cm | 6 x 8 inches.&nbsp;</p><p>Family Histories and Family Combinations are supplied mounted and ready to frame.</p>,Irish Family Surnames,Home & Garden > Decor > Decorative Plaques,Decorative Plaques,"Heraldic Irish Family Names, Gifts under €25, Surname G",true,Plaque size,Standard,,,,,5809,0.05,shopify,20,deny,manual,12.45,,true,false,,https://irishfamilysurnames.com/wp-content/uploads/2021/04/gorman-B-H.jpg,1,Gorman,false,Gorman Family name History & Crest Plaques,Learn the full history of your family with a Family History or a Crest/History Combination. Family History Standard : 16 x 20 cm | 6 x 8 inches. Family Histories and Family Combinations are supplied mounted and ready to frame.,,,,,,,,,,,,,g,,,true,true,,,active
graham,Graham Family name History & Crest Plaques,<p>Learn the full history of your family with a Family History or a Crest/History Combination.</p><p>Family History Standard : 16 x 20 cm | 6 x 8 inches.&nbsp;</p><p>Family Histories and Family Combinations are supplied mounted and ready to frame.</p>,Irish Family Surnames,Home & Garden > Decor > Decorative Plaques,Decorative Plaques,"Heraldic Irish Family Names, Gifts under €25, Surname G",true,Plaque size,Standard,,,,,5831,0.05,shopify,20,deny,manual,12.45,,true,false,,https://irishfamilysurnames.com/wp-content/uploads/2021/04/graham-B-H.jpg,1,Graham,false,Graham Family name History & Crest Plaques,Learn the full history of your family with a Family History or a Crest/History Combination. Family History Standard : 16 x 20 cm | 6 x 8 inches. Family Histories and Family Combinations are supplied mounted and ready to frame.,,,,,,,,,,,,,g,,,true,true,,,active
green,Green Family name History & Crest Plaques,<p>Learn the full history of your family with a Family History or a Crest/History Combination.</p><p>Family History Standard : 16 x 20 cm | 6 x 8 inches.&nbsp;</p><p>Family Histories and Family Combinations are supplied mounted and ready to frame.</p>,Irish Family Surnames,Home & Garden > Decor > Decorative Plaques,Decorative Plaques,"Heraldic Irish Family Names, Gifts under €25, Surname G",true,Plaque size,Standard,,,,,5842,0.05,shopify,20,deny,manual,12.45,,true,false,,https://irishfamilysurnames.com/wp-content/uploads/2021/04/green-B-H.jpg,1,Green,false,Green Family name History & Crest Plaques,Learn the full history of your family with a Family History or a Crest/History Combination. Family History Standard : 16 x 20 cm | 6 x 8 inches. Family Histories and Family Combinations are supplied mounted and ready to frame.,,,,,,,,,,,,,g,,,true,true,,,active
greene,Greene Family name History & Crest Plaques,<p>Learn the full history of your family with a Family History or a Crest/History Combination.</p><p>Family History Standard : 16 x 20 cm | 6 x 8 inches.&nbsp;</p><p>Family Histories and Family Combinations are supplied mounted and ready to frame.</p>,Irish Family Surnames,Home & Garden > Decor > Decorative Plaques,Decorative Plaques,"Heraldic Irish Family Names, Gifts under €25, Surname G",true,Plaque size,Standard,,,,,5853,0.05,shopify,20,deny,manual,12.45,,true,false,,https://irishfamilysurnames.com/wp-content/uploads/2021/04/greene-B-H.jpg,1,Greene,false,Greene Family name History & Crest Plaques,Learn the full history of your family with a Family History or a Crest/History Combination. Family History Standard : 16 x 20 cm | 6 x 8 inches. Family Histories and Family Combinations are supplied mounted and ready to frame.,,,,,,,,,,,,,g,,,true,true,,,active
griffin,Griffin Family name History & Crest Plaques,<p>Learn the full history of your family with a Family History or a Crest/History Combination.</p><p>Family History Standard : 16 x 20 cm | 6 x 8 inches.&nbsp;</p><p>Family Histories and Family Combinations are supplied mounted and ready to frame.</p>,Irish Family Surnames,Home & Garden > Decor > Decorative Plaques,Decorative Plaques,"Heraldic Irish Family Names, Gifts under €25, Surname G",true,Plaque size,Standard,,,,,5865,0.05,shopify,20,deny,manual,12.45,,true,false,,https://irishfamilysurnames.com/wp-content/uploads/2021/04/griffin-B-H.jpg,1,Griffin,false,Griffin Family name History & Crest Plaques,Learn the full history of your family with a Family History or a Crest/History Combination. Family History Standard : 16 x 20 cm | 6 x 8 inches. Family Histories and Family Combinations are supplied mounted and ready to frame.,,,,,,,,,,,,,g,,,true,true,,,active
griffith,Griffith Family name History & Crest Plaques,<p>Learn the full history of your family with a Family History or a Crest/History Combination.</p><p>Family History Standard : 16 x 20 cm | 6 x 8 inches.&nbsp;</p><p>Family Histories and Family Combinations are supplied mounted and ready to frame.</p>,Irish Family Surnames,Home & Garden > Decor > Decorative Plaques,Decorative Plaques,"Heraldic Irish Family Names, Gifts under €25, Surname G",true,Plaque size,Standard,,,,,5876,0.05,shopify,20,deny,manual,12.45,,true,false,,https://irishfamilysurnames.com/wp-content/uploads/2021/04/griffith-B-H.jpg,1,Griffith,false,Griffith Family name History & Crest Plaques,Learn the full history of your family with a Family History or a Crest/History Combination. Family History Standard : 16 x 20 cm | 6 x 8 inches. Family Histories and Family Combinations are supplied mounted and ready to frame.,,,,,,,,,,,,,g,,,true,true,,,active
guinness,Guinness Family name History & Crest Plaques,<p>Learn the full history of your family with a Family History or a Crest/History Combination.</p><p>Family History Standard : 16 x 20 cm | 6 x 8 inches.&nbsp;</p><p>Family Histories and Family Combinations are supplied mounted and ready to frame.</p>,Irish Family Surnames,Home & Garden > Decor > Decorative Plaques,Decorative Plaques,"Heraldic Irish Family Names, Gifts under €25, Surname G",true,Plaque size,Standard,,,,,5887,0.05,shopify,20,deny,manual,12.45,,true,false,,https://irishfamilysurnames.com/wp-content/uploads/2021/04/guinness-B-H.jpg,1,Guinness,false,Guinness Family name History & Crest Plaques,Learn the full history of your family with a Family History or a Crest/History Combination. Family History Standard : 16 x 20 cm | 6 x 8 inches. Family Histories and Family Combinations are supplied mounted and ready to frame.,,,,,,,,,,,,,g,,,true,true,,,active
dougherty,Dougherty Family name History & Crest Plaques,<p>Learn the full history of your family with a Family History or a Crest/History Combination.</p><p>Family History Standard : 16 x 20 cm | 6 x 8 inches.&nbsp;</p><p>Family Histories and Family Combinations are supplied mounted and ready to frame.</p>,Irish Family Surnames,Home & Garden > Decor > Decorative Plaques,Decorative Plaques,"Heraldic Irish Family Names, Gifts under €25, Surname D",true,Plaque size,Standard,,,,,5283,0.05,shopify,20,deny,manual,12.45,,true,false,,https://irishfamilysurnames.com/wp-content/uploads/2021/04/dougherty-B-H.jpg,1,Dougherty,false,Dougherty Family name History & Crest Plaques,Learn the full history of your family with a Family History or a Crest/History Combination. Family History Standard : 16 x 20 cm | 6 x 8 inches. Family Histories and Family Combinations are supplied mounted and ready to frame.,,,,,,,,,,,,,g,,,true,true,,,active
evans,Evans Family name History & Crest Plaques,<p>Learn the full history of your family with a Family History or a Crest/History Combination.</p><p>Family History Standard : 16 x 20 cm | 6 x 8 inches.&nbsp;</p><p>Family Histories and Family Combinations are supplied mounted and ready to frame.</p>,Irish Family Surnames,Home & Garden > Decor > Decorative Plaques,Decorative Plaques,"Heraldic Irish Family Names, Gifts under €25, Surname E",true,Plaque size,Standard,,,,,5444,0.05,shopify,20,deny,manual,12.45,,true,false,,https://irishfamilysurnames.com/wp-content/uploads/2021/04/evans-B-H-1.jpg,1,Evans,false,Evans Family name History & Crest Plaques,Learn the full history of your family with a Family History or a Crest/History Combination. Family History Standard : 16 x 20 cm | 6 x 8 inches. Family Histories and Family Combinations are supplied mounted and ready to frame.,,,,,,,,,,,,,g,,,true,true,,,active
grady,Grady Family name History & Crest Plaques,<p>Learn the full history of your family with a Family History or a Crest/History Combination.</p><p>Family History Standard : 16 x 20 cm | 6 x 8 inches.&nbsp;</p><p>Family Histories and Family Combinations are supplied mounted and ready to frame.</p>,Irish Family Surnames,Home & Garden > Decor > Decorative Plaques,Decorative Plaques,"Heraldic Irish Family Names, Gifts under €25, Surname G",true,Plaque size,Standard,,,,,5820,0.05,shopify,20,deny,manual,12.45,,true,false,,https://irishfamilysurnames.com/wp-content/uploads/2021/04/grady-B-H.jpg,1,Grady,false,Grady Family name History & Crest Plaques,Learn the full history of your family with a Family History or a Crest/History Combination. Family History Standard : 16 x 20 cm | 6 x 8 inches. Family Histories and Family Combinations are supplied mounted and ready to frame.,,,,,,,,,,,,,g,,,true,true,,,active
fitzsimons,Fitzsimons Family name History & Crest Plaques,<p>Learn the full history of your family with a Family History or a Crest/History Combination.</p><p>Family History Standard : 16 x 20 cm | 6 x 8 inches.&nbsp;</p><p>Family Histories and Family Combinations are supplied mounted and ready to frame.</p>,Irish Family Surnames,Home & Garden > Decor > Decorative Plaques,Decorative Plaques,"Heraldic Irish Family Names, Gifts under €25, Surname F",true,Plaque size,Standard,,,,,5593,0.05,shopify,20,deny,manual,12.45,,true,false,,https://irishfamilysurnames.com/wp-content/uploads/2021/04/fitzsimons-B-H.jpg,1,Fitzsimons,false,Fitzsimons Family name History & Crest Plaques,Learn the full history of your family with a Family History or a Crest/History Combination. Family History Standard : 16 x 20 cm | 6 x 8 inches. Family Histories and Family Combinations are supplied mounted and ready to frame.,,,,,,,,,,,,,g,,,true,true,,,active
hegarty,Hegarty Family name History & Crest Plaques,<p>Learn the full history of your family with a Family History or a Crest/History Combination.</p><p>Family History Standard : 16 x 20 cm | 6 x 8 inches.&nbsp;</p><p>Family Histories and Family Combinations are supplied mounted and ready to frame.</p>,Irish Family Surnames,Home & Garden > Decor > Decorative Plaques,Decorative Plaques,"Heraldic Irish Family Names, Gifts under €25, Surname H",true,Plaque size,Standard,,,,,1353,0.05,shopify,20,deny,manual,12.45,,true,false,,https://irishfamilysurnames.com/wp-content/uploads/2021/04/hegarty-B-H.jpg,1,Hegarty,false,Hegarty Family name History & Crest Plaques,Learn the full history of your family with a Family History or a Crest/History Combination. Family History Standard : 16 x 20 cm | 6 x 8 inches. Family Histories and Family Combinations are supplied mounted and ready to frame.,,,,,,,,,,,,,g,,,true,true,,,active
mcdermott,McDermott Family name History & Crest Plaques,<p>Learn the full history of your family with a Family History or a Crest/History Combination.</p><p>Family History Standard : 16 x 20 cm | 6 x 8 inches.&nbsp;</p><p>Family Histories and Family Combinations are supplied mounted and ready to frame.</p>,Irish Family Surnames,Home & Garden > Decor > Decorative Plaques,Decorative Plaques,"Heraldic Irish Family Names, Gifts under €25, Surname M",true,Plaque size,Standard,,,,,2461,0.05,shopify,20,deny,manual,12.45,,true,false,,https://irishfamilysurnames.com/wp-content/uploads/2021/04/mcdermott-B-H.jpg,1,McDermott,false,McDermott Family name History & Crest Plaques,Learn the full history of your family with a Family History or a Crest/History Combination. Family History Standard : 16 x 20 cm | 6 x 8 inches. Family Histories and Family Combinations are supplied mounted and ready to frame.,,,,,,,,,,,,,g,,,true,true,,,active
ocarroll,O'Carroll Family name History & Crest Plaques,<p>Learn the full history of your family with a Family History or a Crest/History Combination.</p><p>Family History Standard : 16 x 20 cm | 6 x 8 inches.&nbsp;</p><p>Family Histories and Family Combinations are supplied mounted and ready to frame.</p>,Irish Family Surnames,Home & Garden > Decor > Decorative Plaques,Decorative Plaques,"Heraldic Irish Family Names, Gifts under €25, Surname O",true,Plaque size,Standard,,,,,3534,0.05,shopify,20,deny,manual,12.45,,true,false,,https://irishfamilysurnames.com/wp-content/uploads/2021/04/o-carroll-B-H.jpg,1,O'Carroll,false,O'Carroll Family name History & Crest Plaques,Learn the full history of your family with a Family History or a Crest/History Combination. Family History Standard : 16 x 20 cm | 6 x 8 inches. Family Histories and Family Combinations are supplied mounted and ready to frame.,,,,,,,,,,,,,g,,,true,true,,,active
bell,Bell Family name History & Crest Plaques,<p>Learn the full history of your family with a Family History or a Crest/History Combination.</p><p>Family History Standard : 16 x 20 cm | 6 x 8 inches.&nbsp;</p><p>Family Histories and Family Combinations are supplied mounted and ready to frame.</p>,Irish Family Surnames,Home & Garden > Decor > Decorative Plaques,Decorative Plaques,"Heraldic Irish Family Names, Gifts under €25, Surname B",true,Plaque size,Standard,,,,,3110,0.05,shopify,20,deny,manual,12.45,,true,false,,https://irishfamilysurnames.com/wp-content/uploads/2021/04/bell-B-H.jpg,1,Bell,false,Bell Family name History & Crest Plaques,Learn the full history of your family with a Family History or a Crest/History Combination. Family History Standard : 16 x 20 cm | 6 x 8 inches. Family Histories and Family Combinations are supplied mounted and ready to frame.,,,,,,,,,,,,,g,,,true,true,,,active
bourke,Bourke Family name History & Crest Plaques,<p>Learn the full history of your family with a Family History or a Crest/History Combination.</p><p>Family History Standard : 16 x 20 cm | 6 x 8 inches.&nbsp;</p><p>Family Histories and Family Combinations are supplied mounted and ready to frame.</p>,Irish Family Surnames,Home & Garden > Decor > Decorative Plaques,Decorative Plaques,"Heraldic Irish Family Names, Gifts under €25, Surname B",true,Plaque size,Standard,,,,,3154,0.05,shopify,20,deny,manual,12.45,,true,false,,https://irishfamilysurnames.com/wp-content/uploads/2021/04/bourke-B-H.jpg,1,Bourke,false,Bourke Family name History & Crest Plaques,Learn the full history of your family with a Family History or a Crest/History Combination. Family History Standard : 16 x 20 cm | 6 x 8 inches. Family Histories and Family Combinations are supplied mounted and ready to frame.,,,,,,,,,,,,,g,,,true,true,,,active
bradley,Bradley Family name History & Crest Plaques,<p>Learn the full history of your family with a Family History or a Crest/History Combination.</p><p>Family History Standard : 16 x 20 cm | 6 x 8 inches.&nbsp;</p><p>Family Histories and Family Combinations are supplied mounted and ready to frame.</p>,Irish Family Surnames,Home & Garden > Decor > Decorative Plaques,Decorative Plaques,"Heraldic Irish Family Names, Gifts under €25, Surname B",true,Plaque size,Standard,,,,,3187,0.05,shopify,20,deny,manual,12.45,,true,false,,https://irishfamilysurnames.com/wp-content/uploads/2021/04/bradley-B-H.jpg,1,Bradley,false,Bradley Family name History & Crest Plaques,Learn the full history of your family with a Family History or a Crest/History Combination. Family History Standard : 16 x 20 cm | 6 x 8 inches. Family Histories and Family Combinations are supplied mounted and ready to frame.,,,,,,,,,,,,,g,,,true,true,,,active
odougherty,O'Dougherty Family name History & Crest Plaques,<p>Learn the full history of your family with a Family History or a Crest/History Combination.</p><p>Family History Standard : 16 x 20 cm | 6 x 8 inches.&nbsp;</p><p>Family Histories and Family Combinations are supplied mounted and ready to frame.</p>,Irish Family Surnames,Home & Garden > Decor > Decorative Plaques,Decorative Plaques,"Heraldic Irish Family Names, Gifts under €25, Surname O",true,Plaque size,Standard,,,,,3642,0.05,shopify,20,deny,manual,12.45,,true,false,,https://irishfamilysurnames.com/wp-content/uploads/2021/04/o-dougherty-B-H.jpg,1,O'Dougherty,false,O'Dougherty Family name History & Crest Plaques,Learn the full history of your family with a Family History or a Crest/History Combination. Family History Standard : 16 x 20 cm | 6 x 8 inches. Family Histories and Family Combinations are supplied mounted and ready to frame.,,,,,,,,,,,,,g,,,true,true,,,active
corrigan,Corrigan Family name History & Crest Plaques,<p>Learn the full history of your family with a Family History or a Crest/History Combination.</p><p>Family History Standard : 16 x 20 cm | 6 x 8 inches.&nbsp;</p><p>Family Histories and Family Combinations are supplied mounted and ready to frame.</p>,Irish Family Surnames,Home & Garden > Decor > Decorative Plaques,Decorative Plaques,"Heraldic Irish Family Names, Gifts under €25, Surname C",true,Plaque size,Standard,,,,,4523,0.05,shopify,20,deny,manual,12.45,,true,false,,https://irishfamilysurnames.com/wp-content/uploads/2021/04/corrigan-B-H.jpg,1,Corrigan,false,Corrigan Family name History & Crest Plaques,Learn the full history of your family with a Family History or a Crest/History Combination. Family History Standard : 16 x 20 cm | 6 x 8 inches. Family Histories and Family Combinations are supplied mounted and ready to frame.,,,,,,,,,,,,,g,,,true,true,,,active
callahan,Callahan Family name History & Crest Plaques,<p>Learn the full history of your family with a Family History or a Crest/History Combination.</p><p>Family History Standard : 16 x 20 cm | 6 x 8 inches.&nbsp;</p><p>Family Histories and Family Combinations are supplied mounted and ready to frame.</p>,Irish Family Surnames,Home & Garden > Decor > Decorative Plaques,Decorative Plaques,"Heraldic Irish Family Names, Gifts under €25, Surname C",true,Plaque size,Standard,,,,,3363,0.05,shopify,20,deny,manual,12.45,,true,false,,https://irishfamilysurnames.com/wp-content/uploads/2021/04/callahan-B-H-1.jpg,1,Callahan,false,Callahan Family name History & Crest Plaques,Learn the full history of your family with a Family History or a Crest/History Combination. Family History Standard : 16 x 20 cm | 6 x 8 inches. Family Histories and Family Combinations are supplied mounted and ready to frame.,,,,,,,,,,,,,g,,,true,true,,,active
ohagan,O'Hagan Family name History & Crest Plaques,<p>Learn the full history of your family with a Family History or a Crest/History Combination.</p><p>Family History Standard : 16 x 20 cm | 6 x 8 inches.&nbsp;</p><p>Family Histories and Family Combinations are supplied mounted and ready to frame.</p>,Irish Family Surnames,Home & Garden > Decor > Decorative Plaques,Decorative Plaques,"Heraldic Irish Family Names, Gifts under €25, Surname O",true,Plaque size,Standard,,,,,3752,0.05,shopify,20,deny,manual,12.45,,true,false,,https://irishfamilysurnames.com/wp-content/uploads/2021/04/o-hagan-B-H.jpg,1,O'Hagan,false,O'Hagan Family name History & Crest Plaques,Learn the full history of your family with a Family History or a Crest/History Combination. Family History Standard : 16 x 20 cm | 6 x 8 inches. Family Histories and Family Combinations are supplied mounted and ready to frame.,,,,,,,,,,,,,g,,,true,true,,,active
coughlan,Coughlan Family name History & Crest Plaques,<p>Learn the full history of your family with a Family History or a Crest/History Combination.</p><p>Family History Standard : 16 x 20 cm | 6 x 8 inches.&nbsp;</p><p>Family Histories and Family Combinations are supplied mounted and ready to frame.</p>,Irish Family Surnames,Home & Garden > Decor > Decorative Plaques,Decorative Plaques,"Heraldic Irish Family Names, Gifts under €25, Surname C",true,Plaque size,Standard,,,,,4600,0.05,shopify,20,deny,manual,12.45,,true,false,,https://irishfamilysurnames.com/wp-content/uploads/2021/04/coughlan-B-H.jpg,1,Coughlan,false,Coughlan Family name History & Crest Plaques,Learn the full history of your family with a Family History or a Crest/History Combination. Family History Standard : 16 x 20 cm | 6 x 8 inches. Family Histories and Family Combinations are supplied mounted and ready to frame.,,,,,,,,,,,,,g,,,true,true,,,active
cronin,Cronin Family name History & Crest Plaques,<p>Learn the full history of your family with a Family History or a Crest/History Combination.</p><p>Family History Standard : 16 x 20 cm | 6 x 8 inches.&nbsp;</p><p>Family Histories and Family Combinations are supplied mounted and ready to frame.</p>,Irish Family Surnames,Home & Garden > Decor > Decorative Plaques,Decorative Plaques,"Heraldic Irish Family Names, Gifts under €25, Surname C",true,Plaque size,Standard,,,,,4655,0.05,shopify,20,deny,manual,12.45,,true,false,,https://irishfamilysurnames.com/wp-content/uploads/2021/04/cronin-B-H.jpg,1,Cronin,false,Cronin Family name History & Crest Plaques,Learn the full history of your family with a Family History or a Crest/History Combination. Family History Standard : 16 x 20 cm | 6 x 8 inches. Family Histories and Family Combinations are supplied mounted and ready to frame.,,,,,,,,,,,,,g,,,true,true,,,active
crowley,Crowley Family name History & Crest Plaques,<p>Learn the full history of your family with a Family History or a Crest/History Combination.</p><p>Family History Standard : 16 x 20 cm | 6 x 8 inches.&nbsp;</p><p>Family Histories and Family Combinations are supplied mounted and ready to frame.</p>,Irish Family Surnames,Home & Garden > Decor > Decorative Plaques,Decorative Plaques,"Heraldic Irish Family Names, Gifts under €25, Surname C",true,Plaque size,Standard,,,,,4677,0.05,shopify,20,deny,manual,12.45,,true,false,,https://irishfamilysurnames.com/wp-content/uploads/2021/04/crowley-B-H.jpg,1,Crowley,false,Crowley Family name History & Crest Plaques,Learn the full history of your family with a Family History or a Crest/History Combination. Family History Standard : 16 x 20 cm | 6 x 8 inches. Family Histories and Family Combinations are supplied mounted and ready to frame.,,,,,,,,,,,,,g,,,true,true,,,active
phelan,Phelan Family name History & Crest Plaques,<p>Learn the full history of your family with a Family History or a Crest/History Combination.</p><p>Family History Standard : 16 x 20 cm | 6 x 8 inches.&nbsp;</p><p>Family Histories and Family Combinations are supplied mounted and ready to frame.</p>,Irish Family Surnames,Home & Garden > Decor > Decorative Plaques,Decorative Plaques,"Heraldic Irish Family Names, Gifts under €25, Surname P",true,Plaque size,Standard,,,,,2782,0.05,shopify,20,deny,manual,12.45,,true,false,,https://irishfamilysurnames.com/wp-content/uploads/2021/04/phelan-B-H.jpg,1,Phelan,false,Phelan Family name History & Crest Plaques,Learn the full history of your family with a Family History or a Crest/History Combination. Family History Standard : 16 x 20 cm | 6 x 8 inches. Family Histories and Family Combinations are supplied mounted and ready to frame.,,,,,,,,,,,,,g,,,true,true,,,active
daley,Daley Family name History & Crest Plaques,<p>Learn the full history of your family with a Family History or a Crest/History Combination.</p><p>Family History Standard : 16 x 20 cm | 6 x 8 inches.&nbsp;</p><p>Family Histories and Family Combinations are supplied mounted and ready to frame.</p>,Irish Family Surnames,Home & Garden > Decor > Decorative Plaques,Decorative Plaques,"Heraldic Irish Family Names, Gifts under €25, Surname D",true,Plaque size,Standard,,,,,5009,0.05,shopify,20,deny,manual,12.45,,true,false,,https://irishfamilysurnames.com/wp-content/uploads/2021/04/daley-B-H.jpg,1,Daley,false,Daley Family name History & Crest Plaques,Learn the full history of your family with a Family History or a Crest/History Combination. Family History Standard : 16 x 20 cm | 6 x 8 inches. Family Histories and Family Combinations are supplied mounted and ready to frame.,,,,,,,,,,,,,g,,,true,true,,,active
donoghue,Donoghue Family name History & Crest Plaques,<p>Learn the full history of your family with a Family History or a Crest/History Combination.</p><p>Family History Standard : 16 x 20 cm | 6 x 8 inches.&nbsp;</p><p>Family Histories and Family Combinations are supplied mounted and ready to frame.</p>,Irish Family Surnames,Home & Garden > Decor > Decorative Plaques,Decorative Plaques,"Heraldic Irish Family Names, Gifts under €25, Surname D",true,Plaque size,Standard,,,,,5214,0.05,shopify,20,deny,manual,12.45,,true,false,,https://irishfamilysurnames.com/wp-content/uploads/2021/04/donoghue-B-H.jpg,1,Donoghue,false,Donoghue Family name History & Crest Plaques,Learn the full history of your family with a Family History or a Crest/History Combination. Family History Standard : 16 x 20 cm | 6 x 8 inches. Family Histories and Family Combinations are supplied mounted and ready to frame.,,,,,,,,,,,,,g,,,true,true,,,active
donnelly,Donnelly Family name History & Crest Plaques,<p>Learn the full history of your family with a Family History or a Crest/History Combination.</p><p>Family History Standard : 16 x 20 cm | 6 x 8 inches.&nbsp;</p><p>Family Histories and Family Combinations are supplied mounted and ready to frame.</p>,Irish Family Surnames,Home & Garden > Decor > Decorative Plaques,Decorative Plaques,"Heraldic Irish Family Names, Gifts under €25, Surname D",true,Plaque size,Standard,,,,,5191,0.05,shopify,20,deny,manual,12.45,,true,false,,https://irishfamilysurnames.com/wp-content/uploads/2021/04/donnelly-B-H.jpg,1,Donnelly,false,Donnelly Family name History & Crest Plaques,Learn the full history of your family with a Family History or a Crest/History Combination. Family History Standard : 16 x 20 cm | 6 x 8 inches. Family Histories and Family Combinations are supplied mounted and ready to frame.,,,,,,,,,,,,,g,,,true,true,,,active
doherty,Doherty Family name History & Crest Plaques,<p>Learn the full history of your family with a Family History or a Crest/History Combination.</p><p>Family History Standard : 16 x 20 cm | 6 x 8 inches.&nbsp;</p><p>Family Histories and Family Combinations are supplied mounted and ready to frame.</p>,Irish Family Surnames,Home & Garden > Decor > Decorative Plaques,Decorative Plaques,"Heraldic Irish Family Names, Gifts under €25, Surname D",true,Plaque size,Standard,,,,,5136,0.05,shopify,20,deny,manual,12.45,,true,false,,https://irishfamilysurnames.com/wp-content/uploads/2021/04/doherty-B-H.jpg,1,Doherty,false,Doherty Family name History & Crest Plaques,Learn the full history of your family with a Family History or a Crest/History Combination. Family History Standard : 16 x 20 cm | 6 x 8 inches. Family Histories and Family Combinations are supplied mounted and ready to frame.,,,,,,,,,,,,,g,,,true,true,,,active
dillon,Dillon Family name History & Crest Plaques,<p>Learn the full history of your family with a Family History or a Crest/History Combination.</p><p>Family History Standard : 16 x 20 cm | 6 x 8 inches.&nbsp;</p><p>Family Histories and Family Combinations are supplied mounted and ready to frame.</p>,Irish Family Surnames,Home & Garden > Decor > Decorative Plaques,Decorative Plaques,"Heraldic Irish Family Names, Gifts under €25, Surname D",true,Plaque size,Standard,,,,,5124,0.05,shopify,20,deny,manual,12.45,,true,false,,https://irishfamilysurnames.com/wp-content/uploads/2021/04/dillon-B-H.jpg,1,Dillon,false,Dillon Family name History & Crest Plaques,Learn the full history of your family with a Family History or a Crest/History Combination. Family History Standard : 16 x 20 cm | 6 x 8 inches. Family Histories and Family Combinations are supplied mounted and ready to frame.,,,,,,,,,,,,,g,,,true,true,,,active
daugherty,Daugherty Family name History & Crest Plaques,<p>Learn the full history of your family with a Family History or a Crest/History Combination.</p><p>Family History Standard : 16 x 20 cm | 6 x 8 inches.&nbsp;</p><p>Family Histories and Family Combinations are supplied mounted and ready to frame.</p>,Irish Family Surnames,Home & Garden > Decor > Decorative Plaques,Decorative Plaques,"Heraldic Irish Family Names, Gifts under €25, Surname D",true,Plaque size,Standard,,,,,5058,0.05,shopify,20,deny,manual,12.45,,true,false,,https://irishfamilysurnames.com/wp-content/uploads/2021/04/daugherty-B-H.jpg,1,Daugherty,false,Daugherty Family name History & Crest Plaques,Learn the full history of your family with a Family History or a Crest/History Combination. Family History Standard : 16 x 20 cm | 6 x 8 inches. Family Histories and Family Combinations are supplied mounted and ready to frame.,,,,,,,,,,,,,g,,,true,true,,,active
dalton,Dalton Family name History & Crest Plaques,<p>Learn the full history of your family with a Family History or a Crest/History Combination.</p><p>Family History Standard : 16 x 20 cm | 6 x 8 inches.&nbsp;</p><p>Family Histories and Family Combinations are supplied mounted and ready to frame.</p>,Irish Family Surnames,Home & Garden > Decor > Decorative Plaques,Decorative Plaques,"Heraldic Irish Family Names, Gifts under €25, Surname D",true,Plaque size,Standard,,,,,5021,0.05,shopify,20,deny,manual,12.45,,true,false,,https://irishfamilysurnames.com/wp-content/uploads/2021/04/dalton-B-H.jpg,1,Dalton,false,Dalton Family name History & Crest Plaques,Learn the full history of your family with a Family History or a Crest/History Combination. Family History Standard : 16 x 20 cm | 6 x 8 inches. Family Histories and Family Combinations are supplied mounted and ready to frame.,,,,,,,,,,,,,g,,,true,true,,,active
gleeson,Gleeson Family name History & Crest Plaques,<p>Learn the full history of your family with a Family History or a Crest/History Combination.</p><p>Family History Standard : 16 x 20 cm | 6 x 8 inches.&nbsp;</p><p>Family Histories and Family Combinations are supplied mounted and ready to frame.</p>,Irish Family Surnames,Home & Garden > Decor > Decorative Plaques,Decorative Plaques,"Heraldic Irish Family Names, Gifts under €25, Surname G",true,Plaque size,Standard,,,,,5798,0.05,shopify,20,deny,manual,12.45,,true,false,,https://irishfamilysurnames.com/wp-content/uploads/2021/04/gleeson-B-H.jpg,1,Gleeson,false,Gleeson Family name History & Crest Plaques,Learn the full history of your family with a Family History or a Crest/History Combination. Family History Standard : 16 x 20 cm | 6 x 8 inches. Family Histories and Family Combinations are supplied mounted and ready to frame.,,,,,,,,,,,,,g,,,true,true,,,active
geoghegan,Geoghegan Family name History & Crest Plaques,<p>Learn the full history of your family with a Family History or a Crest/History Combination.</p><p>Family History Standard : 16 x 20 cm | 6 x 8 inches.&nbsp;</p><p>Family Histories and Family Combinations are supplied mounted and ready to frame.</p>,Irish Family Surnames,Home & Garden > Decor > Decorative Plaques,Decorative Plaques,"Heraldic Irish Family Names, Gifts under €25, Surname G",true,Plaque size,Standard,,,,,5752,0.05,shopify,20,deny,manual,12.45,,true,false,,https://irishfamilysurnames.com/wp-content/uploads/2021/04/geoghegan-B-H.jpg,1,Geoghegan,false,Geoghegan Family name History & Crest Plaques,Learn the full history of your family with a Family History or a Crest/History Combination. Family History Standard : 16 x 20 cm | 6 x 8 inches. Family Histories and Family Combinations are supplied mounted and ready to frame.,,,,,,,,,,,,,g,,,true,true,,,active
foley,Foley Family name History & Crest Plaques,<p>Learn the full history of your family with a Family History or a Crest/History Combination.</p><p>Family History Standard : 16 x 20 cm | 6 x 8 inches.&nbsp;</p><p>Family Histories and Family Combinations are supplied mounted and ready to frame.</p>,Irish Family Surnames,Home & Garden > Decor > Decorative Plaques,Decorative Plaques,"Heraldic Irish Family Names, Gifts under €25, Surname F",true,Plaque size,Standard,,,,,5671,0.05,shopify,20,deny,manual,12.45,,true,false,,https://irishfamilysurnames.com/wp-content/uploads/2021/04/foley-B-H.jpg,1,Foley,false,Foley Family name History & Crest Plaques,Learn the full history of your family with a Family History or a Crest/History Combination. Family History Standard : 16 x 20 cm | 6 x 8 inches. Family Histories and Family Combinations are supplied mounted and ready to frame.,,,,,,,,,,,,,g,,,true,true,,,active
fogarty,Fogarty Family name History & Crest Plaques,<p>Learn the full history of your family with a Family History or a Crest/History Combination.</p><p>Family History Standard : 16 x 20 cm | 6 x 8 inches.&nbsp;</p><p>Family Histories and Family Combinations are supplied mounted and ready to frame.</p>,Irish Family Surnames,Home & Garden > Decor > Decorative Plaques,Decorative Plaques,"Heraldic Irish Family Names, Gifts under €25, Surname F",true,Plaque size,Standard,,,,,5659,0.05,shopify,20,deny,manual,12.45,,true,false,,https://irishfamilysurnames.com/wp-content/uploads/2021/04/fogarty-B-H.jpg,1,Fogarty,false,Fogarty Family name History & Crest Plaques,Learn the full history of your family with a Family History or a Crest/History Combination. Family History Standard : 16 x 20 cm | 6 x 8 inches. Family Histories and Family Combinations are supplied mounted and ready to frame.,,,,,,,,,,,,,g,,,true,true,,,active
cotter,Cotter Family name History & Crest Plaques,<p>Learn the full history of your family with a Family History or a Crest/History Combination.</p><p>Family History Standard : 16 x 20 cm | 6 x 8 inches.&nbsp;</p><p>Family Histories and Family Combinations are supplied mounted and ready to frame.</p>,Irish Family Surnames,Home & Garden > Decor > Decorative Plaques,Decorative Plaques,"Heraldic Irish Family Names, Gifts under €25, Surname C",true,Plaque size,Standard,,,,,4589,0.05,shopify,20,deny,manual,12.45,,true,false,,https://irishfamilysurnames.com/wp-content/uploads/2021/04/cotter-B-H.jpg,1,Cotter,false,Cotter Family name History & Crest Plaques,Learn the full history of your family with a Family History or a Crest/History Combination. Family History Standard : 16 x 20 cm | 6 x 8 inches. Family Histories and Family Combinations are supplied mounted and ready to frame.,,,,,,,,,,,,,g,,,true,true,,,active
kavanagh,Kavanagh Family name History & Crest Plaques,<p>Learn the full history of your family with a Family History or a Crest/History Combination.</p><p>Family History Standard : 16 x 20 cm | 6 x 8 inches.&nbsp;</p><p>Family Histories and Family Combinations are supplied mounted and ready to frame.</p>,Irish Family Surnames,Home & Garden > Decor > Decorative Plaques,Decorative Plaques,"Heraldic Irish Family Names, Gifts under €25, Surname K",true,Plaque size,Standard,,,,,1590,0.05,shopify,20,deny,manual,12.45,,true,false,,https://irishfamilysurnames.com/wp-content/uploads/2021/04/kavanagh-B-H.jpg,1,Kavanagh,false,Kavanagh Family name History & Crest Plaques,Learn the full history of your family with a Family History or a Crest/History Combination. Family History Standard : 16 x 20 cm | 6 x 8 inches. Family Histories and Family Combinations are supplied mounted and ready to frame.,,,,,,,,,,,,,g,,,true,true,,,active
hagan,Hagan Family name History & Crest Plaques,<p>Learn the full history of your family with a Family History or a Crest/History Combination.</p><p>Family History Standard : 16 x 20 cm | 6 x 8 inches.&nbsp;</p><p>Family Histories and Family Combinations are supplied mounted and ready to frame.</p>,Irish Family Surnames,Home & Garden > Decor > Decorative Plaques,Decorative Plaques,"Heraldic Irish Family Names, Gifts under €25, Surname H",true,Plaque size,Standard,,,,,1113,0.05,shopify,20,deny,manual,12.45,,true,false,,https://irishfamilysurnames.com/wp-content/uploads/2021/04/hagan-B-H.jpg,1,Hagan,false,Hagan Family name History & Crest Plaques,Learn the full history of your family with a Family History or a Crest/History Combination. Family History Standard : 16 x 20 cm | 6 x 8 inches. Family Histories and Family Combinations are supplied mounted and ready to frame.,,,,,,,,,,,,,g,,,true,true,,,active
harris,Harris Family name History & Crest Plaques,<p>Learn the full history of your family with a Family History or a Crest/History Combination.</p><p>Family History Standard : 16 x 20 cm | 6 x 8 inches.&nbsp;</p><p>Family Histories and Family Combinations are supplied mounted and ready to frame.</p>,Irish Family Surnames,Home & Garden > Decor > Decorative Plaques,Decorative Plaques,"Heraldic Irish Family Names, Gifts under €25, Surname H",true,Plaque size,Standard,,,,,1235,0.05,shopify,20,deny,manual,12.45,,true,false,,https://irishfamilysurnames.com/wp-content/uploads/2021/04/harris-B-H.jpg,1,Harris,false,Harris Family name History & Crest Plaques,Learn the full history of your family with a Family History or a Crest/History Combination. Family History Standard : 16 x 20 cm | 6 x 8 inches. Family Histories and Family Combinations are supplied mounted and ready to frame.,,,,,,,,,,,,,g,,,true,true,,,active
hill,Hill Family name History & Crest Plaques,<p>Learn the full history of your family with a Family History or a Crest/History Combination.</p><p>Family History Standard : 16 x 20 cm | 6 x 8 inches.&nbsp;</p><p>Family Histories and Family Combinations are supplied mounted and ready to frame.</p>,Irish Family Surnames,Home & Garden > Decor > Decorative Plaques,Decorative Plaques,"Heraldic Irish Family Names, Gifts under €25, Surname H",true,Plaque size,Standard,,,,,1426,0.05,shopify,20,deny,manual,12.45,,true,false,,https://cdn.shopify.com/s/files/1/0533/2089/files/placeholder-images-image_large.png,1,Hill,false,Hill Family name History & Crest Plaques,Learn the full history of your family with a Family History or a Crest/History Combination. Family History Standard : 16 x 20 cm | 6 x 8 inches. Family Histories and Family Combinations are supplied mounted and ready to frame.,,,,,,,,,,,,,g,,,true,true,,,active
hyland,Hyland Family name History & Crest Plaques,<p>Learn the full history of your family with a Family History or a Crest/History Combination.</p><p>Family History Standard : 16 x 20 cm | 6 x 8 inches.&nbsp;</p><p>Family Histories and Family Combinations are supplied mounted and ready to frame.</p>,Irish Family Surnames,Home & Garden > Decor > Decorative Plaques,Decorative Plaques,"Heraldic Irish Family Names, Gifts under €25, Surname H",true,Plaque size,Standard,,,,,1488,0.05,shopify,20,deny,manual,12.45,,true,false,,https://irishfamilysurnames.com/wp-content/uploads/2021/04/hyland-B-H.jpg,1,Hyland,false,Hyland Family name History & Crest Plaques,Learn the full history of your family with a Family History or a Crest/History Combination. Family History Standard : 16 x 20 cm | 6 x 8 inches. Family Histories and Family Combinations are supplied mounted and ready to frame.,,,,,,,,,,,,,g,,,true,true,,,active
jackson,Jackson Family name History & Crest Plaques,<p>Learn the full history of your family with a Family History or a Crest/History Combination.</p><p>Family History Standard : 16 x 20 cm | 6 x 8 inches.&nbsp;</p><p>Family Histories and Family Combinations are supplied mounted and ready to frame.</p>,Irish Family Surnames,Home & Garden > Decor > Decorative Plaques,Decorative Plaques,"Heraldic Irish Family Names, Gifts under €25, Surname J",true,Plaque size,Standard,,,,,1535,0.05,shopify,20,deny,manual,12.45,,true,false,,https://irishfamilysurnames.com/wp-content/uploads/2021/04/jackson-B-H.jpg,1,Jackson,false,Jackson Family name History & Crest Plaques,Learn the full history of your family with a Family History or a Crest/History Combination. Family History Standard : 16 x 20 cm | 6 x 8 inches. Family Histories and Family Combinations are supplied mounted and ready to frame.,,,,,,,,,,,,,g,,,true,true,,,active
johnston,Johnston Family name History & Crest Plaques,<p>Learn the full history of your family with a Family History or a Crest/History Combination.</p><p>Family History Standard : 16 x 20 cm | 6 x 8 inches.&nbsp;</p><p>Family Histories and Family Combinations are supplied mounted and ready to frame.</p>,Irish Family Surnames,Home & Garden > Decor > Decorative Plaques,Decorative Plaques,"Heraldic Irish Family Names, Gifts under €25, Surname J",true,Plaque size,Standard,,,,,1549,0.05,shopify,20,deny,manual,12.45,,true,false,,https://irishfamilysurnames.com/wp-content/uploads/2021/04/johnston-B-H.jpg,1,Johnston,false,Johnston Family name History & Crest Plaques,Learn the full history of your family with a Family History or a Crest/History Combination. Family History Standard : 16 x 20 cm | 6 x 8 inches. Family Histories and Family Combinations are supplied mounted and ready to frame.,,,,,,,,,,,,,g,,,true,true,,,active
jones,Jones Family name History & Crest Plaques,<p>Learn the full history of your family with a Family History or a Crest/History Combination.</p><p>Family History Standard : 16 x 20 cm | 6 x 8 inches.&nbsp;</p><p>Family Histories and Family Combinations are supplied mounted and ready to frame.</p>,Irish Family Surnames,Home & Garden > Decor > Decorative Plaques,Decorative Plaques,"Heraldic Irish Family Names, Gifts under €25, Surname J",true,Plaque size,Standard,,,,,1556,0.05,shopify,20,deny,manual,12.45,,true,false,,https://irishfamilysurnames.com/wp-content/uploads/2021/04/jones-B-H.jpg,1,Jones,false,Jones Family name History & Crest Plaques,Learn the full history of your family with a Family History or a Crest/History Combination. Family History Standard : 16 x 20 cm | 6 x 8 inches. Family Histories and Family Combinations are supplied mounted and ready to frame.,,,,,,,,,,,,,g,,,true,true,,,active
joyce,Joyce Family name History & Crest Plaques,<p>Learn the full history of your family with a Family History or a Crest/History Combination.</p><p>Family History Standard : 16 x 20 cm | 6 x 8 inches.&nbsp;</p><p>Family Histories and Family Combinations are supplied mounted and ready to frame.</p>,Irish Family Surnames,Home & Garden > Decor > Decorative Plaques,Decorative Plaques,"Heraldic Irish Family Names, Gifts under €25, Surname J",true,Plaque size,Standard,,,,,1570,0.05,shopify,20,deny,manual,12.45,,true,false,,https://irishfamilysurnames.com/wp-content/uploads/2021/04/joyce-B-H-1.jpg,1,Joyce,false,Joyce Family name History & Crest Plaques,Learn the full history of your family with a Family History or a Crest/History Combination. Family History Standard : 16 x 20 cm | 6 x 8 inches. Family Histories and Family Combinations are supplied mounted and ready to frame.,,,,,,,,,,,,,g,,,true,true,,,active
kane,Kane Family name History & Crest Plaques,<p>Learn the full history of your family with a Family History or a Crest/History Combination.</p><p>Family History Standard : 16 x 20 cm | 6 x 8 inches.&nbsp;</p><p>Family Histories and Family Combinations are supplied mounted and ready to frame.</p>,Irish Family Surnames,Home & Garden > Decor > Decorative Plaques,Decorative Plaques,"Heraldic Irish Family Names, Gifts under €25, Surname K",true,Plaque size,Standard,,,,,1578,0.05,shopify,20,deny,manual,12.45,,true,false,,https://irishfamilysurnames.com/wp-content/uploads/2021/04/kane-B-H.jpg,1,Kane,false,Kane Family name History & Crest Plaques,Learn the full history of your family with a Family History or a Crest/History Combination. Family History Standard : 16 x 20 cm | 6 x 8 inches. Family Histories and Family Combinations are supplied mounted and ready to frame.,,,,,,,,,,,,,g,,,true,true,,,active
keane,Keane Family name History & Crest Plaques,<p>Learn the full history of your family with a Family History or a Crest/History Combination.</p><p>Family History Standard : 16 x 20 cm | 6 x 8 inches.&nbsp;</p><p>Family Histories and Family Combinations are supplied mounted and ready to frame.</p>,Irish Family Surnames,Home & Garden > Decor > Decorative Plaques,Decorative Plaques,"Heraldic Irish Family Names, Gifts under €25, Surname K",true,Plaque size,Standard,,,,,1601,0.05,shopify,20,deny,manual,12.45,,true,false,,https://irishfamilysurnames.com/wp-content/uploads/2021/04/keane-B-H.jpg,1,Keane,false,Keane Family name History & Crest Plaques,Learn the full history of your family with a Family History or a Crest/History Combination. Family History Standard : 16 x 20 cm | 6 x 8 inches. Family Histories and Family Combinations are supplied mounted and ready to frame.,,,,,,,,,,,,,g,,,true,true,,,active
leahy,Leahy Family name History & Crest Plaques,<p>Learn the full history of your family with a Family History or a Crest/History Combination.</p><p>Family History Standard : 16 x 20 cm | 6 x 8 inches.&nbsp;</p><p>Family Histories and Family Combinations are supplied mounted and ready to frame.</p>,Irish Family Surnames,Home & Garden > Decor > Decorative Plaques,Decorative Plaques,"Heraldic Irish Family Names, Gifts under €25, Surname L",true,Plaque size,Standard,,,,,1905,0.05,shopify,20,deny,manual,12.45,,true,false,,https://irishfamilysurnames.com/wp-content/uploads/2021/04/leahy-B-H-1.jpg,1,Leahy,false,Leahy Family name History & Crest Plaques,Learn the full history of your family with a Family History or a Crest/History Combination. Family History Standard : 16 x 20 cm | 6 x 8 inches. Family Histories and Family Combinations are supplied mounted and ready to frame.,,,,,,,,,,,,,g,,,true,true,,,active
kiernan,Kiernan Family name History & Crest Plaques,<p>Learn the full history of your family with a Family History or a Crest/History Combination.</p><p>Family History Standard : 16 x 20 cm | 6 x 8 inches.&nbsp;</p><p>Family Histories and Family Combinations are supplied mounted and ready to frame.</p>,Irish Family Surnames,Home & Garden > Decor > Decorative Plaques,Decorative Plaques,"Heraldic Irish Family Names, Gifts under €25, Surname K",true,Plaque size,Standard,,,,,1789,0.05,shopify,20,deny,manual,12.45,,true,false,,https://irishfamilysurnames.com/wp-content/uploads/2021/04/kiernan-B-H.jpg,1,Kiernan,false,Kiernan Family name History & Crest Plaques,Learn the full history of your family with a Family History or a Crest/History Combination. Family History Standard : 16 x 20 cm | 6 x 8 inches. Family Histories and Family Combinations are supplied mounted and ready to frame.,,,,,,,,,,,,,g,,,true,true,,,active
lynch,Lynch Family name History & Crest Plaques,<p>Learn the full history of your family with a Family History or a Crest/History Combination.</p><p>Family History Standard : 16 x 20 cm | 6 x 8 inches.&nbsp;</p><p>Family Histories and Family Combinations are supplied mounted and ready to frame.</p>,Irish Family Surnames,Home & Garden > Decor > Decorative Plaques,Decorative Plaques,"Heraldic Irish Family Names, Gifts under €25, Surname L",true,Plaque size,Standard,,,,,1983,0.05,shopify,20,deny,manual,12.45,,true,false,,https://irishfamilysurnames.com/wp-content/uploads/2021/04/lynch-B-H-1.jpg,1,Lynch,false,Lynch Family name History & Crest Plaques,Learn the full history of your family with a Family History or a Crest/History Combination. Family History Standard : 16 x 20 cm | 6 x 8 inches. Family Histories and Family Combinations are supplied mounted and ready to frame.,,,,,,,,,,,,,g,,,true,true,,,active
malone,Malone Family name History & Crest Plaques,<p>Learn the full history of your family with a Family History or a Crest/History Combination.</p><p>Family History Standard : 16 x 20 cm | 6 x 8 inches.&nbsp;</p><p>Family Histories and Family Combinations are supplied mounted and ready to frame.</p>,Irish Family Surnames,Home & Garden > Decor > Decorative Plaques,Decorative Plaques,"Heraldic Irish Family Names, Gifts under €25, Surname M",true,Plaque size,Standard,,,,,2128,0.05,shopify,20,deny,manual,12.45,,true,false,,https://irishfamilysurnames.com/wp-content/uploads/2021/04/malone-B-H.jpg,1,Malone,false,Malone Family name History & Crest Plaques,Learn the full history of your family with a Family History or a Crest/History Combination. Family History Standard : 16 x 20 cm | 6 x 8 inches. Family Histories and Family Combinations are supplied mounted and ready to frame.,,,,,,,,,,,,,g,,,true,true,,,active
meara,Meara Family name History & Crest Plaques,<p>Learn the full history of your family with a Family History or a Crest/History Combination.</p><p>Family History Standard : 16 x 20 cm | 6 x 8 inches.&nbsp;</p><p>Family Histories and Family Combinations are supplied mounted and ready to frame.</p>,Irish Family Surnames,Home & Garden > Decor > Decorative Plaques,Decorative Plaques,"Heraldic Irish Family Names, Gifts under €25, Surname M",true,Plaque size,Standard,,,,,2187,0.05,shopify,20,deny,manual,12.45,,true,false,,https://irishfamilysurnames.com/wp-content/uploads/2021/04/meara-B-H.jpg,1,Meara,false,Meara Family name History & Crest Plaques,Learn the full history of your family with a Family History or a Crest/History Combination. Family History Standard : 16 x 20 cm | 6 x 8 inches. Family Histories and Family Combinations are supplied mounted and ready to frame.,,,,,,,,,,,,,g,,,true,true,,,active
meehan,Meehan Family name History & Crest Plaques,<p>Learn the full history of your family with a Family History or a Crest/History Combination.</p><p>Family History Standard : 16 x 20 cm | 6 x 8 inches.&nbsp;</p><p>Family Histories and Family Combinations are supplied mounted and ready to frame.</p>,Irish Family Surnames,Home & Garden > Decor > Decorative Plaques,Decorative Plaques,"Heraldic Irish Family Names, Gifts under €25, Surname M",true,Plaque size,Standard,,,,,2194,0.05,shopify,20,deny,manual,12.45,,true,false,,https://irishfamilysurnames.com/wp-content/uploads/2021/04/meehan-B-H.jpg,1,Meehan,false,Meehan Family name History & Crest Plaques,Learn the full history of your family with a Family History or a Crest/History Combination. Family History Standard : 16 x 20 cm | 6 x 8 inches. Family Histories and Family Combinations are supplied mounted and ready to frame.,,,,,,,,,,,,,g,,,true,true,,,active
molloy,Molloy Family name History & Crest Plaques,<p>Learn the full history of your family with a Family History or a Crest/History Combination.</p><p>Family History Standard : 16 x 20 cm | 6 x 8 inches.&nbsp;</p><p>Family Histories and Family Combinations are supplied mounted and ready to frame.</p>,Irish Family Surnames,Home & Garden > Decor > Decorative Plaques,Decorative Plaques,"Heraldic Irish Family Names, Gifts under €25, Surname M",true,Plaque size,Standard,,,,,2215,0.05,shopify,20,deny,manual,12.45,,true,false,,https://irishfamilysurnames.com/wp-content/uploads/2021/04/molloy-B-H.jpg,1,Molloy,false,Molloy Family name History & Crest Plaques,Learn the full history of your family with a Family History or a Crest/History Combination. Family History Standard : 16 x 20 cm | 6 x 8 inches. Family Histories and Family Combinations are supplied mounted and ready to frame.,,,,,,,,,,,,,g,,,true,true,,,active
moloney,Moloney Family name History & Crest Plaques,<p>Learn the full history of your family with a Family History or a Crest/History Combination.</p><p>Family History Standard : 16 x 20 cm | 6 x 8 inches.&nbsp;</p><p>Family Histories and Family Combinations are supplied mounted and ready to frame.</p>,Irish Family Surnames,Home & Garden > Decor > Decorative Plaques,Decorative Plaques,"Heraldic Irish Family Names, Gifts under €25, Surname M",true,Plaque size,Standard,,,,,2238,0.05,shopify,20,deny,manual,12.45,,true,false,,https://irishfamilysurnames.com/wp-content/uploads/2021/04/moloney-B-H.jpg,1,Moloney,false,Moloney Family name History & Crest Plaques,Learn the full history of your family with a Family History or a Crest/History Combination. Family History Standard : 16 x 20 cm | 6 x 8 inches. Family Histories and Family Combinations are supplied mounted and ready to frame.,,,,,,,,,,,,,g,,,true,true,,,active
monahan,Monahan Family name History & Crest Plaques,<p>Learn the full history of your family with a Family History or a Crest/History Combination.</p><p>Family History Standard : 16 x 20 cm | 6 x 8 inches.&nbsp;</p><p>Family Histories and Family Combinations are supplied mounted and ready to frame.</p>,Irish Family Surnames,Home & Garden > Decor > Decorative Plaques,Decorative Plaques,"Heraldic Irish Family Names, Gifts under €25, Surname M",true,Plaque size,Standard,,,,,2252,0.05,shopify,20,deny,manual,12.45,,true,false,,https://irishfamilysurnames.com/wp-content/uploads/2021/04/monahan-B-H.jpg,1,Monahan,false,Monahan Family name History & Crest Plaques,Learn the full history of your family with a Family History or a Crest/History Combination. Family History Standard : 16 x 20 cm | 6 x 8 inches. Family Histories and Family Combinations are supplied mounted and ready to frame.,,,,,,,,,,,,,g,,,true,true,,,active
mullen,Mullen Family name History & Crest Plaques,<p>Learn the full history of your family with a Family History or a Crest/History Combination.</p><p>Family History Standard : 16 x 20 cm | 6 x 8 inches.&nbsp;</p><p>Family Histories and Family Combinations are supplied mounted and ready to frame.</p>,Irish Family Surnames,Home & Garden > Decor > Decorative Plaques,Decorative Plaques,"Heraldic Irish Family Names, Gifts under €25, Surname M",true,Plaque size,Standard,,,,,2327,0.05,shopify,20,deny,manual,12.45,,true,false,,https://irishfamilysurnames.com/wp-content/uploads/2021/04/mullen-B-H.jpg,1,Mullen,false,Mullen Family name History & Crest Plaques,Learn the full history of your family with a Family History or a Crest/History Combination. Family History Standard : 16 x 20 cm | 6 x 8 inches. Family Histories and Family Combinations are supplied mounted and ready to frame.,,,,,,,,,,,,,g,,,true,true,,,active
mcauley,McAuley Family name History & Crest Plaques,<p>Learn the full history of your family with a Family History or a Crest/History Combination.</p><p>Family History Standard : 16 x 20 cm | 6 x 8 inches.&nbsp;</p><p>Family Histories and Family Combinations are supplied mounted and ready to frame.</p>,Irish Family Surnames,Home & Garden > Decor > Decorative Plaques,Decorative Plaques,"Heraldic Irish Family Names, Gifts under €25, Surname M",true,Plaque size,Standard,,,,,2371,0.05,shopify,20,deny,manual,12.45,,true,false,,https://irishfamilysurnames.com/wp-content/uploads/2021/04/mcauley-B-H.jpg,1,McAuley,false,McAuley Family name History & Crest Plaques,Learn the full history of your family with a Family History or a Crest/History Combination. Family History Standard : 16 x 20 cm | 6 x 8 inches. Family Histories and Family Combinations are supplied mounted and ready to frame.,,,,,,,,,,,,,g,,,true,true,,,active
mccann,McCann Family name History & Crest Plaques,<p>Learn the full history of your family with a Family History or a Crest/History Combination.</p><p>Family History Standard : 16 x 20 cm | 6 x 8 inches.&nbsp;</p><p>Family Histories and Family Combinations are supplied mounted and ready to frame.</p>,Irish Family Surnames,Home & Garden > Decor > Decorative Plaques,Decorative Plaques,"Heraldic Irish Family Names, Gifts under €25, Surname M",true,Plaque size,Standard,,,,,2405,0.05,shopify,20,deny,manual,12.45,,true,false,,https://irishfamilysurnames.com/wp-content/uploads/2021/04/mccann-BH.jpg,1,McCann,false,McCann Family name History & Crest Plaques,Learn the full history of your family with a Family History or a Crest/History Combination. Family History Standard : 16 x 20 cm | 6 x 8 inches. Family Histories and Family Combinations are supplied mounted and ready to frame.,,,,,,,,,,,,,g,,,true,true,,,active
oboyle,O'Boyle Family name History & Crest Plaques,<p>Learn the full history of your family with a Family History or a Crest/History Combination.</p><p>Family History Standard : 16 x 20 cm | 6 x 8 inches.&nbsp;</p><p>Family Histories and Family Combinations are supplied mounted and ready to frame.</p>,Irish Family Surnames,Home & Garden > Decor > Decorative Plaques,Decorative Plaques,"Heraldic Irish Family Names, Gifts under €25, Surname O",true,Plaque size,Standard,,,,,3454,0.05,shopify,20,deny,manual,12.45,,true,false,,https://irishfamilysurnames.com/wp-content/uploads/2021/04/o-boyle-B-H.jpg,1,O'Boyle,false,O'Boyle Family name History & Crest Plaques,Learn the full history of your family with a Family History or a Crest/History Combination. Family History Standard : 16 x 20 cm | 6 x 8 inches. Family Histories and Family Combinations are supplied mounted and ready to frame.,,,,,,,,,,,,,g,,,true,true,,,active
odoherty,O'Doherty Family name History & Crest Plaques,<p>Learn the full history of your family with a Family History or a Crest/History Combination.</p><p>Family History Standard : 16 x 20 cm | 6 x 8 inches.&nbsp;</p><p>Family Histories and Family Combinations are supplied mounted and ready to frame.</p>,Irish Family Surnames,Home & Garden > Decor > Decorative Plaques,Decorative Plaques,"Heraldic Irish Family Names, Gifts under €25, Surname O",true,Plaque size,Standard,,,,,3578,0.05,shopify,20,deny,manual,12.45,,true,false,,https://irishfamilysurnames.com/wp-content/uploads/2021/04/o-doherty-B-H.jpg,1,O'Doherty,false,O'Doherty Family name History & Crest Plaques,Learn the full history of your family with a Family History or a Crest/History Combination. Family History Standard : 16 x 20 cm | 6 x 8 inches. Family Histories and Family Combinations are supplied mounted and ready to frame.,,,,,,,,,,,,,g,,,true,true,,,active
odonohoe,O'Donohoe Family name History & Crest Plaques,<p>Learn the full history of your family with a Family History or a Crest/History Combination.</p><p>Family History Standard : 16 x 20 cm | 6 x 8 inches.&nbsp;</p><p>Family Histories and Family Combinations are supplied mounted and ready to frame.</p>,Irish Family Surnames,Home & Garden > Decor > Decorative Plaques,Decorative Plaques,"Heraldic Irish Family Names, Gifts under €25, Surname O",true,Plaque size,Standard,,,,,3622,0.05,shopify,20,deny,manual,12.45,,true,false,,https://irishfamilysurnames.com/wp-content/uploads/2021/04/odonohoe-B-H.jpg,1,O'Donohoe,false,O'Donohoe Family name History & Crest Plaques,Learn the full history of your family with a Family History or a Crest/History Combination. Family History Standard : 16 x 20 cm | 6 x 8 inches. Family Histories and Family Combinations are supplied mounted and ready to frame.,,,,,,,,,,,,,g,,,true,true,,,active
oduffy,O'Duffy Family name History & Crest Plaques,<p>Learn the full history of your family with a Family History or a Crest/History Combination.</p><p>Family History Standard : 16 x 20 cm | 6 x 8 inches.&nbsp;</p><p>Family Histories and Family Combinations are supplied mounted and ready to frame.</p>,Irish Family Surnames,Home & Garden > Decor > Decorative Plaques,Decorative Plaques,"Heraldic Irish Family Names, Gifts under €25, Surname O",true,Plaque size,Standard,,,,,3664,0.05,shopify,20,deny,manual,12.45,,true,false,,https://irishfamilysurnames.com/wp-content/uploads/2021/04/o-duffy-B-H.jpg,1,O'Duffy,false,O'Duffy Family name History & Crest Plaques,Learn the full history of your family with a Family History or a Crest/History Combination. Family History Standard : 16 x 20 cm | 6 x 8 inches. Family Histories and Family Combinations are supplied mounted and ready to frame.,,,,,,,,,,,,,g,,,true,true,,,active
oriordan,O'Riordan Family name History & Crest Plaques,<p>Learn the full history of your family with a Family History or a Crest/History Combination.</p><p>Family History Standard : 16 x 20 cm | 6 x 8 inches.&nbsp;</p><p>Family Histories and Family Combinations are supplied mounted and ready to frame.</p>,Irish Family Surnames,Home & Garden > Decor > Decorative Plaques,Decorative Plaques,"Heraldic Irish Family Names, Gifts under €25, Surname O",true,Plaque size,Standard,,,,,3998,0.05,shopify,20,deny,manual,12.45,,true,false,,https://irishfamilysurnames.com/wp-content/uploads/2021/04/o-riordan-B-H.jpg,1,O'Riordan,false,O'Riordan Family name History & Crest Plaques,Learn the full history of your family with a Family History or a Crest/History Combination. Family History Standard : 16 x 20 cm | 6 x 8 inches. Family Histories and Family Combinations are supplied mounted and ready to frame.,,,,,,,,,,,,,g,,,true,true,,,active
reid,Reid Family name History & Crest Plaques,<p>Learn the full history of your family with a Family History or a Crest/History Combination.</p><p>Family History Standard : 16 x 20 cm | 6 x 8 inches.&nbsp;</p><p>Family Histories and Family Combinations are supplied mounted and ready to frame.</p>,Irish Family Surnames,Home & Garden > Decor > Decorative Plaques,Decorative Plaques,"Heraldic Irish Family Names, Gifts under €25, Surname R",true,Plaque size,Standard,,,,,2901,0.05,shopify,20,deny,manual,12.45,,true,false,,https://irishfamilysurnames.com/wp-content/uploads/2021/04/reid-B-H.jpg,1,Reid,false,Reid Family name History & Crest Plaques,Learn the full history of your family with a Family History or a Crest/History Combination. Family History Standard : 16 x 20 cm | 6 x 8 inches. Family Histories and Family Combinations are supplied mounted and ready to frame.,,,,,,,,,,,,,g,,,true,true,,,active
reilly,Reilly Family name History & Crest Plaques,<p>Learn the full history of your family with a Family History or a Crest/History Combination.</p><p>Family History Standard : 16 x 20 cm | 6 x 8 inches.&nbsp;</p><p>Family Histories and Family Combinations are supplied mounted and ready to frame.</p>,Irish Family Surnames,Home & Garden > Decor > Decorative Plaques,Decorative Plaques,"Heraldic Irish Family Names, Gifts under €25, Surname R",true,Plaque size,Standard,,,,,2913,0.05,shopify,20,deny,manual,12.45,,true,false,,https://irishfamilysurnames.com/wp-content/uploads/2021/04/reilly-B-H.jpg,1,Reilly,false,Reilly Family name History & Crest Plaques,Learn the full history of your family with a Family History or a Crest/History Combination. Family History Standard : 16 x 20 cm | 6 x 8 inches. Family Histories and Family Combinations are supplied mounted and ready to frame.,,,,,,,,,,,,,g,,,true,true,,,active
riordan,Riordan Family name History & Crest Plaques,<p>Learn the full history of your family with a Family History or a Crest/History Combination.</p><p>Family History Standard : 16 x 20 cm | 6 x 8 inches.&nbsp;</p><p>Family Histories and Family Combinations are supplied mounted and ready to frame.</p>,Irish Family Surnames,Home & Garden > Decor > Decorative Plaques,Decorative Plaques,"Heraldic Irish Family Names, Gifts under €25, Surname R",true,Plaque size,Standard,,,,,2950,0.05,shopify,20,deny,manual,12.45,,true,false,,https://irishfamilysurnames.com/wp-content/uploads/2021/04/riordan-B-H.jpg,1,Riordan,false,Riordan Family name History & Crest Plaques,Learn the full history of your family with a Family History or a Crest/History Combination. Family History Standard : 16 x 20 cm | 6 x 8 inches. Family Histories and Family Combinations are supplied mounted and ready to frame.,,,,,,,,,,,,,g,,,true,true,,,active
roach,Roach Family name History & Crest Plaques,<p>Learn the full history of your family with a Family History or a Crest/History Combination.</p><p>Family History Standard : 16 x 20 cm | 6 x 8 inches.&nbsp;</p><p>Family Histories and Family Combinations are supplied mounted and ready to frame.</p>,Irish Family Surnames,Home & Garden > Decor > Decorative Plaques,Decorative Plaques,"Heraldic Irish Family Names, Gifts under €25, Surname R",true,Plaque size,Standard,,,,,2961,0.05,shopify,20,deny,manual,12.45,,true,false,,https://irishfamilysurnames.com/wp-content/uploads/2021/04/roach-B-H.jpg,1,Roach,false,Roach Family name History & Crest Plaques,Learn the full history of your family with a Family History or a Crest/History Combination. Family History Standard : 16 x 20 cm | 6 x 8 inches. Family Histories and Family Combinations are supplied mounted and ready to frame.,,,,,,,,,,,,,g,,,true,true,,,active
stapleton,Stapleton Family name History & Crest Plaques,<p>Learn the full history of your family with a Family History or a Crest/History Combination.</p><p>Family History Standard : 16 x 20 cm | 6 x 8 inches.&nbsp;</p><p>Family Histories and Family Combinations are supplied mounted and ready to frame.</p>,Irish Family Surnames,Home & Garden > Decor > Decorative Plaques,Decorative Plaques,"Heraldic Irish Family Names, Gifts under €25, Surname S",true,Plaque size,Standard,,,,,4199,0.05,shopify,20,deny,manual,12.45,,true,false,,https://irishfamilysurnames.com/wp-content/uploads/2021/04/stapleton-B-H.jpg,1,Stapleton,false,Stapleton Family name History & Crest Plaques,Learn the full history of your family with a Family History or a Crest/History Combination. Family History Standard : 16 x 20 cm | 6 x 8 inches. Family Histories and Family Combinations are supplied mounted and ready to frame.,,,,,,,,,,,,,g,,,true,true,,,active
sullivan,Sullivan Family name History & Crest Plaques,<p>Learn the full history of your family with a Family History or a Crest/History Combination.</p><p>Family History Standard : 16 x 20 cm | 6 x 8 inches.&nbsp;</p><p>Family Histories and Family Combinations are supplied mounted and ready to frame.</p>,Irish Family Surnames,Home & Garden > Decor > Decorative Plaques,Decorative Plaques,"Heraldic Irish Family Names, Gifts under €25, Surname S",true,Plaque size,Standard,,,,,4221,0.05,shopify,20,deny,manual,12.45,,true,false,,https://irishfamilysurnames.com/wp-content/uploads/2021/04/sullivan-B-H.jpg,1,Sullivan,false,Sullivan Family name History & Crest Plaques,Learn the full history of your family with a Family History or a Crest/History Combination. Family History Standard : 16 x 20 cm | 6 x 8 inches. Family Histories and Family Combinations are supplied mounted and ready to frame.,,,,,,,,,,,,,g,,,true,true,,,active
sweeney,Sweeney Family name History & Crest Plaques,<p>Learn the full history of your family with a Family History or a Crest/History Combination.</p><p>Family History Standard : 16 x 20 cm | 6 x 8 inches.&nbsp;</p><p>Family Histories and Family Combinations are supplied mounted and ready to frame.</p>,Irish Family Surnames,Home & Garden > Decor > Decorative Plaques,Decorative Plaques,"Heraldic Irish Family Names, Gifts under €25, Surname S",true,Plaque size,Standard,,,,,4232,0.05,shopify,20,deny,manual,12.45,,true,false,,https://irishfamilysurnames.com/wp-content/uploads/2021/04/sweeney-B-H.jpg,1,Sweeney,false,Sweeney Family name History & Crest Plaques,Learn the full history of your family with a Family History or a Crest/History Combination. Family History Standard : 16 x 20 cm | 6 x 8 inches. Family Histories and Family Combinations are supplied mounted and ready to frame.,,,,,,,,,,,,,g,,,true,true,,,active
tobin,Tobin Family name History & Crest Plaques,<p>Learn the full history of your family with a Family History or a Crest/History Combination.</p><p>Family History Standard : 16 x 20 cm | 6 x 8 inches.&nbsp;</p><p>Family Histories and Family Combinations are supplied mounted and ready to frame.</p>,Irish Family Surnames,Home & Garden > Decor > Decorative Plaques,Decorative Plaques,"Heraldic Irish Family Names, Gifts under €25, Surname T",true,Plaque size,Standard,,,,,4820,0.05,shopify,20,deny,manual,12.45,,true,false,,https://irishfamilysurnames.com/wp-content/uploads/2021/04/tobin-B-H.jpg,1,Tobin,false,Tobin Family name History & Crest Plaques,Learn the full history of your family with a Family History or a Crest/History Combination. Family History Standard : 16 x 20 cm | 6 x 8 inches. Family Histories and Family Combinations are supplied mounted and ready to frame.,,,,,,,,,,,,,g,,,true,true,,,active
toole,Toole Family name History & Crest Plaques,<p>Learn the full history of your family with a Family History or a Crest/History Combination.</p><p>Family History Standard : 16 x 20 cm | 6 x 8 inches.&nbsp;</p><p>Family Histories and Family Combinations are supplied mounted and ready to frame.</p>,Irish Family Surnames,Home & Garden > Decor > Decorative Plaques,Decorative Plaques,"Heraldic Irish Family Names, Gifts under €25, Surname T",true,Plaque size,Standard,,,,,4831,0.05,shopify,20,deny,manual,12.45,,true,false,,https://irishfamilysurnames.com/wp-content/uploads/2021/04/toole-B-H.jpg,1,Toole,false,Toole Family name History & Crest Plaques,Learn the full history of your family with a Family History or a Crest/History Combination. Family History Standard : 16 x 20 cm | 6 x 8 inches. Family Histories and Family Combinations are supplied mounted and ready to frame.,,,,,,,,,,,,,g,,,true,true,,,active
white,White Family name History & Crest Plaques,<p>Learn the full history of your family with a Family History or a Crest/History Combination.</p><p>Family History Standard : 16 x 20 cm | 6 x 8 inches.&nbsp;</p><p>Family Histories and Family Combinations are supplied mounted and ready to frame.</p>,Irish Family Surnames,Home & Garden > Decor > Decorative Plaques,Decorative Plaques,"Heraldic Irish Family Names, Gifts under €25, Surname W",true,Plaque size,Standard,,,,,4954,0.05,shopify,20,deny,manual,12.45,,true,false,,https://irishfamilysurnames.com/wp-content/uploads/2021/04/white-B-H.jpg,1,White,false,White Family name History & Crest Plaques,Learn the full history of your family with a Family History or a Crest/History Combination. Family History Standard : 16 x 20 cm | 6 x 8 inches. Family Histories and Family Combinations are supplied mounted and ready to frame.,,,,,,,,,,,,,g,,,true,true,,,active
williams,Williams Family name History & Crest Plaques,<p>Learn the full history of your family with a Family History or a Crest/History Combination.</p><p>Family History Standard : 16 x 20 cm | 6 x 8 inches.&nbsp;</p><p>Family Histories and Family Combinations are supplied mounted and ready to frame.</p>,Irish Family Surnames,Home & Garden > Decor > Decorative Plaques,Decorative Plaques,"Heraldic Irish Family Names, Gifts under €25, Surname W",true,Plaque size,Standard,,,,,4965,0.05,shopify,20,deny,manual,12.45,,true,false,,https://irishfamilysurnames.com/wp-content/uploads/2021/04/williams-B-H.jpg,1,Williams,false,Williams Family name History & Crest Plaques,Learn the full history of your family with a Family History or a Crest/History Combination. Family History Standard : 16 x 20 cm | 6 x 8 inches. Family Histories and Family Combinations are supplied mounted and ready to frame.,,,,,,,,,,,,,g,,,true,true,,,active
wilson,Wilson Family name History & Crest Plaques,<p>Learn the full history of your family with a Family History or a Crest/History Combination.</p><p>Family History Standard : 16 x 20 cm | 6 x 8 inches.&nbsp;</p><p>Family Histories and Family Combinations are supplied mounted and ready to frame.</p>,Irish Family Surnames,Home & Garden > Decor > Decorative Plaques,Decorative Plaques,"Heraldic Irish Family Names, Gifts under €25, Surname W",true,Plaque size,Standard,,,,,4976,0.05,shopify,20,deny,manual,12.45,,true,false,,https://irishfamilysurnames.com/wp-content/uploads/2021/04/wilson-B-H.jpg,1,Wilson,false,Wilson Family name History & Crest Plaques,Learn the full history of your family with a Family History or a Crest/History Combination. Family History Standard : 16 x 20 cm | 6 x 8 inches. Family Histories and Family Combinations are supplied mounted and ready to frame.,,,,,,,,,,,,,g,,,true,true,,,active
woods,Woods Family name History & Crest Plaques,<p>Learn the full history of your family with a Family History or a Crest/History Combination.</p><p>Family History Standard : 16 x 20 cm | 6 x 8 inches.&nbsp;</p><p>Family Histories and Family Combinations are supplied mounted and ready to frame.</p>,Irish Family Surnames,Home & Garden > Decor > Decorative Plaques,Decorative Plaques,"Heraldic Irish Family Names, Gifts under €25, Surname W",true,Plaque size,Standard,,,,,4987,0.05,shopify,20,deny,manual,12.45,,true,false,,https://irishfamilysurnames.com/wp-content/uploads/2021/04/woods-B-H.jpg,1,Woods,false,Woods Family name History & Crest Plaques,Learn the full history of your family with a Family History or a Crest/History Combination. Family History Standard : 16 x 20 cm | 6 x 8 inches. Family Histories and Family Combinations are supplied mounted and ready to frame.,,,,,,,,,,,,,g,,,true,true,,,active
young,Young Family name History & Crest Plaques,<p>Learn the full history of your family with a Family History or a Crest/History Combination.</p><p>Family History Standard : 16 x 20 cm | 6 x 8 inches.&nbsp;</p><p>Family Histories and Family Combinations are supplied mounted and ready to frame.</p>,Irish Family Surnames,Home & Garden > Decor > Decorative Plaques,Decorative Plaques,"Heraldic Irish Family Names, Gifts under €25, Surname Y",true,Plaque size,Standard,,,,,4998,0.05,shopify,20,deny,manual,12.45,,true,false,,https://irishfamilysurnames.com/wp-content/uploads/2021/04/young-B-H.jpg,1,Young,false,Young Family name History & Crest Plaques,Learn the full history of your family with a Family History or a Crest/History Combination. Family History Standard : 16 x 20 cm | 6 x 8 inches. Family Histories and Family Combinations are supplied mounted and ready to frame.,,,,,,,,,,,,,g,,,true,true,,,active
3063,Imported Product Family name History & Crest Plaques,<p>Learn the full history of your family with a Family History or a Crest/History Combination.</p><p>Family History Standard : 16 x 20 cm | 6 x 8 inches.&nbsp;</p><p>Family Histories and Family Combinations are supplied mounted and ready to frame.</p>,Irish Family Surnames,Home & Garden > Decor > Decorative Plaques,Decorative Plaques,"Heraldic Irish Family Names, Gifts under €25, Surname I",true,Plaque size,Standard,,,,,IMP-3063,0.05,shopify,20,deny,manual,12.45,,true,false,,https://cdn.shopify.com/s/files/1/0533/2089/files/placeholder-images-image_large.png,1,Imported Product,false,Imported Product Family name History & Crest Plaques,Learn the full history of your family with a Family History or a Crest/History Combination. Family History Standard : 16 x 20 cm | 6 x 8 inches. Family Histories and Family Combinations are supplied mounted and ready to frame.,,,,,,,,,,,,,g,,,true,true,,,active
