Handle,Title,Body (HTML),Vendor,Product Category,Type,Tags,Published,Option1 Name,Option1 Value,Option2 Name,Option2 Value,Option3 Name,Option3 Value,Variant SKU,Variant Grams,Variant Inventory Tracker,Variant Inventory Qty,Variant Inventory Policy,Variant Fulfillment Service,Variant Price,Variant Compare At Price,Variant Requires Shipping,Variant Taxable,Variant Barcode,Image Src,Image Position,Image Alt Text,Gift Card,SEO Title,SEO Description,Google Shopping / Google Product Category,Google Shopping / Gender,Google Shopping / Age Group,Google Shopping / MPN,Google Shopping / Condition,Google Shopping / Custom Product,Google Shopping / Custom Label 0,Google Shopping / Custom Label 1,Google Shopping / Custom Label 2,Google Shopping / Custom Label 3,Google Shopping / Custom Label 4,Variant Image,Variant Weight Unit,Variant Tax Code,Cost per item,Included / United States,Included / International,Price / International,Compare At Price / International,Status
harrison,Family name History & Crest Plaques - Harrison,"<p>Learn the full history of your family with a Family History or a Crest/History Combination.</p><p>Family History Standard : 16 x 20 cm | 6 x 8 inches. €9.90</p><p>Family History Large : 20 x 26 cm | 8 x 10 inches. €12.50</p><p>Family Combination (History &amp;amp;amp; Crest) : 26 x 20 cm | 10 x 8 inches.€14.95</p><p>Family Histories and Family Combinations are supplied mounted and ready to frame.<br/>FREE WORLDWIDE POSTAGE</p>",Irish Family Surnames,,General,"Heraldic Irish Family Names, Gifts under €25, Surname H",true,Title,Default Title,,,,,1242,0,shopify,20,deny,manual,12.45,,true,true,,https://irishfamilysurnames.com/wp-content/uploads/2021/04/harrison-B-H.jpg,1,Harrison,false,Family name History & Crest Plaques - Harrison,Learn the full history of your family with a Family History or a Crest/History Combination. Family History Standard : 16 x 20 cm | 6 x 8 inches. €9.90 Family History Large : 20 x 26 cm | 8 x 10 inches. €12.50 Family Combination (History &amp; Crest) : 26 x 20 cm | 10 x 8 inches.€14.95 Family Histories and Family Combin,,,,,,,,,,,,,g,,,true,true,,,active
harrison,,,,,,,true,,,,,,,,,,,,,,,,,,https://irishfamilysurnames.com/wp-content/uploads/2021/03/irishfamilysurnameslogo2.jpg,2,Harrison,,,,,,,,,,,,,,,,,,,,,,,active
harrison,,,,,,,true,,,,,,,,,,,,,,,,,,https://irishfamilysurnames.com/wp-content/uploads/2021/04/hogan-B-H-300x375.jpg,3,Harrison,,,,,,,,,,,,,,,,,,,,,,,active
harrison,,,,,,,true,,,,,,,,,,,,,,,,,,https://irishfamilysurnames.com/wp-content/uploads/2021/04/heffernan-B-H-300x375.jpg,4,Harrison,,,,,,,,,,,,,,,,,,,,,,,active
harrison,,,,,,,true,,,,,,,,,,,,,,,,,,https://irishfamilysurnames.com/wp-content/uploads/2021/04/hughes-B-H-300x375.jpg,5,Harrison,,,,,,,,,,,,,,,,,,,,,,,active
hart,Family name History & Crest Plaques - Hart,"<p>Learn the full history of your family with a Family History or a Crest/History Combination.</p><p>Family History Standard : 16 x 20 cm | 6 x 8 inches. €9.90</p><p>Family History Large : 20 x 26 cm | 8 x 10 inches. €12.50</p><p>Family Combination (History &amp;amp;amp; Crest) : 26 x 20 cm | 10 x 8 inches.€14.95</p><p>Family Histories and Family Combinations are supplied mounted and ready to frame.<br/>FREE WORLDWIDE POSTAGE</p>",Irish Family Surnames,,General,"Heraldic Irish Family Names, Gifts under €25, Surname H",true,Title,Default Title,,,,,1249,0,shopify,20,deny,manual,12.45,,true,true,,https://irishfamilysurnames.com/wp-content/uploads/2021/04/hart-B-H.jpg,1,Hart,false,Family name History & Crest Plaques - Hart,Learn the full history of your family with a Family History or a Crest/History Combination. Family History Standard : 16 x 20 cm | 6 x 8 inches. €9.90 Family History Large : 20 x 26 cm | 8 x 10 inches. €12.50 Family Combination (History &amp; Crest) : 26 x 20 cm | 10 x 8 inches.€14.95 Family Histories and Family Combin,,,,,,,,,,,,,g,,,true,true,,,active
hart,,,,,,,true,,,,,,,,,,,,,,,,,,https://irishfamilysurnames.com/wp-content/uploads/2021/03/irishfamilysurnameslogo2.jpg,2,Hart,,,,,,,,,,,,,,,,,,,,,,,active
hart,,,,,,,true,,,,,,,,,,,,,,,,,,https://irishfamilysurnames.com/wp-content/uploads/2021/04/harris-B-H-1-300x375.jpg,3,Hart,,,,,,,,,,,,,,,,,,,,,,,active
hart,,,,,,,true,,,,,,,,,,,,,,,,,,https://irishfamilysurnames.com/wp-content/uploads/2021/04/hynes-B-H-300x375.jpg,4,Hart,,,,,,,,,,,,,,,,,,,,,,,active
hart,,,,,,,true,,,,,,,,,,,,,,,,,,https://irishfamilysurnames.com/wp-content/uploads/2021/04/heffernan-B-H-300x375.jpg,5,Hart,,,,,,,,,,,,,,,,,,,,,,,active
harte,Family name History & Crest Plaques - Harte,"<p>Learn the full history of your family with a Family History or a Crest/History Combination.</p><p>Family History Standard : 16 x 20 cm | 6 x 8 inches. €9.90</p><p>Family History Large : 20 x 26 cm | 8 x 10 inches. €12.50</p><p>Family Combination (History &amp;amp;amp; Crest) : 26 x 20 cm | 10 x 8 inches.€14.95</p><p>Family Histories and Family Combinations are supplied mounted and ready to frame.<br/>FREE WORLDWIDE POSTAGE</p>",Irish Family Surnames,,General,"Heraldic Irish Family Names, Gifts under €25, Surname H",true,Title,Default Title,,,,,1256,0,shopify,20,deny,manual,12.45,,true,true,,https://irishfamilysurnames.com/wp-content/uploads/2021/04/harte-B-H.jpg,1,Harte,false,Family name History & Crest Plaques - Harte,Learn the full history of your family with a Family History or a Crest/History Combination. Family History Standard : 16 x 20 cm | 6 x 8 inches. €9.90 Family History Large : 20 x 26 cm | 8 x 10 inches. €12.50 Family Combination (History &amp; Crest) : 26 x 20 cm | 10 x 8 inches.€14.95 Family Histories and Family Combin,,,,,,,,,,,,,g,,,true,true,,,active
harte,,,,,,,true,,,,,,,,,,,,,,,,,,https://irishfamilysurnames.com/wp-content/uploads/2021/03/irishfamilysurnameslogo2.jpg,2,Harte,,,,,,,,,,,,,,,,,,,,,,,active
harte,,,,,,,true,,,,,,,,,,,,,,,,,,https://irishfamilysurnames.com/wp-content/uploads/2021/04/hart-B-H-300x375.jpg,3,Harte,,,,,,,,,,,,,,,,,,,,,,,active
harte,,,,,,,true,,,,,,,,,,,,,,,,,,https://irishfamilysurnames.com/wp-content/uploads/2021/04/hennessy-B-H-300x375.jpg,4,Harte,,,,,,,,,,,,,,,,,,,,,,,active
harte,,,,,,,true,,,,,,,,,,,,,,,,,,https://irishfamilysurnames.com/wp-content/uploads/2021/04/hackett-B-H-300x375.jpg,5,Harte,,,,,,,,,,,,,,,,,,,,,,,active
hackett,Family name History & Crest Plaques - Hackett,"<p>Learn the full history of your family with a Family History or a Crest/History Combination.</p><p>Family History Standard : 16 x 20 cm | 6 x 8 inches. €9.90</p><p>Family History Large : 20 x 26 cm | 8 x 10 inches. €12.50</p><p>Family Combination (History &amp;amp;amp; Crest) : 26 x 20 cm | 10 x 8 inches.€14.95</p><p>Family Histories and Family Combinations are supplied mounted and ready to frame.<br/>FREE WORLDWIDE POSTAGE</p>",Irish Family Surnames,,General,"Heraldic Irish Family Names, Gifts under €25, Surname H",true,Title,Default Title,,,,,1102,0,shopify,20,deny,manual,12.45,,true,true,,https://irishfamilysurnames.com/wp-content/uploads/2021/04/hackett-B-H.jpg,1,Hackett,false,Family name History & Crest Plaques - Hackett,Learn the full history of your family with a Family History or a Crest/History Combination. Family History Standard : 16 x 20 cm | 6 x 8 inches. €9.90 Family History Large : 20 x 26 cm | 8 x 10 inches. €12.50 Family Combination (History &amp; Crest) : 26 x 20 cm | 10 x 8 inches.€14.95 Family Histories and Family Combin,,,,,,,,,,,,,g,,,true,true,,,active
hackett,,,,,,,true,,,,,,,,,,,,,,,,,,https://irishfamilysurnames.com/wp-content/uploads/2021/03/irishfamilysurnameslogo2.jpg,2,Hackett,,,,,,,,,,,,,,,,,,,,,,,active
hackett,,,,,,,true,,,,,,,,,,,,,,,,,,https://irishfamilysurnames.com/wp-content/uploads/2021/04/hughes-B-H-300x375.jpg,3,Hackett,,,,,,,,,,,,,,,,,,,,,,,active
hackett,,,,,,,true,,,,,,,,,,,,,,,,,,https://irishfamilysurnames.com/wp-content/uploads/2021/04/halloran-B-H-300x375.jpg,4,Hackett,,,,,,,,,,,,,,,,,,,,,,,active
hackett,,,,,,,true,,,,,,,,,,,,,,,,,,https://irishfamilysurnames.com/wp-content/uploads/2021/04/hyland-B-H-300x375.jpg,5,Hackett,,,,,,,,,,,,,,,,,,,,,,,active
hall,Family name History & Crest Plaques - Hall,"<p>Learn the full history of your family with a Family History or a Crest/History Combination.</p><p>Family History Standard : 16 x 20 cm | 6 x 8 inches. €9.90</p><p>Family History Large : 20 x 26 cm | 8 x 10 inches. €12.50</p><p>Family Combination (History &amp;amp;amp; Crest) : 26 x 20 cm | 10 x 8 inches.€14.95</p><p>Family Histories and Family Combinations are supplied mounted and ready to frame.<br/>FREE WORLDWIDE POSTAGE</p>",Irish Family Surnames,,General,"Heraldic Irish Family Names, Gifts under €25, Surname H",true,Title,Default Title,,,,,1126,0,shopify,20,deny,manual,12.45,,true,true,,https://irishfamilysurnames.com/wp-content/uploads/2021/04/hall-B-H.jpg,1,Hall,false,Family name History & Crest Plaques - Hall,Learn the full history of your family with a Family History or a Crest/History Combination. Family History Standard : 16 x 20 cm | 6 x 8 inches. €9.90 Family History Large : 20 x 26 cm | 8 x 10 inches. €12.50 Family Combination (History &amp; Crest) : 26 x 20 cm | 10 x 8 inches.€14.95 Family Histories and Family Combin,,,,,,,,,,,,,g,,,true,true,,,active
hall,,,,,,,true,,,,,,,,,,,,,,,,,,https://irishfamilysurnames.com/wp-content/uploads/2021/03/irishfamilysurnameslogo2.jpg,2,Hall,,,,,,,,,,,,,,,,,,,,,,,active
hall,,,,,,,true,,,,,,,,,,,,,,,,,,https://irishfamilysurnames.com/wp-content/uploads/2021/04/hayes-B-H-300x375.jpg,3,Hall,,,,,,,,,,,,,,,,,,,,,,,active
hall,,,,,,,true,,,,,,,,,,,,,,,,,,https://irishfamilysurnames.com/wp-content/uploads/2021/04/hagan-B-H-300x375.jpg,4,Hall,,,,,,,,,,,,,,,,,,,,,,,active
hall,,,,,,,true,,,,,,,,,,,,,,,,,,https://irishfamilysurnames.com/wp-content/uploads/2021/04/horan-B-H-300x375.jpg,5,Hall,,,,,,,,,,,,,,,,,,,,,,,active
halloran,Family name History & Crest Plaques - Halloran,"<p>Learn the full history of your family with a Family History or a Crest/History Combination.</p><p>Family History Standard : 16 x 20 cm | 6 x 8 inches. €9.90</p><p>Family History Large : 20 x 26 cm | 8 x 10 inches. €12.50</p><p>Family Combination (History &amp;amp;amp; Crest) : 26 x 20 cm | 10 x 8 inches.€14.95</p><p>Family Histories and Family Combinations are supplied mounted and ready to frame.<br/>FREE WORLDWIDE POSTAGE</p>",Irish Family Surnames,,General,"Heraldic Irish Family Names, Gifts under €25, Surname H",true,Title,Default Title,,,,,1137,0,shopify,20,deny,manual,12.45,,true,true,,https://irishfamilysurnames.com/wp-content/uploads/2021/04/halloran-B-H.jpg,1,Halloran,false,Family name History & Crest Plaques - Halloran,Learn the full history of your family with a Family History or a Crest/History Combination. Family History Standard : 16 x 20 cm | 6 x 8 inches. €9.90 Family History Large : 20 x 26 cm | 8 x 10 inches. €12.50 Family Combination (History &amp; Crest) : 26 x 20 cm | 10 x 8 inches.€14.95 Family Histories and Family Combin,,,,,,,,,,,,,g,,,true,true,,,active
halloran,,,,,,,true,,,,,,,,,,,,,,,,,,https://irishfamilysurnames.com/wp-content/uploads/2021/03/irishfamilysurnameslogo2.jpg,2,Halloran,,,,,,,,,,,,,,,,,,,,,,,active
halloran,,,,,,,true,,,,,,,,,,,,,,,,,,https://irishfamilysurnames.com/wp-content/uploads/2021/04/heffernan-B-H-300x375.jpg,3,Halloran,,,,,,,,,,,,,,,,,,,,,,,active
halloran,,,,,,,true,,,,,,,,,,,,,,,,,,https://irishfamilysurnames.com/wp-content/uploads/2021/04/hara-B-H-300x375.jpg,4,Halloran,,,,,,,,,,,,,,,,,,,,,,,active
halloran,,,,,,,true,,,,,,,,,,,,,,,,,,https://irishfamilysurnames.com/wp-content/uploads/2021/04/harris-B-H-300x375.jpg,5,Halloran,,,,,,,,,,,,,,,,,,,,,,,active
hanley,Family name History & Crest Plaques - Hanley,"<p>Learn the full history of your family with a Family History or a Crest/History Combination.</p><p>Family History Standard : 16 x 20 cm | 6 x 8 inches. €9.90</p><p>Family History Large : 20 x 26 cm | 8 x 10 inches. €12.50</p><p>Family Combination (History &amp;amp;amp; Crest) : 26 x 20 cm | 10 x 8 inches.€14.95</p><p>Family Histories and Family Combinations are supplied mounted and ready to frame.<br/>FREE WORLDWIDE POSTAGE</p>",Irish Family Surnames,,General,"Heraldic Irish Family Names, Gifts under €25, Surname H",true,Title,Default Title,,,,,1148,0,shopify,20,deny,manual,12.45,,true,true,,https://irishfamilysurnames.com/wp-content/uploads/2021/04/hanley-B-H.jpg,1,Hanley,false,Family name History & Crest Plaques - Hanley,Learn the full history of your family with a Family History or a Crest/History Combination. Family History Standard : 16 x 20 cm | 6 x 8 inches. €9.90 Family History Large : 20 x 26 cm | 8 x 10 inches. €12.50 Family Combination (History &amp; Crest) : 26 x 20 cm | 10 x 8 inches.€14.95 Family Histories and Family Combin,,,,,,,,,,,,,g,,,true,true,,,active
hanley,,,,,,,true,,,,,,,,,,,,,,,,,,https://irishfamilysurnames.com/wp-content/uploads/2021/03/irishfamilysurnameslogo2.jpg,2,Hanley,,,,,,,,,,,,,,,,,,,,,,,active
hanley,,,,,,,true,,,,,,,,,,,,,,,,,,https://irishfamilysurnames.com/wp-content/uploads/2021/04/hurley-B-H-1-300x375.jpg,3,Hanley,,,,,,,,,,,,,,,,,,,,,,,active
hanley,,,,,,,true,,,,,,,,,,,,,,,,,,https://irishfamilysurnames.com/wp-content/uploads/2021/04/hart-B-H-300x375.jpg,4,Hanley,,,,,,,,,,,,,,,,,,,,,,,active
hanley,,,,,,,true,,,,,,,,,,,,,,,,,,https://irishfamilysurnames.com/wp-content/uploads/2021/04/hely-B-H-300x375.jpg,5,Hanley,,,,,,,,,,,,,,,,,,,,,,,active
hanlon,Family name History & Crest Plaques - Hanlon,"<p>Learn the full history of your family with a Family History or a Crest/History Combination.</p><p>Family History Standard : 16 x 20 cm | 6 x 8 inches. €9.90</p><p>Family History Large : 20 x 26 cm | 8 x 10 inches. €12.50</p><p>Family Combination (History &amp;amp;amp; Crest) : 26 x 20 cm | 10 x 8 inches.€14.95</p><p>Family Histories and Family Combinations are supplied mounted and ready to frame.<br/>FREE WORLDWIDE POSTAGE</p>",Irish Family Surnames,,General,"Heraldic Irish Family Names, Gifts under €25, Surname H",true,Title,Default Title,,,,,1159,0,shopify,20,deny,manual,12.45,,true,true,,https://irishfamilysurnames.com/wp-content/uploads/2021/04/hanlon-B-H.jpg,1,Hanlon,false,Family name History & Crest Plaques - Hanlon,Learn the full history of your family with a Family History or a Crest/History Combination. Family History Standard : 16 x 20 cm | 6 x 8 inches. €9.90 Family History Large : 20 x 26 cm | 8 x 10 inches. €12.50 Family Combination (History &amp; Crest) : 26 x 20 cm | 10 x 8 inches.€14.95 Family Histories and Family Combin,,,,,,,,,,,,,g,,,true,true,,,active
hanlon,,,,,,,true,,,,,,,,,,,,,,,,,,https://irishfamilysurnames.com/wp-content/uploads/2021/03/irishfamilysurnameslogo2.jpg,2,Hanlon,,,,,,,,,,,,,,,,,,,,,,,active
hanlon,,,,,,,true,,,,,,,,,,,,,,,,,,https://irishfamilysurnames.com/wp-content/uploads/2021/04/harte-B-H-300x375.jpg,3,Hanlon,,,,,,,,,,,,,,,,,,,,,,,active
hanlon,,,,,,,true,,,,,,,,,,,,,,,,,,https://irishfamilysurnames.com/wp-content/uploads/2021/04/hayes-B-H-300x375.jpg,4,Hanlon,,,,,,,,,,,,,,,,,,,,,,,active
hanlon,,,,,,,true,,,,,,,,,,,,,,,,,,https://irishfamilysurnames.com/wp-content/uploads/2021/04/hyland-B-H-300x375.jpg,5,Hanlon,,,,,,,,,,,,,,,,,,,,,,,active
hannon,Family name History & Crest Plaques - Hannon,"<p>Learn the full history of your family with a Family History or a Crest/History Combination.</p><p>Family History Standard : 16 x 20 cm | 6 x 8 inches. €9.90</p><p>Family History Large : 20 x 26 cm | 8 x 10 inches. €12.50</p><p>Family Combination (History &amp;amp;amp; Crest) : 26 x 20 cm | 10 x 8 inches.€14.95</p><p>Family Histories and Family Combinations are supplied mounted and ready to frame.<br/>FREE WORLDWIDE POSTAGE</p>",Irish Family Surnames,,General,"Heraldic Irish Family Names, Gifts under €25, Surname H",true,Title,Default Title,,,,,1181,0,shopify,20,deny,manual,12.45,,true,true,,https://irishfamilysurnames.com/wp-content/uploads/2021/04/hannon-B-H.jpg,1,Hannon,false,Family name History & Crest Plaques - Hannon,Learn the full history of your family with a Family History or a Crest/History Combination. Family History Standard : 16 x 20 cm | 6 x 8 inches. €9.90 Family History Large : 20 x 26 cm | 8 x 10 inches. €12.50 Family Combination (History &amp; Crest) : 26 x 20 cm | 10 x 8 inches.€14.95 Family Histories and Family Combin,,,,,,,,,,,,,g,,,true,true,,,active
hannon,,,,,,,true,,,,,,,,,,,,,,,,,,https://irishfamilysurnames.com/wp-content/uploads/2021/03/irishfamilysurnameslogo2.jpg,2,Hannon,,,,,,,,,,,,,,,,,,,,,,,active
hannon,,,,,,,true,,,,,,,,,,,,,,,,,,https://irishfamilysurnames.com/wp-content/uploads/2021/04/harte-B-H-300x375.jpg,3,Hannon,,,,,,,,,,,,,,,,,,,,,,,active
hannon,,,,,,,true,,,,,,,,,,,,,,,,,,https://irishfamilysurnames.com/wp-content/uploads/2021/04/hines-B-H-300x375.jpg,4,Hannon,,,,,,,,,,,,,,,,,,,,,,,active
hannon,,,,,,,true,,,,,,,,,,,,,,,,,,https://irishfamilysurnames.com/wp-content/uploads/2021/04/harrison-B-H-300x375.jpg,5,Hannon,,,,,,,,,,,,,,,,,,,,,,,active
hara,Family name History & Crest Plaques - Hara,"<p>Learn the full history of your family with a Family History or a Crest/History Combination.</p><p>Family History Standard : 16 x 20 cm | 6 x 8 inches. €9.90</p><p>Family History Large : 20 x 26 cm | 8 x 10 inches. €12.50</p><p>Family Combination (History &amp;amp;amp; Crest) : 26 x 20 cm | 10 x 8 inches.€14.95</p><p>Family Histories and Family Combinations are supplied mounted and ready to frame.<br/>FREE WORLDWIDE POSTAGE</p>",Irish Family Surnames,,General,"Heraldic Irish Family Names, Gifts under €25, Surname H",true,Title,Default Title,,,,,1198,0,shopify,20,deny,manual,12.45,,true,true,,https://irishfamilysurnames.com/wp-content/uploads/2021/04/hara-B-H.jpg,1,Hara,false,Family name History & Crest Plaques - Hara,Learn the full history of your family with a Family History or a Crest/History Combination. Family History Standard : 16 x 20 cm | 6 x 8 inches. €9.90 Family History Large : 20 x 26 cm | 8 x 10 inches. €12.50 Family Combination (History &amp; Crest) : 26 x 20 cm | 10 x 8 inches.€14.95 Family Histories and Family Combin,,,,,,,,,,,,,g,,,true,true,,,active
hara,,,,,,,true,,,,,,,,,,,,,,,,,,https://irishfamilysurnames.com/wp-content/uploads/2021/03/irishfamilysurnameslogo2.jpg,2,Hara,,,,,,,,,,,,,,,,,,,,,,,active
hara,,,,,,,true,,,,,,,,,,,,,,,,,,https://irishfamilysurnames.com/wp-content/uploads/2021/04/hennessy-B-H-300x375.jpg,3,Hara,,,,,,,,,,,,,,,,,,,,,,,active
hara,,,,,,,true,,,,,,,,,,,,,,,,,,https://irishfamilysurnames.com/wp-content/uploads/2021/04/halloran-B-H-300x375.jpg,4,Hara,,,,,,,,,,,,,,,,,,,,,,,active
hara,,,,,,,true,,,,,,,,,,,,,,,,,,https://irishfamilysurnames.com/wp-content/uploads/2021/04/hagan-B-H-300x375.jpg,5,Hara,,,,,,,,,,,,,,,,,,,,,,,active
harrington,Family name History & Crest Plaques - Harrington,"<p>Learn the full history of your family with a Family History or a Crest/History Combination.</p><p>Family History Standard : 16 x 20 cm | 6 x 8 inches. €9.90</p><p>Family History Large : 20 x 26 cm | 8 x 10 inches. €12.50</p><p>Family Combination (History &amp;amp;amp; Crest) : 26 x 20 cm | 10 x 8 inches.€14.95</p><p>Family Histories and Family Combinations are supplied mounted and ready to frame.<br/>FREE WORLDWIDE POSTAGE</p>",Irish Family Surnames,,General,"Heraldic Irish Family Names, Gifts under €25, Surname H",true,Title,Default Title,,,,,1228,0,shopify,20,deny,manual,12.45,,true,true,,https://irishfamilysurnames.com/wp-content/uploads/2021/04/harrington-B-H.jpg,1,Harrington,false,Family name History & Crest Plaques - Harrington,Learn the full history of your family with a Family History or a Crest/History Combination. Family History Standard : 16 x 20 cm | 6 x 8 inches. €9.90 Family History Large : 20 x 26 cm | 8 x 10 inches. €12.50 Family Combination (History &amp; Crest) : 26 x 20 cm | 10 x 8 inches.€14.95 Family Histories and Family Combin,,,,,,,,,,,,,g,,,true,true,,,active
harrington,,,,,,,true,,,,,,,,,,,,,,,,,,https://irishfamilysurnames.com/wp-content/uploads/2021/03/irishfamilysurnameslogo2.jpg,2,Harrington,,,,,,,,,,,,,,,,,,,,,,,active
harrington,,,,,,,true,,,,,,,,,,,,,,,,,,https://irishfamilysurnames.com/wp-content/uploads/2021/04/hely-B-H-300x375.jpg,3,Harrington,,,,,,,,,,,,,,,,,,,,,,,active
harrington,,,,,,,true,,,,,,,,,,,,,,,,,,https://irishfamilysurnames.com/wp-content/uploads/2021/04/harte-B-H-300x375.jpg,4,Harrington,,,,,,,,,,,,,,,,,,,,,,,active
harrington,,,,,,,true,,,,,,,,,,,,,,,,,,https://irishfamilysurnames.com/wp-content/uploads/2021/04/hanley-B-H-300x375.jpg,5,Harrington,,,,,,,,,,,,,,,,,,,,,,,active
hayes,Family name History & Crest Plaques - Hayes,"<p>Learn the full history of your family with a Family History or a Crest/History Combination.</p><p>Family History Standard : 16 x 20 cm | 6 x 8 inches. €9.90</p><p>Family History Large : 20 x 26 cm | 8 x 10 inches. €12.50</p><p>Family Combination (History &amp;amp;amp; Crest) : 26 x 20 cm | 10 x 8 inches.€14.95</p><p>Family Histories and Family Combinations are supplied mounted and ready to frame.<br/>FREE WORLDWIDE POSTAGE</p>",Irish Family Surnames,,General,"Heraldic Irish Family Names, Gifts under €25, Surname H",true,Title,Default Title,,,,,1312,0,shopify,20,deny,manual,12.45,,true,true,,https://irishfamilysurnames.com/wp-content/uploads/2021/04/hayes-B-H.jpg,1,Hayes,false,Family name History & Crest Plaques - Hayes,Learn the full history of your family with a Family History or a Crest/History Combination. Family History Standard : 16 x 20 cm | 6 x 8 inches. €9.90 Family History Large : 20 x 26 cm | 8 x 10 inches. €12.50 Family Combination (History &amp; Crest) : 26 x 20 cm | 10 x 8 inches.€14.95 Family Histories and Family Combin,,,,,,,,,,,,,g,,,true,true,,,active
hayes,,,,,,,true,,,,,,,,,,,,,,,,,,https://irishfamilysurnames.com/wp-content/uploads/2021/03/irishfamilysurnameslogo2.jpg,2,Hayes,,,,,,,,,,,,,,,,,,,,,,,active
hayes,,,,,,,true,,,,,,,,,,,,,,,,,,https://irishfamilysurnames.com/wp-content/uploads/2021/04/heffernan-B-H-300x375.jpg,3,Hayes,,,,,,,,,,,,,,,,,,,,,,,active
hayes,,,,,,,true,,,,,,,,,,,,,,,,,,https://irishfamilysurnames.com/wp-content/uploads/2021/04/healy-B-H-300x375.jpg,4,Hayes,,,,,,,,,,,,,,,,,,,,,,,active
hayes,,,,,,,true,,,,,,,,,,,,,,,,,,https://irishfamilysurnames.com/wp-content/uploads/2021/04/harrison-B-H-300x375.jpg,5,Hayes,,,,,,,,,,,,,,,,,,,,,,,active
healy,Family name History & Crest Plaques - Healy,"<p>Learn the full history of your family with a Family History or a Crest/History Combination.</p><p>Family History Standard : 16 x 20 cm | 6 x 8 inches. €9.90</p><p>Family History Large : 20 x 26 cm | 8 x 10 inches. €12.50</p><p>Family Combination (History &amp;amp;amp; Crest) : 26 x 20 cm | 10 x 8 inches.€14.95</p><p>Family Histories and Family Combinations are supplied mounted and ready to frame.<br/>FREE WORLDWIDE POSTAGE</p>",Irish Family Surnames,,General,"Heraldic Irish Family Names, Gifts under €25, Surname H",true,Title,Default Title,,,,,1339,0,shopify,20,deny,manual,12.45,,true,true,,https://irishfamilysurnames.com/wp-content/uploads/2021/04/healy-B-H.jpg,1,Healy,false,Family name History & Crest Plaques - Healy,Learn the full history of your family with a Family History or a Crest/History Combination. Family History Standard : 16 x 20 cm | 6 x 8 inches. €9.90 Family History Large : 20 x 26 cm | 8 x 10 inches. €12.50 Family Combination (History &amp; Crest) : 26 x 20 cm | 10 x 8 inches.€14.95 Family Histories and Family Combin,,,,,,,,,,,,,g,,,true,true,,,active
healy,,,,,,,true,,,,,,,,,,,,,,,,,,https://irishfamilysurnames.com/wp-content/uploads/2021/03/irishfamilysurnameslogo2.jpg,2,Healy,,,,,,,,,,,,,,,,,,,,,,,active
healy,,,,,,,true,,,,,,,,,,,,,,,,,,https://irishfamilysurnames.com/wp-content/uploads/2021/04/harrison-B-H-300x375.jpg,3,Healy,,,,,,,,,,,,,,,,,,,,,,,active
healy,,,,,,,true,,,,,,,,,,,,,,,,,,https://irishfamilysurnames.com/wp-content/uploads/2021/04/hennessy-B-H-300x375.jpg,4,Healy,,,,,,,,,,,,,,,,,,,,,,,active
healy,,,,,,,true,,,,,,,,,,,,,,,,,,https://irishfamilysurnames.com/wp-content/uploads/2021/04/hanley-B-H-300x375.jpg,5,Healy,,,,,,,,,,,,,,,,,,,,,,,active
heffernan,Family name History & Crest Plaques - Heffernan,"<p>Learn the full history of your family with a Family History or a Crest/History Combination.</p><p>Family History Standard : 16 x 20 cm | 6 x 8 inches. €9.90</p><p>Family History Large : 20 x 26 cm | 8 x 10 inches. €12.50</p><p>Family Combination (History &amp;amp;amp; Crest) : 26 x 20 cm | 10 x 8 inches.€14.95</p><p>Family Histories and Family Combinations are supplied mounted and ready to frame.<br/>FREE WORLDWIDE POSTAGE</p>",Irish Family Surnames,,General,"Heraldic Irish Family Names, Gifts under €25, Surname H",true,Title,Default Title,,,,,1346,0,shopify,20,deny,manual,12.45,,true,true,,https://irishfamilysurnames.com/wp-content/uploads/2021/04/heffernan-B-H.jpg,1,Heffernan,false,Family name History & Crest Plaques - Heffernan,Learn the full history of your family with a Family History or a Crest/History Combination. Family History Standard : 16 x 20 cm | 6 x 8 inches. €9.90 Family History Large : 20 x 26 cm | 8 x 10 inches. €12.50 Family Combination (History &amp; Crest) : 26 x 20 cm | 10 x 8 inches.€14.95 Family Histories and Family Combin,,,,,,,,,,,,,g,,,true,true,,,active
heffernan,,,,,,,true,,,,,,,,,,,,,,,,,,https://irishfamilysurnames.com/wp-content/uploads/2021/03/irishfamilysurnameslogo2.jpg,2,Heffernan,,,,,,,,,,,,,,,,,,,,,,,active
heffernan,,,,,,,true,,,,,,,,,,,,,,,,,,https://irishfamilysurnames.com/wp-content/uploads/2021/04/hannon-B-H-300x375.jpg,3,Heffernan,,,,,,,,,,,,,,,,,,,,,,,active
heffernan,,,,,,,true,,,,,,,,,,,,,,,,,,https://irishfamilysurnames.com/wp-content/uploads/2021/04/horan-B-H-300x375.jpg,4,Heffernan,,,,,,,,,,,,,,,,,,,,,,,active
heffernan,,,,,,,true,,,,,,,,,,,,,,,,,,https://irishfamilysurnames.com/wp-content/uploads/2021/04/halloran-B-H-300x375.jpg,5,Heffernan,,,,,,,,,,,,,,,,,,,,,,,active
hely,Family name History & Crest Plaques - Hely,"<p>Learn the full history of your family with a Family History or a Crest/History Combination.</p><p>Family History Standard : 16 x 20 cm | 6 x 8 inches. €9.90</p><p>Family History Large : 20 x 26 cm | 8 x 10 inches. €12.50</p><p>Family Combination (History &amp;amp;amp; Crest) : 26 x 20 cm | 10 x 8 inches.€14.95</p><p>Family Histories and Family Combinations are supplied mounted and ready to frame.<br/>FREE WORLDWIDE POSTAGE</p>",Irish Family Surnames,,General,"Heraldic Irish Family Names, Gifts under €25, Surname H",true,Title,Default Title,,,,,1360,0,shopify,20,deny,manual,12.45,,true,true,,https://irishfamilysurnames.com/wp-content/uploads/2021/04/hely-B-H.jpg,1,Hely,false,Family name History & Crest Plaques - Hely,Learn the full history of your family with a Family History or a Crest/History Combination. Family History Standard : 16 x 20 cm | 6 x 8 inches. €9.90 Family History Large : 20 x 26 cm | 8 x 10 inches. €12.50 Family Combination (History &amp; Crest) : 26 x 20 cm | 10 x 8 inches.€14.95 Family Histories and Family Combin,,,,,,,,,,,,,g,,,true,true,,,active
hely,,,,,,,true,,,,,,,,,,,,,,,,,,https://irishfamilysurnames.com/wp-content/uploads/2021/03/irishfamilysurnameslogo2.jpg,2,Hely,,,,,,,,,,,,,,,,,,,,,,,active
hely,,,,,,,true,,,,,,,,,,,,,,,,,,https://irishfamilysurnames.com/wp-content/uploads/2021/04/hayes-B-H-300x375.jpg,3,Hely,,,,,,,,,,,,,,,,,,,,,,,active
hely,,,,,,,true,,,,,,,,,,,,,,,,,,https://irishfamilysurnames.com/wp-content/uploads/2021/04/hall-B-H-300x375.jpg,4,Hely,,,,,,,,,,,,,,,,,,,,,,,active
hely,,,,,,,true,,,,,,,,,,,,,,,,,,https://irishfamilysurnames.com/wp-content/uploads/2021/04/hanlon-B-H-300x375.jpg,5,Hely,,,,,,,,,,,,,,,,,,,,,,,active
hennessy,Family name History & Crest Plaques - Hennessy,"<p>Learn the full history of your family with a Family History or a Crest/History Combination.</p><p>Family History Standard : 16 x 20 cm | 6 x 8 inches. €9.90</p><p>Family History Large : 20 x 26 cm | 8 x 10 inches. €12.50</p><p>Family Combination (History &amp;amp;amp; Crest) : 26 x 20 cm | 10 x 8 inches.€14.95</p><p>Family Histories and Family Combinations are supplied mounted and ready to frame.<br/>FREE WORLDWIDE POSTAGE</p>",Irish Family Surnames,,General,"Heraldic Irish Family Names, Gifts under €25, Surname H",true,Title,Default Title,,,,,1397,0,shopify,20,deny,manual,12.45,,true,true,,https://irishfamilysurnames.com/wp-content/uploads/2021/04/hennessy-B-H.jpg,1,Hennessy,false,Family name History & Crest Plaques - Hennessy,Learn the full history of your family with a Family History or a Crest/History Combination. Family History Standard : 16 x 20 cm | 6 x 8 inches. €9.90 Family History Large : 20 x 26 cm | 8 x 10 inches. €12.50 Family Combination (History &amp; Crest) : 26 x 20 cm | 10 x 8 inches.€14.95 Family Histories and Family Combin,,,,,,,,,,,,,g,,,true,true,,,active
hennessy,,,,,,,true,,,,,,,,,,,,,,,,,,https://irishfamilysurnames.com/wp-content/uploads/2021/03/irishfamilysurnameslogo2.jpg,2,Hennessy,,,,,,,,,,,,,,,,,,,,,,,active
hennessy,,,,,,,true,,,,,,,,,,,,,,,,,,https://irishfamilysurnames.com/wp-content/uploads/2021/04/higgins-B-H-300x375.jpg,3,Hennessy,,,,,,,,,,,,,,,,,,,,,,,active
hennessy,,,,,,,true,,,,,,,,,,,,,,,,,,https://irishfamilysurnames.com/wp-content/uploads/2021/04/hanlon-B-H-300x375.jpg,4,Hennessy,,,,,,,,,,,,,,,,,,,,,,,active
hennessy,,,,,,,true,,,,,,,,,,,,,,,,,,https://irishfamilysurnames.com/wp-content/uploads/2021/04/hyland-B-H-300x375.jpg,5,Hennessy,,,,,,,,,,,,,,,,,,,,,,,active
hickey,Family name History & Crest Plaques - Hickey,"<p>Learn the full history of your family with a Family History or a Crest/History Combination.</p><p>Family History Standard : 16 x 20 cm | 6 x 8 inches. €9.90</p><p>Family History Large : 20 x 26 cm | 8 x 10 inches. €12.50</p><p>Family Combination (History &amp;amp;amp; Crest) : 26 x 20 cm | 10 x 8 inches.€14.95</p><p>Family Histories and Family Combinations are supplied mounted and ready to frame.<br/>FREE WORLDWIDE POSTAGE</p>",Irish Family Surnames,,General,"Heraldic Irish Family Names, Gifts under €25, Surname H",true,Title,Default Title,,,,,1412,0,shopify,20,deny,manual,12.45,,true,true,,https://irishfamilysurnames.com/wp-content/uploads/2021/04/hickey-B-H.jpg,1,Hickey,false,Family name History & Crest Plaques - Hickey,Learn the full history of your family with a Family History or a Crest/History Combination. Family History Standard : 16 x 20 cm | 6 x 8 inches. €9.90 Family History Large : 20 x 26 cm | 8 x 10 inches. €12.50 Family Combination (History &amp; Crest) : 26 x 20 cm | 10 x 8 inches.€14.95 Family Histories and Family Combin,,,,,,,,,,,,,g,,,true,true,,,active
hickey,,,,,,,true,,,,,,,,,,,,,,,,,,https://irishfamilysurnames.com/wp-content/uploads/2021/03/irishfamilysurnameslogo2.jpg,2,Hickey,,,,,,,,,,,,,,,,,,,,,,,active
hickey,,,,,,,true,,,,,,,,,,,,,,,,,,https://irishfamilysurnames.com/wp-content/uploads/2021/04/hanlon-B-H-300x375.jpg,3,Hickey,,,,,,,,,,,,,,,,,,,,,,,active
hickey,,,,,,,true,,,,,,,,,,,,,,,,,,https://irishfamilysurnames.com/wp-content/uploads/2021/04/hall-B-H-300x375.jpg,4,Hickey,,,,,,,,,,,,,,,,,,,,,,,active
hickey,,,,,,,true,,,,,,,,,,,,,,,,,,https://irishfamilysurnames.com/wp-content/uploads/2021/04/hannon-B-H-300x375.jpg,5,Hickey,,,,,,,,,,,,,,,,,,,,,,,active
higgins,Family name History & Crest Plaques - Higgins,"<p>Learn the full history of your family with a Family History or a Crest/History Combination.</p><p>Family History Standard : 16 x 20 cm | 6 x 8 inches. €9.90</p><p>Family History Large : 20 x 26 cm | 8 x 10 inches. €12.50</p><p>Family Combination (History &amp;amp;amp; Crest) : 26 x 20 cm | 10 x 8 inches.€14.95</p><p>Family Histories and Family Combinations are supplied mounted and ready to frame.<br/>FREE WORLDWIDE POSTAGE</p>",Irish Family Surnames,,General,"Heraldic Irish Family Names, Gifts under €25, Surname H",true,Title,Default Title,,,,,1419,0,shopify,20,deny,manual,12.45,,true,true,,https://irishfamilysurnames.com/wp-content/uploads/2021/04/higgins-B-H.jpg,1,Higgins,false,Family name History & Crest Plaques - Higgins,Learn the full history of your family with a Family History or a Crest/History Combination. Family History Standard : 16 x 20 cm | 6 x 8 inches. €9.90 Family History Large : 20 x 26 cm | 8 x 10 inches. €12.50 Family Combination (History &amp; Crest) : 26 x 20 cm | 10 x 8 inches.€14.95 Family Histories and Family Combin,,,,,,,,,,,,,g,,,true,true,,,active
higgins,,,,,,,true,,,,,,,,,,,,,,,,,,https://irishfamilysurnames.com/wp-content/uploads/2021/03/irishfamilysurnameslogo2.jpg,2,Higgins,,,,,,,,,,,,,,,,,,,,,,,active
higgins,,,,,,,true,,,,,,,,,,,,,,,,,,https://irishfamilysurnames.com/wp-content/uploads/2021/04/hely-B-H-300x375.jpg,3,Higgins,,,,,,,,,,,,,,,,,,,,,,,active
higgins,,,,,,,true,,,,,,,,,,,,,,,,,,https://irishfamilysurnames.com/wp-content/uploads/2021/04/harris-B-H-300x375.jpg,4,Higgins,,,,,,,,,,,,,,,,,,,,,,,active
higgins,,,,,,,true,,,,,,,,,,,,,,,,,,https://irishfamilysurnames.com/wp-content/uploads/2021/04/hynes-B-H-300x375.jpg,5,Higgins,,,,,,,,,,,,,,,,,,,,,,,active
hines,Family name History & Crest Plaques - Hines,"<p>Learn the full history of your family with a Family History or a Crest/History Combination.</p><p>Family History Standard : 16 x 20 cm | 6 x 8 inches. €9.90</p><p>Family History Large : 20 x 26 cm | 8 x 10 inches. €12.50</p><p>Family Combination (History &amp;amp;amp; Crest) : 26 x 20 cm | 10 x 8 inches.€14.95</p><p>Family Histories and Family Combinations are supplied mounted and ready to frame.<br/>FREE WORLDWIDE POSTAGE</p>",Irish Family Surnames,,General,"Heraldic Irish Family Names, Gifts under €25, Surname H",true,Title,Default Title,,,,,1433,0,shopify,20,deny,manual,12.45,,true,true,,https://irishfamilysurnames.com/wp-content/uploads/2021/04/hines-B-H.jpg,1,Hines,false,Family name History & Crest Plaques - Hines,Learn the full history of your family with a Family History or a Crest/History Combination. Family History Standard : 16 x 20 cm | 6 x 8 inches. €9.90 Family History Large : 20 x 26 cm | 8 x 10 inches. €12.50 Family Combination (History &amp; Crest) : 26 x 20 cm | 10 x 8 inches.€14.95 Family Histories and Family Combin,,,,,,,,,,,,,g,,,true,true,,,active
hines,,,,,,,true,,,,,,,,,,,,,,,,,,https://irishfamilysurnames.com/wp-content/uploads/2021/03/irishfamilysurnameslogo2.jpg,2,Hines,,,,,,,,,,,,,,,,,,,,,,,active
hines,,,,,,,true,,,,,,,,,,,,,,,,,,https://irishfamilysurnames.com/wp-content/uploads/2021/04/healy-B-H-300x375.jpg,3,Hines,,,,,,,,,,,,,,,,,,,,,,,active
hines,,,,,,,true,,,,,,,,,,,,,,,,,,https://irishfamilysurnames.com/wp-content/uploads/2021/04/hannon-B-H-300x375.jpg,4,Hines,,,,,,,,,,,,,,,,,,,,,,,active
hines,,,,,,,true,,,,,,,,,,,,,,,,,,https://irishfamilysurnames.com/wp-content/uploads/2021/04/hughes-B-H-300x375.jpg,5,Hines,,,,,,,,,,,,,,,,,,,,,,,active
hogan,Family name History & Crest Plaques - Hogan,"<p>Learn the full history of your family with a Family History or a Crest/History Combination.</p><p>Family History Standard : 16 x 20 cm | 6 x 8 inches. €9.90</p><p>Family History Large : 20 x 26 cm | 8 x 10 inches. €12.50</p><p>Family Combination (History &amp;amp;amp; Crest) : 26 x 20 cm | 10 x 8 inches.€14.95</p><p>Family Histories and Family Combinations are supplied mounted and ready to frame.<br/>FREE WORLDWIDE POSTAGE</p>",Irish Family Surnames,,General,"Heraldic Irish Family Names, Gifts under €25, Surname H",true,Title,Default Title,,,,,1440,0,shopify,20,deny,manual,12.45,,true,true,,https://irishfamilysurnames.com/wp-content/uploads/2021/04/hogan-B-H.jpg,1,Hogan,false,Family name History & Crest Plaques - Hogan,Learn the full history of your family with a Family History or a Crest/History Combination. Family History Standard : 16 x 20 cm | 6 x 8 inches. €9.90 Family History Large : 20 x 26 cm | 8 x 10 inches. €12.50 Family Combination (History &amp; Crest) : 26 x 20 cm | 10 x 8 inches.€14.95 Family Histories and Family Combin,,,,,,,,,,,,,g,,,true,true,,,active
hogan,,,,,,,true,,,,,,,,,,,,,,,,,,https://irishfamilysurnames.com/wp-content/uploads/2021/03/irishfamilysurnameslogo2.jpg,2,Hogan,,,,,,,,,,,,,,,,,,,,,,,active
hogan,,,,,,,true,,,,,,,,,,,,,,,,,,https://irishfamilysurnames.com/wp-content/uploads/2021/04/hart-B-H-300x375.jpg,3,Hogan,,,,,,,,,,,,,,,,,,,,,,,active
hogan,,,,,,,true,,,,,,,,,,,,,,,,,,https://irishfamilysurnames.com/wp-content/uploads/2021/04/hegarty-B-H-300x375.jpg,4,Hogan,,,,,,,,,,,,,,,,,,,,,,,active
hogan,,,,,,,true,,,,,,,,,,,,,,,,,,https://irishfamilysurnames.com/wp-content/uploads/2021/04/hughes-B-H-300x375.jpg,5,Hogan,,,,,,,,,,,,,,,,,,,,,,,active
horan,Family name History & Crest Plaques - Horan,"<p>Learn the full history of your family with a Family History or a Crest/History Combination.</p><p>Family History Standard : 16 x 20 cm | 6 x 8 inches. €9.90</p><p>Family History Large : 20 x 26 cm | 8 x 10 inches. €12.50</p><p>Family Combination (History &amp;amp;amp; Crest) : 26 x 20 cm | 10 x 8 inches.€14.95</p><p>Family Histories and Family Combinations are supplied mounted and ready to frame.<br/>FREE WORLDWIDE POSTAGE</p>",Irish Family Surnames,,General,"Heraldic Irish Family Names, Gifts under €25, Surname H",true,Title,Default Title,,,,,1447,0,shopify,20,deny,manual,12.45,,true,true,,https://irishfamilysurnames.com/wp-content/uploads/2021/04/horan-B-H.jpg,1,Horan,false,Family name History & Crest Plaques - Horan,Learn the full history of your family with a Family History or a Crest/History Combination. Family History Standard : 16 x 20 cm | 6 x 8 inches. €9.90 Family History Large : 20 x 26 cm | 8 x 10 inches. €12.50 Family Combination (History &amp; Crest) : 26 x 20 cm | 10 x 8 inches.€14.95 Family Histories and Family Combin,,,,,,,,,,,,,g,,,true,true,,,active
horan,,,,,,,true,,,,,,,,,,,,,,,,,,https://irishfamilysurnames.com/wp-content/uploads/2021/03/irishfamilysurnameslogo2.jpg,2,Horan,,,,,,,,,,,,,,,,,,,,,,,active
horan,,,,,,,true,,,,,,,,,,,,,,,,,,https://irishfamilysurnames.com/wp-content/uploads/2021/04/hannon-B-H-300x375.jpg,3,Horan,,,,,,,,,,,,,,,,,,,,,,,active
horan,,,,,,,true,,,,,,,,,,,,,,,,,,https://irishfamilysurnames.com/wp-content/uploads/2021/04/harris-B-H-300x375.jpg,4,Horan,,,,,,,,,,,,,,,,,,,,,,,active
horan,,,,,,,true,,,,,,,,,,,,,,,,,,https://irishfamilysurnames.com/wp-content/uploads/2021/04/hickey-B-H-300x375.jpg,5,Horan,,,,,,,,,,,,,,,,,,,,,,,active
hughes,Family name History & Crest Plaques - Hughes,"<p>Learn the full history of your family with a Family History or a Crest/History Combination.</p><p>Family History Standard : 16 x 20 cm | 6 x 8 inches. €9.90</p><p>Family History Large : 20 x 26 cm | 8 x 10 inches. €12.50</p><p>Family Combination (History &amp;amp;amp; Crest) : 26 x 20 cm | 10 x 8 inches.€14.95</p><p>Family Histories and Family Combinations are supplied mounted and ready to frame.<br/>FREE WORLDWIDE POSTAGE</p>",Irish Family Surnames,,General,"Heraldic Irish Family Names, Gifts under €25, Surname H",true,Title,Default Title,,,,,1481,0,shopify,20,deny,manual,12.45,,true,true,,https://irishfamilysurnames.com/wp-content/uploads/2021/04/hughes-B-H.jpg,1,Hughes,false,Family name History & Crest Plaques - Hughes,Learn the full history of your family with a Family History or a Crest/History Combination. Family History Standard : 16 x 20 cm | 6 x 8 inches. €9.90 Family History Large : 20 x 26 cm | 8 x 10 inches. €12.50 Family Combination (History &amp; Crest) : 26 x 20 cm | 10 x 8 inches.€14.95 Family Histories and Family Combin,,,,,,,,,,,,,g,,,true,true,,,active
hughes,,,,,,,true,,,,,,,,,,,,,,,,,,https://irishfamilysurnames.com/wp-content/uploads/2021/03/irishfamilysurnameslogo2.jpg,2,Hughes,,,,,,,,,,,,,,,,,,,,,,,active
hughes,,,,,,,true,,,,,,,,,,,,,,,,,,https://irishfamilysurnames.com/wp-content/uploads/2021/04/hogan-B-H-300x375.jpg,3,Hughes,,,,,,,,,,,,,,,,,,,,,,,active
hughes,,,,,,,true,,,,,,,,,,,,,,,,,,https://irishfamilysurnames.com/wp-content/uploads/2021/04/higgins-B-H-300x375.jpg,4,Hughes,,,,,,,,,,,,,,,,,,,,,,,active
hughes,,,,,,,true,,,,,,,,,,,,,,,,,,https://irishfamilysurnames.com/wp-content/uploads/2021/04/hennessy-B-H-300x375.jpg,5,Hughes,,,,,,,,,,,,,,,,,,,,,,,active
hyland-copy,Family name History & Crest Plaques - Hynes,"<p>Learn the full history of your family with a Family History or a Crest/History Combination.</p><p>Family History Standard : 16 x 20 cm | 6 x 8 inches. €9.90</p><p>Family History Large : 20 x 26 cm | 8 x 10 inches. €12.50</p><p>Family Combination (History &amp;amp;amp; Crest) : 26 x 20 cm | 10 x 8 inches.€14.95</p><p>Family Histories and Family Combinations are supplied mounted and ready to frame.<br/>FREE WORLDWIDE POSTAGE</p>",Irish Family Surnames,,General,"Heraldic Irish Family Names, Gifts under €25, Surname H",true,Title,Default Title,,,,,1495,0,shopify,20,deny,manual,12.45,,true,true,,https://irishfamilysurnames.com/wp-content/uploads/2021/04/hynes-B-H.jpg,1,Hynes,false,Family name History & Crest Plaques - Hynes,Learn the full history of your family with a Family History or a Crest/History Combination. Family History Standard : 16 x 20 cm | 6 x 8 inches. €9.90 Family History Large : 20 x 26 cm | 8 x 10 inches. €12.50 Family Combination (History &amp; Crest) : 26 x 20 cm | 10 x 8 inches.€14.95 Family Histories and Family Combin,,,,,,,,,,,,,g,,,true,true,,,active
hyland-copy,,,,,,,true,,,,,,,,,,,,,,,,,,https://irishfamilysurnames.com/wp-content/uploads/2021/03/irishfamilysurnameslogo2.jpg,2,Hynes,,,,,,,,,,,,,,,,,,,,,,,active
hyland-copy,,,,,,,true,,,,,,,,,,,,,,,,,,https://irishfamilysurnames.com/wp-content/uploads/2021/04/hara-B-H-300x375.jpg,3,Hynes,,,,,,,,,,,,,,,,,,,,,,,active
hyland-copy,,,,,,,true,,,,,,,,,,,,,,,,,,https://irishfamilysurnames.com/wp-content/uploads/2021/04/hanley-B-H-300x375.jpg,4,Hynes,,,,,,,,,,,,,,,,,,,,,,,active
hyland-copy,,,,,,,true,,,,,,,,,,,,,,,,,,https://irishfamilysurnames.com/wp-content/uploads/2021/04/hayes-B-H-300x375.jpg,5,Hynes,,,,,,,,,,,,,,,,,,,,,,,active
hurley,Family name History & Crest Plaques - Hurley,"<p>Learn the full history of your family with a Family History or a Crest/History Combination.</p><p>Family History Standard : 16 x 20 cm | 6 x 8 inches. €9.90</p><p>Family History Large : 20 x 26 cm | 8 x 10 inches. €12.50</p><p>Family Combination (History &amp;amp;amp; Crest) : 26 x 20 cm | 10 x 8 inches.€14.95</p><p>Family Histories and Family Combinations are supplied mounted and ready to frame.<br/>FREE WORLDWIDE POSTAGE</p>",Irish Family Surnames,,General,"Heraldic Irish Family Names, Gifts under €25, Surname H",true,Title,Default Title,,,,,1528,0,shopify,20,deny,manual,12.45,,true,true,,https://irishfamilysurnames.com/wp-content/uploads/2021/04/hurley-B-H-1.jpg,1,Hurley,false,Family name History & Crest Plaques - Hurley,Learn the full history of your family with a Family History or a Crest/History Combination. Family History Standard : 16 x 20 cm | 6 x 8 inches. €9.90 Family History Large : 20 x 26 cm | 8 x 10 inches. €12.50 Family Combination (History &amp; Crest) : 26 x 20 cm | 10 x 8 inches.€14.95 Family Histories and Family Combin,,,,,,,,,,,,,g,,,true,true,,,active
hurley,,,,,,,true,,,,,,,,,,,,,,,,,,https://irishfamilysurnames.com/wp-content/uploads/2021/03/irishfamilysurnameslogo2.jpg,2,Hurley,,,,,,,,,,,,,,,,,,,,,,,active
hurley,,,,,,,true,,,,,,,,,,,,,,,,,,https://irishfamilysurnames.com/wp-content/uploads/2021/04/hynes-B-H-300x375.jpg,3,Hurley,,,,,,,,,,,,,,,,,,,,,,,active
hurley,,,,,,,true,,,,,,,,,,,,,,,,,,https://irishfamilysurnames.com/wp-content/uploads/2021/04/hannon-B-H-300x375.jpg,4,Hurley,,,,,,,,,,,,,,,,,,,,,,,active
hurley,,,,,,,true,,,,,,,,,,,,,,,,,,https://irishfamilysurnames.com/wp-content/uploads/2021/04/harris-B-H-1-300x375.jpg,5,Hurley,,,,,,,,,,,,,,,,,,,,,,,active
johnson,Family name History & Crest Plaques - Johnson,"<p>Learn the full history of your family with a Family History or a Crest/History Combination.</p><p>Family History Standard : 16 x 20 cm | 6 x 8 inches. €9.90</p><p>Family History Large : 20 x 26 cm | 8 x 10 inches. €12.50</p><p>Family Combination (History &amp;amp;amp; Crest) : 26 x 20 cm | 10 x 8 inches.€14.95</p><p>Family Histories and Family Combinations are supplied mounted and ready to frame.<br/>FREE WORLDWIDE POSTAGE</p>",Irish Family Surnames,,General,"Heraldic Irish Family Names, Gifts under €25, Surname J",true,Title,Default Title,,,,,1542,0,shopify,20,deny,manual,12.45,,true,true,,https://irishfamilysurnames.com/wp-content/uploads/2021/04/johnson-B-H.jpg,1,Johnson,false,Family name History & Crest Plaques - Johnson,Learn the full history of your family with a Family History or a Crest/History Combination. Family History Standard : 16 x 20 cm | 6 x 8 inches. €9.90 Family History Large : 20 x 26 cm | 8 x 10 inches. €12.50 Family Combination (History &amp; Crest) : 26 x 20 cm | 10 x 8 inches.€14.95 Family Histories and Family Combin,,,,,,,,,,,,,g,,,true,true,,,active
johnson,,,,,,,true,,,,,,,,,,,,,,,,,,https://irishfamilysurnames.com/wp-content/uploads/2021/03/irishfamilysurnameslogo2.jpg,2,Johnson,,,,,,,,,,,,,,,,,,,,,,,active
johnson,,,,,,,true,,,,,,,,,,,,,,,,,,https://irishfamilysurnames.com/wp-content/uploads/2021/04/jackson-B-H-300x375.jpg,3,Johnson,,,,,,,,,,,,,,,,,,,,,,,active
johnson,,,,,,,true,,,,,,,,,,,,,,,,,,https://irishfamilysurnames.com/wp-content/uploads/2021/04/jordan-B-H-300x375.jpg,4,Johnson,,,,,,,,,,,,,,,,,,,,,,,active
johnson,,,,,,,true,,,,,,,,,,,,,,,,,,https://irishfamilysurnames.com/wp-content/uploads/2021/04/jones-B-H-300x375.jpg,5,Johnson,,,,,,,,,,,,,,,,,,,,,,,active
jordan,Family name History & Crest Plaques - Jordan,"<p>Learn the full history of your family with a Family History or a Crest/History Combination.</p><p>Family History Standard : 16 x 20 cm | 6 x 8 inches. €9.90</p><p>Family History Large : 20 x 26 cm | 8 x 10 inches. €12.50</p><p>Family Combination (History &amp;amp;amp; Crest) : 26 x 20 cm | 10 x 8 inches.€14.95</p><p>Family Histories and Family Combinations are supplied mounted and ready to frame.<br/>FREE WORLDWIDE POSTAGE</p>",Irish Family Surnames,,General,"Heraldic Irish Family Names, Gifts under €25, Surname J",true,Title,Default Title,,,,,1563,0,shopify,20,deny,manual,12.45,,true,true,,https://irishfamilysurnames.com/wp-content/uploads/2021/04/jordan-B-H.jpg,1,Jordan,false,Family name History & Crest Plaques - Jordan,Learn the full history of your family with a Family History or a Crest/History Combination. Family History Standard : 16 x 20 cm | 6 x 8 inches. €9.90 Family History Large : 20 x 26 cm | 8 x 10 inches. €12.50 Family Combination (History &amp; Crest) : 26 x 20 cm | 10 x 8 inches.€14.95 Family Histories and Family Combin,,,,,,,,,,,,,g,,,true,true,,,active
jordan,,,,,,,true,,,,,,,,,,,,,,,,,,https://irishfamilysurnames.com/wp-content/uploads/2021/03/irishfamilysurnameslogo2.jpg,2,Jordan,,,,,,,,,,,,,,,,,,,,,,,active
jordan,,,,,,,true,,,,,,,,,,,,,,,,,,https://irishfamilysurnames.com/wp-content/uploads/2021/04/jones-B-H-300x375.jpg,3,Jordan,,,,,,,,,,,,,,,,,,,,,,,active
jordan,,,,,,,true,,,,,,,,,,,,,,,,,,https://irishfamilysurnames.com/wp-content/uploads/2021/04/johnson-B-H-300x375.jpg,4,Jordan,,,,,,,,,,,,,,,,,,,,,,,active
jordan,,,,,,,true,,,,,,,,,,,,,,,,,,https://irishfamilysurnames.com/wp-content/uploads/2021/04/jackson-B-H-300x375.jpg,5,Jordan,,,,,,,,,,,,,,,,,,,,,,,active
kearney,Family name History & Crest Plaques - Kearney,"<p>Learn the full history of your family with a Family History or a Crest/History Combination.</p><p>Family History Standard : 16 x 20 cm | 6 x 8 inches. €9.90</p><p>Family History Large : 20 x 26 cm | 8 x 10 inches. €12.50</p><p>Family Combination (History &amp;amp;amp; Crest) : 26 x 20 cm | 10 x 8 inches.€14.95</p><p>Family Histories and Family Combinations are supplied mounted and ready to frame.<br/>FREE WORLDWIDE POSTAGE</p>",Irish Family Surnames,,General,"Heraldic Irish Family Names, Gifts under €25, Surname K",true,Title,Default Title,,,,,1612,0,shopify,20,deny,manual,12.45,,true,true,,https://irishfamilysurnames.com/wp-content/uploads/2021/04/kearney-B-H.jpg,1,Kearney,false,Family name History & Crest Plaques - Kearney,Learn the full history of your family with a Family History or a Crest/History Combination. Family History Standard : 16 x 20 cm | 6 x 8 inches. €9.90 Family History Large : 20 x 26 cm | 8 x 10 inches. €12.50 Family Combination (History &amp; Crest) : 26 x 20 cm | 10 x 8 inches.€14.95 Family Histories and Family Combin,,,,,,,,,,,,,g,,,true,true,,,active
kearney,,,,,,,true,,,,,,,,,,,,,,,,,,https://irishfamilysurnames.com/wp-content/uploads/2021/03/irishfamilysurnameslogo2.jpg,2,Kearney,,,,,,,,,,,,,,,,,,,,,,,active
kearney,,,,,,,true,,,,,,,,,,,,,,,,,,https://irishfamilysurnames.com/wp-content/uploads/2021/04/kinsella-B-H-300x375.jpg,3,Kearney,,,,,,,,,,,,,,,,,,,,,,,active
kearney,,,,,,,true,,,,,,,,,,,,,,,,,,https://irishfamilysurnames.com/wp-content/uploads/2021/04/kehoe-B-H-300x375.jpg,4,Kearney,,,,,,,,,,,,,,,,,,,,,,,active
kearney,,,,,,,true,,,,,,,,,,,,,,,,,,https://irishfamilysurnames.com/wp-content/uploads/2021/04/keenan-B-H-300x375.jpg,5,Kearney,,,,,,,,,,,,,,,,,,,,,,,active
kearns,Family name History & Crest Plaques - Kearns,"<p>Learn the full history of your family with a Family History or a Crest/History Combination.</p><p>Family History Standard : 16 x 20 cm | 6 x 8 inches. €9.90</p><p>Family History Large : 20 x 26 cm | 8 x 10 inches. €12.50</p><p>Family Combination (History &amp;amp;amp; Crest) : 26 x 20 cm | 10 x 8 inches.€14.95</p><p>Family Histories and Family Combinations are supplied mounted and ready to frame.<br/>FREE WORLDWIDE POSTAGE</p>",Irish Family Surnames,,General,"Heraldic Irish Family Names, Gifts under €25, Surname K",true,Title,Default Title,,,,,1630,0,shopify,20,deny,manual,12.45,,true,true,,https://irishfamilysurnames.com/wp-content/uploads/2021/04/kearns-B-H.jpg,1,Kearns,false,Family name History & Crest Plaques - Kearns,Learn the full history of your family with a Family History or a Crest/History Combination. Family History Standard : 16 x 20 cm | 6 x 8 inches. €9.90 Family History Large : 20 x 26 cm | 8 x 10 inches. €12.50 Family Combination (History &amp; Crest) : 26 x 20 cm | 10 x 8 inches.€14.95 Family Histories and Family Combin,,,,,,,,,,,,,g,,,true,true,,,active
kearns,,,,,,,true,,,,,,,,,,,,,,,,,,https://irishfamilysurnames.com/wp-content/uploads/2021/03/irishfamilysurnameslogo2.jpg,2,Kearns,,,,,,,,,,,,,,,,,,,,,,,active
kearns,,,,,,,true,,,,,,,,,,,,,,,,,,https://irishfamilysurnames.com/wp-content/uploads/2021/04/kelly-B-H-300x375.jpg,3,Kearns,,,,,,,,,,,,,,,,,,,,,,,active
kearns,,,,,,,true,,,,,,,,,,,,,,,,,,https://irishfamilysurnames.com/wp-content/uploads/2021/04/keeffe-B-H-300x375.jpg,4,Kearns,,,,,,,,,,,,,,,,,,,,,,,active
kearns,,,,,,,true,,,,,,,,,,,,,,,,,,https://irishfamilysurnames.com/wp-content/uploads/2021/04/kehoe-B-H-300x375.jpg,5,Kearns,,,,,,,,,,,,,,,,,,,,,,,active
keating,Family name History & Crest Plaques - Keating,"<p>Learn the full history of your family with a Family History or a Crest/History Combination.</p><p>Family History Standard : 16 x 20 cm | 6 x 8 inches. €9.90</p><p>Family History Large : 20 x 26 cm | 8 x 10 inches. €12.50</p><p>Family Combination (History &amp;amp;amp; Crest) : 26 x 20 cm | 10 x 8 inches.€14.95</p><p>Family Histories and Family Combinations are supplied mounted and ready to frame.<br/>FREE WORLDWIDE POSTAGE</p>",Irish Family Surnames,,General,"Heraldic Irish Family Names, Gifts under €25, Surname K",true,Title,Default Title,,,,,1641,0,shopify,20,deny,manual,12.45,,true,true,,https://irishfamilysurnames.com/wp-content/uploads/2021/04/keating-B-H.jpg,1,Keating,false,Family name History & Crest Plaques - Keating,Learn the full history of your family with a Family History or a Crest/History Combination. Family History Standard : 16 x 20 cm | 6 x 8 inches. €9.90 Family History Large : 20 x 26 cm | 8 x 10 inches. €12.50 Family Combination (History &amp; Crest) : 26 x 20 cm | 10 x 8 inches.€14.95 Family Histories and Family Combin,,,,,,,,,,,,,g,,,true,true,,,active
keating,,,,,,,true,,,,,,,,,,,,,,,,,,https://irishfamilysurnames.com/wp-content/uploads/2021/03/irishfamilysurnameslogo2.jpg,2,Keating,,,,,,,,,,,,,,,,,,,,,,,active
keating,,,,,,,true,,,,,,,,,,,,,,,,,,https://irishfamilysurnames.com/wp-content/uploads/2021/04/kiernan-B-H-300x375.jpg,3,Keating,,,,,,,,,,,,,,,,,,,,,,,active
keating,,,,,,,true,,,,,,,,,,,,,,,,,,https://irishfamilysurnames.com/wp-content/uploads/2021/04/kinsella-B-H-300x375.jpg,4,Keating,,,,,,,,,,,,,,,,,,,,,,,active
keating,,,,,,,true,,,,,,,,,,,,,,,,,,https://irishfamilysurnames.com/wp-content/uploads/2021/04/kennedy-B-H-300x375.jpg,5,Keating,,,,,,,,,,,,,,,,,,,,,,,active
keefe,Family name History & Crest Plaques - Keefe,"<p>Learn the full history of your family with a Family History or a Crest/History Combination.</p><p>Family History Standard : 16 x 20 cm | 6 x 8 inches. €9.90</p><p>Family History Large : 20 x 26 cm | 8 x 10 inches. €12.50</p><p>Family Combination (History &amp;amp;amp; Crest) : 26 x 20 cm | 10 x 8 inches.€14.95</p><p>Family Histories and Family Combinations are supplied mounted and ready to frame.<br/>FREE WORLDWIDE POSTAGE</p>",Irish Family Surnames,,General,"Heraldic Irish Family Names, Gifts under €25, Surname K",true,Title,Default Title,,,,,1652,0,shopify,20,deny,manual,12.45,,true,true,,https://irishfamilysurnames.com/wp-content/uploads/2021/04/keefe-B-H.jpg,1,Keefe,false,Family name History & Crest Plaques - Keefe,Learn the full history of your family with a Family History or a Crest/History Combination. Family History Standard : 16 x 20 cm | 6 x 8 inches. €9.90 Family History Large : 20 x 26 cm | 8 x 10 inches. €12.50 Family Combination (History &amp; Crest) : 26 x 20 cm | 10 x 8 inches.€14.95 Family Histories and Family Combin,,,,,,,,,,,,,g,,,true,true,,,active
keefe,,,,,,,true,,,,,,,,,,,,,,,,,,https://irishfamilysurnames.com/wp-content/uploads/2021/03/irishfamilysurnameslogo2.jpg,2,Keefe,,,,,,,,,,,,,,,,,,,,,,,active
keefe,,,,,,,true,,,,,,,,,,,,,,,,,,https://irishfamilysurnames.com/wp-content/uploads/2021/04/keeffe-B-H-300x375.jpg,3,Keefe,,,,,,,,,,,,,,,,,,,,,,,active
keefe,,,,,,,true,,,,,,,,,,,,,,,,,,https://irishfamilysurnames.com/wp-content/uploads/2021/04/kelley-B-H-300x375.jpg,4,Keefe,,,,,,,,,,,,,,,,,,,,,,,active
keefe,,,,,,,true,,,,,,,,,,,,,,,,,,https://irishfamilysurnames.com/wp-content/uploads/2021/04/keating-B-H-300x375.jpg,5,Keefe,,,,,,,,,,,,,,,,,,,,,,,active
keeffe,Family name History & Crest Plaques - Keeffe,"<p>Learn the full history of your family with a Family History or a Crest/History Combination.</p><p>Family History Standard : 16 x 20 cm | 6 x 8 inches. €9.90</p><p>Family History Large : 20 x 26 cm | 8 x 10 inches. €12.50</p><p>Family Combination (History &amp;amp;amp; Crest) : 26 x 20 cm | 10 x 8 inches.€14.95</p><p>Family Histories and Family Combinations are supplied mounted and ready to frame.<br/>FREE WORLDWIDE POSTAGE</p>",Irish Family Surnames,,General,"Heraldic Irish Family Names, Gifts under €25, Surname K",true,Title,Default Title,,,,,1663,0,shopify,20,deny,manual,12.45,,true,true,,https://irishfamilysurnames.com/wp-content/uploads/2021/04/keeffe-B-H.jpg,1,Keeffe,false,Family name History & Crest Plaques - Keeffe,Learn the full history of your family with a Family History or a Crest/History Combination. Family History Standard : 16 x 20 cm | 6 x 8 inches. €9.90 Family History Large : 20 x 26 cm | 8 x 10 inches. €12.50 Family Combination (History &amp; Crest) : 26 x 20 cm | 10 x 8 inches.€14.95 Family Histories and Family Combin,,,,,,,,,,,,,g,,,true,true,,,active
keeffe,,,,,,,true,,,,,,,,,,,,,,,,,,https://irishfamilysurnames.com/wp-content/uploads/2021/03/irishfamilysurnameslogo2.jpg,2,Keeffe,,,,,,,,,,,,,,,,,,,,,,,active
keeffe,,,,,,,true,,,,,,,,,,,,,,,,,,https://irishfamilysurnames.com/wp-content/uploads/2021/04/keegan-B-H-300x375.jpg,3,Keeffe,,,,,,,,,,,,,,,,,,,,,,,active
keeffe,,,,,,,true,,,,,,,,,,,,,,,,,,https://irishfamilysurnames.com/wp-content/uploads/2021/04/kiernan-B-H-300x375.jpg,4,Keeffe,,,,,,,,,,,,,,,,,,,,,,,active
keeffe,,,,,,,true,,,,,,,,,,,,,,,,,,https://irishfamilysurnames.com/wp-content/uploads/2021/04/kinsella-B-H-300x375.jpg,5,Keeffe,,,,,,,,,,,,,,,,,,,,,,,active
keegan,Family name History & Crest Plaques - Keegan,"<p>Learn the full history of your family with a Family History or a Crest/History Combination.</p><p>Family History Standard : 16 x 20 cm | 6 x 8 inches. €9.90</p><p>Family History Large : 20 x 26 cm | 8 x 10 inches. €12.50</p><p>Family Combination (History &amp;amp;amp; Crest) : 26 x 20 cm | 10 x 8 inches.€14.95</p><p>Family Histories and Family Combinations are supplied mounted and ready to frame.<br/>FREE WORLDWIDE POSTAGE</p>",Irish Family Surnames,,General,"Heraldic Irish Family Names, Gifts under €25, Surname K",true,Title,Default Title,,,,,1674,0,shopify,20,deny,manual,12.45,,true,true,,https://irishfamilysurnames.com/wp-content/uploads/2021/04/keegan-B-H.jpg,1,Keegan,false,Family name History & Crest Plaques - Keegan,Learn the full history of your family with a Family History or a Crest/History Combination. Family History Standard : 16 x 20 cm | 6 x 8 inches. €9.90 Family History Large : 20 x 26 cm | 8 x 10 inches. €12.50 Family Combination (History &amp; Crest) : 26 x 20 cm | 10 x 8 inches.€14.95 Family Histories and Family Combin,,,,,,,,,,,,,g,,,true,true,,,active
keegan,,,,,,,true,,,,,,,,,,,,,,,,,,https://irishfamilysurnames.com/wp-content/uploads/2021/03/irishfamilysurnameslogo2.jpg,2,Keegan,,,,,,,,,,,,,,,,,,,,,,,active
keegan,,,,,,,true,,,,,,,,,,,,,,,,,,https://irishfamilysurnames.com/wp-content/uploads/2021/04/keefe-B-H-300x375.jpg,3,Keegan,,,,,,,,,,,,,,,,,,,,,,,active
keegan,,,,,,,true,,,,,,,,,,,,,,,,,,https://irishfamilysurnames.com/wp-content/uploads/2021/04/kane-B-H-300x375.jpg,4,Keegan,,,,,,,,,,,,,,,,,,,,,,,active
keegan,,,,,,,true,,,,,,,,,,,,,,,,,,https://irishfamilysurnames.com/wp-content/uploads/2021/04/kennedy-B-H-300x375.jpg,5,Keegan,,,,,,,,,,,,,,,,,,,,,,,active
keenan,Family name History & Crest Plaques - Keenan,"<p>Learn the full history of your family with a Family History or a Crest/History Combination.</p><p>Family History Standard : 16 x 20 cm | 6 x 8 inches. €9.90</p><p>Family History Large : 20 x 26 cm | 8 x 10 inches. €12.50</p><p>Family Combination (History &amp;amp;amp; Crest) : 26 x 20 cm | 10 x 8 inches.€14.95</p><p>Family Histories and Family Combinations are supplied mounted and ready to frame.<br/>FREE WORLDWIDE POSTAGE</p>",Irish Family Surnames,,General,"Heraldic Irish Family Names, Gifts under €25, Surname K",true,Title,Default Title,,,,,1685,0,shopify,20,deny,manual,12.45,,true,true,,https://irishfamilysurnames.com/wp-content/uploads/2021/04/keenan-B-H.jpg,1,Keenan,false,Family name History & Crest Plaques - Keenan,Learn the full history of your family with a Family History or a Crest/History Combination. Family History Standard : 16 x 20 cm | 6 x 8 inches. €9.90 Family History Large : 20 x 26 cm | 8 x 10 inches. €12.50 Family Combination (History &amp; Crest) : 26 x 20 cm | 10 x 8 inches.€14.95 Family Histories and Family Combin,,,,,,,,,,,,,g,,,true,true,,,active
keenan,,,,,,,true,,,,,,,,,,,,,,,,,,https://irishfamilysurnames.com/wp-content/uploads/2021/03/irishfamilysurnameslogo2.jpg,2,Keenan,,,,,,,,,,,,,,,,,,,,,,,active
keenan,,,,,,,true,,,,,,,,,,,,,,,,,,https://irishfamilysurnames.com/wp-content/uploads/2021/04/kearney-B-H-300x375.jpg,3,Keenan,,,,,,,,,,,,,,,,,,,,,,,active
keenan,,,,,,,true,,,,,,,,,,,,,,,,,,https://irishfamilysurnames.com/wp-content/uploads/2021/04/kinsella-B-H-300x375.jpg,4,Keenan,,,,,,,,,,,,,,,,,,,,,,,active
keenan,,,,,,,true,,,,,,,,,,,,,,,,,,https://irishfamilysurnames.com/wp-content/uploads/2021/04/kavanagh-B-H-300x375.jpg,5,Keenan,,,,,,,,,,,,,,,,,,,,,,,active
kehoe,Family name History & Crest Plaques - Kehoe,"<p>Learn the full history of your family with a Family History or a Crest/History Combination.</p><p>Family History Standard : 16 x 20 cm | 6 x 8 inches. €9.90</p><p>Family History Large : 20 x 26 cm | 8 x 10 inches. €12.50</p><p>Family Combination (History &amp;amp;amp; Crest) : 26 x 20 cm | 10 x 8 inches.€14.95</p><p>Family Histories and Family Combinations are supplied mounted and ready to frame.<br/>FREE WORLDWIDE POSTAGE</p>",Irish Family Surnames,,General,"Heraldic Irish Family Names, Gifts under €25, Surname K",true,Title,Default Title,,,,,1696,0,shopify,20,deny,manual,12.45,,true,true,,https://irishfamilysurnames.com/wp-content/uploads/2021/04/kehoe-B-H.jpg,1,Kehoe,false,Family name History & Crest Plaques - Kehoe,Learn the full history of your family with a Family History or a Crest/History Combination. Family History Standard : 16 x 20 cm | 6 x 8 inches. €9.90 Family History Large : 20 x 26 cm | 8 x 10 inches. €12.50 Family Combination (History &amp; Crest) : 26 x 20 cm | 10 x 8 inches.€14.95 Family Histories and Family Combin,,,,,,,,,,,,,g,,,true,true,,,active
kehoe,,,,,,,true,,,,,,,,,,,,,,,,,,https://irishfamilysurnames.com/wp-content/uploads/2021/03/irishfamilysurnameslogo2.jpg,2,Kehoe,,,,,,,,,,,,,,,,,,,,,,,active
kehoe,,,,,,,true,,,,,,,,,,,,,,,,,,https://irishfamilysurnames.com/wp-content/uploads/2021/04/kennedy-B-H-300x375.jpg,3,Kehoe,,,,,,,,,,,,,,,,,,,,,,,active
kehoe,,,,,,,true,,,,,,,,,,,,,,,,,,https://irishfamilysurnames.com/wp-content/uploads/2021/04/keenan-B-H-300x375.jpg,4,Kehoe,,,,,,,,,,,,,,,,,,,,,,,active
kehoe,,,,,,,true,,,,,,,,,,,,,,,,,,https://irishfamilysurnames.com/wp-content/uploads/2021/04/keane-B-H-300x375.jpg,5,Kehoe,,,,,,,,,,,,,,,,,,,,,,,active
kelley,Family name History & Crest Plaques - Kelley,"<p>Learn the full history of your family with a Family History or a Crest/History Combination.</p><p>Family History Standard : 16 x 20 cm | 6 x 8 inches. €9.90</p><p>Family History Large : 20 x 26 cm | 8 x 10 inches. €12.50</p><p>Family Combination (History &amp;amp;amp; Crest) : 26 x 20 cm | 10 x 8 inches.€14.95</p><p>Family Histories and Family Combinations are supplied mounted and ready to frame.<br/>FREE WORLDWIDE POSTAGE</p>",Irish Family Surnames,,General,"Heraldic Irish Family Names, Gifts under €25, Surname K",true,Title,Default Title,,,,,1707,0,shopify,20,deny,manual,12.45,,true,true,,https://irishfamilysurnames.com/wp-content/uploads/2021/04/kelley-B-H.jpg,1,Kelley,false,Family name History & Crest Plaques - Kelley,Learn the full history of your family with a Family History or a Crest/History Combination. Family History Standard : 16 x 20 cm | 6 x 8 inches. €9.90 Family History Large : 20 x 26 cm | 8 x 10 inches. €12.50 Family Combination (History &amp; Crest) : 26 x 20 cm | 10 x 8 inches.€14.95 Family Histories and Family Combin,,,,,,,,,,,,,g,,,true,true,,,active
kelley,,,,,,,true,,,,,,,,,,,,,,,,,,https://irishfamilysurnames.com/wp-content/uploads/2021/03/irishfamilysurnameslogo2.jpg,2,Kelley,,,,,,,,,,,,,,,,,,,,,,,active
kelley,,,,,,,true,,,,,,,,,,,,,,,,,,https://irishfamilysurnames.com/wp-content/uploads/2021/04/kavanagh-B-H-300x375.jpg,3,Kelley,,,,,,,,,,,,,,,,,,,,,,,active
kelley,,,,,,,true,,,,,,,,,,,,,,,,,,https://irishfamilysurnames.com/wp-content/uploads/2021/04/kerins-B-H-300x375.jpg,4,Kelley,,,,,,,,,,,,,,,,,,,,,,,active
kelley,,,,,,,true,,,,,,,,,,,,,,,,,,https://irishfamilysurnames.com/wp-content/uploads/2021/04/keogh-B-H-300x375.jpg,5,Kelley,,,,,,,,,,,,,,,,,,,,,,,active
kelly,Family name History & Crest Plaques - Kelly,"<p>Learn the full history of your family with a Family History or a Crest/History Combination.</p><p>Family History Standard : 16 x 20 cm | 6 x 8 inches. €9.90</p><p>Family History Large : 20 x 26 cm | 8 x 10 inches. €12.50</p><p>Family Combination (History &amp;amp;amp; Crest) : 26 x 20 cm | 10 x 8 inches.€14.95</p><p>Family Histories and Family Combinations are supplied mounted and ready to frame.<br/>FREE WORLDWIDE POSTAGE</p>",Irish Family Surnames,,General,"Heraldic Irish Family Names, Gifts under €25, Surname K",true,Title,Default Title,,,,,1718,0,shopify,20,deny,manual,12.45,,true,true,,https://irishfamilysurnames.com/wp-content/uploads/2021/04/kelly-B-H.jpg,1,Kelly,false,Family name History & Crest Plaques - Kelly,Learn the full history of your family with a Family History or a Crest/History Combination. Family History Standard : 16 x 20 cm | 6 x 8 inches. €9.90 Family History Large : 20 x 26 cm | 8 x 10 inches. €12.50 Family Combination (History &amp; Crest) : 26 x 20 cm | 10 x 8 inches.€14.95 Family Histories and Family Combin,,,,,,,,,,,,,g,,,true,true,,,active
kelly,,,,,,,true,,,,,,,,,,,,,,,,,,https://irishfamilysurnames.com/wp-content/uploads/2021/03/irishfamilysurnameslogo2.jpg,2,Kelly,,,,,,,,,,,,,,,,,,,,,,,active
kelly,,,,,,,true,,,,,,,,,,,,,,,,,,https://irishfamilysurnames.com/wp-content/uploads/2021/04/kiernan-B-H-300x375.jpg,3,Kelly,,,,,,,,,,,,,,,,,,,,,,,active
kelly,,,,,,,true,,,,,,,,,,,,,,,,,,https://irishfamilysurnames.com/wp-content/uploads/2021/04/keane-B-H-300x375.jpg,4,Kelly,,,,,,,,,,,,,,,,,,,,,,,active
kelly,,,,,,,true,,,,,,,,,,,,,,,,,,https://irishfamilysurnames.com/wp-content/uploads/2021/04/keenan-B-H-300x375.jpg,5,Kelly,,,,,,,,,,,,,,,,,,,,,,,active
kennedy,Family name History & Crest Plaques - Kennedy,"<p>Learn the full history of your family with a Family History or a Crest/History Combination.</p><p>Family History Standard : 16 x 20 cm | 6 x 8 inches. €9.90</p><p>Family History Large : 20 x 26 cm | 8 x 10 inches. €12.50</p><p>Family Combination (History &amp;amp;amp; Crest) : 26 x 20 cm | 10 x 8 inches.€14.95</p><p>Family Histories and Family Combinations are supplied mounted and ready to frame.<br/>FREE WORLDWIDE POSTAGE</p>",Irish Family Surnames,,General,"Heraldic Irish Family Names, Gifts under €25, Surname K",true,Title,Default Title,,,,,1729,0,shopify,20,deny,manual,12.45,,true,true,,https://irishfamilysurnames.com/wp-content/uploads/2021/04/kennedy-B-H.jpg,1,Kennedy,false,Family name History & Crest Plaques - Kennedy,Learn the full history of your family with a Family History or a Crest/History Combination. Family History Standard : 16 x 20 cm | 6 x 8 inches. €9.90 Family History Large : 20 x 26 cm | 8 x 10 inches. €12.50 Family Combination (History &amp; Crest) : 26 x 20 cm | 10 x 8 inches.€14.95 Family Histories and Family Combin,,,,,,,,,,,,,g,,,true,true,,,active
kennedy,,,,,,,true,,,,,,,,,,,,,,,,,,https://irishfamilysurnames.com/wp-content/uploads/2021/03/irishfamilysurnameslogo2.jpg,2,Kennedy,,,,,,,,,,,,,,,,,,,,,,,active
kennedy,,,,,,,true,,,,,,,,,,,,,,,,,,https://irishfamilysurnames.com/wp-content/uploads/2021/04/kelley-B-H-300x375.jpg,3,Kennedy,,,,,,,,,,,,,,,,,,,,,,,active
kennedy,,,,,,,true,,,,,,,,,,,,,,,,,,https://irishfamilysurnames.com/wp-content/uploads/2021/04/kearns-B-H-300x375.jpg,4,Kennedy,,,,,,,,,,,,,,,,,,,,,,,active
kennedy,,,,,,,true,,,,,,,,,,,,,,,,,,https://irishfamilysurnames.com/wp-content/uploads/2021/04/keeffe-B-H-300x375.jpg,5,Kennedy,,,,,,,,,,,,,,,,,,,,,,,active
kenny,Family name History & Crest Plaques - Kenny,"<p>Learn the full history of your family with a Family History or a Crest/History Combination.</p><p>Family History Standard : 16 x 20 cm | 6 x 8 inches. €9.90</p><p>Family History Large : 20 x 26 cm | 8 x 10 inches. €12.50</p><p>Family Combination (History &amp;amp;amp; Crest) : 26 x 20 cm | 10 x 8 inches.€14.95</p><p>Family Histories and Family Combinations are supplied mounted and ready to frame.<br/>FREE WORLDWIDE POSTAGE</p>",Irish Family Surnames,,General,"Heraldic Irish Family Names, Gifts under €25, Surname K",true,Title,Default Title,,,,,1740,0,shopify,20,deny,manual,12.45,,true,true,,https://irishfamilysurnames.com/wp-content/uploads/2021/04/kenny-B-H.jpg,1,Kenny,false,Family name History & Crest Plaques - Kenny,Learn the full history of your family with a Family History or a Crest/History Combination. Family History Standard : 16 x 20 cm | 6 x 8 inches. €9.90 Family History Large : 20 x 26 cm | 8 x 10 inches. €12.50 Family Combination (History &amp; Crest) : 26 x 20 cm | 10 x 8 inches.€14.95 Family Histories and Family Combin,,,,,,,,,,,,,g,,,true,true,,,active
kenny,,,,,,,true,,,,,,,,,,,,,,,,,,https://irishfamilysurnames.com/wp-content/uploads/2021/03/irishfamilysurnameslogo2.jpg,2,Kenny,,,,,,,,,,,,,,,,,,,,,,,active
kenny,,,,,,,true,,,,,,,,,,,,,,,,,,https://irishfamilysurnames.com/wp-content/uploads/2021/04/kane-B-H-300x375.jpg,3,Kenny,,,,,,,,,,,,,,,,,,,,,,,active
kenny,,,,,,,true,,,,,,,,,,,,,,,,,,https://irishfamilysurnames.com/wp-content/uploads/2021/04/kennedy-B-H-300x375.jpg,4,Kenny,,,,,,,,,,,,,,,,,,,,,,,active
kenny,,,,,,,true,,,,,,,,,,,,,,,,,,https://irishfamilysurnames.com/wp-content/uploads/2021/04/keeffe-B-H-300x375.jpg,5,Kenny,,,,,,,,,,,,,,,,,,,,,,,active
keogh,Family name History & Crest Plaques - Keogh,"<p>Learn the full history of your family with a Family History or a Crest/History Combination.</p><p>Family History Standard : 16 x 20 cm | 6 x 8 inches. €9.90</p><p>Family History Large : 20 x 26 cm | 8 x 10 inches. €12.50</p><p>Family Combination (History &amp;amp;amp; Crest) : 26 x 20 cm | 10 x 8 inches.€14.95</p><p>Family Histories and Family Combinations are supplied mounted and ready to frame.<br/>FREE WORLDWIDE POSTAGE</p>",Irish Family Surnames,,General,"Heraldic Irish Family Names, Gifts under €25, Surname K",true,Title,Default Title,,,,,1751,0,shopify,20,deny,manual,12.45,,true,true,,https://irishfamilysurnames.com/wp-content/uploads/2021/04/keogh-B-H.jpg,1,Keogh,false,Family name History & Crest Plaques - Keogh,Learn the full history of your family with a Family History or a Crest/History Combination. Family History Standard : 16 x 20 cm | 6 x 8 inches. €9.90 Family History Large : 20 x 26 cm | 8 x 10 inches. €12.50 Family Combination (History &amp; Crest) : 26 x 20 cm | 10 x 8 inches.€14.95 Family Histories and Family Combin,,,,,,,,,,,,,g,,,true,true,,,active
keogh,,,,,,,true,,,,,,,,,,,,,,,,,,https://irishfamilysurnames.com/wp-content/uploads/2021/03/irishfamilysurnameslogo2.jpg,2,Keogh,,,,,,,,,,,,,,,,,,,,,,,active
keogh,,,,,,,true,,,,,,,,,,,,,,,,,,https://irishfamilysurnames.com/wp-content/uploads/2021/04/kelley-B-H-300x375.jpg,3,Keogh,,,,,,,,,,,,,,,,,,,,,,,active
keogh,,,,,,,true,,,,,,,,,,,,,,,,,,https://irishfamilysurnames.com/wp-content/uploads/2021/04/kane-B-H-300x375.jpg,4,Keogh,,,,,,,,,,,,,,,,,,,,,,,active
keogh,,,,,,,true,,,,,,,,,,,,,,,,,,https://irishfamilysurnames.com/wp-content/uploads/2021/04/keeffe-B-H-300x375.jpg,5,Keogh,,,,,,,,,,,,,,,,,,,,,,,active
kerins,Family name History & Crest Plaques - Kerins,"<p>Learn the full history of your family with a Family History or a Crest/History Combination.</p><p>Family History Standard : 16 x 20 cm | 6 x 8 inches. €9.90</p><p>Family History Large : 20 x 26 cm | 8 x 10 inches. €12.50</p><p>Family Combination (History &amp;amp;amp; Crest) : 26 x 20 cm | 10 x 8 inches.€14.95</p><p>Family Histories and Family Combinations are supplied mounted and ready to frame.<br/>FREE WORLDWIDE POSTAGE</p>",Irish Family Surnames,,General,"Heraldic Irish Family Names, Gifts under €25, Surname K",true,Title,Default Title,,,,,1782,0,shopify,20,deny,manual,12.45,,true,true,,https://irishfamilysurnames.com/wp-content/uploads/2021/04/kerins-B-H.jpg,1,Kerins,false,Family name History & Crest Plaques - Kerins,Learn the full history of your family with a Family History or a Crest/History Combination. Family History Standard : 16 x 20 cm | 6 x 8 inches. €9.90 Family History Large : 20 x 26 cm | 8 x 10 inches. €12.50 Family Combination (History &amp; Crest) : 26 x 20 cm | 10 x 8 inches.€14.95 Family Histories and Family Combin,,,,,,,,,,,,,g,,,true,true,,,active
kerins,,,,,,,true,,,,,,,,,,,,,,,,,,https://irishfamilysurnames.com/wp-content/uploads/2021/03/irishfamilysurnameslogo2.jpg,2,Kerins,,,,,,,,,,,,,,,,,,,,,,,active
kerins,,,,,,,true,,,,,,,,,,,,,,,,,,https://irishfamilysurnames.com/wp-content/uploads/2021/04/keeffe-B-H-300x375.jpg,3,Kerins,,,,,,,,,,,,,,,,,,,,,,,active
kerins,,,,,,,true,,,,,,,,,,,,,,,,,,https://irishfamilysurnames.com/wp-content/uploads/2021/04/keegan-B-H-300x375.jpg,4,Kerins,,,,,,,,,,,,,,,,,,,,,,,active
kerins,,,,,,,true,,,,,,,,,,,,,,,,,,https://irishfamilysurnames.com/wp-content/uploads/2021/04/kinsella-B-H-300x375.jpg,5,Kerins,,,,,,,,,,,,,,,,,,,,,,,active
king,Family name History & Crest Plaques - King,"<p>Learn the full history of your family with a Family History or a Crest/History Combination.</p><p>Family History Standard : 16 x 20 cm | 6 x 8 inches. €9.90</p><p>Family History Large : 20 x 26 cm | 8 x 10 inches. €12.50</p><p>Family Combination (History &amp;amp;amp; Crest) : 26 x 20 cm | 10 x 8 inches.€14.95</p><p>Family Histories and Family Combinations are supplied mounted and ready to frame.<br/>FREE WORLDWIDE POSTAGE</p>",Irish Family Surnames,,General,"Heraldic Irish Family Names, Gifts under €25, Surname K",true,Title,Default Title,,,,,1796,0,shopify,20,deny,manual,12.45,,true,true,,https://irishfamilysurnames.com/wp-content/uploads/2021/04/king-B-H.jpg,1,King,false,Family name History & Crest Plaques - King,Learn the full history of your family with a Family History or a Crest/History Combination. Family History Standard : 16 x 20 cm | 6 x 8 inches. €9.90 Family History Large : 20 x 26 cm | 8 x 10 inches. €12.50 Family Combination (History &amp; Crest) : 26 x 20 cm | 10 x 8 inches.€14.95 Family Histories and Family Combin,,,,,,,,,,,,,g,,,true,true,,,active
king,,,,,,,true,,,,,,,,,,,,,,,,,,https://irishfamilysurnames.com/wp-content/uploads/2021/03/irishfamilysurnameslogo2.jpg,2,King,,,,,,,,,,,,,,,,,,,,,,,active
king,,,,,,,true,,,,,,,,,,,,,,,,,,https://irishfamilysurnames.com/wp-content/uploads/2021/04/keane-B-H-300x375.jpg,3,King,,,,,,,,,,,,,,,,,,,,,,,active
king,,,,,,,true,,,,,,,,,,,,,,,,,,https://irishfamilysurnames.com/wp-content/uploads/2021/04/kavanagh-B-H-300x375.jpg,4,King,,,,,,,,,,,,,,,,,,,,,,,active
king,,,,,,,true,,,,,,,,,,,,,,,,,,https://irishfamilysurnames.com/wp-content/uploads/2021/04/kehoe-B-H-300x375.jpg,5,King,,,,,,,,,,,,,,,,,,,,,,,active
kinsella,Family name History & Crest Plaques - Kinsella,"<p>Learn the full history of your family with a Family History or a Crest/History Combination.</p><p>Family History Standard : 16 x 20 cm | 6 x 8 inches. €9.90</p><p>Family History Large : 20 x 26 cm | 8 x 10 inches. €12.50</p><p>Family Combination (History &amp;amp;amp; Crest) : 26 x 20 cm | 10 x 8 inches.€14.95</p><p>Family Histories and Family Combinations are supplied mounted and ready to frame.<br/>FREE WORLDWIDE POSTAGE</p>",Irish Family Surnames,,General,"Heraldic Irish Family Names, Gifts under €25, Surname K",true,Title,Default Title,,,,,1803,0,shopify,20,deny,manual,12.45,,true,true,,https://irishfamilysurnames.com/wp-content/uploads/2021/04/kinsella-B-H.jpg,1,Kinsella,false,Family name History & Crest Plaques - Kinsella,Learn the full history of your family with a Family History or a Crest/History Combination. Family History Standard : 16 x 20 cm | 6 x 8 inches. €9.90 Family History Large : 20 x 26 cm | 8 x 10 inches. €12.50 Family Combination (History &amp; Crest) : 26 x 20 cm | 10 x 8 inches.€14.95 Family Histories and Family Combin,,,,,,,,,,,,,g,,,true,true,,,active
kinsella,,,,,,,true,,,,,,,,,,,,,,,,,,https://irishfamilysurnames.com/wp-content/uploads/2021/03/irishfamilysurnameslogo2.jpg,2,Kinsella,,,,,,,,,,,,,,,,,,,,,,,active
kinsella,,,,,,,true,,,,,,,,,,,,,,,,,,https://irishfamilysurnames.com/wp-content/uploads/2021/04/keefe-B-H-300x375.jpg,3,Kinsella,,,,,,,,,,,,,,,,,,,,,,,active
kinsella,,,,,,,true,,,,,,,,,,,,,,,,,,https://irishfamilysurnames.com/wp-content/uploads/2021/04/kenny-B-H-300x375.jpg,4,Kinsella,,,,,,,,,,,,,,,,,,,,,,,active
kinsella,,,,,,,true,,,,,,,,,,,,,,,,,,https://irishfamilysurnames.com/wp-content/uploads/2021/04/kelly-B-H-300x375.jpg,5,Kinsella,,,,,,,,,,,,,,,,,,,,,,,active
lalor,Family name History & Crest Plaques - Lalor,"<p>Learn the full history of your family with a Family History or a Crest/History Combination.</p><p>Family History Standard : 16 x 20 cm | 6 x 8 inches. €9.90</p><p>Family History Large : 20 x 26 cm | 8 x 10 inches. €12.50</p><p>Family Combination (History &amp;amp;amp; Crest) : 26 x 20 cm | 10 x 8 inches.€14.95</p><p>Family Histories and Family Combinations are supplied mounted and ready to frame.<br/>FREE WORLDWIDE POSTAGE</p>",Irish Family Surnames,,General,"Heraldic Irish Family Names, Gifts under €25, Surname L",true,Title,Default Title,,,,,1820,0,shopify,20,deny,manual,12.45,,true,true,,https://irishfamilysurnames.com/wp-content/uploads/2021/04/lalor-B-H.jpg,1,Lalor,false,Family name History & Crest Plaques - Lalor,Learn the full history of your family with a Family History or a Crest/History Combination. Family History Standard : 16 x 20 cm | 6 x 8 inches. €9.90 Family History Large : 20 x 26 cm | 8 x 10 inches. €12.50 Family Combination (History &amp; Crest) : 26 x 20 cm | 10 x 8 inches.€14.95 Family Histories and Family Combin,,,,,,,,,,,,,g,,,true,true,,,active
lalor,,,,,,,true,,,,,,,,,,,,,,,,,,https://irishfamilysurnames.com/wp-content/uploads/2021/03/irishfamilysurnameslogo2.jpg,2,Lalor,,,,,,,,,,,,,,,,,,,,,,,active
lalor,,,,,,,true,,,,,,,,,,,,,,,,,,https://irishfamilysurnames.com/wp-content/uploads/2021/04/lyons-B-H-1-300x375.jpg,3,Lalor,,,,,,,,,,,,,,,,,,,,,,,active
lalor,,,,,,,true,,,,,,,,,,,,,,,,,,https://irishfamilysurnames.com/wp-content/uploads/2021/04/lawler-B-H-1-300x375.jpg,4,Lalor,,,,,,,,,,,,,,,,,,,,,,,active
lalor,,,,,,,true,,,,,,,,,,,,,,,,,,https://irishfamilysurnames.com/wp-content/uploads/2021/04/leahy-B-H-1-300x375.jpg,5,Lalor,,,,,,,,,,,,,,,,,,,,,,,active
larkin,Family name History & Crest Plaques - Larkin,"<p>Learn the full history of your family with a Family History or a Crest/History Combination.</p><p>Family History Standard : 16 x 20 cm | 6 x 8 inches. €9.90</p><p>Family History Large : 20 x 26 cm | 8 x 10 inches. €12.50</p><p>Family Combination (History &amp;amp;amp; Crest) : 26 x 20 cm | 10 x 8 inches.€14.95</p><p>Family Histories and Family Combinations are supplied mounted and ready to frame.<br/>FREE WORLDWIDE POSTAGE</p>",Irish Family Surnames,,General,"Heraldic Irish Family Names, Gifts under €25, Surname L",true,Title,Default Title,,,,,1875,0,shopify,20,deny,manual,12.45,,true,true,,https://irishfamilysurnames.com/wp-content/uploads/2021/04/larkin-B-H.jpg,1,Larkin,false,Family name History & Crest Plaques - Larkin,Learn the full history of your family with a Family History or a Crest/History Combination. Family History Standard : 16 x 20 cm | 6 x 8 inches. €9.90 Family History Large : 20 x 26 cm | 8 x 10 inches. €12.50 Family Combination (History &amp; Crest) : 26 x 20 cm | 10 x 8 inches.€14.95 Family Histories and Family Combin,,,,,,,,,,,,,g,,,true,true,,,active
larkin,,,,,,,true,,,,,,,,,,,,,,,,,,https://irishfamilysurnames.com/wp-content/uploads/2021/03/irishfamilysurnameslogo2.jpg,2,Larkin,,,,,,,,,,,,,,,,,,,,,,,active
larkin,,,,,,,true,,,,,,,,,,,,,,,,,,https://irishfamilysurnames.com/wp-content/uploads/2021/04/leahy-B-H-1-300x375.jpg,3,Larkin,,,,,,,,,,,,,,,,,,,,,,,active
larkin,,,,,,,true,,,,,,,,,,,,,,,,,,https://irishfamilysurnames.com/wp-content/uploads/2021/04/lee-B-H-1-300x375.jpg,4,Larkin,,,,,,,,,,,,,,,,,,,,,,,active
larkin,,,,,,,true,,,,,,,,,,,,,,,,,,https://irishfamilysurnames.com/wp-content/uploads/2021/04/leary-B-H-1-300x375.jpg,5,Larkin,,,,,,,,,,,,,,,,,,,,,,,active
lawler,Family name History & Crest Plaques - Lawler,"<p>Learn the full history of your family with a Family History or a Crest/History Combination.</p><p>Family History Standard : 16 x 20 cm | 6 x 8 inches. €9.90</p><p>Family History Large : 20 x 26 cm | 8 x 10 inches. €12.50</p><p>Family Combination (History &amp;amp;amp; Crest) : 26 x 20 cm | 10 x 8 inches.€14.95</p><p>Family Histories and Family Combinations are supplied mounted and ready to frame.<br/>FREE WORLDWIDE POSTAGE</p>",Irish Family Surnames,,General,"Heraldic Irish Family Names, Gifts under €25, Surname L",true,Title,Default Title,,,,,1883,0,shopify,20,deny,manual,12.45,,true,true,,https://irishfamilysurnames.com/wp-content/uploads/2021/04/lawler-B-H-1.jpg,1,Lawler,false,Family name History & Crest Plaques - Lawler,Learn the full history of your family with a Family History or a Crest/History Combination. Family History Standard : 16 x 20 cm | 6 x 8 inches. €9.90 Family History Large : 20 x 26 cm | 8 x 10 inches. €12.50 Family Combination (History &amp; Crest) : 26 x 20 cm | 10 x 8 inches.€14.95 Family Histories and Family Combin,,,,,,,,,,,,,g,,,true,true,,,active
lawler,,,,,,,true,,,,,,,,,,,,,,,,,,https://irishfamilysurnames.com/wp-content/uploads/2021/03/irishfamilysurnameslogo2.jpg,2,Lawler,,,,,,,,,,,,,,,,,,,,,,,active
lawler,,,,,,,true,,,,,,,,,,,,,,,,,,https://irishfamilysurnames.com/wp-content/uploads/2021/04/lalor-B-H-300x375.jpg,3,Lawler,,,,,,,,,,,,,,,,,,,,,,,active
lawler,,,,,,,true,,,,,,,,,,,,,,,,,,https://irishfamilysurnames.com/wp-content/uploads/2021/04/lenihan-B-H-1-300x375.jpg,4,Lawler,,,,,,,,,,,,,,,,,,,,,,,active
lawler,,,,,,,true,,,,,,,,,,,,,,,,,,https://irishfamilysurnames.com/wp-content/uploads/2021/04/leahy-B-H-1-300x375.jpg,5,Lawler,,,,,,,,,,,,,,,,,,,,,,,active
lawlor,Family name History & Crest Plaques - Lawlor,"<p>Learn the full history of your family with a Family History or a Crest/History Combination.</p><p>Family History Standard : 16 x 20 cm | 6 x 8 inches. €9.90</p><p>Family History Large : 20 x 26 cm | 8 x 10 inches. €12.50</p><p>Family Combination (History &amp;amp;amp; Crest) : 26 x 20 cm | 10 x 8 inches.€14.95</p><p>Family Histories and Family Combinations are supplied mounted and ready to frame.<br/>FREE WORLDWIDE POSTAGE</p>",Irish Family Surnames,,General,"Heraldic Irish Family Names, Gifts under €25, Surname L",true,Title,Default Title,,,,,1894,0,shopify,20,deny,manual,12.45,,true,true,,https://irishfamilysurnames.com/wp-content/uploads/2021/04/lawlor-B-H-1.jpg,1,Lawlor,false,Family name History & Crest Plaques - Lawlor,Learn the full history of your family with a Family History or a Crest/History Combination. Family History Standard : 16 x 20 cm | 6 x 8 inches. €9.90 Family History Large : 20 x 26 cm | 8 x 10 inches. €12.50 Family Combination (History &amp; Crest) : 26 x 20 cm | 10 x 8 inches.€14.95 Family Histories and Family Combin,,,,,,,,,,,,,g,,,true,true,,,active
lawlor,,,,,,,true,,,,,,,,,,,,,,,,,,https://irishfamilysurnames.com/wp-content/uploads/2021/03/irishfamilysurnameslogo2.jpg,2,Lawlor,,,,,,,,,,,,,,,,,,,,,,,active
lawlor,,,,,,,true,,,,,,,,,,,,,,,,,,https://irishfamilysurnames.com/wp-content/uploads/2021/04/lyons-B-H-1-300x375.jpg,3,Lawlor,,,,,,,,,,,,,,,,,,,,,,,active
lawlor,,,,,,,true,,,,,,,,,,,,,,,,,,https://irishfamilysurnames.com/wp-content/uploads/2021/04/leahy-B-H-1-300x375.jpg,4,Lawlor,,,,,,,,,,,,,,,,,,,,,,,active
lawlor,,,,,,,true,,,,,,,,,,,,,,,,,,https://irishfamilysurnames.com/wp-content/uploads/2021/04/lynch-B-H-1-300x375.jpg,5,Lawlor,,,,,,,,,,,,,,,,,,,,,,,active
lee,Family name History & Crest Plaques - Lee,"<p>Learn the full history of your family with a Family History or a Crest/History Combination.</p><p>Family History Standard : 16 x 20 cm | 6 x 8 inches. €9.90</p><p>Family History Large : 20 x 26 cm | 8 x 10 inches. €12.50</p><p>Family Combination (History &amp;amp;amp; Crest) : 26 x 20 cm | 10 x 8 inches.€14.95</p><p>Family Histories and Family Combinations are supplied mounted and ready to frame.<br/>FREE WORLDWIDE POSTAGE</p>",Irish Family Surnames,,General,"Heraldic Irish Family Names, Gifts under €25, Surname L",true,Title,Default Title,,,,,1927,0,shopify,20,deny,manual,12.45,,true,true,,https://irishfamilysurnames.com/wp-content/uploads/2021/04/lee-B-H-1.jpg,1,Lee,false,Family name History & Crest Plaques - Lee,Learn the full history of your family with a Family History or a Crest/History Combination. Family History Standard : 16 x 20 cm | 6 x 8 inches. €9.90 Family History Large : 20 x 26 cm | 8 x 10 inches. €12.50 Family Combination (History &amp; Crest) : 26 x 20 cm | 10 x 8 inches.€14.95 Family Histories and Family Combin,,,,,,,,,,,,,g,,,true,true,,,active
lee,,,,,,,true,,,,,,,,,,,,,,,,,,https://irishfamilysurnames.com/wp-content/uploads/2021/03/irishfamilysurnameslogo2.jpg,2,Lee,,,,,,,,,,,,,,,,,,,,,,,active
lee,,,,,,,true,,,,,,,,,,,,,,,,,,https://irishfamilysurnames.com/wp-content/uploads/2021/04/lenihan-B-H-1-300x375.jpg,3,Lee,,,,,,,,,,,,,,,,,,,,,,,active
lee,,,,,,,true,,,,,,,,,,,,,,,,,,https://irishfamilysurnames.com/wp-content/uploads/2021/04/leary-B-H-1-300x375.jpg,4,Lee,,,,,,,,,,,,,,,,,,,,,,,active
lee,,,,,,,true,,,,,,,,,,,,,,,,,,https://irishfamilysurnames.com/wp-content/uploads/2021/04/leahy-B-H-1-300x375.jpg,5,Lee,,,,,,,,,,,,,,,,,,,,,,,active
lenihan,Family name History & Crest Plaques - Lenihan,"<p>Learn the full history of your family with a Family History or a Crest/History Combination.</p><p>Family History Standard : 16 x 20 cm | 6 x 8 inches. €9.90</p><p>Family History Large : 20 x 26 cm | 8 x 10 inches. €12.50</p><p>Family Combination (History &amp;amp;amp; Crest) : 26 x 20 cm | 10 x 8 inches.€14.95</p><p>Family Histories and Family Combinations are supplied mounted and ready to frame.<br/>FREE WORLDWIDE POSTAGE</p>",Irish Family Surnames,,General,"Heraldic Irish Family Names, Gifts under €25, Surname L",true,Title,Default Title,,,,,1939,0,shopify,20,deny,manual,12.45,,true,true,,https://irishfamilysurnames.com/wp-content/uploads/2021/04/lenihan-B-H-1.jpg,1,Lenihan,false,Family name History & Crest Plaques - Lenihan,Learn the full history of your family with a Family History or a Crest/History Combination. Family History Standard : 16 x 20 cm | 6 x 8 inches. €9.90 Family History Large : 20 x 26 cm | 8 x 10 inches. €12.50 Family Combination (History &amp; Crest) : 26 x 20 cm | 10 x 8 inches.€14.95 Family Histories and Family Combin,,,,,,,,,,,,,g,,,true,true,,,active
lenihan,,,,,,,true,,,,,,,,,,,,,,,,,,https://irishfamilysurnames.com/wp-content/uploads/2021/03/irishfamilysurnameslogo2.jpg,2,Lenihan,,,,,,,,,,,,,,,,,,,,,,,active
lenihan,,,,,,,true,,,,,,,,,,,,,,,,,,https://irishfamilysurnames.com/wp-content/uploads/2021/04/lee-B-H-1-300x375.jpg,3,Lenihan,,,,,,,,,,,,,,,,,,,,,,,active
lenihan,,,,,,,true,,,,,,,,,,,,,,,,,,https://irishfamilysurnames.com/wp-content/uploads/2021/04/lawler-B-H-1-300x375.jpg,4,Lenihan,,,,,,,,,,,,,,,,,,,,,,,active
lenihan,,,,,,,true,,,,,,,,,,,,,,,,,,https://irishfamilysurnames.com/wp-content/uploads/2021/04/leary-B-H-1-300x375.jpg,5,Lenihan,,,,,,,,,,,,,,,,,,,,,,,active
lennon,Family name History & Crest Plaques - Lennon,"<p>Learn the full history of your family with a Family History or a Crest/History Combination.</p><p>Family History Standard : 16 x 20 cm | 6 x 8 inches. €9.90</p><p>Family History Large : 20 x 26 cm | 8 x 10 inches. €12.50</p><p>Family Combination (History &amp;amp;amp; Crest) : 26 x 20 cm | 10 x 8 inches.€14.95</p><p>Family Histories and Family Combinations are supplied mounted and ready to frame.<br/>FREE WORLDWIDE POSTAGE</p>",Irish Family Surnames,,General,"Heraldic Irish Family Names, Gifts under €25, Surname L",true,Title,Default Title,,,,,1951,0,shopify,20,deny,manual,12.45,,true,true,,https://irishfamilysurnames.com/wp-content/uploads/2021/04/lennon-B-H-1.jpg,1,Lennon,false,Family name History & Crest Plaques - Lennon,Learn the full history of your family with a Family History or a Crest/History Combination. Family History Standard : 16 x 20 cm | 6 x 8 inches. €9.90 Family History Large : 20 x 26 cm | 8 x 10 inches. €12.50 Family Combination (History &amp; Crest) : 26 x 20 cm | 10 x 8 inches.€14.95 Family Histories and Family Combin,,,,,,,,,,,,,g,,,true,true,,,active
lennon,,,,,,,true,,,,,,,,,,,,,,,,,,https://irishfamilysurnames.com/wp-content/uploads/2021/03/irishfamilysurnameslogo2.jpg,2,Lennon,,,,,,,,,,,,,,,,,,,,,,,active
lennon,,,,,,,true,,,,,,,,,,,,,,,,,,https://irishfamilysurnames.com/wp-content/uploads/2021/04/lawler-B-H-1-300x375.jpg,3,Lennon,,,,,,,,,,,,,,,,,,,,,,,active
lennon,,,,,,,true,,,,,,,,,,,,,,,,,,https://irishfamilysurnames.com/wp-content/uploads/2021/04/leary-B-H-1-300x375.jpg,4,Lennon,,,,,,,,,,,,,,,,,,,,,,,active
lennon,,,,,,,true,,,,,,,,,,,,,,,,,,https://irishfamilysurnames.com/wp-content/uploads/2021/04/lawlor-B-H-1-300x375.jpg,5,Lennon,,,,,,,,,,,,,,,,,,,,,,,active
kirwan,Family name History & Crest Plaques - Kirwan,"<p>Learn the full history of your family with a Family History or a Crest/History Combination.</p><p>Family History Standard : 16 x 20 cm | 6 x 8 inches. €9.90</p><p>Family History Large : 20 x 26 cm | 8 x 10 inches. €12.50</p><p>Family Combination (History &amp;amp;amp; Crest) : 26 x 20 cm | 10 x 8 inches.€14.95</p><p>Family Histories and Family Combinations are supplied mounted and ready to frame.<br/>FREE WORLDWIDE POSTAGE</p>",Irish Family Surnames,,General,"Heraldic Irish Family Names, Gifts under €25, Surname K",true,Title,Default Title,,,,,1810,0,shopify,20,deny,manual,12.45,,true,true,,https://irishfamilysurnames.com/wp-content/uploads/2021/04/kirwan-B-H.jpg,1,Kirwan,false,Family name History & Crest Plaques - Kirwan,Learn the full history of your family with a Family History or a Crest/History Combination. Family History Standard : 16 x 20 cm | 6 x 8 inches. €9.90 Family History Large : 20 x 26 cm | 8 x 10 inches. €12.50 Family Combination (History &amp; Crest) : 26 x 20 cm | 10 x 8 inches.€14.95 Family Histories and Family Combin,,,,,,,,,,,,,g,,,true,true,,,active
kirwan,,,,,,,true,,,,,,,,,,,,,,,,,,https://irishfamilysurnames.com/wp-content/uploads/2021/03/irishfamilysurnameslogo2.jpg,2,Kirwan,,,,,,,,,,,,,,,,,,,,,,,active
kirwan,,,,,,,true,,,,,,,,,,,,,,,,,,https://irishfamilysurnames.com/wp-content/uploads/2021/04/king-B-H-300x375.jpg,3,Kirwan,,,,,,,,,,,,,,,,,,,,,,,active
kirwan,,,,,,,true,,,,,,,,,,,,,,,,,,https://irishfamilysurnames.com/wp-content/uploads/2021/04/keating-B-H-300x375.jpg,4,Kirwan,,,,,,,,,,,,,,,,,,,,,,,active
kirwan,,,,,,,true,,,,,,,,,,,,,,,,,,https://irishfamilysurnames.com/wp-content/uploads/2021/04/kerins-B-H-300x375.jpg,5,Kirwan,,,,,,,,,,,,,,,,,,,,,,,active
long,Family name History & Crest Plaques - Long,"<p>Learn the full history of your family with a Family History or a Crest/History Combination.</p><p>Family History Standard : 16 x 20 cm | 6 x 8 inches. €9.90</p><p>Family History Large : 20 x 26 cm | 8 x 10 inches. €12.50</p><p>Family Combination (History &amp;amp;amp; Crest) : 26 x 20 cm | 10 x 8 inches.€14.95</p><p>Family Histories and Family Combinations are supplied mounted and ready to frame.<br/>FREE WORLDWIDE POSTAGE</p>",Irish Family Surnames,,General,"Heraldic Irish Family Names, Gifts under €25, Surname L",true,Title,Default Title,,,,,1964,0,shopify,20,deny,manual,12.45,,true,true,,https://irishfamilysurnames.com/wp-content/uploads/2021/04/long-B-H-1.jpg,1,Long,false,Family name History & Crest Plaques - Long,Learn the full history of your family with a Family History or a Crest/History Combination. Family History Standard : 16 x 20 cm | 6 x 8 inches. €9.90 Family History Large : 20 x 26 cm | 8 x 10 inches. €12.50 Family Combination (History &amp; Crest) : 26 x 20 cm | 10 x 8 inches.€14.95 Family Histories and Family Combin,,,,,,,,,,,,,g,,,true,true,,,active
long,,,,,,,true,,,,,,,,,,,,,,,,,,https://irishfamilysurnames.com/wp-content/uploads/2021/03/irishfamilysurnameslogo2.jpg,2,Long,,,,,,,,,,,,,,,,,,,,,,,active
long,,,,,,,true,,,,,,,,,,,,,,,,,,https://irishfamilysurnames.com/wp-content/uploads/2021/04/lalor-B-H-300x375.jpg,3,Long,,,,,,,,,,,,,,,,,,,,,,,active
long,,,,,,,true,,,,,,,,,,,,,,,,,,https://irishfamilysurnames.com/wp-content/uploads/2021/04/larkin-B-H-300x375.jpg,4,Long,,,,,,,,,,,,,,,,,,,,,,,active
long,,,,,,,true,,,,,,,,,,,,,,,,,,https://irishfamilysurnames.com/wp-content/uploads/2021/04/lynch-B-H-1-300x375.jpg,5,Long,,,,,,,,,,,,,,,,,,,,,,,active
lyons,Family name History & Crest Plaques - Lyons,"<p>Learn the full history of your family with a Family History or a Crest/History Combination.</p><p>Family History Standard : 16 x 20 cm | 6 x 8 inches. €9.90</p><p>Family History Large : 20 x 26 cm | 8 x 10 inches. €12.50</p><p>Family Combination (History &amp;amp;amp; Crest) : 26 x 20 cm | 10 x 8 inches.€14.95</p><p>Family Histories and Family Combinations are supplied mounted and ready to frame.<br/>FREE WORLDWIDE POSTAGE</p>",Irish Family Surnames,,General,"Heraldic Irish Family Names, Gifts under €25, Surname L",true,Title,Default Title,,,,,1990,0,shopify,20,deny,manual,12.45,,true,true,,https://irishfamilysurnames.com/wp-content/uploads/2021/04/lyons-B-H-1.jpg,1,Lyons,false,Family name History & Crest Plaques - Lyons,Learn the full history of your family with a Family History or a Crest/History Combination. Family History Standard : 16 x 20 cm | 6 x 8 inches. €9.90 Family History Large : 20 x 26 cm | 8 x 10 inches. €12.50 Family Combination (History &amp; Crest) : 26 x 20 cm | 10 x 8 inches.€14.95 Family Histories and Family Combin,,,,,,,,,,,,,g,,,true,true,,,active
lyons,,,,,,,true,,,,,,,,,,,,,,,,,,https://irishfamilysurnames.com/wp-content/uploads/2021/03/irishfamilysurnameslogo2.jpg,2,Lyons,,,,,,,,,,,,,,,,,,,,,,,active
lyons,,,,,,,true,,,,,,,,,,,,,,,,,,https://irishfamilysurnames.com/wp-content/uploads/2021/04/leary-B-H-1-300x375.jpg,3,Lyons,,,,,,,,,,,,,,,,,,,,,,,active
lyons,,,,,,,true,,,,,,,,,,,,,,,,,,https://irishfamilysurnames.com/wp-content/uploads/2021/04/lee-B-H-1-300x375.jpg,4,Lyons,,,,,,,,,,,,,,,,,,,,,,,active
lyons,,,,,,,true,,,,,,,,,,,,,,,,,,https://irishfamilysurnames.com/wp-content/uploads/2021/04/long-B-H-1-300x375.jpg,5,Lyons,,,,,,,,,,,,,,,,,,,,,,,active
mackey,Family name History & Crest Plaques - Mackey,"<p>Learn the full history of your family with a Family History or a Crest/History Combination.</p><p>Family History Standard : 16 x 20 cm | 6 x 8 inches. €9.90</p><p>Family History Large : 20 x 26 cm | 8 x 10 inches. €12.50</p><p>Family Combination (History &amp;amp;amp; Crest) : 26 x 20 cm | 10 x 8 inches.€14.95</p><p>Family Histories and Family Combinations are supplied mounted and ready to frame.<br/>FREE WORLDWIDE POSTAGE</p>",Irish Family Surnames,,General,"Heraldic Irish Family Names, Gifts under €25, Surname M",true,Title,Default Title,,,,,1997,0,shopify,20,deny,manual,12.45,,true,true,,https://irishfamilysurnames.com/wp-content/uploads/2021/04/mackey-B-H.jpg,1,Mackey,false,Family name History & Crest Plaques - Mackey,Learn the full history of your family with a Family History or a Crest/History Combination. Family History Standard : 16 x 20 cm | 6 x 8 inches. €9.90 Family History Large : 20 x 26 cm | 8 x 10 inches. €12.50 Family Combination (History &amp; Crest) : 26 x 20 cm | 10 x 8 inches.€14.95 Family Histories and Family Combin,,,,,,,,,,,,,g,,,true,true,,,active
mackey,,,,,,,true,,,,,,,,,,,,,,,,,,https://irishfamilysurnames.com/wp-content/uploads/2021/03/irishfamilysurnameslogo2.jpg,2,Mackey,,,,,,,,,,,,,,,,,,,,,,,active
mackey,,,,,,,true,,,,,,,,,,,,,,,,,,https://irishfamilysurnames.com/wp-content/uploads/2021/04/mulligan-B-H-300x375.jpg,3,Mackey,,,,,,,,,,,,,,,,,,,,,,,active
mackey,,,,,,,true,,,,,,,,,,,,,,,,,,https://irishfamilysurnames.com/wp-content/uploads/2021/04/malley-B-H-300x375.jpg,4,Mackey,,,,,,,,,,,,,,,,,,,,,,,active
mackey,,,,,,,true,,,,,,,,,,,,,,,,,,https://irishfamilysurnames.com/wp-content/uploads/2021/04/moloney-B-H-300x375.jpg,5,Mackey,,,,,,,,,,,,,,,,,,,,,,,active
madden,Family name History & Crest Plaques - Madden,"<p>Learn the full history of your family with a Family History or a Crest/History Combination.</p><p>Family History Standard : 16 x 20 cm | 6 x 8 inches. €9.90</p><p>Family History Large : 20 x 26 cm | 8 x 10 inches. €12.50</p><p>Family Combination (History &amp;amp;amp; Crest) : 26 x 20 cm | 10 x 8 inches.€14.95</p><p>Family Histories and Family Combinations are supplied mounted and ready to frame.<br/>FREE WORLDWIDE POSTAGE</p>",Irish Family Surnames,,General,"Heraldic Irish Family Names, Gifts under €25, Surname M",true,Title,Default Title,,,,,2028,0,shopify,20,deny,manual,12.45,,true,true,,https://irishfamilysurnames.com/wp-content/uploads/2021/04/madden-B-H.jpg,1,Madden,false,Family name History & Crest Plaques - Madden,Learn the full history of your family with a Family History or a Crest/History Combination. Family History Standard : 16 x 20 cm | 6 x 8 inches. €9.90 Family History Large : 20 x 26 cm | 8 x 10 inches. €12.50 Family Combination (History &amp; Crest) : 26 x 20 cm | 10 x 8 inches.€14.95 Family Histories and Family Combin,,,,,,,,,,,,,g,,,true,true,,,active
madden,,,,,,,true,,,,,,,,,,,,,,,,,,https://irishfamilysurnames.com/wp-content/uploads/2021/03/irishfamilysurnameslogo2.jpg,2,Madden,,,,,,,,,,,,,,,,,,,,,,,active
madden,,,,,,,true,,,,,,,,,,,,,,,,,,https://irishfamilysurnames.com/wp-content/uploads/2021/04/mooney-B-H-300x375.jpg,3,Madden,,,,,,,,,,,,,,,,,,,,,,,active
madden,,,,,,,true,,,,,,,,,,,,,,,,,,https://irishfamilysurnames.com/wp-content/uploads/2021/04/martin-B-H-300x375.jpg,4,Madden,,,,,,,,,,,,,,,,,,,,,,,active
madden,,,,,,,true,,,,,,,,,,,,,,,,,,https://irishfamilysurnames.com/wp-content/uploads/2021/04/mahony-B-H-300x375.jpg,5,Madden,,,,,,,,,,,,,,,,,,,,,,,active
magee,Family name History & Crest Plaques - Magee,"<p>Learn the full history of your family with a Family History or a Crest/History Combination.</p><p>Family History Standard : 16 x 20 cm | 6 x 8 inches. €9.90</p><p>Family History Large : 20 x 26 cm | 8 x 10 inches. €12.50</p><p>Family Combination (History &amp;amp;amp; Crest) : 26 x 20 cm | 10 x 8 inches.€14.95</p><p>Family Histories and Family Combinations are supplied mounted and ready to frame.<br/>FREE WORLDWIDE POSTAGE</p>",Irish Family Surnames,,General,"Heraldic Irish Family Names, Gifts under €25, Surname M",true,Title,Default Title,,,,,2035,0,shopify,20,deny,manual,12.45,,true,true,,https://irishfamilysurnames.com/wp-content/uploads/2021/04/magee-B-H.jpg,1,Magee,false,Family name History & Crest Plaques - Magee,Learn the full history of your family with a Family History or a Crest/History Combination. Family History Standard : 16 x 20 cm | 6 x 8 inches. €9.90 Family History Large : 20 x 26 cm | 8 x 10 inches. €12.50 Family Combination (History &amp; Crest) : 26 x 20 cm | 10 x 8 inches.€14.95 Family Histories and Family Combin,,,,,,,,,,,,,g,,,true,true,,,active
magee,,,,,,,true,,,,,,,,,,,,,,,,,,https://irishfamilysurnames.com/wp-content/uploads/2021/03/irishfamilysurnameslogo2.jpg,2,Magee,,,,,,,,,,,,,,,,,,,,,,,active
magee,,,,,,,true,,,,,,,,,,,,,,,,,,https://irishfamilysurnames.com/wp-content/uploads/2021/04/malone-B-H-300x375.jpg,3,Magee,,,,,,,,,,,,,,,,,,,,,,,active
magee,,,,,,,true,,,,,,,,,,,,,,,,,,https://irishfamilysurnames.com/wp-content/uploads/2021/04/mara-B-H-300x375.jpg,4,Magee,,,,,,,,,,,,,,,,,,,,,,,active
magee,,,,,,,true,,,,,,,,,,,,,,,,,,https://irishfamilysurnames.com/wp-content/uploads/2021/04/mullan-B-H-300x375.jpg,5,Magee,,,,,,,,,,,,,,,,,,,,,,,active
maguire,Family name History & Crest Plaques - Maguire,"<p>Learn the full history of your family with a Family History or a Crest/History Combination.</p><p>Family History Standard : 16 x 20 cm | 6 x 8 inches. €9.90</p><p>Family History Large : 20 x 26 cm | 8 x 10 inches. €12.50</p><p>Family Combination (History &amp;amp;amp; Crest) : 26 x 20 cm | 10 x 8 inches.€14.95</p><p>Family Histories and Family Combinations are supplied mounted and ready to frame.<br/>FREE WORLDWIDE POSTAGE</p>",Irish Family Surnames,,General,"Heraldic Irish Family Names, Gifts under €25, Surname M",true,Title,Default Title,,,,,2042,0,shopify,20,deny,manual,12.45,,true,true,,https://irishfamilysurnames.com/wp-content/uploads/2021/04/maguire-B-H.jpg,1,Maguire,false,Family name History & Crest Plaques - Maguire,Learn the full history of your family with a Family History or a Crest/History Combination. Family History Standard : 16 x 20 cm | 6 x 8 inches. €9.90 Family History Large : 20 x 26 cm | 8 x 10 inches. €12.50 Family Combination (History &amp; Crest) : 26 x 20 cm | 10 x 8 inches.€14.95 Family Histories and Family Combin,,,,,,,,,,,,,g,,,true,true,,,active
maguire,,,,,,,true,,,,,,,,,,,,,,,,,,https://irishfamilysurnames.com/wp-content/uploads/2021/03/irishfamilysurnameslogo2.jpg,2,Maguire,,,,,,,,,,,,,,,,,,,,,,,active
maguire,,,,,,,true,,,,,,,,,,,,,,,,,,https://irishfamilysurnames.com/wp-content/uploads/2021/04/monaghan-B-H-300x375.jpg,3,Maguire,,,,,,,,,,,,,,,,,,,,,,,active
maguire,,,,,,,true,,,,,,,,,,,,,,,,,,https://irishfamilysurnames.com/wp-content/uploads/2021/04/molloy-B-H-300x375.jpg,4,Maguire,,,,,,,,,,,,,,,,,,,,,,,active
maguire,,,,,,,true,,,,,,,,,,,,,,,,,,https://irishfamilysurnames.com/wp-content/uploads/2021/04/moloney-B-H-300x375.jpg,5,Maguire,,,,,,,,,,,,,,,,,,,,,,,active
maher,Family name History & Crest Plaques - Maher,"<p>Learn the full history of your family with a Family History or a Crest/History Combination.</p><p>Family History Standard : 16 x 20 cm | 6 x 8 inches. €9.90</p><p>Family History Large : 20 x 26 cm | 8 x 10 inches. €12.50</p><p>Family Combination (History &amp;amp;amp; Crest) : 26 x 20 cm | 10 x 8 inches.€14.95</p><p>Family Histories and Family Combinations are supplied mounted and ready to frame.<br/>FREE WORLDWIDE POSTAGE</p>",Irish Family Surnames,,General,"Heraldic Irish Family Names, Gifts under €25, Surname M",true,Title,Default Title,,,,,2049,0,shopify,20,deny,manual,12.45,,true,true,,https://irishfamilysurnames.com/wp-content/uploads/2021/04/maher-B-H.jpg,1,Maher,false,Family name History & Crest Plaques - Maher,Learn the full history of your family with a Family History or a Crest/History Combination. Family History Standard : 16 x 20 cm | 6 x 8 inches. €9.90 Family History Large : 20 x 26 cm | 8 x 10 inches. €12.50 Family Combination (History &amp; Crest) : 26 x 20 cm | 10 x 8 inches.€14.95 Family Histories and Family Combin,,,,,,,,,,,,,g,,,true,true,,,active
maher,,,,,,,true,,,,,,,,,,,,,,,,,,https://irishfamilysurnames.com/wp-content/uploads/2021/03/irishfamilysurnameslogo2.jpg,2,Maher,,,,,,,,,,,,,,,,,,,,,,,active
maher,,,,,,,true,,,,,,,,,,,,,,,,,,https://irishfamilysurnames.com/wp-content/uploads/2021/04/murphy-B-H-300x375.jpg,3,Maher,,,,,,,,,,,,,,,,,,,,,,,active
maher,,,,,,,true,,,,,,,,,,,,,,,,,,https://irishfamilysurnames.com/wp-content/uploads/2021/04/moloney-B-H-300x375.jpg,4,Maher,,,,,,,,,,,,,,,,,,,,,,,active
maher,,,,,,,true,,,,,,,,,,,,,,,,,,https://irishfamilysurnames.com/wp-content/uploads/2021/04/maguire-B-H-300x375.jpg,5,Maher,,,,,,,,,,,,,,,,,,,,,,,active
mahon,Family name History & Crest Plaques - Mahon,"<p>Learn the full history of your family with a Family History or a Crest/History Combination.</p><p>Family History Standard : 16 x 20 cm | 6 x 8 inches. €9.90</p><p>Family History Large : 20 x 26 cm | 8 x 10 inches. €12.50</p><p>Family Combination (History &amp;amp;amp; Crest) : 26 x 20 cm | 10 x 8 inches.€14.95</p><p>Family Histories and Family Combinations are supplied mounted and ready to frame.<br/>FREE WORLDWIDE POSTAGE</p>",Irish Family Surnames,,General,"Heraldic Irish Family Names, Gifts under €25, Surname M",true,Title,Default Title,,,,,2056,0,shopify,20,deny,manual,12.45,,true,true,,https://irishfamilysurnames.com/wp-content/uploads/2021/04/mahon-B-H.jpg,1,Mahon,false,Family name History & Crest Plaques - Mahon,Learn the full history of your family with a Family History or a Crest/History Combination. Family History Standard : 16 x 20 cm | 6 x 8 inches. €9.90 Family History Large : 20 x 26 cm | 8 x 10 inches. €12.50 Family Combination (History &amp; Crest) : 26 x 20 cm | 10 x 8 inches.€14.95 Family Histories and Family Combin,,,,,,,,,,,,,g,,,true,true,,,active
mahon,,,,,,,true,,,,,,,,,,,,,,,,,,https://irishfamilysurnames.com/wp-content/uploads/2021/03/irishfamilysurnameslogo2.jpg,2,Mahon,,,,,,,,,,,,,,,,,,,,,,,active
mahon,,,,,,,true,,,,,,,,,,,,,,,,,,https://irishfamilysurnames.com/wp-content/uploads/2021/04/mackey-B-H-300x375.jpg,3,Mahon,,,,,,,,,,,,,,,,,,,,,,,active
mahon,,,,,,,true,,,,,,,,,,,,,,,,,,https://irishfamilysurnames.com/wp-content/uploads/2021/04/moriarty-B-H-300x375.jpg,4,Mahon,,,,,,,,,,,,,,,,,,,,,,,active
mahon,,,,,,,true,,,,,,,,,,,,,,,,,,https://irishfamilysurnames.com/wp-content/uploads/2021/04/mullan-B-H-300x375.jpg,5,Mahon,,,,,,,,,,,,,,,,,,,,,,,active
mahoney,Family name History & Crest Plaques - Mahoney,"<p>Learn the full history of your family with a Family History or a Crest/History Combination.</p><p>Family History Standard : 16 x 20 cm | 6 x 8 inches. €9.90</p><p>Family History Large : 20 x 26 cm | 8 x 10 inches. €12.50</p><p>Family Combination (History &amp;amp;amp; Crest) : 26 x 20 cm | 10 x 8 inches.€14.95</p><p>Family Histories and Family Combinations are supplied mounted and ready to frame.<br/>FREE WORLDWIDE POSTAGE</p>",Irish Family Surnames,,General,"Heraldic Irish Family Names, Gifts under €25, Surname M",true,Title,Default Title,,,,,2063,0,shopify,20,deny,manual,12.45,,true,true,,https://irishfamilysurnames.com/wp-content/uploads/2021/04/mahoney-B-H.jpg,1,Mahoney,false,Family name History & Crest Plaques - Mahoney,Learn the full history of your family with a Family History or a Crest/History Combination. Family History Standard : 16 x 20 cm | 6 x 8 inches. €9.90 Family History Large : 20 x 26 cm | 8 x 10 inches. €12.50 Family Combination (History &amp; Crest) : 26 x 20 cm | 10 x 8 inches.€14.95 Family Histories and Family Combin,,,,,,,,,,,,,g,,,true,true,,,active
mahoney,,,,,,,true,,,,,,,,,,,,,,,,,,https://irishfamilysurnames.com/wp-content/uploads/2021/03/irishfamilysurnameslogo2.jpg,2,Mahoney,,,,,,,,,,,,,,,,,,,,,,,active
mahoney,,,,,,,true,,,,,,,,,,,,,,,,,,https://irishfamilysurnames.com/wp-content/uploads/2021/04/moran-B-H-300x375.jpg,3,Mahoney,,,,,,,,,,,,,,,,,,,,,,,active
mahoney,,,,,,,true,,,,,,,,,,,,,,,,,,https://irishfamilysurnames.com/wp-content/uploads/2021/04/mitchell-B-H-300x375.jpg,4,Mahoney,,,,,,,,,,,,,,,,,,,,,,,active
mahoney,,,,,,,true,,,,,,,,,,,,,,,,,,https://irishfamilysurnames.com/wp-content/uploads/2021/04/moloney-B-H-300x375.jpg,5,Mahoney,,,,,,,,,,,,,,,,,,,,,,,active
mahony,Family name History & Crest Plaques - Mahony,"<p>Learn the full history of your family with a Family History or a Crest/History Combination.</p><p>Family History Standard : 16 x 20 cm | 6 x 8 inches. €9.90</p><p>Family History Large : 20 x 26 cm | 8 x 10 inches. €12.50</p><p>Family Combination (History &amp;amp;amp; Crest) : 26 x 20 cm | 10 x 8 inches.€14.95</p><p>Family Histories and Family Combinations are supplied mounted and ready to frame.<br/>FREE WORLDWIDE POSTAGE</p>",Irish Family Surnames,,General,"Heraldic Irish Family Names, Gifts under €25, Surname M",true,Title,Default Title,,,,,2114,0,shopify,20,deny,manual,12.45,,true,true,,https://irishfamilysurnames.com/wp-content/uploads/2021/04/mahony-B-H.jpg,1,Mahony,false,Family name History & Crest Plaques - Mahony,Learn the full history of your family with a Family History or a Crest/History Combination. Family History Standard : 16 x 20 cm | 6 x 8 inches. €9.90 Family History Large : 20 x 26 cm | 8 x 10 inches. €12.50 Family Combination (History &amp; Crest) : 26 x 20 cm | 10 x 8 inches.€14.95 Family Histories and Family Combin,,,,,,,,,,,,,g,,,true,true,,,active
mahony,,,,,,,true,,,,,,,,,,,,,,,,,,https://irishfamilysurnames.com/wp-content/uploads/2021/03/irishfamilysurnameslogo2.jpg,2,Mahony,,,,,,,,,,,,,,,,,,,,,,,active
mahony,,,,,,,true,,,,,,,,,,,,,,,,,,https://irishfamilysurnames.com/wp-content/uploads/2021/04/moran-B-H-300x375.jpg,3,Mahony,,,,,,,,,,,,,,,,,,,,,,,active
mahony,,,,,,,true,,,,,,,,,,,,,,,,,,https://irishfamilysurnames.com/wp-content/uploads/2021/04/murray-B-H-300x375.jpg,4,Mahony,,,,,,,,,,,,,,,,,,,,,,,active
mahony,,,,,,,true,,,,,,,,,,,,,,,,,,https://irishfamilysurnames.com/wp-content/uploads/2021/04/mullen-B-H-300x375.jpg,5,Mahony,,,,,,,,,,,,,,,,,,,,,,,active
malley,Family name History & Crest Plaques - Malley,"<p>Learn the full history of your family with a Family History or a Crest/History Combination.</p><p>Family History Standard : 16 x 20 cm | 6 x 8 inches. €9.90</p><p>Family History Large : 20 x 26 cm | 8 x 10 inches. €12.50</p><p>Family Combination (History &amp;amp;amp; Crest) : 26 x 20 cm | 10 x 8 inches.€14.95</p><p>Family Histories and Family Combinations are supplied mounted and ready to frame.<br/>FREE WORLDWIDE POSTAGE</p>",Irish Family Surnames,,General,"Heraldic Irish Family Names, Gifts under €25, Surname M",true,Title,Default Title,,,,,2121,0,shopify,20,deny,manual,12.45,,true,true,,https://irishfamilysurnames.com/wp-content/uploads/2021/04/malley-B-H.jpg,1,Malley,false,Family name History & Crest Plaques - Malley,Learn the full history of your family with a Family History or a Crest/History Combination. Family History Standard : 16 x 20 cm | 6 x 8 inches. €9.90 Family History Large : 20 x 26 cm | 8 x 10 inches. €12.50 Family Combination (History &amp; Crest) : 26 x 20 cm | 10 x 8 inches.€14.95 Family Histories and Family Combin,,,,,,,,,,,,,g,,,true,true,,,active
malley,,,,,,,true,,,,,,,,,,,,,,,,,,https://irishfamilysurnames.com/wp-content/uploads/2021/03/irishfamilysurnameslogo2.jpg,2,Malley,,,,,,,,,,,,,,,,,,,,,,,active
malley,,,,,,,true,,,,,,,,,,,,,,,,,,https://irishfamilysurnames.com/wp-content/uploads/2021/04/martin-B-H-300x375.jpg,3,Malley,,,,,,,,,,,,,,,,,,,,,,,active
malley,,,,,,,true,,,,,,,,,,,,,,,,,,https://irishfamilysurnames.com/wp-content/uploads/2021/04/morris-B-H-300x375.jpg,4,Malley,,,,,,,,,,,,,,,,,,,,,,,active
malley,,,,,,,true,,,,,,,,,,,,,,,,,,https://irishfamilysurnames.com/wp-content/uploads/2021/04/mahon-B-H-300x375.jpg,5,Malley,,,,,,,,,,,,,,,,,,,,,,,active
manning,Family name History & Crest Plaques - Manning,"<p>Learn the full history of your family with a Family History or a Crest/History Combination.</p><p>Family History Standard : 16 x 20 cm | 6 x 8 inches. €9.90</p><p>Family History Large : 20 x 26 cm | 8 x 10 inches. €12.50</p><p>Family Combination (History &amp;amp;amp; Crest) : 26 x 20 cm | 10 x 8 inches.€14.95</p><p>Family Histories and Family Combinations are supplied mounted and ready to frame.<br/>FREE WORLDWIDE POSTAGE</p>",Irish Family Surnames,,General,"Heraldic Irish Family Names, Gifts under €25, Surname M",true,Title,Default Title,,,,,2135,0,shopify,20,deny,manual,12.45,,true,true,,https://irishfamilysurnames.com/wp-content/uploads/2021/04/manning-B-H.jpg,1,Manning,false,Family name History & Crest Plaques - Manning,Learn the full history of your family with a Family History or a Crest/History Combination. Family History Standard : 16 x 20 cm | 6 x 8 inches. €9.90 Family History Large : 20 x 26 cm | 8 x 10 inches. €12.50 Family Combination (History &amp; Crest) : 26 x 20 cm | 10 x 8 inches.€14.95 Family Histories and Family Combin,,,,,,,,,,,,,g,,,true,true,,,active
manning,,,,,,,true,,,,,,,,,,,,,,,,,,https://irishfamilysurnames.com/wp-content/uploads/2021/03/irishfamilysurnameslogo2.jpg,2,Manning,,,,,,,,,,,,,,,,,,,,,,,active
manning,,,,,,,true,,,,,,,,,,,,,,,,,,https://irishfamilysurnames.com/wp-content/uploads/2021/04/mullan-B-H-300x375.jpg,3,Manning,,,,,,,,,,,,,,,,,,,,,,,active
manning,,,,,,,true,,,,,,,,,,,,,,,,,,https://irishfamilysurnames.com/wp-content/uploads/2021/04/monaghan-B-H-300x375.jpg,4,Manning,,,,,,,,,,,,,,,,,,,,,,,active
manning,,,,,,,true,,,,,,,,,,,,,,,,,,https://irishfamilysurnames.com/wp-content/uploads/2021/04/morris-B-H-300x375.jpg,5,Manning,,,,,,,,,,,,,,,,,,,,,,,active
mara,Family name History & Crest Plaques - Mara,"<p>Learn the full history of your family with a Family History or a Crest/History Combination.</p><p>Family History Standard : 16 x 20 cm | 6 x 8 inches. €9.90</p><p>Family History Large : 20 x 26 cm | 8 x 10 inches. €12.50</p><p>Family Combination (History &amp;amp;amp; Crest) : 26 x 20 cm | 10 x 8 inches.€14.95</p><p>Family Histories and Family Combinations are supplied mounted and ready to frame.<br/>FREE WORLDWIDE POSTAGE</p>",Irish Family Surnames,,General,"Heraldic Irish Family Names, Gifts under €25, Surname M",true,Title,Default Title,,,,,2142,0,shopify,20,deny,manual,12.45,,true,true,,https://irishfamilysurnames.com/wp-content/uploads/2021/04/mara-B-H.jpg,1,Mara,false,Family name History & Crest Plaques - Mara,Learn the full history of your family with a Family History or a Crest/History Combination. Family History Standard : 16 x 20 cm | 6 x 8 inches. €9.90 Family History Large : 20 x 26 cm | 8 x 10 inches. €12.50 Family Combination (History &amp; Crest) : 26 x 20 cm | 10 x 8 inches.€14.95 Family Histories and Family Combin,,,,,,,,,,,,,g,,,true,true,,,active
mara,,,,,,,true,,,,,,,,,,,,,,,,,,https://irishfamilysurnames.com/wp-content/uploads/2021/03/irishfamilysurnameslogo2.jpg,2,Mara,,,,,,,,,,,,,,,,,,,,,,,active
mara,,,,,,,true,,,,,,,,,,,,,,,,,,https://irishfamilysurnames.com/wp-content/uploads/2021/04/meehan-B-H-300x375.jpg,3,Mara,,,,,,,,,,,,,,,,,,,,,,,active
mara,,,,,,,true,,,,,,,,,,,,,,,,,,https://irishfamilysurnames.com/wp-content/uploads/2021/04/mooney-B-H-300x375.jpg,4,Mara,,,,,,,,,,,,,,,,,,,,,,,active
mara,,,,,,,true,,,,,,,,,,,,,,,,,,https://irishfamilysurnames.com/wp-content/uploads/2021/04/martin-B-H-300x375.jpg,5,Mara,,,,,,,,,,,,,,,,,,,,,,,active
martin,Family name History & Crest Plaques - Martin,"<p>Learn the full history of your family with a Family History or a Crest/History Combination.</p><p>Family History Standard : 16 x 20 cm | 6 x 8 inches. €9.90</p><p>Family History Large : 20 x 26 cm | 8 x 10 inches. €12.50</p><p>Family Combination (History &amp;amp;amp; Crest) : 26 x 20 cm | 10 x 8 inches.€14.95</p><p>Family Histories and Family Combinations are supplied mounted and ready to frame.<br/>FREE WORLDWIDE POSTAGE</p>",Irish Family Surnames,,General,"Heraldic Irish Family Names, Gifts under €25, Surname M",true,Title,Default Title,,,,,2149,0,shopify,20,deny,manual,12.45,,true,true,,https://irishfamilysurnames.com/wp-content/uploads/2021/04/martin-B-H.jpg,1,Martin,false,Family name History & Crest Plaques - Martin,Learn the full history of your family with a Family History or a Crest/History Combination. Family History Standard : 16 x 20 cm | 6 x 8 inches. €9.90 Family History Large : 20 x 26 cm | 8 x 10 inches. €12.50 Family Combination (History &amp; Crest) : 26 x 20 cm | 10 x 8 inches.€14.95 Family Histories and Family Combin,,,,,,,,,,,,,g,,,true,true,,,active
martin,,,,,,,true,,,,,,,,,,,,,,,,,,https://irishfamilysurnames.com/wp-content/uploads/2021/03/irishfamilysurnameslogo2.jpg,2,Martin,,,,,,,,,,,,,,,,,,,,,,,active
martin,,,,,,,true,,,,,,,,,,,,,,,,,,https://irishfamilysurnames.com/wp-content/uploads/2021/04/mahoney-B-H-300x375.jpg,3,Martin,,,,,,,,,,,,,,,,,,,,,,,active
martin,,,,,,,true,,,,,,,,,,,,,,,,,,https://irishfamilysurnames.com/wp-content/uploads/2021/04/moore-B-H-300x375.jpg,4,Martin,,,,,,,,,,,,,,,,,,,,,,,active
martin,,,,,,,true,,,,,,,,,,,,,,,,,,https://irishfamilysurnames.com/wp-content/uploads/2021/04/murray-B-H-300x375.jpg,5,Martin,,,,,,,,,,,,,,,,,,,,,,,active
meagher,Family name History & Crest Plaques - Meagher,"<p>Learn the full history of your family with a Family History or a Crest/History Combination.</p><p>Family History Standard : 16 x 20 cm | 6 x 8 inches. €9.90</p><p>Family History Large : 20 x 26 cm | 8 x 10 inches. €12.50</p><p>Family Combination (History &amp;amp;amp; Crest) : 26 x 20 cm | 10 x 8 inches.€14.95</p><p>Family Histories and Family Combinations are supplied mounted and ready to frame.<br/>FREE WORLDWIDE POSTAGE</p>",Irish Family Surnames,,General,"Heraldic Irish Family Names, Gifts under €25, Surname M",true,Title,Default Title,,,,,2180,0,shopify,20,deny,manual,12.45,,true,true,,https://irishfamilysurnames.com/wp-content/uploads/2021/04/meagher-B-H.jpg,1,Meagher,false,Family name History & Crest Plaques - Meagher,Learn the full history of your family with a Family History or a Crest/History Combination. Family History Standard : 16 x 20 cm | 6 x 8 inches. €9.90 Family History Large : 20 x 26 cm | 8 x 10 inches. €12.50 Family Combination (History &amp; Crest) : 26 x 20 cm | 10 x 8 inches.€14.95 Family Histories and Family Combin,,,,,,,,,,,,,g,,,true,true,,,active
meagher,,,,,,,true,,,,,,,,,,,,,,,,,,https://irishfamilysurnames.com/wp-content/uploads/2021/03/irishfamilysurnameslogo2.jpg,2,Meagher,,,,,,,,,,,,,,,,,,,,,,,active
meagher,,,,,,,true,,,,,,,,,,,,,,,,,,https://irishfamilysurnames.com/wp-content/uploads/2021/04/murphy-B-H-300x375.jpg,3,Meagher,,,,,,,,,,,,,,,,,,,,,,,active
meagher,,,,,,,true,,,,,,,,,,,,,,,,,,https://irishfamilysurnames.com/wp-content/uploads/2021/04/mahon-B-H-300x375.jpg,4,Meagher,,,,,,,,,,,,,,,,,,,,,,,active
meagher,,,,,,,true,,,,,,,,,,,,,,,,,,https://irishfamilysurnames.com/wp-content/uploads/2021/04/monaghan-B-H-300x375.jpg,5,Meagher,,,,,,,,,,,,,,,,,,,,,,,active
miller,Family name History & Crest Plaques - Miller,"<p>Learn the full history of your family with a Family History or a Crest/History Combination.</p><p>Family History Standard : 16 x 20 cm | 6 x 8 inches. €9.90</p><p>Family History Large : 20 x 26 cm | 8 x 10 inches. €12.50</p><p>Family Combination (History &amp;amp;amp; Crest) : 26 x 20 cm | 10 x 8 inches.€14.95</p><p>Family Histories and Family Combinations are supplied mounted and ready to frame.<br/>FREE WORLDWIDE POSTAGE</p>",Irish Family Surnames,,General,"Heraldic Irish Family Names, Gifts under €25, Surname M",true,Title,Default Title,,,,,2201,0,shopify,20,deny,manual,12.45,,true,true,,https://irishfamilysurnames.com/wp-content/uploads/2021/04/miller-B-H.jpg,1,Miller,false,Family name History & Crest Plaques - Miller,Learn the full history of your family with a Family History or a Crest/History Combination. Family History Standard : 16 x 20 cm | 6 x 8 inches. €9.90 Family History Large : 20 x 26 cm | 8 x 10 inches. €12.50 Family Combination (History &amp; Crest) : 26 x 20 cm | 10 x 8 inches.€14.95 Family Histories and Family Combin,,,,,,,,,,,,,g,,,true,true,,,active
miller,,,,,,,true,,,,,,,,,,,,,,,,,,https://irishfamilysurnames.com/wp-content/uploads/2021/03/irishfamilysurnameslogo2.jpg,2,Miller,,,,,,,,,,,,,,,,,,,,,,,active
miller,,,,,,,true,,,,,,,,,,,,,,,,,,https://irishfamilysurnames.com/wp-content/uploads/2021/04/martin-B-H-300x375.jpg,3,Miller,,,,,,,,,,,,,,,,,,,,,,,active
miller,,,,,,,true,,,,,,,,,,,,,,,,,,https://irishfamilysurnames.com/wp-content/uploads/2021/04/murray-B-H-300x375.jpg,4,Miller,,,,,,,,,,,,,,,,,,,,,,,active
miller,,,,,,,true,,,,,,,,,,,,,,,,,,https://irishfamilysurnames.com/wp-content/uploads/2021/04/mahony-B-H-300x375.jpg,5,Miller,,,,,,,,,,,,,,,,,,,,,,,active
mitchell,Family name History & Crest Plaques - Mitchell,"<p>Learn the full history of your family with a Family History or a Crest/History Combination.</p><p>Family History Standard : 16 x 20 cm | 6 x 8 inches. €9.90</p><p>Family History Large : 20 x 26 cm | 8 x 10 inches. €12.50</p><p>Family Combination (History &amp;amp;amp; Crest) : 26 x 20 cm | 10 x 8 inches.€14.95</p><p>Family Histories and Family Combinations are supplied mounted and ready to frame.<br/>FREE WORLDWIDE POSTAGE</p>",Irish Family Surnames,,General,"Heraldic Irish Family Names, Gifts under €25, Surname M",true,Title,Default Title,,,,,2208,0,shopify,20,deny,manual,12.45,,true,true,,https://irishfamilysurnames.com/wp-content/uploads/2021/04/mitchell-B-H.jpg,1,Mitchell,false,Family name History & Crest Plaques - Mitchell,Learn the full history of your family with a Family History or a Crest/History Combination. Family History Standard : 16 x 20 cm | 6 x 8 inches. €9.90 Family History Large : 20 x 26 cm | 8 x 10 inches. €12.50 Family Combination (History &amp; Crest) : 26 x 20 cm | 10 x 8 inches.€14.95 Family Histories and Family Combin,,,,,,,,,,,,,g,,,true,true,,,active
mitchell,,,,,,,true,,,,,,,,,,,,,,,,,,https://irishfamilysurnames.com/wp-content/uploads/2021/03/irishfamilysurnameslogo2.jpg,2,Mitchell,,,,,,,,,,,,,,,,,,,,,,,active
mitchell,,,,,,,true,,,,,,,,,,,,,,,,,,https://irishfamilysurnames.com/wp-content/uploads/2021/04/mulligan-B-H-300x375.jpg,3,Mitchell,,,,,,,,,,,,,,,,,,,,,,,active
mitchell,,,,,,,true,,,,,,,,,,,,,,,,,,https://irishfamilysurnames.com/wp-content/uploads/2021/04/mackey-B-H-300x375.jpg,4,Mitchell,,,,,,,,,,,,,,,,,,,,,,,active
mitchell,,,,,,,true,,,,,,,,,,,,,,,,,,https://irishfamilysurnames.com/wp-content/uploads/2021/04/malley-B-H-300x375.jpg,5,Mitchell,,,,,,,,,,,,,,,,,,,,,,,active
monaghan,Family name History & Crest Plaques - Monaghan,"<p>Learn the full history of your family with a Family History or a Crest/History Combination.</p><p>Family History Standard : 16 x 20 cm | 6 x 8 inches. €9.90</p><p>Family History Large : 20 x 26 cm | 8 x 10 inches. €12.50</p><p>Family Combination (History &amp;amp;amp; Crest) : 26 x 20 cm | 10 x 8 inches.€14.95</p><p>Family Histories and Family Combinations are supplied mounted and ready to frame.<br/>FREE WORLDWIDE POSTAGE</p>",Irish Family Surnames,,General,"Heraldic Irish Family Names, Gifts under €25, Surname M",true,Title,Default Title,,,,,2245,0,shopify,20,deny,manual,12.45,,true,true,,https://irishfamilysurnames.com/wp-content/uploads/2021/04/monaghan-B-H.jpg,1,Monaghan,false,Family name History & Crest Plaques - Monaghan,Learn the full history of your family with a Family History or a Crest/History Combination. Family History Standard : 16 x 20 cm | 6 x 8 inches. €9.90 Family History Large : 20 x 26 cm | 8 x 10 inches. €12.50 Family Combination (History &amp; Crest) : 26 x 20 cm | 10 x 8 inches.€14.95 Family Histories and Family Combin,,,,,,,,,,,,,g,,,true,true,,,active
monaghan,,,,,,,true,,,,,,,,,,,,,,,,,,https://irishfamilysurnames.com/wp-content/uploads/2021/03/irishfamilysurnameslogo2.jpg,2,Monaghan,,,,,,,,,,,,,,,,,,,,,,,active
monaghan,,,,,,,true,,,,,,,,,,,,,,,,,,https://irishfamilysurnames.com/wp-content/uploads/2021/04/maguire-B-H-300x375.jpg,3,Monaghan,,,,,,,,,,,,,,,,,,,,,,,active
monaghan,,,,,,,true,,,,,,,,,,,,,,,,,,https://irishfamilysurnames.com/wp-content/uploads/2021/04/mooney-B-H-300x375.jpg,4,Monaghan,,,,,,,,,,,,,,,,,,,,,,,active
monaghan,,,,,,,true,,,,,,,,,,,,,,,,,,https://irishfamilysurnames.com/wp-content/uploads/2021/04/mullan-B-H-300x375.jpg,5,Monaghan,,,,,,,,,,,,,,,,,,,,,,,active
mooney,Family name History & Crest Plaques - Mooney,"<p>Learn the full history of your family with a Family History or a Crest/History Combination.</p><p>Family History Standard : 16 x 20 cm | 6 x 8 inches. €9.90</p><p>Family History Large : 20 x 26 cm | 8 x 10 inches. €12.50</p><p>Family Combination (History &amp;amp;amp; Crest) : 26 x 20 cm | 10 x 8 inches.€14.95</p><p>Family Histories and Family Combinations are supplied mounted and ready to frame.<br/>FREE WORLDWIDE POSTAGE</p>",Irish Family Surnames,,General,"Heraldic Irish Family Names, Gifts under €25, Surname M",true,Title,Default Title,,,,,2260,0,shopify,20,deny,manual,12.45,,true,true,,https://irishfamilysurnames.com/wp-content/uploads/2021/04/mooney-B-H.jpg,1,Mooney,false,Family name History & Crest Plaques - Mooney,Learn the full history of your family with a Family History or a Crest/History Combination. Family History Standard : 16 x 20 cm | 6 x 8 inches. €9.90 Family History Large : 20 x 26 cm | 8 x 10 inches. €12.50 Family Combination (History &amp; Crest) : 26 x 20 cm | 10 x 8 inches.€14.95 Family Histories and Family Combin,,,,,,,,,,,,,g,,,true,true,,,active
mooney,,,,,,,true,,,,,,,,,,,,,,,,,,https://irishfamilysurnames.com/wp-content/uploads/2021/03/irishfamilysurnameslogo2.jpg,2,Mooney,,,,,,,,,,,,,,,,,,,,,,,active
mooney,,,,,,,true,,,,,,,,,,,,,,,,,,https://irishfamilysurnames.com/wp-content/uploads/2021/04/malone-B-H-300x375.jpg,3,Mooney,,,,,,,,,,,,,,,,,,,,,,,active
mooney,,,,,,,true,,,,,,,,,,,,,,,,,,https://irishfamilysurnames.com/wp-content/uploads/2021/04/monaghan-B-H-300x375.jpg,4,Mooney,,,,,,,,,,,,,,,,,,,,,,,active
mooney,,,,,,,true,,,,,,,,,,,,,,,,,,https://irishfamilysurnames.com/wp-content/uploads/2021/04/madden-B-H-300x375.jpg,5,Mooney,,,,,,,,,,,,,,,,,,,,,,,active
moore,Family name History & Crest Plaques - Moore,"<p>Learn the full history of your family with a Family History or a Crest/History Combination.</p><p>Family History Standard : 16 x 20 cm | 6 x 8 inches. €9.90</p><p>Family History Large : 20 x 26 cm | 8 x 10 inches. €12.50</p><p>Family Combination (History &amp;amp;amp; Crest) : 26 x 20 cm | 10 x 8 inches.€14.95</p><p>Family Histories and Family Combinations are supplied mounted and ready to frame.<br/>FREE WORLDWIDE POSTAGE</p>",Irish Family Surnames,,General,"Heraldic Irish Family Names, Gifts under €25, Surname M",true,Title,Default Title,,,,,2272,0,shopify,20,deny,manual,12.45,,true,true,,https://irishfamilysurnames.com/wp-content/uploads/2021/04/moore-B-H.jpg,1,Moore,false,Family name History & Crest Plaques - Moore,Learn the full history of your family with a Family History or a Crest/History Combination. Family History Standard : 16 x 20 cm | 6 x 8 inches. €9.90 Family History Large : 20 x 26 cm | 8 x 10 inches. €12.50 Family Combination (History &amp; Crest) : 26 x 20 cm | 10 x 8 inches.€14.95 Family Histories and Family Combin,,,,,,,,,,,,,g,,,true,true,,,active
moore,,,,,,,true,,,,,,,,,,,,,,,,,,https://irishfamilysurnames.com/wp-content/uploads/2021/03/irishfamilysurnameslogo2.jpg,2,Moore,,,,,,,,,,,,,,,,,,,,,,,active
moore,,,,,,,true,,,,,,,,,,,,,,,,,,https://irishfamilysurnames.com/wp-content/uploads/2021/04/mitchell-B-H-300x375.jpg,3,Moore,,,,,,,,,,,,,,,,,,,,,,,active
moore,,,,,,,true,,,,,,,,,,,,,,,,,,https://irishfamilysurnames.com/wp-content/uploads/2021/04/malley-B-H-300x375.jpg,4,Moore,,,,,,,,,,,,,,,,,,,,,,,active
moore,,,,,,,true,,,,,,,,,,,,,,,,,,https://irishfamilysurnames.com/wp-content/uploads/2021/04/mahony-B-H-300x375.jpg,5,Moore,,,,,,,,,,,,,,,,,,,,,,,active
moran,Family name History & Crest Plaques - Moran,"<p>Learn the full history of your family with a Family History or a Crest/History Combination.</p><p>Family History Standard : 16 x 20 cm | 6 x 8 inches. €9.90</p><p>Family History Large : 20 x 26 cm | 8 x 10 inches. €12.50</p><p>Family Combination (History &amp;amp;amp; Crest) : 26 x 20 cm | 10 x 8 inches.€14.95</p><p>Family Histories and Family Combinations are supplied mounted and ready to frame.<br/>FREE WORLDWIDE POSTAGE</p>",Irish Family Surnames,,General,"Heraldic Irish Family Names, Gifts under €25, Surname M",true,Title,Default Title,,,,,2283,0,shopify,20,deny,manual,12.45,,true,true,,https://irishfamilysurnames.com/wp-content/uploads/2021/04/moran-B-H.jpg,1,Moran,false,Family name History & Crest Plaques - Moran,Learn the full history of your family with a Family History or a Crest/History Combination. Family History Standard : 16 x 20 cm | 6 x 8 inches. €9.90 Family History Large : 20 x 26 cm | 8 x 10 inches. €12.50 Family Combination (History &amp; Crest) : 26 x 20 cm | 10 x 8 inches.€14.95 Family Histories and Family Combin,,,,,,,,,,,,,g,,,true,true,,,active
moran,,,,,,,true,,,,,,,,,,,,,,,,,,https://irishfamilysurnames.com/wp-content/uploads/2021/03/irishfamilysurnameslogo2.jpg,2,Moran,,,,,,,,,,,,,,,,,,,,,,,active
moran,,,,,,,true,,,,,,,,,,,,,,,,,,https://irishfamilysurnames.com/wp-content/uploads/2021/04/manning-B-H-300x375.jpg,3,Moran,,,,,,,,,,,,,,,,,,,,,,,active
moran,,,,,,,true,,,,,,,,,,,,,,,,,,https://irishfamilysurnames.com/wp-content/uploads/2021/04/mahon-B-H-300x375.jpg,4,Moran,,,,,,,,,,,,,,,,,,,,,,,active
moran,,,,,,,true,,,,,,,,,,,,,,,,,,https://irishfamilysurnames.com/wp-content/uploads/2021/04/mooney-B-H-300x375.jpg,5,Moran,,,,,,,,,,,,,,,,,,,,,,,active
moriarty,Family name History & Crest Plaques - Moriarty,"<p>Learn the full history of your family with a Family History or a Crest/History Combination.</p><p>Family History Standard : 16 x 20 cm | 6 x 8 inches. €9.90</p><p>Family History Large : 20 x 26 cm | 8 x 10 inches. €12.50</p><p>Family Combination (History &amp;amp;amp; Crest) : 26 x 20 cm | 10 x 8 inches.€14.95</p><p>Family Histories and Family Combinations are supplied mounted and ready to frame.<br/>FREE WORLDWIDE POSTAGE</p>",Irish Family Surnames,,General,"Heraldic Irish Family Names, Gifts under €25, Surname M",true,Title,Default Title,,,,,2294,0,shopify,20,deny,manual,12.45,,true,true,,https://irishfamilysurnames.com/wp-content/uploads/2021/04/moriarty-B-H.jpg,1,Moriarty,false,Family name History & Crest Plaques - Moriarty,Learn the full history of your family with a Family History or a Crest/History Combination. Family History Standard : 16 x 20 cm | 6 x 8 inches. €9.90 Family History Large : 20 x 26 cm | 8 x 10 inches. €12.50 Family Combination (History &amp; Crest) : 26 x 20 cm | 10 x 8 inches.€14.95 Family Histories and Family Combin,,,,,,,,,,,,,g,,,true,true,,,active
moriarty,,,,,,,true,,,,,,,,,,,,,,,,,,https://irishfamilysurnames.com/wp-content/uploads/2021/03/irishfamilysurnameslogo2.jpg,2,Moriarty,,,,,,,,,,,,,,,,,,,,,,,active
moriarty,,,,,,,true,,,,,,,,,,,,,,,,,,https://irishfamilysurnames.com/wp-content/uploads/2021/04/meara-B-H-300x375.jpg,3,Moriarty,,,,,,,,,,,,,,,,,,,,,,,active
moriarty,,,,,,,true,,,,,,,,,,,,,,,,,,https://irishfamilysurnames.com/wp-content/uploads/2021/04/murphy-B-H-300x375.jpg,4,Moriarty,,,,,,,,,,,,,,,,,,,,,,,active
moriarty,,,,,,,true,,,,,,,,,,,,,,,,,,https://irishfamilysurnames.com/wp-content/uploads/2021/04/magee-B-H-300x375.jpg,5,Moriarty,,,,,,,,,,,,,,,,,,,,,,,active
morris,Family name History & Crest Plaques - Morris,"<p>Learn the full history of your family with a Family History or a Crest/History Combination.</p><p>Family History Standard : 16 x 20 cm | 6 x 8 inches. €9.90</p><p>Family History Large : 20 x 26 cm | 8 x 10 inches. €12.50</p><p>Family Combination (History &amp;amp;amp; Crest) : 26 x 20 cm | 10 x 8 inches.€14.95</p><p>Family Histories and Family Combinations are supplied mounted and ready to frame.<br/>FREE WORLDWIDE POSTAGE</p>",Irish Family Surnames,,General,"Heraldic Irish Family Names, Gifts under €25, Surname M",true,Title,Default Title,,,,,2305,0,shopify,20,deny,manual,12.45,,true,true,,https://irishfamilysurnames.com/wp-content/uploads/2021/04/morris-B-H.jpg,1,Morris,false,Family name History & Crest Plaques - Morris,Learn the full history of your family with a Family History or a Crest/History Combination. Family History Standard : 16 x 20 cm | 6 x 8 inches. €9.90 Family History Large : 20 x 26 cm | 8 x 10 inches. €12.50 Family Combination (History &amp; Crest) : 26 x 20 cm | 10 x 8 inches.€14.95 Family Histories and Family Combin,,,,,,,,,,,,,g,,,true,true,,,active
morris,,,,,,,true,,,,,,,,,,,,,,,,,,https://irishfamilysurnames.com/wp-content/uploads/2021/03/irishfamilysurnameslogo2.jpg,2,Morris,,,,,,,,,,,,,,,,,,,,,,,active
morris,,,,,,,true,,,,,,,,,,,,,,,,,,https://irishfamilysurnames.com/wp-content/uploads/2021/04/mulligan-B-H-300x375.jpg,3,Morris,,,,,,,,,,,,,,,,,,,,,,,active
morris,,,,,,,true,,,,,,,,,,,,,,,,,,https://irishfamilysurnames.com/wp-content/uploads/2021/04/murphy-B-H-300x375.jpg,4,Morris,,,,,,,,,,,,,,,,,,,,,,,active
morris,,,,,,,true,,,,,,,,,,,,,,,,,,https://irishfamilysurnames.com/wp-content/uploads/2021/04/moore-B-H-300x375.jpg,5,Morris,,,,,,,,,,,,,,,,,,,,,,,active
mullan,Family name History & Crest Plaques - Mullan,"<p>Learn the full history of your family with a Family History or a Crest/History Combination.</p><p>Family History Standard : 16 x 20 cm | 6 x 8 inches. €9.90</p><p>Family History Large : 20 x 26 cm | 8 x 10 inches. €12.50</p><p>Family Combination (History &amp;amp;amp; Crest) : 26 x 20 cm | 10 x 8 inches.€14.95</p><p>Family Histories and Family Combinations are supplied mounted and ready to frame.<br/>FREE WORLDWIDE POSTAGE</p>",Irish Family Surnames,,General,"Heraldic Irish Family Names, Gifts under €25, Surname M",true,Title,Default Title,,,,,2316,0,shopify,20,deny,manual,12.45,,true,true,,https://irishfamilysurnames.com/wp-content/uploads/2021/04/mullan-B-H.jpg,1,Mullan,false,Family name History & Crest Plaques - Mullan,Learn the full history of your family with a Family History or a Crest/History Combination. Family History Standard : 16 x 20 cm | 6 x 8 inches. €9.90 Family History Large : 20 x 26 cm | 8 x 10 inches. €12.50 Family Combination (History &amp; Crest) : 26 x 20 cm | 10 x 8 inches.€14.95 Family Histories and Family Combin,,,,,,,,,,,,,g,,,true,true,,,active
mullan,,,,,,,true,,,,,,,,,,,,,,,,,,https://irishfamilysurnames.com/wp-content/uploads/2021/03/irishfamilysurnameslogo2.jpg,2,Mullan,,,,,,,,,,,,,,,,,,,,,,,active
mullan,,,,,,,true,,,,,,,,,,,,,,,,,,https://irishfamilysurnames.com/wp-content/uploads/2021/04/martin-B-H-300x375.jpg,3,Mullan,,,,,,,,,,,,,,,,,,,,,,,active
mullan,,,,,,,true,,,,,,,,,,,,,,,,,,https://irishfamilysurnames.com/wp-content/uploads/2021/04/magee-B-H-300x375.jpg,4,Mullan,,,,,,,,,,,,,,,,,,,,,,,active
mullan,,,,,,,true,,,,,,,,,,,,,,,,,,https://irishfamilysurnames.com/wp-content/uploads/2021/04/moloney-B-H-300x375.jpg,5,Mullan,,,,,,,,,,,,,,,,,,,,,,,active
mulligan,Family name History & Crest Plaques - Mulligan,"<p>Learn the full history of your family with a Family History or a Crest/History Combination.</p><p>Family History Standard : 16 x 20 cm | 6 x 8 inches. €9.90</p><p>Family History Large : 20 x 26 cm | 8 x 10 inches. €12.50</p><p>Family Combination (History &amp;amp;amp; Crest) : 26 x 20 cm | 10 x 8 inches.€14.95</p><p>Family Histories and Family Combinations are supplied mounted and ready to frame.<br/>FREE WORLDWIDE POSTAGE</p>",Irish Family Surnames,,General,"Heraldic Irish Family Names, Gifts under €25, Surname M",true,Title,Default Title,,,,,2338,0,shopify,20,deny,manual,12.45,,true,true,,https://irishfamilysurnames.com/wp-content/uploads/2021/04/mulligan-B-H.jpg,1,Mulligan,false,Family name History & Crest Plaques - Mulligan,Learn the full history of your family with a Family History or a Crest/History Combination. Family History Standard : 16 x 20 cm | 6 x 8 inches. €9.90 Family History Large : 20 x 26 cm | 8 x 10 inches. €12.50 Family Combination (History &amp; Crest) : 26 x 20 cm | 10 x 8 inches.€14.95 Family Histories and Family Combin,,,,,,,,,,,,,g,,,true,true,,,active
mulligan,,,,,,,true,,,,,,,,,,,,,,,,,,https://irishfamilysurnames.com/wp-content/uploads/2021/03/irishfamilysurnameslogo2.jpg,2,Mulligan,,,,,,,,,,,,,,,,,,,,,,,active
mulligan,,,,,,,true,,,,,,,,,,,,,,,,,,https://irishfamilysurnames.com/wp-content/uploads/2021/04/manning-B-H-300x375.jpg,3,Mulligan,,,,,,,,,,,,,,,,,,,,,,,active
mulligan,,,,,,,true,,,,,,,,,,,,,,,,,,https://irishfamilysurnames.com/wp-content/uploads/2021/04/mooney-B-H-300x375.jpg,4,Mulligan,,,,,,,,,,,,,,,,,,,,,,,active
mulligan,,,,,,,true,,,,,,,,,,,,,,,,,,https://irishfamilysurnames.com/wp-content/uploads/2021/04/monahan-B-H-300x375.jpg,5,Mulligan,,,,,,,,,,,,,,,,,,,,,,,active
murphy,Family name History & Crest Plaques - Murphy,"<p>Learn the full history of your family with a Family History or a Crest/History Combination.</p><p>Family History Standard : 16 x 20 cm | 6 x 8 inches. €9.90</p><p>Family History Large : 20 x 26 cm | 8 x 10 inches. €12.50</p><p>Family Combination (History &amp;amp;amp; Crest) : 26 x 20 cm | 10 x 8 inches.€14.95</p><p>Family Histories and Family Combinations are supplied mounted and ready to frame.<br/>FREE WORLDWIDE POSTAGE</p>",Irish Family Surnames,,General,"Heraldic Irish Family Names, Gifts under €25, Surname M",true,Title,Default Title,,,,,2349,0,shopify,20,deny,manual,12.45,,true,true,,https://irishfamilysurnames.com/wp-content/uploads/2021/04/murphy-B-H.jpg,1,Murphy,false,Family name History & Crest Plaques - Murphy,Learn the full history of your family with a Family History or a Crest/History Combination. Family History Standard : 16 x 20 cm | 6 x 8 inches. €9.90 Family History Large : 20 x 26 cm | 8 x 10 inches. €12.50 Family Combination (History &amp; Crest) : 26 x 20 cm | 10 x 8 inches.€14.95 Family Histories and Family Combin,,,,,,,,,,,,,g,,,true,true,,,active
murphy,,,,,,,true,,,,,,,,,,,,,,,,,,https://irishfamilysurnames.com/wp-content/uploads/2021/03/irishfamilysurnameslogo2.jpg,2,Murphy,,,,,,,,,,,,,,,,,,,,,,,active
murphy,,,,,,,true,,,,,,,,,,,,,,,,,,https://irishfamilysurnames.com/wp-content/uploads/2021/04/malley-B-H-300x375.jpg,3,Murphy,,,,,,,,,,,,,,,,,,,,,,,active
murphy,,,,,,,true,,,,,,,,,,,,,,,,,,https://irishfamilysurnames.com/wp-content/uploads/2021/04/mahony-B-H-300x375.jpg,4,Murphy,,,,,,,,,,,,,,,,,,,,,,,active
murphy,,,,,,,true,,,,,,,,,,,,,,,,,,https://irishfamilysurnames.com/wp-content/uploads/2021/04/mahon-B-H-300x375.jpg,5,Murphy,,,,,,,,,,,,,,,,,,,,,,,active
murray,Family name History & Crest Plaques - Murray,"<p>Learn the full history of your family with a Family History or a Crest/History Combination.</p><p>Family History Standard : 16 x 20 cm | 6 x 8 inches. €9.90</p><p>Family History Large : 20 x 26 cm | 8 x 10 inches. €12.50</p><p>Family Combination (History &amp;amp;amp; Crest) : 26 x 20 cm | 10 x 8 inches.€14.95</p><p>Family Histories and Family Combinations are supplied mounted and ready to frame.<br/>FREE WORLDWIDE POSTAGE</p>",Irish Family Surnames,,General,"Heraldic Irish Family Names, Gifts under €25, Surname M",true,Title,Default Title,,,,,2360,0,shopify,20,deny,manual,12.45,,true,true,,https://irishfamilysurnames.com/wp-content/uploads/2021/04/murray-B-H.jpg,1,Murray,false,Family name History & Crest Plaques - Murray,Learn the full history of your family with a Family History or a Crest/History Combination. Family History Standard : 16 x 20 cm | 6 x 8 inches. €9.90 Family History Large : 20 x 26 cm | 8 x 10 inches. €12.50 Family Combination (History &amp; Crest) : 26 x 20 cm | 10 x 8 inches.€14.95 Family Histories and Family Combin,,,,,,,,,,,,,g,,,true,true,,,active
murray,,,,,,,true,,,,,,,,,,,,,,,,,,https://irishfamilysurnames.com/wp-content/uploads/2021/03/irishfamilysurnameslogo2.jpg,2,Murray,,,,,,,,,,,,,,,,,,,,,,,active
murray,,,,,,,true,,,,,,,,,,,,,,,,,,https://irishfamilysurnames.com/wp-content/uploads/2021/04/moran-B-H-300x375.jpg,3,Murray,,,,,,,,,,,,,,,,,,,,,,,active
murray,,,,,,,true,,,,,,,,,,,,,,,,,,https://irishfamilysurnames.com/wp-content/uploads/2021/04/martin-B-H-300x375.jpg,4,Murray,,,,,,,,,,,,,,,,,,,,,,,active
murray,,,,,,,true,,,,,,,,,,,,,,,,,,https://irishfamilysurnames.com/wp-content/uploads/2021/04/monahan-B-H-300x375.jpg,5,Murray,,,,,,,,,,,,,,,,,,,,,,,active
mcawley,Family name History & Crest Plaques - McAwley,"<p>Learn the full history of your family with a Family History or a Crest/History Combination.</p><p>Family History Standard : 16 x 20 cm | 6 x 8 inches. €9.90</p><p>Family History Large : 20 x 26 cm | 8 x 10 inches. €12.50</p><p>Family Combination (History &amp;amp;amp; Crest) : 26 x 20 cm | 10 x 8 inches.€14.95</p><p>Family Histories and Family Combinations are supplied mounted and ready to frame.<br/>FREE WORLDWIDE POSTAGE</p>",Irish Family Surnames,,General,"Heraldic Irish Family Names, Gifts under €25, Surname M",true,Title,Default Title,,,,,2382,0,shopify,20,deny,manual,12.45,,true,true,,https://irishfamilysurnames.com/wp-content/uploads/2021/04/mcawley-B-H.jpg,1,McAwley,false,Family name History & Crest Plaques - McAwley,Learn the full history of your family with a Family History or a Crest/History Combination. Family History Standard : 16 x 20 cm | 6 x 8 inches. €9.90 Family History Large : 20 x 26 cm | 8 x 10 inches. €12.50 Family Combination (History &amp; Crest) : 26 x 20 cm | 10 x 8 inches.€14.95 Family Histories and Family Combin,,,,,,,,,,,,,g,,,true,true,,,active
mcawley,,,,,,,true,,,,,,,,,,,,,,,,,,https://irishfamilysurnames.com/wp-content/uploads/2021/03/irishfamilysurnameslogo2.jpg,2,McAwley,,,,,,,,,,,,,,,,,,,,,,,active
mcawley,,,,,,,true,,,,,,,,,,,,,,,,,,https://irishfamilysurnames.com/wp-content/uploads/2021/04/mcgrath-B-H-300x375.jpg,3,McAwley,,,,,,,,,,,,,,,,,,,,,,,active
mcawley,,,,,,,true,,,,,,,,,,,,,,,,,,https://irishfamilysurnames.com/wp-content/uploads/2021/04/mckee-B-H-300x375.jpg,4,McAwley,,,,,,,,,,,,,,,,,,,,,,,active
mcawley,,,,,,,true,,,,,,,,,,,,,,,,,,https://irishfamilysurnames.com/wp-content/uploads/2021/04/mccormack-B-H-300x375.jpg,5,McAwley,,,,,,,,,,,,,,,,,,,,,,,active
mccabe,Family name History & Crest Plaques - McCabe,"<p>Learn the full history of your family with a Family History or a Crest/History Combination.</p><p>Family History Standard : 16 x 20 cm | 6 x 8 inches. €9.90</p><p>Family History Large : 20 x 26 cm | 8 x 10 inches. €12.50</p><p>Family Combination (History &amp;amp;amp; Crest) : 26 x 20 cm | 10 x 8 inches.€14.95</p><p>Family Histories and Family Combinations are supplied mounted and ready to frame.<br/>FREE WORLDWIDE POSTAGE</p>",Irish Family Surnames,,General,"Heraldic Irish Family Names, Gifts under €25, Surname M",true,Title,Default Title,,,,,2393,0,shopify,20,deny,manual,12.45,,true,true,,https://irishfamilysurnames.com/wp-content/uploads/2021/04/mccabe-B-H.jpg,1,McCabe,false,Family name History & Crest Plaques - McCabe,Learn the full history of your family with a Family History or a Crest/History Combination. Family History Standard : 16 x 20 cm | 6 x 8 inches. €9.90 Family History Large : 20 x 26 cm | 8 x 10 inches. €12.50 Family Combination (History &amp; Crest) : 26 x 20 cm | 10 x 8 inches.€14.95 Family Histories and Family Combin,,,,,,,,,,,,,g,,,true,true,,,active
mccabe,,,,,,,true,,,,,,,,,,,,,,,,,,https://irishfamilysurnames.com/wp-content/uploads/2021/03/irishfamilysurnameslogo2.jpg,2,McCabe,,,,,,,,,,,,,,,,,,,,,,,active
mccabe,,,,,,,true,,,,,,,,,,,,,,,,,,https://irishfamilysurnames.com/wp-content/uploads/2021/04/mcnally-B-H-300x375.jpg,3,McCabe,,,,,,,,,,,,,,,,,,,,,,,active
mccabe,,,,,,,true,,,,,,,,,,,,,,,,,,https://irishfamilysurnames.com/wp-content/uploads/2021/04/mcauley-B-H-300x375.jpg,4,McCabe,,,,,,,,,,,,,,,,,,,,,,,active
mccabe,,,,,,,true,,,,,,,,,,,,,,,,,,https://irishfamilysurnames.com/wp-content/uploads/2021/04/mcloughlin-B-H-300x375.jpg,5,McCabe,,,,,,,,,,,,,,,,,,,,,,,active
mccarthy,Family name History & Crest Plaques - McCarthy,"<p>Learn the full history of your family with a Family History or a Crest/History Combination.</p><p>Family History Standard : 16 x 20 cm | 6 x 8 inches. €9.90</p><p>Family History Large : 20 x 26 cm | 8 x 10 inches. €12.50</p><p>Family Combination (History &amp;amp;amp; Crest) : 26 x 20 cm | 10 x 8 inches.€14.95</p><p>Family Histories and Family Combinations are supplied mounted and ready to frame.<br/>FREE WORLDWIDE POSTAGE</p>",Irish Family Surnames,,General,"Heraldic Irish Family Names, Gifts under €25, Surname M",true,Title,Default Title,,,,,2417,0,shopify,20,deny,manual,12.45,,true,true,,https://irishfamilysurnames.com/wp-content/uploads/2021/04/mccarthy-B-H.jpg,1,McCarthy,false,Family name History & Crest Plaques - McCarthy,Learn the full history of your family with a Family History or a Crest/History Combination. Family History Standard : 16 x 20 cm | 6 x 8 inches. €9.90 Family History Large : 20 x 26 cm | 8 x 10 inches. €12.50 Family Combination (History &amp; Crest) : 26 x 20 cm | 10 x 8 inches.€14.95 Family Histories and Family Combin,,,,,,,,,,,,,g,,,true,true,,,active
mccarthy,,,,,,,true,,,,,,,,,,,,,,,,,,https://irishfamilysurnames.com/wp-content/uploads/2021/03/irishfamilysurnameslogo2.jpg,2,McCarthy,,,,,,,,,,,,,,,,,,,,,,,active
mccarthy,,,,,,,true,,,,,,,,,,,,,,,,,,https://irishfamilysurnames.com/wp-content/uploads/2021/04/mcgrath-B-H-300x375.jpg,3,McCarthy,,,,,,,,,,,,,,,,,,,,,,,active
mccarthy,,,,,,,true,,,,,,,,,,,,,,,,,,https://irishfamilysurnames.com/wp-content/uploads/2021/04/mcguire-B-H-300x375.jpg,4,McCarthy,,,,,,,,,,,,,,,,,,,,,,,active
mccarthy,,,,,,,true,,,,,,,,,,,,,,,,,,https://irishfamilysurnames.com/wp-content/uploads/2021/04/mcginley-B-H-300x375.jpg,5,McCarthy,,,,,,,,,,,,,,,,,,,,,,,active
mccormack,Family name History & Crest Plaques - McCormack,"<p>Learn the full history of your family with a Family History or a Crest/History Combination.</p><p>Family History Standard : 16 x 20 cm | 6 x 8 inches. €9.90</p><p>Family History Large : 20 x 26 cm | 8 x 10 inches. €12.50</p><p>Family Combination (History &amp;amp;amp; Crest) : 26 x 20 cm | 10 x 8 inches.€14.95</p><p>Family Histories and Family Combinations are supplied mounted and ready to frame.<br/>FREE WORLDWIDE POSTAGE</p>",Irish Family Surnames,,General,"Heraldic Irish Family Names, Gifts under €25, Surname M",true,Title,Default Title,,,,,2428,0,shopify,20,deny,manual,12.45,,true,true,,https://irishfamilysurnames.com/wp-content/uploads/2021/04/mccormack-B-H.jpg,1,McCormack,false,Family name History & Crest Plaques - McCormack,Learn the full history of your family with a Family History or a Crest/History Combination. Family History Standard : 16 x 20 cm | 6 x 8 inches. €9.90 Family History Large : 20 x 26 cm | 8 x 10 inches. €12.50 Family Combination (History &amp; Crest) : 26 x 20 cm | 10 x 8 inches.€14.95 Family Histories and Family Combin,,,,,,,,,,,,,g,,,true,true,,,active
mccormack,,,,,,,true,,,,,,,,,,,,,,,,,,https://irishfamilysurnames.com/wp-content/uploads/2021/03/irishfamilysurnameslogo2.jpg,2,McCormack,,,,,,,,,,,,,,,,,,,,,,,active
mccormack,,,,,,,true,,,,,,,,,,,,,,,,,,https://irishfamilysurnames.com/wp-content/uploads/2021/04/mcdonagh-B-H-300x375.jpg,3,McCormack,,,,,,,,,,,,,,,,,,,,,,,active
mccormack,,,,,,,true,,,,,,,,,,,,,,,,,,https://irishfamilysurnames.com/wp-content/uploads/2021/04/mcmanus-B-H-300x375.jpg,4,McCormack,,,,,,,,,,,,,,,,,,,,,,,active
mccormack,,,,,,,true,,,,,,,,,,,,,,,,,,https://irishfamilysurnames.com/wp-content/uploads/2021/04/mclaughlin-B-H-300x375.jpg,5,McCormack,,,,,,,,,,,,,,,,,,,,,,,active
mccormick,Family name History & Crest Plaques - McCormick,"<p>Learn the full history of your family with a Family History or a Crest/History Combination.</p><p>Family History Standard : 16 x 20 cm | 6 x 8 inches. €9.90</p><p>Family History Large : 20 x 26 cm | 8 x 10 inches. €12.50</p><p>Family Combination (History &amp;amp;amp; Crest) : 26 x 20 cm | 10 x 8 inches.€14.95</p><p>Family Histories and Family Combinations are supplied mounted and ready to frame.<br/>FREE WORLDWIDE POSTAGE</p>",Irish Family Surnames,,General,"Heraldic Irish Family Names, Gifts under €25, Surname M",true,Title,Default Title,,,,,2439,0,shopify,20,deny,manual,12.45,,true,true,,https://irishfamilysurnames.com/wp-content/uploads/2021/04/mccormick-B-H.jpg,1,McCormick,false,Family name History & Crest Plaques - McCormick,Learn the full history of your family with a Family History or a Crest/History Combination. Family History Standard : 16 x 20 cm | 6 x 8 inches. €9.90 Family History Large : 20 x 26 cm | 8 x 10 inches. €12.50 Family Combination (History &amp; Crest) : 26 x 20 cm | 10 x 8 inches.€14.95 Family Histories and Family Combin,,,,,,,,,,,,,g,,,true,true,,,active
mccormick,,,,,,,true,,,,,,,,,,,,,,,,,,https://irishfamilysurnames.com/wp-content/uploads/2021/03/irishfamilysurnameslogo2.jpg,2,McCormick,,,,,,,,,,,,,,,,,,,,,,,active
mccormick,,,,,,,true,,,,,,,,,,,,,,,,,,https://irishfamilysurnames.com/wp-content/uploads/2021/04/mcdonnell-B-H-300x375.jpg,3,McCormick,,,,,,,,,,,,,,,,,,,,,,,active
mccormick,,,,,,,true,,,,,,,,,,,,,,,,,,https://irishfamilysurnames.com/wp-content/uploads/2021/04/mcmahon-B-H-300x375.jpg,4,McCormick,,,,,,,,,,,,,,,,,,,,,,,active
mccormick,,,,,,,true,,,,,,,,,,,,,,,,,,https://irishfamilysurnames.com/wp-content/uploads/2021/04/mcevoy-B-H-300x375.jpg,5,McCormick,,,,,,,,,,,,,,,,,,,,,,,active
mcdonagh,Family name History & Crest Plaques - McDonagh,"<p>Learn the full history of your family with a Family History or a Crest/History Combination.</p><p>Family History Standard : 16 x 20 cm | 6 x 8 inches. €9.90</p><p>Family History Large : 20 x 26 cm | 8 x 10 inches. €12.50</p><p>Family Combination (History &amp;amp;amp; Crest) : 26 x 20 cm | 10 x 8 inches.€14.95</p><p>Family Histories and Family Combinations are supplied mounted and ready to frame.<br/>FREE WORLDWIDE POSTAGE</p>",Irish Family Surnames,,General,"Heraldic Irish Family Names, Gifts under €25, Surname M",true,Title,Default Title,,,,,2473,0,shopify,20,deny,manual,12.45,,true,true,,https://irishfamilysurnames.com/wp-content/uploads/2021/04/mcdonagh-B-H.jpg,1,McDonagh,false,Family name History & Crest Plaques - McDonagh,Learn the full history of your family with a Family History or a Crest/History Combination. Family History Standard : 16 x 20 cm | 6 x 8 inches. €9.90 Family History Large : 20 x 26 cm | 8 x 10 inches. €12.50 Family Combination (History &amp; Crest) : 26 x 20 cm | 10 x 8 inches.€14.95 Family Histories and Family Combin,,,,,,,,,,,,,g,,,true,true,,,active
mcdonagh,,,,,,,true,,,,,,,,,,,,,,,,,,https://irishfamilysurnames.com/wp-content/uploads/2021/03/irishfamilysurnameslogo2.jpg,2,McDonagh,,,,,,,,,,,,,,,,,,,,,,,active
mcdonagh,,,,,,,true,,,,,,,,,,,,,,,,,,https://irishfamilysurnames.com/wp-content/uploads/2021/04/mckenna-B-H-300x375.jpg,3,McDonagh,,,,,,,,,,,,,,,,,,,,,,,active
mcdonagh,,,,,,,true,,,,,,,,,,,,,,,,,,https://irishfamilysurnames.com/wp-content/uploads/2021/04/mcgowan-B-H-300x375.jpg,4,McDonagh,,,,,,,,,,,,,,,,,,,,,,,active
mcdonagh,,,,,,,true,,,,,,,,,,,,,,,,,,https://irishfamilysurnames.com/wp-content/uploads/2021/04/mcnamara-B-H-300x375.jpg,5,McDonagh,,,,,,,,,,,,,,,,,,,,,,,active
mcdonald,Family name History & Crest Plaques - McDonald,"<p>Learn the full history of your family with a Family History or a Crest/History Combination.</p><p>Family History Standard : 16 x 20 cm | 6 x 8 inches. €9.90</p><p>Family History Large : 20 x 26 cm | 8 x 10 inches. €12.50</p><p>Family Combination (History &amp;amp;amp; Crest) : 26 x 20 cm | 10 x 8 inches.€14.95</p><p>Family Histories and Family Combinations are supplied mounted and ready to frame.<br/>FREE WORLDWIDE POSTAGE</p>",Irish Family Surnames,,General,"Heraldic Irish Family Names, Gifts under €25, Surname M",true,Title,Default Title,,,,,2484,0,shopify,20,deny,manual,12.45,,true,true,,https://irishfamilysurnames.com/wp-content/uploads/2021/04/mcdonald-B-H.jpg,1,McDonald,false,Family name History & Crest Plaques - McDonald,Learn the full history of your family with a Family History or a Crest/History Combination. Family History Standard : 16 x 20 cm | 6 x 8 inches. €9.90 Family History Large : 20 x 26 cm | 8 x 10 inches. €12.50 Family Combination (History &amp; Crest) : 26 x 20 cm | 10 x 8 inches.€14.95 Family Histories and Family Combin,,,,,,,,,,,,,g,,,true,true,,,active
mcdonald,,,,,,,true,,,,,,,,,,,,,,,,,,https://irishfamilysurnames.com/wp-content/uploads/2021/03/irishfamilysurnameslogo2.jpg,2,McDonald,,,,,,,,,,,,,,,,,,,,,,,active
mcdonald,,,,,,,true,,,,,,,,,,,,,,,,,,https://irishfamilysurnames.com/wp-content/uploads/2021/04/mccabe-B-H-300x375.jpg,3,McDonald,,,,,,,,,,,,,,,,,,,,,,,active
mcdonald,,,,,,,true,,,,,,,,,,,,,,,,,,https://irishfamilysurnames.com/wp-content/uploads/2021/04/mcdowell-B-H-300x375.jpg,4,McDonald,,,,,,,,,,,,,,,,,,,,,,,active
mcdonald,,,,,,,true,,,,,,,,,,,,,,,,,,https://irishfamilysurnames.com/wp-content/uploads/2021/04/mcgowan-B-H-300x375.jpg,5,McDonald,,,,,,,,,,,,,,,,,,,,,,,active
mcdonnell,Family name History & Crest Plaques - McDonnell,"<p>Learn the full history of your family with a Family History or a Crest/History Combination.</p><p>Family History Standard : 16 x 20 cm | 6 x 8 inches. €9.90</p><p>Family History Large : 20 x 26 cm | 8 x 10 inches. €12.50</p><p>Family Combination (History &amp;amp;amp; Crest) : 26 x 20 cm | 10 x 8 inches.€14.95</p><p>Family Histories and Family Combinations are supplied mounted and ready to frame.<br/>FREE WORLDWIDE POSTAGE</p>",Irish Family Surnames,,General,"Heraldic Irish Family Names, Gifts under €25, Surname M",true,Title,Default Title,,,,,2495,0,shopify,20,deny,manual,12.45,,true,true,,https://irishfamilysurnames.com/wp-content/uploads/2021/04/mcdonnell-B-H.jpg,1,McDonnell,false,Family name History & Crest Plaques - McDonnell,Learn the full history of your family with a Family History or a Crest/History Combination. Family History Standard : 16 x 20 cm | 6 x 8 inches. €9.90 Family History Large : 20 x 26 cm | 8 x 10 inches. €12.50 Family Combination (History &amp; Crest) : 26 x 20 cm | 10 x 8 inches.€14.95 Family Histories and Family Combin,,,,,,,,,,,,,g,,,true,true,,,active
mcdonnell,,,,,,,true,,,,,,,,,,,,,,,,,,https://irishfamilysurnames.com/wp-content/uploads/2021/03/irishfamilysurnameslogo2.jpg,2,McDonnell,,,,,,,,,,,,,,,,,,,,,,,active
mcdonnell,,,,,,,true,,,,,,,,,,,,,,,,,,https://irishfamilysurnames.com/wp-content/uploads/2021/04/mcelroy-B-H-300x375.jpg,3,McDonnell,,,,,,,,,,,,,,,,,,,,,,,active
mcdonnell,,,,,,,true,,,,,,,,,,,,,,,,,,https://irishfamilysurnames.com/wp-content/uploads/2021/04/mcinerney-B-H-300x375.jpg,4,McDonnell,,,,,,,,,,,,,,,,,,,,,,,active
mcdonnell,,,,,,,true,,,,,,,,,,,,,,,,,,https://irishfamilysurnames.com/wp-content/uploads/2021/04/mcgovern-B-H-300x375.jpg,5,McDonnell,,,,,,,,,,,,,,,,,,,,,,,active
mcdowell,Family name History & Crest Plaques - McDowell,"<p>Learn the full history of your family with a Family History or a Crest/History Combination.</p><p>Family History Standard : 16 x 20 cm | 6 x 8 inches. €9.90</p><p>Family History Large : 20 x 26 cm | 8 x 10 inches. €12.50</p><p>Family Combination (History &amp;amp;amp; Crest) : 26 x 20 cm | 10 x 8 inches.€14.95</p><p>Family Histories and Family Combinations are supplied mounted and ready to frame.<br/>FREE WORLDWIDE POSTAGE</p>",Irish Family Surnames,,General,"Heraldic Irish Family Names, Gifts under €25, Surname M",true,Title,Default Title,,,,,2506,0,shopify,20,deny,manual,12.45,,true,true,,https://irishfamilysurnames.com/wp-content/uploads/2021/04/mcdowell-B-H.jpg,1,McDowell,false,Family name History & Crest Plaques - McDowell,Learn the full history of your family with a Family History or a Crest/History Combination. Family History Standard : 16 x 20 cm | 6 x 8 inches. €9.90 Family History Large : 20 x 26 cm | 8 x 10 inches. €12.50 Family Combination (History &amp; Crest) : 26 x 20 cm | 10 x 8 inches.€14.95 Family Histories and Family Combin,,,,,,,,,,,,,g,,,true,true,,,active
mcdowell,,,,,,,true,,,,,,,,,,,,,,,,,,https://irishfamilysurnames.com/wp-content/uploads/2021/03/irishfamilysurnameslogo2.jpg,2,McDowell,,,,,,,,,,,,,,,,,,,,,,,active
mcdowell,,,,,,,true,,,,,,,,,,,,,,,,,,https://irishfamilysurnames.com/wp-content/uploads/2021/04/mckenna-B-H-300x375.jpg,3,McDowell,,,,,,,,,,,,,,,,,,,,,,,active
mcdowell,,,,,,,true,,,,,,,,,,,,,,,,,,https://irishfamilysurnames.com/wp-content/uploads/2021/04/mcinerney-B-H-300x375.jpg,4,McDowell,,,,,,,,,,,,,,,,,,,,,,,active
mcdowell,,,,,,,true,,,,,,,,,,,,,,,,,,https://irishfamilysurnames.com/wp-content/uploads/2021/04/mcguire-B-H-300x375.jpg,5,McDowell,,,,,,,,,,,,,,,,,,,,,,,active
mcelroy,Family name History & Crest Plaques - McElroy,"<p>Learn the full history of your family with a Family History or a Crest/History Combination.</p><p>Family History Standard : 16 x 20 cm | 6 x 8 inches. €9.90</p><p>Family History Large : 20 x 26 cm | 8 x 10 inches. €12.50</p><p>Family Combination (History &amp;amp;amp; Crest) : 26 x 20 cm | 10 x 8 inches.€14.95</p><p>Family Histories and Family Combinations are supplied mounted and ready to frame.<br/>FREE WORLDWIDE POSTAGE</p>",Irish Family Surnames,,General,"Heraldic Irish Family Names, Gifts under €25, Surname M",true,Title,Default Title,,,,,2518,0,shopify,20,deny,manual,12.45,,true,true,,https://irishfamilysurnames.com/wp-content/uploads/2021/04/mcelroy-B-H.jpg,1,McElroy,false,Family name History & Crest Plaques - McElroy,Learn the full history of your family with a Family History or a Crest/History Combination. Family History Standard : 16 x 20 cm | 6 x 8 inches. €9.90 Family History Large : 20 x 26 cm | 8 x 10 inches. €12.50 Family Combination (History &amp; Crest) : 26 x 20 cm | 10 x 8 inches.€14.95 Family Histories and Family Combin,,,,,,,,,,,,,g,,,true,true,,,active
mcelroy,,,,,,,true,,,,,,,,,,,,,,,,,,https://irishfamilysurnames.com/wp-content/uploads/2021/03/irishfamilysurnameslogo2.jpg,2,McElroy,,,,,,,,,,,,,,,,,,,,,,,active
mcelroy,,,,,,,true,,,,,,,,,,,,,,,,,,https://irishfamilysurnames.com/wp-content/uploads/2021/04/mcdonnell-B-H-300x375.jpg,3,McElroy,,,,,,,,,,,,,,,,,,,,,,,active
mcelroy,,,,,,,true,,,,,,,,,,,,,,,,,,https://irishfamilysurnames.com/wp-content/uploads/2021/04/mchugh-B-H-300x375.jpg,4,McElroy,,,,,,,,,,,,,,,,,,,,,,,active
mcelroy,,,,,,,true,,,,,,,,,,,,,,,,,,https://irishfamilysurnames.com/wp-content/uploads/2021/04/mccormick-B-H-300x375.jpg,5,McElroy,,,,,,,,,,,,,,,,,,,,,,,active
mcgee,Family name History & Crest Plaques - McGee,"<p>Learn the full history of your family with a Family History or a Crest/History Combination.</p><p>Family History Standard : 16 x 20 cm | 6 x 8 inches. €9.90</p><p>Family History Large : 20 x 26 cm | 8 x 10 inches. €12.50</p><p>Family Combination (History &amp;amp;amp; Crest) : 26 x 20 cm | 10 x 8 inches.€14.95</p><p>Family Histories and Family Combinations are supplied mounted and ready to frame.<br/>FREE WORLDWIDE POSTAGE</p>",Irish Family Surnames,,General,"Heraldic Irish Family Names, Gifts under €25, Surname M",true,Title,Default Title,,,,,2541,0,shopify,20,deny,manual,12.45,,true,true,,https://irishfamilysurnames.com/wp-content/uploads/2021/04/mcgee-B-H.jpg,1,McGee,false,Family name History & Crest Plaques - McGee,Learn the full history of your family with a Family History or a Crest/History Combination. Family History Standard : 16 x 20 cm | 6 x 8 inches. €9.90 Family History Large : 20 x 26 cm | 8 x 10 inches. €12.50 Family Combination (History &amp; Crest) : 26 x 20 cm | 10 x 8 inches.€14.95 Family Histories and Family Combin,,,,,,,,,,,,,g,,,true,true,,,active
mcgee,,,,,,,true,,,,,,,,,,,,,,,,,,https://irishfamilysurnames.com/wp-content/uploads/2021/03/irishfamilysurnameslogo2.jpg,2,McGee,,,,,,,,,,,,,,,,,,,,,,,active
mcgee,,,,,,,true,,,,,,,,,,,,,,,,,,https://irishfamilysurnames.com/wp-content/uploads/2021/04/mcdonnell-B-H-300x375.jpg,3,McGee,,,,,,,,,,,,,,,,,,,,,,,active
mcgee,,,,,,,true,,,,,,,,,,,,,,,,,,https://irishfamilysurnames.com/wp-content/uploads/2021/04/mcdowell-B-H-300x375.jpg,4,McGee,,,,,,,,,,,,,,,,,,,,,,,active
mcgee,,,,,,,true,,,,,,,,,,,,,,,,,,https://irishfamilysurnames.com/wp-content/uploads/2021/04/mcnally-B-H-300x375.jpg,5,McGee,,,,,,,,,,,,,,,,,,,,,,,active
mcginley,Family name History & Crest Plaques - McGinley,"<p>Learn the full history of your family with a Family History or a Crest/History Combination.</p><p>Family History Standard : 16 x 20 cm | 6 x 8 inches. €9.90</p><p>Family History Large : 20 x 26 cm | 8 x 10 inches. €12.50</p><p>Family Combination (History &amp;amp;amp; Crest) : 26 x 20 cm | 10 x 8 inches.€14.95</p><p>Family Histories and Family Combinations are supplied mounted and ready to frame.<br/>FREE WORLDWIDE POSTAGE</p>",Irish Family Surnames,,General,"Heraldic Irish Family Names, Gifts under €25, Surname M",true,Title,Default Title,,,,,2552,0,shopify,20,deny,manual,12.45,,true,true,,https://irishfamilysurnames.com/wp-content/uploads/2021/04/mcginley-B-H.jpg,1,McGinley,false,Family name History & Crest Plaques - McGinley,Learn the full history of your family with a Family History or a Crest/History Combination. Family History Standard : 16 x 20 cm | 6 x 8 inches. €9.90 Family History Large : 20 x 26 cm | 8 x 10 inches. €12.50 Family Combination (History &amp; Crest) : 26 x 20 cm | 10 x 8 inches.€14.95 Family Histories and Family Combin,,,,,,,,,,,,,g,,,true,true,,,active
mcginley,,,,,,,true,,,,,,,,,,,,,,,,,,https://irishfamilysurnames.com/wp-content/uploads/2021/03/irishfamilysurnameslogo2.jpg,2,McGinley,,,,,,,,,,,,,,,,,,,,,,,active
mcginley,,,,,,,true,,,,,,,,,,,,,,,,,,https://irishfamilysurnames.com/wp-content/uploads/2021/04/mckee-B-H-300x375.jpg,3,McGinley,,,,,,,,,,,,,,,,,,,,,,,active
mcginley,,,,,,,true,,,,,,,,,,,,,,,,,,https://irishfamilysurnames.com/wp-content/uploads/2021/04/mcdonagh-B-H-300x375.jpg,4,McGinley,,,,,,,,,,,,,,,,,,,,,,,active
mcginley,,,,,,,true,,,,,,,,,,,,,,,,,,https://irishfamilysurnames.com/wp-content/uploads/2021/04/mcdonnell-B-H-300x375.jpg,5,McGinley,,,,,,,,,,,,,,,,,,,,,,,active
mcgovern,Family name History & Crest Plaques - McGovern,"<p>Learn the full history of your family with a Family History or a Crest/History Combination.</p><p>Family History Standard : 16 x 20 cm | 6 x 8 inches. €9.90</p><p>Family History Large : 20 x 26 cm | 8 x 10 inches. €12.50</p><p>Family Combination (History &amp;amp;amp; Crest) : 26 x 20 cm | 10 x 8 inches.€14.95</p><p>Family Histories and Family Combinations are supplied mounted and ready to frame.<br/>FREE WORLDWIDE POSTAGE</p>",Irish Family Surnames,,General,"Heraldic Irish Family Names, Gifts under €25, Surname M",true,Title,Default Title,,,,,2563,0,shopify,20,deny,manual,12.45,,true,true,,https://irishfamilysurnames.com/wp-content/uploads/2021/04/mcgovern-B-H.jpg,1,McGovern,false,Family name History & Crest Plaques - McGovern,Learn the full history of your family with a Family History or a Crest/History Combination. Family History Standard : 16 x 20 cm | 6 x 8 inches. €9.90 Family History Large : 20 x 26 cm | 8 x 10 inches. €12.50 Family Combination (History &amp; Crest) : 26 x 20 cm | 10 x 8 inches.€14.95 Family Histories and Family Combin,,,,,,,,,,,,,g,,,true,true,,,active
mcgovern,,,,,,,true,,,,,,,,,,,,,,,,,,https://irishfamilysurnames.com/wp-content/uploads/2021/03/irishfamilysurnameslogo2.jpg,2,McGovern,,,,,,,,,,,,,,,,,,,,,,,active
mcgovern,,,,,,,true,,,,,,,,,,,,,,,,,,https://irishfamilysurnames.com/wp-content/uploads/2021/04/mcelroy-B-H-300x375.jpg,3,McGovern,,,,,,,,,,,,,,,,,,,,,,,active
mcgovern,,,,,,,true,,,,,,,,,,,,,,,,,,https://irishfamilysurnames.com/wp-content/uploads/2021/04/mcdermott-B-H-300x375.jpg,4,McGovern,,,,,,,,,,,,,,,,,,,,,,,active
mcgovern,,,,,,,true,,,,,,,,,,,,,,,,,,https://irishfamilysurnames.com/wp-content/uploads/2021/04/mcevoy-B-H-300x375.jpg,5,McGovern,,,,,,,,,,,,,,,,,,,,,,,active
mcgowan,Family name History & Crest Plaques - McGowan,"<p>Learn the full history of your family with a Family History or a Crest/History Combination.</p><p>Family History Standard : 16 x 20 cm | 6 x 8 inches. €9.90</p><p>Family History Large : 20 x 26 cm | 8 x 10 inches. €12.50</p><p>Family Combination (History &amp;amp;amp; Crest) : 26 x 20 cm | 10 x 8 inches.€14.95</p><p>Family Histories and Family Combinations are supplied mounted and ready to frame.<br/>FREE WORLDWIDE POSTAGE</p>",Irish Family Surnames,,General,"Heraldic Irish Family Names, Gifts under €25, Surname M",true,Title,Default Title,,,,,2574,0,shopify,20,deny,manual,12.45,,true,true,,https://irishfamilysurnames.com/wp-content/uploads/2021/04/mcgowan-B-H.jpg,1,McGowan,false,Family name History & Crest Plaques - McGowan,Learn the full history of your family with a Family History or a Crest/History Combination. Family History Standard : 16 x 20 cm | 6 x 8 inches. €9.90 Family History Large : 20 x 26 cm | 8 x 10 inches. €12.50 Family Combination (History &amp; Crest) : 26 x 20 cm | 10 x 8 inches.€14.95 Family Histories and Family Combin,,,,,,,,,,,,,g,,,true,true,,,active
mcgowan,,,,,,,true,,,,,,,,,,,,,,,,,,https://irishfamilysurnames.com/wp-content/uploads/2021/03/irishfamilysurnameslogo2.jpg,2,McGowan,,,,,,,,,,,,,,,,,,,,,,,active
mcgowan,,,,,,,true,,,,,,,,,,,,,,,,,,https://irishfamilysurnames.com/wp-content/uploads/2021/04/mcgee-B-H-300x375.jpg,3,McGowan,,,,,,,,,,,,,,,,,,,,,,,active
mcgowan,,,,,,,true,,,,,,,,,,,,,,,,,,https://irishfamilysurnames.com/wp-content/uploads/2021/04/mcinerney-B-H-300x375.jpg,4,McGowan,,,,,,,,,,,,,,,,,,,,,,,active
mcgowan,,,,,,,true,,,,,,,,,,,,,,,,,,https://irishfamilysurnames.com/wp-content/uploads/2021/04/mcelroy-B-H-300x375.jpg,5,McGowan,,,,,,,,,,,,,,,,,,,,,,,active
mcgrath,Family name History & Crest Plaques - McGrath,"<p>Learn the full history of your family with a Family History or a Crest/History Combination.</p><p>Family History Standard : 16 x 20 cm | 6 x 8 inches. €9.90</p><p>Family History Large : 20 x 26 cm | 8 x 10 inches. €12.50</p><p>Family Combination (History &amp;amp;amp; Crest) : 26 x 20 cm | 10 x 8 inches.€14.95</p><p>Family Histories and Family Combinations are supplied mounted and ready to frame.<br/>FREE WORLDWIDE POSTAGE</p>",Irish Family Surnames,,General,"Heraldic Irish Family Names, Gifts under €25, Surname M",true,Title,Default Title,,,,,2586,0,shopify,20,deny,manual,12.45,,true,true,,https://irishfamilysurnames.com/wp-content/uploads/2021/04/mcgrath-B-H.jpg,1,McGrath,false,Family name History & Crest Plaques - McGrath,Learn the full history of your family with a Family History or a Crest/History Combination. Family History Standard : 16 x 20 cm | 6 x 8 inches. €9.90 Family History Large : 20 x 26 cm | 8 x 10 inches. €12.50 Family Combination (History &amp; Crest) : 26 x 20 cm | 10 x 8 inches.€14.95 Family Histories and Family Combin,,,,,,,,,,,,,g,,,true,true,,,active
mcgrath,,,,,,,true,,,,,,,,,,,,,,,,,,https://irishfamilysurnames.com/wp-content/uploads/2021/03/irishfamilysurnameslogo2.jpg,2,McGrath,,,,,,,,,,,,,,,,,,,,,,,active
mcgrath,,,,,,,true,,,,,,,,,,,,,,,,,,https://irishfamilysurnames.com/wp-content/uploads/2021/04/mckee-B-H-300x375.jpg,3,McGrath,,,,,,,,,,,,,,,,,,,,,,,active
mcgrath,,,,,,,true,,,,,,,,,,,,,,,,,,https://irishfamilysurnames.com/wp-content/uploads/2021/04/mcevoy-B-H-300x375.jpg,4,McGrath,,,,,,,,,,,,,,,,,,,,,,,active
mcgrath,,,,,,,true,,,,,,,,,,,,,,,,,,https://irishfamilysurnames.com/wp-content/uploads/2021/04/mcguinness-B-H-300x375.jpg,5,McGrath,,,,,,,,,,,,,,,,,,,,,,,active
mcguinness,Family name History & Crest Plaques - McGuinness,"<p>Learn the full history of your family with a Family History or a Crest/History Combination.</p><p>Family History Standard : 16 x 20 cm | 6 x 8 inches. €9.90</p><p>Family History Large : 20 x 26 cm | 8 x 10 inches. €12.50</p><p>Family Combination (History &amp;amp;amp; Crest) : 26 x 20 cm | 10 x 8 inches.€14.95</p><p>Family Histories and Family Combinations are supplied mounted and ready to frame.<br/>FREE WORLDWIDE POSTAGE</p>",Irish Family Surnames,,General,"Heraldic Irish Family Names, Gifts under €25, Surname M",true,Title,Default Title,,,,,2597,0,shopify,20,deny,manual,12.45,,true,true,,https://irishfamilysurnames.com/wp-content/uploads/2021/04/mcguinness-B-H.jpg,1,McGuinness,false,Family name History & Crest Plaques - McGuinness,Learn the full history of your family with a Family History or a Crest/History Combination. Family History Standard : 16 x 20 cm | 6 x 8 inches. €9.90 Family History Large : 20 x 26 cm | 8 x 10 inches. €12.50 Family Combination (History &amp; Crest) : 26 x 20 cm | 10 x 8 inches.€14.95 Family Histories and Family Combin,,,,,,,,,,,,,g,,,true,true,,,active
mcguinness,,,,,,,true,,,,,,,,,,,,,,,,,,https://irishfamilysurnames.com/wp-content/uploads/2021/03/irishfamilysurnameslogo2.jpg,2,McGuinness,,,,,,,,,,,,,,,,,,,,,,,active
mcguinness,,,,,,,true,,,,,,,,,,,,,,,,,,https://irishfamilysurnames.com/wp-content/uploads/2021/04/mccormack-B-H-300x375.jpg,3,McGuinness,,,,,,,,,,,,,,,,,,,,,,,active
mcguinness,,,,,,,true,,,,,,,,,,,,,,,,,,https://irishfamilysurnames.com/wp-content/uploads/2021/04/mcmahon-B-H-300x375.jpg,4,McGuinness,,,,,,,,,,,,,,,,,,,,,,,active
mcguinness,,,,,,,true,,,,,,,,,,,,,,,,,,https://irishfamilysurnames.com/wp-content/uploads/2021/04/mclaughlin-B-H-300x375.jpg,5,McGuinness,,,,,,,,,,,,,,,,,,,,,,,active
mcguire,Family name History & Crest Plaques - McGuire,"<p>Learn the full history of your family with a Family History or a Crest/History Combination.</p><p>Family History Standard : 16 x 20 cm | 6 x 8 inches. €9.90</p><p>Family History Large : 20 x 26 cm | 8 x 10 inches. €12.50</p><p>Family Combination (History &amp;amp;amp; Crest) : 26 x 20 cm | 10 x 8 inches.€14.95</p><p>Family Histories and Family Combinations are supplied mounted and ready to frame.<br/>FREE WORLDWIDE POSTAGE</p>",Irish Family Surnames,,General,"Heraldic Irish Family Names, Gifts under €25, Surname M",true,Title,Default Title,,,,,2608,0,shopify,20,deny,manual,12.45,,true,true,,https://irishfamilysurnames.com/wp-content/uploads/2021/04/mcguire-B-H.jpg,1,McGuire,false,Family name History & Crest Plaques - McGuire,Learn the full history of your family with a Family History or a Crest/History Combination. Family History Standard : 16 x 20 cm | 6 x 8 inches. €9.90 Family History Large : 20 x 26 cm | 8 x 10 inches. €12.50 Family Combination (History &amp; Crest) : 26 x 20 cm | 10 x 8 inches.€14.95 Family Histories and Family Combin,,,,,,,,,,,,,g,,,true,true,,,active
mcguire,,,,,,,true,,,,,,,,,,,,,,,,,,https://irishfamilysurnames.com/wp-content/uploads/2021/03/irishfamilysurnameslogo2.jpg,2,McGuire,,,,,,,,,,,,,,,,,,,,,,,active
mcguire,,,,,,,true,,,,,,,,,,,,,,,,,,https://irishfamilysurnames.com/wp-content/uploads/2021/04/mcmahon-B-H-300x375.jpg,3,McGuire,,,,,,,,,,,,,,,,,,,,,,,active
mcguire,,,,,,,true,,,,,,,,,,,,,,,,,,https://irishfamilysurnames.com/wp-content/uploads/2021/04/mcnamara-B-H-300x375.jpg,4,McGuire,,,,,,,,,,,,,,,,,,,,,,,active
mcguire,,,,,,,true,,,,,,,,,,,,,,,,,,https://irishfamilysurnames.com/wp-content/uploads/2021/04/mcdonnell-B-H-300x375.jpg,5,McGuire,,,,,,,,,,,,,,,,,,,,,,,active
mcinerney,Family name History & Crest Plaques - McInerney,"<p>Learn the full history of your family with a Family History or a Crest/History Combination.</p><p>Family History Standard : 16 x 20 cm | 6 x 8 inches. €9.90</p><p>Family History Large : 20 x 26 cm | 8 x 10 inches. €12.50</p><p>Family Combination (History &amp;amp;amp; Crest) : 26 x 20 cm | 10 x 8 inches.€14.95</p><p>Family Histories and Family Combinations are supplied mounted and ready to frame.<br/>FREE WORLDWIDE POSTAGE</p>",Irish Family Surnames,,General,"Heraldic Irish Family Names, Gifts under €25, Surname M",true,Title,Default Title,,,,,2632,0,shopify,20,deny,manual,12.45,,true,true,,https://irishfamilysurnames.com/wp-content/uploads/2021/04/mcinerney-B-H.jpg,1,McInerney,false,Family name History & Crest Plaques - McInerney,Learn the full history of your family with a Family History or a Crest/History Combination. Family History Standard : 16 x 20 cm | 6 x 8 inches. €9.90 Family History Large : 20 x 26 cm | 8 x 10 inches. €12.50 Family Combination (History &amp; Crest) : 26 x 20 cm | 10 x 8 inches.€14.95 Family Histories and Family Combin,,,,,,,,,,,,,g,,,true,true,,,active
mcinerney,,,,,,,true,,,,,,,,,,,,,,,,,,https://irishfamilysurnames.com/wp-content/uploads/2021/03/irishfamilysurnameslogo2.jpg,2,McInerney,,,,,,,,,,,,,,,,,,,,,,,active
mcinerney,,,,,,,true,,,,,,,,,,,,,,,,,,https://irishfamilysurnames.com/wp-content/uploads/2021/04/mckenna-B-H-300x375.jpg,3,McInerney,,,,,,,,,,,,,,,,,,,,,,,active
mcinerney,,,,,,,true,,,,,,,,,,,,,,,,,,https://irishfamilysurnames.com/wp-content/uploads/2021/04/mcdowell-B-H-300x375.jpg,4,McInerney,,,,,,,,,,,,,,,,,,,,,,,active
mcinerney,,,,,,,true,,,,,,,,,,,,,,,,,,https://irishfamilysurnames.com/wp-content/uploads/2021/04/mcmanus-B-H-300x375.jpg,5,McInerney,,,,,,,,,,,,,,,,,,,,,,,active
mckee,Family name History & Crest Plaques - McKee,"<p>Learn the full history of your family with a Family History or a Crest/History Combination.</p><p>Family History Standard : 16 x 20 cm | 6 x 8 inches. €9.90</p><p>Family History Large : 20 x 26 cm | 8 x 10 inches. €12.50</p><p>Family Combination (History &amp;amp;amp; Crest) : 26 x 20 cm | 10 x 8 inches.€14.95</p><p>Family Histories and Family Combinations are supplied mounted and ready to frame.<br/>FREE WORLDWIDE POSTAGE</p>",Irish Family Surnames,,General,"Heraldic Irish Family Names, Gifts under €25, Surname M",true,Title,Default Title,,,,,2643,0,shopify,20,deny,manual,12.45,,true,true,,https://irishfamilysurnames.com/wp-content/uploads/2021/04/mckee-B-H.jpg,1,McKee,false,Family name History & Crest Plaques - McKee,Learn the full history of your family with a Family History or a Crest/History Combination. Family History Standard : 16 x 20 cm | 6 x 8 inches. €9.90 Family History Large : 20 x 26 cm | 8 x 10 inches. €12.50 Family Combination (History &amp; Crest) : 26 x 20 cm | 10 x 8 inches.€14.95 Family Histories and Family Combin,,,,,,,,,,,,,g,,,true,true,,,active
mckee,,,,,,,true,,,,,,,,,,,,,,,,,,https://irishfamilysurnames.com/wp-content/uploads/2021/03/irishfamilysurnameslogo2.jpg,2,McKee,,,,,,,,,,,,,,,,,,,,,,,active
mckee,,,,,,,true,,,,,,,,,,,,,,,,,,https://irishfamilysurnames.com/wp-content/uploads/2021/04/mcdonald-B-H-300x375.jpg,3,McKee,,,,,,,,,,,,,,,,,,,,,,,active
mckee,,,,,,,true,,,,,,,,,,,,,,,,,,https://irishfamilysurnames.com/wp-content/uploads/2021/04/mcmanus-B-H-300x375.jpg,4,McKee,,,,,,,,,,,,,,,,,,,,,,,active
mckee,,,,,,,true,,,,,,,,,,,,,,,,,,https://irishfamilysurnames.com/wp-content/uploads/2021/04/mcmahon-B-H-300x375.jpg,5,McKee,,,,,,,,,,,,,,,,,,,,,,,active
mckenna,Family name History & Crest Plaques - McKenna,"<p>Learn the full history of your family with a Family History or a Crest/History Combination.</p><p>Family History Standard : 16 x 20 cm | 6 x 8 inches. €9.90</p><p>Family History Large : 20 x 26 cm | 8 x 10 inches. €12.50</p><p>Family Combination (History &amp;amp;amp; Crest) : 26 x 20 cm | 10 x 8 inches.€14.95</p><p>Family Histories and Family Combinations are supplied mounted and ready to frame.<br/>FREE WORLDWIDE POSTAGE</p>",Irish Family Surnames,,General,"Heraldic Irish Family Names, Gifts under €25, Surname M",true,Title,Default Title,,,,,2670,0,shopify,20,deny,manual,12.45,,true,true,,https://irishfamilysurnames.com/wp-content/uploads/2021/04/mckenna-B-H.jpg,1,McKenna,false,Family name History & Crest Plaques - McKenna,Learn the full history of your family with a Family History or a Crest/History Combination. Family History Standard : 16 x 20 cm | 6 x 8 inches. €9.90 Family History Large : 20 x 26 cm | 8 x 10 inches. €12.50 Family Combination (History &amp; Crest) : 26 x 20 cm | 10 x 8 inches.€14.95 Family Histories and Family Combin,,,,,,,,,,,,,g,,,true,true,,,active
mckenna,,,,,,,true,,,,,,,,,,,,,,,,,,https://irishfamilysurnames.com/wp-content/uploads/2021/03/irishfamilysurnameslogo2.jpg,2,McKenna,,,,,,,,,,,,,,,,,,,,,,,active
mckenna,,,,,,,true,,,,,,,,,,,,,,,,,,https://irishfamilysurnames.com/wp-content/uploads/2021/04/mcawley-B-H-300x375.jpg,3,McKenna,,,,,,,,,,,,,,,,,,,,,,,active
mckenna,,,,,,,true,,,,,,,,,,,,,,,,,,https://irishfamilysurnames.com/wp-content/uploads/2021/04/mcgrath-B-H-300x375.jpg,4,McKenna,,,,,,,,,,,,,,,,,,,,,,,active
mckenna,,,,,,,true,,,,,,,,,,,,,,,,,,https://irishfamilysurnames.com/wp-content/uploads/2021/04/mccarthy-B-H-300x375.jpg,5,McKenna,,,,,,,,,,,,,,,,,,,,,,,active
mckeogh,Family name History & Crest Plaques - McKeogh,"<p>Learn the full history of your family with a Family History or a Crest/History Combination.</p><p>Family History Standard : 16 x 20 cm | 6 x 8 inches. €9.90</p><p>Family History Large : 20 x 26 cm | 8 x 10 inches. €12.50</p><p>Family Combination (History &amp;amp;amp; Crest) : 26 x 20 cm | 10 x 8 inches.€14.95</p><p>Family Histories and Family Combinations are supplied mounted and ready to frame.<br/>FREE WORLDWIDE POSTAGE</p>",Irish Family Surnames,,General,"Heraldic Irish Family Names, Gifts under €25, Surname M",true,Title,Default Title,,,,,2677,0,shopify,20,deny,manual,12.45,,true,true,,https://irishfamilysurnames.com/wp-content/uploads/2021/04/mckeogh-B-H.jpg,1,McKeogh,false,Family name History & Crest Plaques - McKeogh,Learn the full history of your family with a Family History or a Crest/History Combination. Family History Standard : 16 x 20 cm | 6 x 8 inches. €9.90 Family History Large : 20 x 26 cm | 8 x 10 inches. €12.50 Family Combination (History &amp; Crest) : 26 x 20 cm | 10 x 8 inches.€14.95 Family Histories and Family Combin,,,,,,,,,,,,,g,,,true,true,,,active
mckeogh,,,,,,,true,,,,,,,,,,,,,,,,,,https://irishfamilysurnames.com/wp-content/uploads/2021/03/irishfamilysurnameslogo2.jpg,2,McKeogh,,,,,,,,,,,,,,,,,,,,,,,active
mckeogh,,,,,,,true,,,,,,,,,,,,,,,,,,https://irishfamilysurnames.com/wp-content/uploads/2021/04/mcinerney-B-H-300x375.jpg,3,McKeogh,,,,,,,,,,,,,,,,,,,,,,,active
mckeogh,,,,,,,true,,,,,,,,,,,,,,,,,,https://irishfamilysurnames.com/wp-content/uploads/2021/04/mclaughlin-B-H-300x375.jpg,4,McKeogh,,,,,,,,,,,,,,,,,,,,,,,active
mckeogh,,,,,,,true,,,,,,,,,,,,,,,,,,https://irishfamilysurnames.com/wp-content/uploads/2021/04/mcawley-B-H-300x375.jpg,5,McKeogh,,,,,,,,,,,,,,,,,,,,,,,active
mclaughlin,Family name History & Crest Plaques - McLaughlin,"<p>Learn the full history of your family with a Family History or a Crest/History Combination.</p><p>Family History Standard : 16 x 20 cm | 6 x 8 inches. €9.90</p><p>Family History Large : 20 x 26 cm | 8 x 10 inches. €12.50</p><p>Family Combination (History &amp;amp;amp; Crest) : 26 x 20 cm | 10 x 8 inches.€14.95</p><p>Family Histories and Family Combinations are supplied mounted and ready to frame.<br/>FREE WORLDWIDE POSTAGE</p>",Irish Family Surnames,,General,"Heraldic Irish Family Names, Gifts under €25, Surname M",true,Title,Default Title,,,,,2684,0,shopify,20,deny,manual,12.45,,true,true,,https://irishfamilysurnames.com/wp-content/uploads/2021/04/mclaughlin-B-H.jpg,1,McLaughlin,false,Family name History & Crest Plaques - McLaughlin,Learn the full history of your family with a Family History or a Crest/History Combination. Family History Standard : 16 x 20 cm | 6 x 8 inches. €9.90 Family History Large : 20 x 26 cm | 8 x 10 inches. €12.50 Family Combination (History &amp; Crest) : 26 x 20 cm | 10 x 8 inches.€14.95 Family Histories and Family Combin,,,,,,,,,,,,,g,,,true,true,,,active
mclaughlin,,,,,,,true,,,,,,,,,,,,,,,,,,https://irishfamilysurnames.com/wp-content/uploads/2021/03/irishfamilysurnameslogo2.jpg,2,McLaughlin,,,,,,,,,,,,,,,,,,,,,,,active
mclaughlin,,,,,,,true,,,,,,,,,,,,,,,,,,https://irishfamilysurnames.com/wp-content/uploads/2021/04/mccarthy-B-H-300x375.jpg,3,McLaughlin,,,,,,,,,,,,,,,,,,,,,,,active
mclaughlin,,,,,,,true,,,,,,,,,,,,,,,,,,https://irishfamilysurnames.com/wp-content/uploads/2021/04/mcmanus-B-H-300x375.jpg,4,McLaughlin,,,,,,,,,,,,,,,,,,,,,,,active
mclaughlin,,,,,,,true,,,,,,,,,,,,,,,,,,https://irishfamilysurnames.com/wp-content/uploads/2021/04/mcdermott-B-H-300x375.jpg,5,McLaughlin,,,,,,,,,,,,,,,,,,,,,,,active
mcloughlin,Family name History & Crest Plaques - McLoughlin,"<p>Learn the full history of your family with a Family History or a Crest/History Combination.</p><p>Family History Standard : 16 x 20 cm | 6 x 8 inches. €9.90</p><p>Family History Large : 20 x 26 cm | 8 x 10 inches. €12.50</p><p>Family Combination (History &amp;amp;amp; Crest) : 26 x 20 cm | 10 x 8 inches.€14.95</p><p>Family Histories and Family Combinations are supplied mounted and ready to frame.<br/>FREE WORLDWIDE POSTAGE</p>",Irish Family Surnames,,General,"Heraldic Irish Family Names, Gifts under €25, Surname M",true,Title,Default Title,,,,,2691,0,shopify,20,deny,manual,12.45,,true,true,,https://irishfamilysurnames.com/wp-content/uploads/2021/04/mcloughlin-B-H.jpg,1,McLoughlin,false,Family name History & Crest Plaques - McLoughlin,Learn the full history of your family with a Family History or a Crest/History Combination. Family History Standard : 16 x 20 cm | 6 x 8 inches. €9.90 Family History Large : 20 x 26 cm | 8 x 10 inches. €12.50 Family Combination (History &amp; Crest) : 26 x 20 cm | 10 x 8 inches.€14.95 Family Histories and Family Combin,,,,,,,,,,,,,g,,,true,true,,,active
mcloughlin,,,,,,,true,,,,,,,,,,,,,,,,,,https://irishfamilysurnames.com/wp-content/uploads/2021/03/irishfamilysurnameslogo2.jpg,2,McLoughlin,,,,,,,,,,,,,,,,,,,,,,,active
mcloughlin,,,,,,,true,,,,,,,,,,,,,,,,,,https://irishfamilysurnames.com/wp-content/uploads/2021/04/mcguire-B-H-300x375.jpg,3,McLoughlin,,,,,,,,,,,,,,,,,,,,,,,active
mcloughlin,,,,,,,true,,,,,,,,,,,,,,,,,,https://irishfamilysurnames.com/wp-content/uploads/2021/04/mcawley-B-H-300x375.jpg,4,McLoughlin,,,,,,,,,,,,,,,,,,,,,,,active
mcloughlin,,,,,,,true,,,,,,,,,,,,,,,,,,https://irishfamilysurnames.com/wp-content/uploads/2021/04/mcdonnell-B-H-300x375.jpg,5,McLoughlin,,,,,,,,,,,,,,,,,,,,,,,active
mcmahon,Family name History & Crest Plaques - McMahon,"<p>Learn the full history of your family with a Family History or a Crest/History Combination.</p><p>Family History Standard : 16 x 20 cm | 6 x 8 inches. €9.90</p><p>Family History Large : 20 x 26 cm | 8 x 10 inches. €12.50</p><p>Family Combination (History &amp;amp;amp; Crest) : 26 x 20 cm | 10 x 8 inches.€14.95</p><p>Family Histories and Family Combinations are supplied mounted and ready to frame.<br/>FREE WORLDWIDE POSTAGE</p>",Irish Family Surnames,,General,"Heraldic Irish Family Names, Gifts under €25, Surname M",true,Title,Default Title,,,,,2698,0,shopify,20,deny,manual,12.45,,true,true,,https://irishfamilysurnames.com/wp-content/uploads/2021/04/mcmahon-B-H.jpg,1,McMahon,false,Family name History & Crest Plaques - McMahon,Learn the full history of your family with a Family History or a Crest/History Combination. Family History Standard : 16 x 20 cm | 6 x 8 inches. €9.90 Family History Large : 20 x 26 cm | 8 x 10 inches. €12.50 Family Combination (History &amp; Crest) : 26 x 20 cm | 10 x 8 inches.€14.95 Family Histories and Family Combin,,,,,,,,,,,,,g,,,true,true,,,active
mcmahon,,,,,,,true,,,,,,,,,,,,,,,,,,https://irishfamilysurnames.com/wp-content/uploads/2021/03/irishfamilysurnameslogo2.jpg,2,McMahon,,,,,,,,,,,,,,,,,,,,,,,active
mcmahon,,,,,,,true,,,,,,,,,,,,,,,,,,https://irishfamilysurnames.com/wp-content/uploads/2021/04/mccarthy-B-H-300x375.jpg,3,McMahon,,,,,,,,,,,,,,,,,,,,,,,active
mcmahon,,,,,,,true,,,,,,,,,,,,,,,,,,https://irishfamilysurnames.com/wp-content/uploads/2021/04/mcgowan-B-H-300x375.jpg,4,McMahon,,,,,,,,,,,,,,,,,,,,,,,active
mcmahon,,,,,,,true,,,,,,,,,,,,,,,,,,https://irishfamilysurnames.com/wp-content/uploads/2021/04/mcdowell-B-H-300x375.jpg,5,McMahon,,,,,,,,,,,,,,,,,,,,,,,active
mcmanus,Family name History & Crest Plaques - McManus,"<p>Learn the full history of your family with a Family History or a Crest/History Combination.</p><p>Family History Standard : 16 x 20 cm | 6 x 8 inches. €9.90</p><p>Family History Large : 20 x 26 cm | 8 x 10 inches. €12.50</p><p>Family Combination (History &amp;amp;amp; Crest) : 26 x 20 cm | 10 x 8 inches.€14.95</p><p>Family Histories and Family Combinations are supplied mounted and ready to frame.<br/>FREE WORLDWIDE POSTAGE</p>",Irish Family Surnames,,General,"Heraldic Irish Family Names, Gifts under €25, Surname M",true,Title,Default Title,,,,,2725,0,shopify,20,deny,manual,12.45,,true,true,,https://irishfamilysurnames.com/wp-content/uploads/2021/04/mcmanus-B-H.jpg,1,McManus,false,Family name History & Crest Plaques - McManus,Learn the full history of your family with a Family History or a Crest/History Combination. Family History Standard : 16 x 20 cm | 6 x 8 inches. €9.90 Family History Large : 20 x 26 cm | 8 x 10 inches. €12.50 Family Combination (History &amp; Crest) : 26 x 20 cm | 10 x 8 inches.€14.95 Family Histories and Family Combin,,,,,,,,,,,,,g,,,true,true,,,active
mcmanus,,,,,,,true,,,,,,,,,,,,,,,,,,https://irishfamilysurnames.com/wp-content/uploads/2021/03/irishfamilysurnameslogo2.jpg,2,McManus,,,,,,,,,,,,,,,,,,,,,,,active
mcmanus,,,,,,,true,,,,,,,,,,,,,,,,,,https://irishfamilysurnames.com/wp-content/uploads/2021/04/mcnamara-B-H-300x375.jpg,3,McManus,,,,,,,,,,,,,,,,,,,,,,,active
mcmanus,,,,,,,true,,,,,,,,,,,,,,,,,,https://irishfamilysurnames.com/wp-content/uploads/2021/04/mcginley-B-H-300x375.jpg,4,McManus,,,,,,,,,,,,,,,,,,,,,,,active
mcmanus,,,,,,,true,,,,,,,,,,,,,,,,,,https://irishfamilysurnames.com/wp-content/uploads/2021/04/mcgee-B-H-300x375.jpg,5,McManus,,,,,,,,,,,,,,,,,,,,,,,active
mcnally,Family name History & Crest Plaques - McNally,"<p>Learn the full history of your family with a Family History or a Crest/History Combination.</p><p>Family History Standard : 16 x 20 cm | 6 x 8 inches. €9.90</p><p>Family History Large : 20 x 26 cm | 8 x 10 inches. €12.50</p><p>Family Combination (History &amp;amp;amp; Crest) : 26 x 20 cm | 10 x 8 inches.€14.95</p><p>Family Histories and Family Combinations are supplied mounted and ready to frame.<br/>FREE WORLDWIDE POSTAGE</p>",Irish Family Surnames,,General,"Heraldic Irish Family Names, Gifts under €25, Surname M",true,Title,Default Title,,,,,2732,0,shopify,20,deny,manual,12.45,,true,true,,https://irishfamilysurnames.com/wp-content/uploads/2021/04/mcnally-B-H.jpg,1,McNally,false,Family name History & Crest Plaques - McNally,Learn the full history of your family with a Family History or a Crest/History Combination. Family History Standard : 16 x 20 cm | 6 x 8 inches. €9.90 Family History Large : 20 x 26 cm | 8 x 10 inches. €12.50 Family Combination (History &amp; Crest) : 26 x 20 cm | 10 x 8 inches.€14.95 Family Histories and Family Combin,,,,,,,,,,,,,g,,,true,true,,,active
mcnally,,,,,,,true,,,,,,,,,,,,,,,,,,https://irishfamilysurnames.com/wp-content/uploads/2021/03/irishfamilysurnameslogo2.jpg,2,McNally,,,,,,,,,,,,,,,,,,,,,,,active
mcnally,,,,,,,true,,,,,,,,,,,,,,,,,,https://irishfamilysurnames.com/wp-content/uploads/2021/04/mcmahon-B-H-300x375.jpg,3,McNally,,,,,,,,,,,,,,,,,,,,,,,active
mcnally,,,,,,,true,,,,,,,,,,,,,,,,,,https://irishfamilysurnames.com/wp-content/uploads/2021/04/mcmanus-B-H-300x375.jpg,4,McNally,,,,,,,,,,,,,,,,,,,,,,,active
mcnally,,,,,,,true,,,,,,,,,,,,,,,,,,https://irishfamilysurnames.com/wp-content/uploads/2021/04/mccormack-B-H-300x375.jpg,5,McNally,,,,,,,,,,,,,,,,,,,,,,,active
mcnamara,Family name History & Crest Plaques - McNamara,"<p>Learn the full history of your family with a Family History or a Crest/History Combination.</p><p>Family History Standard : 16 x 20 cm | 6 x 8 inches. €9.90</p><p>Family History Large : 20 x 26 cm | 8 x 10 inches. €12.50</p><p>Family Combination (History &amp;amp;amp; Crest) : 26 x 20 cm | 10 x 8 inches.€14.95</p><p>Family Histories and Family Combinations are supplied mounted and ready to frame.<br/>FREE WORLDWIDE POSTAGE</p>",Irish Family Surnames,,General,"Heraldic Irish Family Names, Gifts under €25, Surname M",true,Title,Default Title,,,,,2739,0,shopify,20,deny,manual,12.45,,true,true,,https://irishfamilysurnames.com/wp-content/uploads/2021/04/mcnamara-B-H.jpg,1,McNamara,false,Family name History & Crest Plaques - McNamara,Learn the full history of your family with a Family History or a Crest/History Combination. Family History Standard : 16 x 20 cm | 6 x 8 inches. €9.90 Family History Large : 20 x 26 cm | 8 x 10 inches. €12.50 Family Combination (History &amp; Crest) : 26 x 20 cm | 10 x 8 inches.€14.95 Family Histories and Family Combin,,,,,,,,,,,,,g,,,true,true,,,active
mcnamara,,,,,,,true,,,,,,,,,,,,,,,,,,https://irishfamilysurnames.com/wp-content/uploads/2021/03/irishfamilysurnameslogo2.jpg,2,McNamara,,,,,,,,,,,,,,,,,,,,,,,active
mcnamara,,,,,,,true,,,,,,,,,,,,,,,,,,https://irishfamilysurnames.com/wp-content/uploads/2021/04/mcdonnell-B-H-300x375.jpg,3,McNamara,,,,,,,,,,,,,,,,,,,,,,,active
mcnamara,,,,,,,true,,,,,,,,,,,,,,,,,,https://irishfamilysurnames.com/wp-content/uploads/2021/04/mcgowan-B-H-300x375.jpg,4,McNamara,,,,,,,,,,,,,,,,,,,,,,,active
mcnamara,,,,,,,true,,,,,,,,,,,,,,,,,,https://irishfamilysurnames.com/wp-content/uploads/2021/04/mcdermott-B-H-300x375.jpg,5,McNamara,,,,,,,,,,,,,,,,,,,,,,,active
mcsweeney,Family name History & Crest Plaques - McSweeney,"<p>Learn the full history of your family with a Family History or a Crest/History Combination.</p><p>Family History Standard : 16 x 20 cm | 6 x 8 inches. €9.90</p><p>Family History Large : 20 x 26 cm | 8 x 10 inches. €12.50</p><p>Family Combination (History &amp;amp;amp; Crest) : 26 x 20 cm | 10 x 8 inches.€14.95</p><p>Family Histories and Family Combinations are supplied mounted and ready to frame.<br/>FREE WORLDWIDE POSTAGE</p>",Irish Family Surnames,,General,"Heraldic Irish Family Names, Gifts under €25, Surname M",true,Title,Default Title,,,,,2746,0,shopify,20,deny,manual,12.45,,true,true,,https://irishfamilysurnames.com/wp-content/uploads/2021/04/mcsweeney-B-H.jpg,1,McSweeney,false,Family name History & Crest Plaques - McSweeney,Learn the full history of your family with a Family History or a Crest/History Combination. Family History Standard : 16 x 20 cm | 6 x 8 inches. €9.90 Family History Large : 20 x 26 cm | 8 x 10 inches. €12.50 Family Combination (History &amp; Crest) : 26 x 20 cm | 10 x 8 inches.€14.95 Family Histories and Family Combin,,,,,,,,,,,,,g,,,true,true,,,active
mcsweeney,,,,,,,true,,,,,,,,,,,,,,,,,,https://irishfamilysurnames.com/wp-content/uploads/2021/03/irishfamilysurnameslogo2.jpg,2,McSweeney,,,,,,,,,,,,,,,,,,,,,,,active
mcsweeney,,,,,,,true,,,,,,,,,,,,,,,,,,https://irishfamilysurnames.com/wp-content/uploads/2021/04/mccarthy-B-H-300x375.jpg,3,McSweeney,,,,,,,,,,,,,,,,,,,,,,,active
mcsweeney,,,,,,,true,,,,,,,,,,,,,,,,,,https://irishfamilysurnames.com/wp-content/uploads/2021/04/mcgee-B-H-300x375.jpg,4,McSweeney,,,,,,,,,,,,,,,,,,,,,,,active
mcsweeney,,,,,,,true,,,,,,,,,,,,,,,,,,https://irishfamilysurnames.com/wp-content/uploads/2021/04/mcdonagh-B-H-300x375.jpg,5,McSweeney,,,,,,,,,,,,,,,,,,,,,,,active
power,Family name History & Crest Plaques - Power,"<p>Learn the full history of your family with a Family History or a Crest/History Combination.</p><p>Family History Standard : 16 x 20 cm | 6 x 8 inches. €9.90</p><p>Family History Large : 20 x 26 cm | 8 x 10 inches. €12.50</p><p>Family Combination (History &amp;amp;amp; Crest) : 26 x 20 cm | 10 x 8 inches.€14.95</p><p>Family Histories and Family Combinations are supplied mounted and ready to frame.<br/>FREE WORLDWIDE POSTAGE</p>",Irish Family Surnames,,General,"Heraldic Irish Family Names, Gifts under €25, Surname P",true,Title,Default Title,,,,,2801,0,shopify,20,deny,manual,12.45,,true,true,,https://irishfamilysurnames.com/wp-content/uploads/2021/04/power-B-H.jpg,1,Power,false,Family name History & Crest Plaques - Power,Learn the full history of your family with a Family History or a Crest/History Combination. Family History Standard : 16 x 20 cm | 6 x 8 inches. €9.90 Family History Large : 20 x 26 cm | 8 x 10 inches. €12.50 Family Combination (History &amp; Crest) : 26 x 20 cm | 10 x 8 inches.€14.95 Family Histories and Family Combin,,,,,,,,,,,,,g,,,true,true,,,active
power,,,,,,,true,,,,,,,,,,,,,,,,,,https://irishfamilysurnames.com/wp-content/uploads/2021/03/irishfamilysurnameslogo2.jpg,2,Power,,,,,,,,,,,,,,,,,,,,,,,active
power,,,,,,,true,,,,,,,,,,,,,,,,,,https://irishfamilysurnames.com/wp-content/uploads/2021/04/powers-B-H-300x375.jpg,3,Power,,,,,,,,,,,,,,,,,,,,,,,active
power,,,,,,,true,,,,,,,,,,,,,,,,,,https://irishfamilysurnames.com/wp-content/uploads/2021/04/phelan-B-H-300x375.jpg,4,Power,,,,,,,,,,,,,,,,,,,,,,,active
reagan,Family name History & Crest Plaques - Reagan,"<p>Learn the full history of your family with a Family History or a Crest/History Combination.</p><p>Family History Standard : 16 x 20 cm | 6 x 8 inches. €9.90</p><p>Family History Large : 20 x 26 cm | 8 x 10 inches. €12.50</p><p>Family Combination (History &amp;amp;amp; Crest) : 26 x 20 cm | 10 x 8 inches.€14.95</p><p>Family Histories and Family Combinations are supplied mounted and ready to frame.<br/>FREE WORLDWIDE POSTAGE</p>",Irish Family Surnames,,General,"Heraldic Irish Family Names, Gifts under €25, Surname R",true,Title,Default Title,,,,,2856,0,shopify,20,deny,manual,12.45,,true,true,,https://irishfamilysurnames.com/wp-content/uploads/2021/04/reagan-B-H.jpg,1,Reagan,false,Family name History & Crest Plaques - Reagan,Learn the full history of your family with a Family History or a Crest/History Combination. Family History Standard : 16 x 20 cm | 6 x 8 inches. €9.90 Family History Large : 20 x 26 cm | 8 x 10 inches. €12.50 Family Combination (History &amp; Crest) : 26 x 20 cm | 10 x 8 inches.€14.95 Family Histories and Family Combin,,,,,,,,,,,,,g,,,true,true,,,active
reagan,,,,,,,true,,,,,,,,,,,,,,,,,,https://irishfamilysurnames.com/wp-content/uploads/2021/03/irishfamilysurnameslogo2.jpg,2,Reagan,,,,,,,,,,,,,,,,,,,,,,,active
reagan,,,,,,,true,,,,,,,,,,,,,,,,,,https://irishfamilysurnames.com/wp-content/uploads/2021/04/rourke-B-H-300x375.jpg,3,Reagan,,,,,,,,,,,,,,,,,,,,,,,active
reagan,,,,,,,true,,,,,,,,,,,,,,,,,,https://irishfamilysurnames.com/wp-content/uploads/2021/04/roach-B-H-300x375.jpg,4,Reagan,,,,,,,,,,,,,,,,,,,,,,,active
reagan,,,,,,,true,,,,,,,,,,,,,,,,,,https://irishfamilysurnames.com/wp-content/uploads/2021/04/russell-B-H-300x375.jpg,5,Reagan,,,,,,,,,,,,,,,,,,,,,,,active
reardon,Family name History & Crest Plaques - Reardon,"<p>Learn the full history of your family with a Family History or a Crest/History Combination.</p><p>Family History Standard : 16 x 20 cm | 6 x 8 inches. €9.90</p><p>Family History Large : 20 x 26 cm | 8 x 10 inches. €12.50</p><p>Family Combination (History &amp;amp;amp; Crest) : 26 x 20 cm | 10 x 8 inches.€14.95</p><p>Family Histories and Family Combinations are supplied mounted and ready to frame.<br/>FREE WORLDWIDE POSTAGE</p>",Irish Family Surnames,,General,"Heraldic Irish Family Names, Gifts under €25, Surname R",true,Title,Default Title,,,,,2867,0,shopify,20,deny,manual,12.45,,true,true,,https://irishfamilysurnames.com/wp-content/uploads/2021/04/reardon-B-H.jpg,1,Reardon,false,Family name History & Crest Plaques - Reardon,Learn the full history of your family with a Family History or a Crest/History Combination. Family History Standard : 16 x 20 cm | 6 x 8 inches. €9.90 Family History Large : 20 x 26 cm | 8 x 10 inches. €12.50 Family Combination (History &amp; Crest) : 26 x 20 cm | 10 x 8 inches.€14.95 Family Histories and Family Combin,,,,,,,,,,,,,g,,,true,true,,,active
reardon,,,,,,,true,,,,,,,,,,,,,,,,,,https://irishfamilysurnames.com/wp-content/uploads/2021/03/irishfamilysurnameslogo2.jpg,2,Reardon,,,,,,,,,,,,,,,,,,,,,,,active
reardon,,,,,,,true,,,,,,,,,,,,,,,,,,https://irishfamilysurnames.com/wp-content/uploads/2021/04/reagan-B-H-300x375.jpg,3,Reardon,,,,,,,,,,,,,,,,,,,,,,,active
reardon,,,,,,,true,,,,,,,,,,,,,,,,,,https://irishfamilysurnames.com/wp-content/uploads/2021/04/rooney-B-H-300x375.jpg,4,Reardon,,,,,,,,,,,,,,,,,,,,,,,active
reardon,,,,,,,true,,,,,,,,,,,,,,,,,,https://irishfamilysurnames.com/wp-content/uploads/2021/04/reid-B-H-300x375.jpg,5,Reardon,,,,,,,,,,,,,,,,,,,,,,,active
redmond,Family name History & Crest Plaques - Redmond,"<p>Learn the full history of your family with a Family History or a Crest/History Combination.</p><p>Family History Standard : 16 x 20 cm | 6 x 8 inches. €9.90</p><p>Family History Large : 20 x 26 cm | 8 x 10 inches. €12.50</p><p>Family Combination (History &amp;amp;amp; Crest) : 26 x 20 cm | 10 x 8 inches.€14.95</p><p>Family Histories and Family Combinations are supplied mounted and ready to frame.<br/>FREE WORLDWIDE POSTAGE</p>",Irish Family Surnames,,General,"Heraldic Irish Family Names, Gifts under €25, Surname R",true,Title,Default Title,,,,,2878,0,shopify,20,deny,manual,12.45,,true,true,,https://irishfamilysurnames.com/wp-content/uploads/2021/04/redmond-B-H.jpg,1,Redmond,false,Family name History & Crest Plaques - Redmond,Learn the full history of your family with a Family History or a Crest/History Combination. Family History Standard : 16 x 20 cm | 6 x 8 inches. €9.90 Family History Large : 20 x 26 cm | 8 x 10 inches. €12.50 Family Combination (History &amp; Crest) : 26 x 20 cm | 10 x 8 inches.€14.95 Family Histories and Family Combin,,,,,,,,,,,,,g,,,true,true,,,active
redmond,,,,,,,true,,,,,,,,,,,,,,,,,,https://irishfamilysurnames.com/wp-content/uploads/2021/03/irishfamilysurnameslogo2.jpg,2,Redmond,,,,,,,,,,,,,,,,,,,,,,,active
redmond,,,,,,,true,,,,,,,,,,,,,,,,,,https://irishfamilysurnames.com/wp-content/uploads/2021/04/reid-B-H-300x375.jpg,3,Redmond,,,,,,,,,,,,,,,,,,,,,,,active
redmond,,,,,,,true,,,,,,,,,,,,,,,,,,https://irishfamilysurnames.com/wp-content/uploads/2021/04/reagan-B-H-300x375.jpg,4,Redmond,,,,,,,,,,,,,,,,,,,,,,,active
redmond,,,,,,,true,,,,,,,,,,,,,,,,,,https://irishfamilysurnames.com/wp-content/uploads/2021/04/roark-B-H-300x375.jpg,5,Redmond,,,,,,,,,,,,,,,,,,,,,,,active
regan,Family name History & Crest Plaques - Regan,"<p>Learn the full history of your family with a Family History or a Crest/History Combination.</p><p>Family History Standard : 16 x 20 cm | 6 x 8 inches. €9.90</p><p>Family History Large : 20 x 26 cm | 8 x 10 inches. €12.50</p><p>Family Combination (History &amp;amp;amp; Crest) : 26 x 20 cm | 10 x 8 inches.€14.95</p><p>Family Histories and Family Combinations are supplied mounted and ready to frame.<br/>FREE WORLDWIDE POSTAGE</p>",Irish Family Surnames,,General,"Heraldic Irish Family Names, Gifts under €25, Surname R",true,Title,Default Title,,,,,2890,0,shopify,20,deny,manual,12.45,,true,true,,https://irishfamilysurnames.com/wp-content/uploads/2021/04/regan-B-H.jpg,1,Regan,false,Family name History & Crest Plaques - Regan,Learn the full history of your family with a Family History or a Crest/History Combination. Family History Standard : 16 x 20 cm | 6 x 8 inches. €9.90 Family History Large : 20 x 26 cm | 8 x 10 inches. €12.50 Family Combination (History &amp; Crest) : 26 x 20 cm | 10 x 8 inches.€14.95 Family Histories and Family Combin,,,,,,,,,,,,,g,,,true,true,,,active
regan,,,,,,,true,,,,,,,,,,,,,,,,,,https://irishfamilysurnames.com/wp-content/uploads/2021/03/irishfamilysurnameslogo2.jpg,2,Regan,,,,,,,,,,,,,,,,,,,,,,,active
regan,,,,,,,true,,,,,,,,,,,,,,,,,,https://irishfamilysurnames.com/wp-content/uploads/2021/04/reid-B-H-300x375.jpg,3,Regan,,,,,,,,,,,,,,,,,,,,,,,active
regan,,,,,,,true,,,,,,,,,,,,,,,,,,https://irishfamilysurnames.com/wp-content/uploads/2021/04/rourke-B-H-300x375.jpg,4,Regan,,,,,,,,,,,,,,,,,,,,,,,active
regan,,,,,,,true,,,,,,,,,,,,,,,,,,https://irishfamilysurnames.com/wp-content/uploads/2021/04/riley-B-H-300x375.jpg,5,Regan,,,,,,,,,,,,,,,,,,,,,,,active
reynolds,Family name History & Crest Plaques - Reynolds,"<p>Learn the full history of your family with a Family History or a Crest/History Combination.</p><p>Family History Standard : 16 x 20 cm | 6 x 8 inches. €9.90</p><p>Family History Large : 20 x 26 cm | 8 x 10 inches. €12.50</p><p>Family Combination (History &amp;amp;amp; Crest) : 26 x 20 cm | 10 x 8 inches.€14.95</p><p>Family Histories and Family Combinations are supplied mounted and ready to frame.<br/>FREE WORLDWIDE POSTAGE</p>",Irish Family Surnames,,General,"Heraldic Irish Family Names, Gifts under €25, Surname R",true,Title,Default Title,,,,,2927,0,shopify,20,deny,manual,12.45,,true,true,,https://irishfamilysurnames.com/wp-content/uploads/2021/04/reynolds-B-H.jpg,1,Reynolds,false,Family name History & Crest Plaques - Reynolds,Learn the full history of your family with a Family History or a Crest/History Combination. Family History Standard : 16 x 20 cm | 6 x 8 inches. €9.90 Family History Large : 20 x 26 cm | 8 x 10 inches. €12.50 Family Combination (History &amp; Crest) : 26 x 20 cm | 10 x 8 inches.€14.95 Family Histories and Family Combin,,,,,,,,,,,,,g,,,true,true,,,active
reynolds,,,,,,,true,,,,,,,,,,,,,,,,,,https://irishfamilysurnames.com/wp-content/uploads/2021/03/irishfamilysurnameslogo2.jpg,2,Reynolds,,,,,,,,,,,,,,,,,,,,,,,active
reynolds,,,,,,,true,,,,,,,,,,,,,,,,,,https://irishfamilysurnames.com/wp-content/uploads/2021/04/reid-B-H-300x375.jpg,3,Reynolds,,,,,,,,,,,,,,,,,,,,,,,active
reynolds,,,,,,,true,,,,,,,,,,,,,,,,,,https://irishfamilysurnames.com/wp-content/uploads/2021/04/reagan-B-H-300x375.jpg,4,Reynolds,,,,,,,,,,,,,,,,,,,,,,,active
reynolds,,,,,,,true,,,,,,,,,,,,,,,,,,https://irishfamilysurnames.com/wp-content/uploads/2021/04/reilly-B-H-300x375.jpg,5,Reynolds,,,,,,,,,,,,,,,,,,,,,,,active
roche,Family name History & Crest Plaques - Roche,"<p>Learn the full history of your family with a Family History or a Crest/History Combination.</p><p>Family History Standard : 16 x 20 cm | 6 x 8 inches. €9.90</p><p>Family History Large : 20 x 26 cm | 8 x 10 inches. €12.50</p><p>Family Combination (History &amp;amp;amp; Crest) : 26 x 20 cm | 10 x 8 inches.€14.95</p><p>Family Histories and Family Combinations are supplied mounted and ready to frame.<br/>FREE WORLDWIDE POSTAGE</p>",Irish Family Surnames,,General,"Heraldic Irish Family Names, Gifts under €25, Surname R",true,Title,Default Title,,,,,2983,0,shopify,20,deny,manual,12.45,,true,true,,https://irishfamilysurnames.com/wp-content/uploads/2021/04/roche-B-H.jpg,1,Roche,false,Family name History & Crest Plaques - Roche,Learn the full history of your family with a Family History or a Crest/History Combination. Family History Standard : 16 x 20 cm | 6 x 8 inches. €9.90 Family History Large : 20 x 26 cm | 8 x 10 inches. €12.50 Family Combination (History &amp; Crest) : 26 x 20 cm | 10 x 8 inches.€14.95 Family Histories and Family Combin,,,,,,,,,,,,,g,,,true,true,,,active
roche,,,,,,,true,,,,,,,,,,,,,,,,,,https://irishfamilysurnames.com/wp-content/uploads/2021/03/irishfamilysurnameslogo2.jpg,2,Roche,,,,,,,,,,,,,,,,,,,,,,,active
roche,,,,,,,true,,,,,,,,,,,,,,,,,,https://irishfamilysurnames.com/wp-content/uploads/2021/04/rafferty-B-H-300x375.jpg,3,Roche,,,,,,,,,,,,,,,,,,,,,,,active
roche,,,,,,,true,,,,,,,,,,,,,,,,,,https://irishfamilysurnames.com/wp-content/uploads/2021/04/rourke-B-H-300x375.jpg,4,Roche,,,,,,,,,,,,,,,,,,,,,,,active
roche,,,,,,,true,,,,,,,,,,,,,,,,,,https://irishfamilysurnames.com/wp-content/uploads/2021/04/russell-B-H-300x375.jpg,5,Roche,,,,,,,,,,,,,,,,,,,,,,,active
rooney,Family name History & Crest Plaques - Rooney,"<p>Learn the full history of your family with a Family History or a Crest/History Combination.</p><p>Family History Standard : 16 x 20 cm | 6 x 8 inches. €9.90</p><p>Family History Large : 20 x 26 cm | 8 x 10 inches. €12.50</p><p>Family Combination (History &amp;amp;amp; Crest) : 26 x 20 cm | 10 x 8 inches.€14.95</p><p>Family Histories and Family Combinations are supplied mounted and ready to frame.<br/>FREE WORLDWIDE POSTAGE</p>",Irish Family Surnames,,General,"Heraldic Irish Family Names, Gifts under €25, Surname R",true,Title,Default Title,,,,,2994,0,shopify,20,deny,manual,12.45,,true,true,,https://irishfamilysurnames.com/wp-content/uploads/2021/04/rooney-B-H.jpg,1,Rooney,false,Family name History & Crest Plaques - Rooney,Learn the full history of your family with a Family History or a Crest/History Combination. Family History Standard : 16 x 20 cm | 6 x 8 inches. €9.90 Family History Large : 20 x 26 cm | 8 x 10 inches. €12.50 Family Combination (History &amp; Crest) : 26 x 20 cm | 10 x 8 inches.€14.95 Family Histories and Family Combin,,,,,,,,,,,,,g,,,true,true,,,active
rooney,,,,,,,true,,,,,,,,,,,,,,,,,,https://irishfamilysurnames.com/wp-content/uploads/2021/03/irishfamilysurnameslogo2.jpg,2,Rooney,,,,,,,,,,,,,,,,,,,,,,,active
rooney,,,,,,,true,,,,,,,,,,,,,,,,,,https://irishfamilysurnames.com/wp-content/uploads/2021/04/riordan-B-H-300x375.jpg,3,Rooney,,,,,,,,,,,,,,,,,,,,,,,active
rooney,,,,,,,true,,,,,,,,,,,,,,,,,,https://irishfamilysurnames.com/wp-content/uploads/2021/04/redmond-B-H-300x375.jpg,4,Rooney,,,,,,,,,,,,,,,,,,,,,,,active
rooney,,,,,,,true,,,,,,,,,,,,,,,,,,https://irishfamilysurnames.com/wp-content/uploads/2021/04/roark-B-H-300x375.jpg,5,Rooney,,,,,,,,,,,,,,,,,,,,,,,active
rourke,Family name History & Crest Plaques - Rourke,"<p>Learn the full history of your family with a Family History or a Crest/History Combination.</p><p>Family History Standard : 16 x 20 cm | 6 x 8 inches. €9.90</p><p>Family History Large : 20 x 26 cm | 8 x 10 inches. €12.50</p><p>Family Combination (History &amp;amp;amp; Crest) : 26 x 20 cm | 10 x 8 inches.€14.95</p><p>Family Histories and Family Combinations are supplied mounted and ready to frame.<br/>FREE WORLDWIDE POSTAGE</p>",Irish Family Surnames,,General,"Heraldic Irish Family Names, Gifts under €25, Surname R",true,Title,Default Title,,,,,3005,0,shopify,20,deny,manual,12.45,,true,true,,https://irishfamilysurnames.com/wp-content/uploads/2021/04/rourke-B-H.jpg,1,Rourke,false,Family name History & Crest Plaques - Rourke,Learn the full history of your family with a Family History or a Crest/History Combination. Family History Standard : 16 x 20 cm | 6 x 8 inches. €9.90 Family History Large : 20 x 26 cm | 8 x 10 inches. €12.50 Family Combination (History &amp; Crest) : 26 x 20 cm | 10 x 8 inches.€14.95 Family Histories and Family Combin,,,,,,,,,,,,,g,,,true,true,,,active
rourke,,,,,,,true,,,,,,,,,,,,,,,,,,https://irishfamilysurnames.com/wp-content/uploads/2021/03/irishfamilysurnameslogo2.jpg,2,Rourke,,,,,,,,,,,,,,,,,,,,,,,active
rourke,,,,,,,true,,,,,,,,,,,,,,,,,,https://irishfamilysurnames.com/wp-content/uploads/2021/04/roche-B-H-300x375.jpg,3,Rourke,,,,,,,,,,,,,,,,,,,,,,,active
rourke,,,,,,,true,,,,,,,,,,,,,,,,,,https://irishfamilysurnames.com/wp-content/uploads/2021/04/riley-B-H-300x375.jpg,4,Rourke,,,,,,,,,,,,,,,,,,,,,,,active
rourke,,,,,,,true,,,,,,,,,,,,,,,,,,https://irishfamilysurnames.com/wp-content/uploads/2021/04/reagan-B-H-300x375.jpg,5,Rourke,,,,,,,,,,,,,,,,,,,,,,,active
russell,Family name History & Crest Plaques - Russell,"<p>Learn the full history of your family with a Family History or a Crest/History Combination.</p><p>Family History Standard : 16 x 20 cm | 6 x 8 inches. €9.90</p><p>Family History Large : 20 x 26 cm | 8 x 10 inches. €12.50</p><p>Family Combination (History &amp;amp;amp; Crest) : 26 x 20 cm | 10 x 8 inches.€14.95</p><p>Family Histories and Family Combinations are supplied mounted and ready to frame.<br/>FREE WORLDWIDE POSTAGE</p>",Irish Family Surnames,,General,"Heraldic Irish Family Names, Gifts under €25, Surname R",true,Title,Default Title,,,,,3017,0,shopify,20,deny,manual,12.45,,true,true,,https://irishfamilysurnames.com/wp-content/uploads/2021/04/russell-B-H.jpg,1,Russell,false,Family name History & Crest Plaques - Russell,Learn the full history of your family with a Family History or a Crest/History Combination. Family History Standard : 16 x 20 cm | 6 x 8 inches. €9.90 Family History Large : 20 x 26 cm | 8 x 10 inches. €12.50 Family Combination (History &amp; Crest) : 26 x 20 cm | 10 x 8 inches.€14.95 Family Histories and Family Combin,,,,,,,,,,,,,g,,,true,true,,,active
russell,,,,,,,true,,,,,,,,,,,,,,,,,,https://irishfamilysurnames.com/wp-content/uploads/2021/03/irishfamilysurnameslogo2.jpg,2,Russell,,,,,,,,,,,,,,,,,,,,,,,active
russell,,,,,,,true,,,,,,,,,,,,,,,,,,https://irishfamilysurnames.com/wp-content/uploads/2021/04/reilly-B-H-300x375.jpg,3,Russell,,,,,,,,,,,,,,,,,,,,,,,active
russell,,,,,,,true,,,,,,,,,,,,,,,,,,https://irishfamilysurnames.com/wp-content/uploads/2021/04/roach-B-H-300x375.jpg,4,Russell,,,,,,,,,,,,,,,,,,,,,,,active
russell,,,,,,,true,,,,,,,,,,,,,,,,,,https://irishfamilysurnames.com/wp-content/uploads/2021/04/rooney-B-H-300x375.jpg,5,Russell,,,,,,,,,,,,,,,,,,,,,,,active
ryan,Family name History & Crest Plaques - Ryan,"<p>Learn the full history of your family with a Family History or a Crest/History Combination.</p><p>Family History Standard : 16 x 20 cm | 6 x 8 inches. €9.90</p><p>Family History Large : 20 x 26 cm | 8 x 10 inches. €12.50</p><p>Family Combination (History &amp;amp;amp; Crest) : 26 x 20 cm | 10 x 8 inches.€14.95</p><p>Family Histories and Family Combinations are supplied mounted and ready to frame.<br/>FREE WORLDWIDE POSTAGE</p>",Irish Family Surnames,,General,"Heraldic Irish Family Names, Gifts under €25, Surname R",true,Title,Default Title,,,,,3030,0,shopify,20,deny,manual,12.45,,true,true,,https://irishfamilysurnames.com/wp-content/uploads/2021/04/ryan-B-H.jpg,1,Ryan,false,Family name History & Crest Plaques - Ryan,Learn the full history of your family with a Family History or a Crest/History Combination. Family History Standard : 16 x 20 cm | 6 x 8 inches. €9.90 Family History Large : 20 x 26 cm | 8 x 10 inches. €12.50 Family Combination (History &amp; Crest) : 26 x 20 cm | 10 x 8 inches.€14.95 Family Histories and Family Combin,,,,,,,,,,,,,g,,,true,true,,,active
ryan,,,,,,,true,,,,,,,,,,,,,,,,,,https://irishfamilysurnames.com/wp-content/uploads/2021/03/irishfamilysurnameslogo2.jpg,2,Ryan,,,,,,,,,,,,,,,,,,,,,,,active
ryan,,,,,,,true,,,,,,,,,,,,,,,,,,https://irishfamilysurnames.com/wp-content/uploads/2021/04/roche-B-H-300x375.jpg,3,Ryan,,,,,,,,,,,,,,,,,,,,,,,active
ryan,,,,,,,true,,,,,,,,,,,,,,,,,,https://irishfamilysurnames.com/wp-content/uploads/2021/04/redmond-B-H-300x375.jpg,4,Ryan,,,,,,,,,,,,,,,,,,,,,,,active
ryan,,,,,,,true,,,,,,,,,,,,,,,,,,https://irishfamilysurnames.com/wp-content/uploads/2021/04/roark-B-H-300x375.jpg,5,Ryan,,,,,,,,,,,,,,,,,,,,,,,active
butler,Family name History & Crest Plaques - Butler,"<p>Learn the full history of your family with a Family History or a Crest/History Combination.</p><p>Family History Standard : 16 x 20 cm | 6 x 8 inches. €9.90</p><p>Family History Large : 20 x 26 cm | 8 x 10 inches. €12.50</p><p>Family Combination (History &amp;amp;amp; Crest) : 26 x 20 cm | 10 x 8 inches.€14.95</p><p>Family Histories and Family Combinations are supplied mounted and ready to frame.<br/>FREE WORLDWIDE POSTAGE</p>",Irish Family Surnames,,General,"Heraldic Irish Family Names, Gifts under €25, Surname B",true,Title,Default Title,,,,,3308,0,shopify,20,deny,manual,12.45,,true,true,,https://irishfamilysurnames.com/wp-content/uploads/2021/04/butler-B-H.jpg,1,Butler,false,Family name History & Crest Plaques - Butler,Learn the full history of your family with a Family History or a Crest/History Combination. Family History Standard : 16 x 20 cm | 6 x 8 inches. €9.90 Family History Large : 20 x 26 cm | 8 x 10 inches. €12.50 Family Combination (History &amp; Crest) : 26 x 20 cm | 10 x 8 inches.€14.95 Family Histories and Family Combin,,,,,,,,,,,,,g,,,true,true,,,active
butler,,,,,,,true,,,,,,,,,,,,,,,,,,https://irishfamilysurnames.com/wp-content/uploads/2021/03/irishfamilysurnameslogo2.jpg,2,Butler,,,,,,,,,,,,,,,,,,,,,,,active
butler,,,,,,,true,,,,,,,,,,,,,,,,,,https://irishfamilysurnames.com/wp-content/uploads/2021/04/burns-B-H-300x375.jpg,3,Butler,,,,,,,,,,,,,,,,,,,,,,,active
butler,,,,,,,true,,,,,,,,,,,,,,,,,,https://irishfamilysurnames.com/wp-content/uploads/2021/04/brown-B-H-300x375.jpg,4,Butler,,,,,,,,,,,,,,,,,,,,,,,active
butler,,,,,,,true,,,,,,,,,,,,,,,,,,https://irishfamilysurnames.com/wp-content/uploads/2021/04/buckley-B-H-300x375.jpg,5,Butler,,,,,,,,,,,,,,,,,,,,,,,active
byrne,Family name History & Crest Plaques - Byrne,"<p>Learn the full history of your family with a Family History or a Crest/History Combination.</p><p>Family History Standard : 16 x 20 cm | 6 x 8 inches. €9.90</p><p>Family History Large : 20 x 26 cm | 8 x 10 inches. €12.50</p><p>Family Combination (History &amp;amp;amp; Crest) : 26 x 20 cm | 10 x 8 inches.€14.95</p><p>Family Histories and Family Combinations are supplied mounted and ready to frame.<br/>FREE WORLDWIDE POSTAGE</p>",Irish Family Surnames,,General,"Heraldic Irish Family Names, Gifts under €25, Surname B",true,Title,Default Title,,,,,3319,0,shopify,20,deny,manual,12.45,,true,true,,https://irishfamilysurnames.com/wp-content/uploads/2021/04/byrne-B-H.jpg,1,Byrne,false,Family name History & Crest Plaques - Byrne,Learn the full history of your family with a Family History or a Crest/History Combination. Family History Standard : 16 x 20 cm | 6 x 8 inches. €9.90 Family History Large : 20 x 26 cm | 8 x 10 inches. €12.50 Family Combination (History &amp; Crest) : 26 x 20 cm | 10 x 8 inches.€14.95 Family Histories and Family Combin,,,,,,,,,,,,,g,,,true,true,,,active
byrne,,,,,,,true,,,,,,,,,,,,,,,,,,https://irishfamilysurnames.com/wp-content/uploads/2021/03/irishfamilysurnameslogo2.jpg,2,Byrne,,,,,,,,,,,,,,,,,,,,,,,active
byrne,,,,,,,true,,,,,,,,,,,,,,,,,,https://irishfamilysurnames.com/wp-content/uploads/2021/04/browne-B-H-300x375.jpg,3,Byrne,,,,,,,,,,,,,,,,,,,,,,,active
byrne,,,,,,,true,,,,,,,,,,,,,,,,,,https://irishfamilysurnames.com/wp-content/uploads/2021/04/butler-B-H-300x375.jpg,4,Byrne,,,,,,,,,,,,,,,,,,,,,,,active
byrne,,,,,,,true,,,,,,,,,,,,,,,,,,https://irishfamilysurnames.com/wp-content/uploads/2021/04/burke-B-H-300x375.jpg,5,Byrne,,,,,,,,,,,,,,,,,,,,,,,active
burns,Family name History & Crest Plaques - Burns,"<p>Learn the full history of your family with a Family History or a Crest/History Combination.</p><p>Family History Standard : 16 x 20 cm | 6 x 8 inches. €9.90</p><p>Family History Large : 20 x 26 cm | 8 x 10 inches. €12.50</p><p>Family Combination (History &amp;amp;amp; Crest) : 26 x 20 cm | 10 x 8 inches.€14.95</p><p>Family Histories and Family Combinations are supplied mounted and ready to frame.<br/>FREE WORLDWIDE POSTAGE</p>",Irish Family Surnames,,General,"Heraldic Irish Family Names, Gifts under €25, Surname B",true,Title,Default Title,,,,,3297,0,shopify,20,deny,manual,12.45,,true,true,,https://irishfamilysurnames.com/wp-content/uploads/2021/04/burns-B-H.jpg,1,Burns,false,Family name History & Crest Plaques - Burns,Learn the full history of your family with a Family History or a Crest/History Combination. Family History Standard : 16 x 20 cm | 6 x 8 inches. €9.90 Family History Large : 20 x 26 cm | 8 x 10 inches. €12.50 Family Combination (History &amp; Crest) : 26 x 20 cm | 10 x 8 inches.€14.95 Family Histories and Family Combin,,,,,,,,,,,,,g,,,true,true,,,active
burns,,,,,,,true,,,,,,,,,,,,,,,,,,https://irishfamilysurnames.com/wp-content/uploads/2021/03/irishfamilysurnameslogo2.jpg,2,Burns,,,,,,,,,,,,,,,,,,,,,,,active
burns,,,,,,,true,,,,,,,,,,,,,,,,,,https://irishfamilysurnames.com/wp-content/uploads/2021/04/bolger-B-H-300x375.jpg,3,Burns,,,,,,,,,,,,,,,,,,,,,,,active
burns,,,,,,,true,,,,,,,,,,,,,,,,,,https://irishfamilysurnames.com/wp-content/uploads/2021/04/boland-B-H-300x375.jpg,4,Burns,,,,,,,,,,,,,,,,,,,,,,,active
burns,,,,,,,true,,,,,,,,,,,,,,,,,,https://irishfamilysurnames.com/wp-content/uploads/2021/04/burk-B-H-300x375.jpg,5,Burns,,,,,,,,,,,,,,,,,,,,,,,active
burke,Family name History & Crest Plaques - Burke,"<p>Learn the full history of your family with a Family History or a Crest/History Combination.</p><p>Family History Standard : 16 x 20 cm | 6 x 8 inches. €9.90</p><p>Family History Large : 20 x 26 cm | 8 x 10 inches. €12.50</p><p>Family Combination (History &amp;amp;amp; Crest) : 26 x 20 cm | 10 x 8 inches.€14.95</p><p>Family Histories and Family Combinations are supplied mounted and ready to frame.<br/>FREE WORLDWIDE POSTAGE</p>",Irish Family Surnames,,General,"Heraldic Irish Family Names, Gifts under €25, Surname B",true,Title,Default Title,,,,,3286,0,shopify,20,deny,manual,12.45,,true,true,,https://irishfamilysurnames.com/wp-content/uploads/2021/04/burke-B-H.jpg,1,Burke,false,Family name History & Crest Plaques - Burke,Learn the full history of your family with a Family History or a Crest/History Combination. Family History Standard : 16 x 20 cm | 6 x 8 inches. €9.90 Family History Large : 20 x 26 cm | 8 x 10 inches. €12.50 Family Combination (History &amp; Crest) : 26 x 20 cm | 10 x 8 inches.€14.95 Family Histories and Family Combin,,,,,,,,,,,,,g,,,true,true,,,active
burke,,,,,,,true,,,,,,,,,,,,,,,,,,https://irishfamilysurnames.com/wp-content/uploads/2021/03/irishfamilysurnameslogo2.jpg,2,Burke,,,,,,,,,,,,,,,,,,,,,,,active
burke,,,,,,,true,,,,,,,,,,,,,,,,,,https://irishfamilysurnames.com/wp-content/uploads/2021/04/brown-B-H-300x375.jpg,3,Burke,,,,,,,,,,,,,,,,,,,,,,,active
burke,,,,,,,true,,,,,,,,,,,,,,,,,,https://irishfamilysurnames.com/wp-content/uploads/2021/04/browne-B-H-300x375.jpg,4,Burke,,,,,,,,,,,,,,,,,,,,,,,active
burke,,,,,,,true,,,,,,,,,,,,,,,,,,https://irishfamilysurnames.com/wp-content/uploads/2021/04/bradley-B-H-300x375.jpg,5,Burke,,,,,,,,,,,,,,,,,,,,,,,active
burk,Family name History & Crest Plaques - Burk,"<p>Learn the full history of your family with a Family History or a Crest/History Combination.</p><p>Family History Standard : 16 x 20 cm | 6 x 8 inches. €9.90</p><p>Family History Large : 20 x 26 cm | 8 x 10 inches. €12.50</p><p>Family Combination (History &amp;amp;amp; Crest) : 26 x 20 cm | 10 x 8 inches.€14.95</p><p>Family Histories and Family Combinations are supplied mounted and ready to frame.<br/>FREE WORLDWIDE POSTAGE</p>",Irish Family Surnames,,General,"Heraldic Irish Family Names, Gifts under €25, Surname B",true,Title,Default Title,,,,,3275,0,shopify,20,deny,manual,12.45,,true,true,,https://irishfamilysurnames.com/wp-content/uploads/2021/04/burk-B-H.jpg,1,Burk,false,Family name History & Crest Plaques - Burk,Learn the full history of your family with a Family History or a Crest/History Combination. Family History Standard : 16 x 20 cm | 6 x 8 inches. €9.90 Family History Large : 20 x 26 cm | 8 x 10 inches. €12.50 Family Combination (History &amp; Crest) : 26 x 20 cm | 10 x 8 inches.€14.95 Family Histories and Family Combin,,,,,,,,,,,,,g,,,true,true,,,active
burk,,,,,,,true,,,,,,,,,,,,,,,,,,https://irishfamilysurnames.com/wp-content/uploads/2021/03/irishfamilysurnameslogo2.jpg,2,Burk,,,,,,,,,,,,,,,,,,,,,,,active
burk,,,,,,,true,,,,,,,,,,,,,,,,,,https://irishfamilysurnames.com/wp-content/uploads/2021/04/bolger-B-H-300x375.jpg,3,Burk,,,,,,,,,,,,,,,,,,,,,,,active
burk,,,,,,,true,,,,,,,,,,,,,,,,,,https://irishfamilysurnames.com/wp-content/uploads/2021/04/butler-B-H-300x375.jpg,4,Burk,,,,,,,,,,,,,,,,,,,,,,,active
burk,,,,,,,true,,,,,,,,,,,,,,,,,,https://irishfamilysurnames.com/wp-content/uploads/2021/04/bourke-B-H-300x375.jpg,5,Burk,,,,,,,,,,,,,,,,,,,,,,,active
buckley,Family name History & Crest Plaques - Buckley,"<p>Learn the full history of your family with a Family History or a Crest/History Combination.</p><p>Family History Standard : 16 x 20 cm | 6 x 8 inches. €9.90</p><p>Family History Large : 20 x 26 cm | 8 x 10 inches. €12.50</p><p>Family Combination (History &amp;amp;amp; Crest) : 26 x 20 cm | 10 x 8 inches.€14.95</p><p>Family Histories and Family Combinations are supplied mounted and ready to frame.<br/>FREE WORLDWIDE POSTAGE</p>",Irish Family Surnames,,General,"Heraldic Irish Family Names, Gifts under €25, Surname B",true,Title,Default Title,,,,,3264,0,shopify,20,deny,manual,12.45,,true,true,,https://irishfamilysurnames.com/wp-content/uploads/2021/04/buckley-B-H.jpg,1,Buckley,false,Family name History & Crest Plaques - Buckley,Learn the full history of your family with a Family History or a Crest/History Combination. Family History Standard : 16 x 20 cm | 6 x 8 inches. €9.90 Family History Large : 20 x 26 cm | 8 x 10 inches. €12.50 Family Combination (History &amp; Crest) : 26 x 20 cm | 10 x 8 inches.€14.95 Family Histories and Family Combin,,,,,,,,,,,,,g,,,true,true,,,active
buckley,,,,,,,true,,,,,,,,,,,,,,,,,,https://irishfamilysurnames.com/wp-content/uploads/2021/03/irishfamilysurnameslogo2.jpg,2,Buckley,,,,,,,,,,,,,,,,,,,,,,,active
buckley,,,,,,,true,,,,,,,,,,,,,,,,,,https://irishfamilysurnames.com/wp-content/uploads/2021/04/byrne-B-H-300x375.jpg,3,Buckley,,,,,,,,,,,,,,,,,,,,,,,active
buckley,,,,,,,true,,,,,,,,,,,,,,,,,,https://irishfamilysurnames.com/wp-content/uploads/2021/04/brennan-B-H-300x375.jpg,4,Buckley,,,,,,,,,,,,,,,,,,,,,,,active
buckley,,,,,,,true,,,,,,,,,,,,,,,,,,https://irishfamilysurnames.com/wp-content/uploads/2021/04/barry-B-H-300x375.jpg,5,Buckley,,,,,,,,,,,,,,,,,,,,,,,active
browne,Family name History & Crest Plaques - Browne,"<p>Learn the full history of your family with a Family History or a Crest/History Combination.</p><p>Family History Standard : 16 x 20 cm | 6 x 8 inches. €9.90</p><p>Family History Large : 20 x 26 cm | 8 x 10 inches. €12.50</p><p>Family Combination (History &amp;amp;amp; Crest) : 26 x 20 cm | 10 x 8 inches.€14.95</p><p>Family Histories and Family Combinations are supplied mounted and ready to frame.<br/>FREE WORLDWIDE POSTAGE</p>",Irish Family Surnames,,General,"Heraldic Irish Family Names, Gifts under €25, Surname B",true,Title,Default Title,,,,,3253,0,shopify,20,deny,manual,12.45,,true,true,,https://irishfamilysurnames.com/wp-content/uploads/2021/04/browne-B-H.jpg,1,Browne,false,Family name History & Crest Plaques - Browne,Learn the full history of your family with a Family History or a Crest/History Combination. Family History Standard : 16 x 20 cm | 6 x 8 inches. €9.90 Family History Large : 20 x 26 cm | 8 x 10 inches. €12.50 Family Combination (History &amp; Crest) : 26 x 20 cm | 10 x 8 inches.€14.95 Family Histories and Family Combin,,,,,,,,,,,,,g,,,true,true,,,active
browne,,,,,,,true,,,,,,,,,,,,,,,,,,https://irishfamilysurnames.com/wp-content/uploads/2021/03/irishfamilysurnameslogo2.jpg,2,Browne,,,,,,,,,,,,,,,,,,,,,,,active
browne,,,,,,,true,,,,,,,,,,,,,,,,,,https://irishfamilysurnames.com/wp-content/uploads/2021/04/burns-B-H-300x375.jpg,3,Browne,,,,,,,,,,,,,,,,,,,,,,,active
browne,,,,,,,true,,,,,,,,,,,,,,,,,,https://irishfamilysurnames.com/wp-content/uploads/2021/04/bell-B-H-300x375.jpg,4,Browne,,,,,,,,,,,,,,,,,,,,,,,active
browne,,,,,,,true,,,,,,,,,,,,,,,,,,https://irishfamilysurnames.com/wp-content/uploads/2021/04/boyle-B-H-300x375.jpg,5,Browne,,,,,,,,,,,,,,,,,,,,,,,active
brown,Family name History & Crest Plaques - Brown,"<p>Learn the full history of your family with a Family History or a Crest/History Combination.</p><p>Family History Standard : 16 x 20 cm | 6 x 8 inches. €9.90</p><p>Family History Large : 20 x 26 cm | 8 x 10 inches. €12.50</p><p>Family Combination (History &amp;amp;amp; Crest) : 26 x 20 cm | 10 x 8 inches.€14.95</p><p>Family Histories and Family Combinations are supplied mounted and ready to frame.<br/>FREE WORLDWIDE POSTAGE</p>",Irish Family Surnames,,General,"Heraldic Irish Family Names, Gifts under €25, Surname B",true,Title,Default Title,,,,,3242,0,shopify,20,deny,manual,12.45,,true,true,,https://irishfamilysurnames.com/wp-content/uploads/2021/04/brown-B-H.jpg,1,Brown,false,Family name History & Crest Plaques - Brown,Learn the full history of your family with a Family History or a Crest/History Combination. Family History Standard : 16 x 20 cm | 6 x 8 inches. €9.90 Family History Large : 20 x 26 cm | 8 x 10 inches. €12.50 Family Combination (History &amp; Crest) : 26 x 20 cm | 10 x 8 inches.€14.95 Family Histories and Family Combin,,,,,,,,,,,,,g,,,true,true,,,active
brown,,,,,,,true,,,,,,,,,,,,,,,,,,https://irishfamilysurnames.com/wp-content/uploads/2021/03/irishfamilysurnameslogo2.jpg,2,Brown,,,,,,,,,,,,,,,,,,,,,,,active
brown,,,,,,,true,,,,,,,,,,,,,,,,,,https://irishfamilysurnames.com/wp-content/uploads/2021/04/barry-B-H-300x375.jpg,3,Brown,,,,,,,,,,,,,,,,,,,,,,,active
brown,,,,,,,true,,,,,,,,,,,,,,,,,,https://irishfamilysurnames.com/wp-content/uploads/2021/04/brady-B-H-300x375.jpg,4,Brown,,,,,,,,,,,,,,,,,,,,,,,active
brown,,,,,,,true,,,,,,,,,,,,,,,,,,https://irishfamilysurnames.com/wp-content/uploads/2021/04/burke-B-H-300x375.jpg,5,Brown,,,,,,,,,,,,,,,,,,,,,,,active
brophy,Family name History & Crest Plaques - Brophy,"<p>Learn the full history of your family with a Family History or a Crest/History Combination.</p><p>Family History Standard : 16 x 20 cm | 6 x 8 inches. €9.90</p><p>Family History Large : 20 x 26 cm | 8 x 10 inches. €12.50</p><p>Family Combination (History &amp;amp;amp; Crest) : 26 x 20 cm | 10 x 8 inches.€14.95</p><p>Family Histories and Family Combinations are supplied mounted and ready to frame.<br/>FREE WORLDWIDE POSTAGE</p>",Irish Family Surnames,,General,"Heraldic Irish Family Names, Gifts under €25, Surname B",true,Title,Default Title,,,,,3231,0,shopify,20,deny,manual,12.45,,true,true,,https://irishfamilysurnames.com/wp-content/uploads/2021/04/brophy-B-H.jpg,1,Brophy,false,Family name History & Crest Plaques - Brophy,Learn the full history of your family with a Family History or a Crest/History Combination. Family History Standard : 16 x 20 cm | 6 x 8 inches. €9.90 Family History Large : 20 x 26 cm | 8 x 10 inches. €12.50 Family Combination (History &amp; Crest) : 26 x 20 cm | 10 x 8 inches.€14.95 Family Histories and Family Combin,,,,,,,,,,,,,g,,,true,true,,,active
brophy,,,,,,,true,,,,,,,,,,,,,,,,,,https://irishfamilysurnames.com/wp-content/uploads/2021/03/irishfamilysurnameslogo2.jpg,2,Brophy,,,,,,,,,,,,,,,,,,,,,,,active
brophy,,,,,,,true,,,,,,,,,,,,,,,,,,https://irishfamilysurnames.com/wp-content/uploads/2021/04/barry-B-H-300x375.jpg,3,Brophy,,,,,,,,,,,,,,,,,,,,,,,active
brophy,,,,,,,true,,,,,,,,,,,,,,,,,,https://irishfamilysurnames.com/wp-content/uploads/2021/04/boylan-B-H-300x375.jpg,4,Brophy,,,,,,,,,,,,,,,,,,,,,,,active
brophy,,,,,,,true,,,,,,,,,,,,,,,,,,https://irishfamilysurnames.com/wp-content/uploads/2021/04/burke-B-H-300x375.jpg,5,Brophy,,,,,,,,,,,,,,,,,,,,,,,active
brien,Family name History & Crest Plaques - Brien,"<p>Learn the full history of your family with a Family History or a Crest/History Combination.</p><p>Family History Standard : 16 x 20 cm | 6 x 8 inches. €9.90</p><p>Family History Large : 20 x 26 cm | 8 x 10 inches. €12.50</p><p>Family Combination (History &amp;amp;amp; Crest) : 26 x 20 cm | 10 x 8 inches.€14.95</p><p>Family Histories and Family Combinations are supplied mounted and ready to frame.<br/>FREE WORLDWIDE POSTAGE</p>",Irish Family Surnames,,General,"Heraldic Irish Family Names, Gifts under €25, Surname B",true,Title,Default Title,,,,,3220,0,shopify,20,deny,manual,12.45,,true,true,,https://irishfamilysurnames.com/wp-content/uploads/2021/04/brien-B-H.jpg,1,Brien,false,Family name History & Crest Plaques - Brien,Learn the full history of your family with a Family History or a Crest/History Combination. Family History Standard : 16 x 20 cm | 6 x 8 inches. €9.90 Family History Large : 20 x 26 cm | 8 x 10 inches. €12.50 Family Combination (History &amp; Crest) : 26 x 20 cm | 10 x 8 inches.€14.95 Family Histories and Family Combin,,,,,,,,,,,,,g,,,true,true,,,active
brien,,,,,,,true,,,,,,,,,,,,,,,,,,https://irishfamilysurnames.com/wp-content/uploads/2021/03/irishfamilysurnameslogo2.jpg,2,Brien,,,,,,,,,,,,,,,,,,,,,,,active
brien,,,,,,,true,,,,,,,,,,,,,,,,,,https://irishfamilysurnames.com/wp-content/uploads/2021/04/boyle-B-H-300x375.jpg,3,Brien,,,,,,,,,,,,,,,,,,,,,,,active
brien,,,,,,,true,,,,,,,,,,,,,,,,,,https://irishfamilysurnames.com/wp-content/uploads/2021/04/bell-B-H-300x375.jpg,4,Brien,,,,,,,,,,,,,,,,,,,,,,,active
brien,,,,,,,true,,,,,,,,,,,,,,,,,,https://irishfamilysurnames.com/wp-content/uploads/2021/04/bourke-B-H-300x375.jpg,5,Brien,,,,,,,,,,,,,,,,,,,,,,,active
brennan,Family name History & Crest Plaques - Brennan,"<p>Learn the full history of your family with a Family History or a Crest/History Combination.</p><p>Family History Standard : 16 x 20 cm | 6 x 8 inches. €9.90</p><p>Family History Large : 20 x 26 cm | 8 x 10 inches. €12.50</p><p>Family Combination (History &amp;amp;amp; Crest) : 26 x 20 cm | 10 x 8 inches.€14.95</p><p>Family Histories and Family Combinations are supplied mounted and ready to frame.<br/>FREE WORLDWIDE POSTAGE</p>",Irish Family Surnames,,General,"Heraldic Irish Family Names, Gifts under €25, Surname B",true,Title,Default Title,,,,,3209,0,shopify,20,deny,manual,12.45,,true,true,,https://irishfamilysurnames.com/wp-content/uploads/2021/04/brennan-B-H.jpg,1,Brennan,false,Family name History & Crest Plaques - Brennan,Learn the full history of your family with a Family History or a Crest/History Combination. Family History Standard : 16 x 20 cm | 6 x 8 inches. €9.90 Family History Large : 20 x 26 cm | 8 x 10 inches. €12.50 Family Combination (History &amp; Crest) : 26 x 20 cm | 10 x 8 inches.€14.95 Family Histories and Family Combin,,,,,,,,,,,,,g,,,true,true,,,active
brennan,,,,,,,true,,,,,,,,,,,,,,,,,,https://irishfamilysurnames.com/wp-content/uploads/2021/03/irishfamilysurnameslogo2.jpg,2,Brennan,,,,,,,,,,,,,,,,,,,,,,,active
brennan,,,,,,,true,,,,,,,,,,,,,,,,,,https://irishfamilysurnames.com/wp-content/uploads/2021/04/barry-B-H-300x375.jpg,3,Brennan,,,,,,,,,,,,,,,,,,,,,,,active
brennan,,,,,,,true,,,,,,,,,,,,,,,,,,https://irishfamilysurnames.com/wp-content/uploads/2021/04/boyle-B-H-300x375.jpg,4,Brennan,,,,,,,,,,,,,,,,,,,,,,,active
brennan,,,,,,,true,,,,,,,,,,,,,,,,,,https://irishfamilysurnames.com/wp-content/uploads/2021/04/brophy-B-H-300x375.jpg,5,Brennan,,,,,,,,,,,,,,,,,,,,,,,active
brady,Family name History & Crest Plaques - Brady,"<p>Learn the full history of your family with a Family History or a Crest/History Combination.</p><p>Family History Standard : 16 x 20 cm | 6 x 8 inches. €9.90</p><p>Family History Large : 20 x 26 cm | 8 x 10 inches. €12.50</p><p>Family Combination (History &amp;amp;amp; Crest) : 26 x 20 cm | 10 x 8 inches.€14.95</p><p>Family Histories and Family Combinations are supplied mounted and ready to frame.<br/>FREE WORLDWIDE POSTAGE</p>",Irish Family Surnames,,General,"Heraldic Irish Family Names, Gifts under €25, Surname B",true,Title,Default Title,,,,,3198,0,shopify,20,deny,manual,12.45,,true,true,,https://irishfamilysurnames.com/wp-content/uploads/2021/04/brady-B-H.jpg,1,Brady,false,Family name History & Crest Plaques - Brady,Learn the full history of your family with a Family History or a Crest/History Combination. Family History Standard : 16 x 20 cm | 6 x 8 inches. €9.90 Family History Large : 20 x 26 cm | 8 x 10 inches. €12.50 Family Combination (History &amp; Crest) : 26 x 20 cm | 10 x 8 inches.€14.95 Family Histories and Family Combin,,,,,,,,,,,,,g,,,true,true,,,active
brady,,,,,,,true,,,,,,,,,,,,,,,,,,https://irishfamilysurnames.com/wp-content/uploads/2021/03/irishfamilysurnameslogo2.jpg,2,Brady,,,,,,,,,,,,,,,,,,,,,,,active
brady,,,,,,,true,,,,,,,,,,,,,,,,,,https://irishfamilysurnames.com/wp-content/uploads/2021/04/browne-B-H-300x375.jpg,3,Brady,,,,,,,,,,,,,,,,,,,,,,,active
brady,,,,,,,true,,,,,,,,,,,,,,,,,,https://irishfamilysurnames.com/wp-content/uploads/2021/04/bradley-B-H-300x375.jpg,4,Brady,,,,,,,,,,,,,,,,,,,,,,,active
brady,,,,,,,true,,,,,,,,,,,,,,,,,,https://irishfamilysurnames.com/wp-content/uploads/2021/04/burke-B-H-300x375.jpg,5,Brady,,,,,,,,,,,,,,,,,,,,,,,active
blake,Family name History & Crest Plaques - Blake,"<p>Learn the full history of your family with a Family History or a Crest/History Combination.</p><p>Family History Standard : 16 x 20 cm | 6 x 8 inches. €9.90</p><p>Family History Large : 20 x 26 cm | 8 x 10 inches. €12.50</p><p>Family Combination (History &amp;amp;amp; Crest) : 26 x 20 cm | 10 x 8 inches.€14.95</p><p>Family Histories and Family Combinations are supplied mounted and ready to frame.<br/>FREE WORLDWIDE POSTAGE</p>",Irish Family Surnames,,General,"Heraldic Irish Family Names, Gifts under €25, Surname B",true,Title,Default Title,,,,,3121,0,shopify,20,deny,manual,12.45,,true,true,,https://irishfamilysurnames.com/wp-content/uploads/2021/04/blake-B-H.jpg,1,Blake,false,Family name History & Crest Plaques - Blake,Learn the full history of your family with a Family History or a Crest/History Combination. Family History Standard : 16 x 20 cm | 6 x 8 inches. €9.90 Family History Large : 20 x 26 cm | 8 x 10 inches. €12.50 Family Combination (History &amp; Crest) : 26 x 20 cm | 10 x 8 inches.€14.95 Family Histories and Family Combin,,,,,,,,,,,,,g,,,true,true,,,active
blake,,,,,,,true,,,,,,,,,,,,,,,,,,https://irishfamilysurnames.com/wp-content/uploads/2021/03/irishfamilysurnameslogo2.jpg,2,Blake,,,,,,,,,,,,,,,,,,,,,,,active
blake,,,,,,,true,,,,,,,,,,,,,,,,,,https://irishfamilysurnames.com/wp-content/uploads/2021/04/brady-B-H-300x375.jpg,3,Blake,,,,,,,,,,,,,,,,,,,,,,,active
blake,,,,,,,true,,,,,,,,,,,,,,,,,,https://irishfamilysurnames.com/wp-content/uploads/2021/04/byrne-B-H-300x375.jpg,4,Blake,,,,,,,,,,,,,,,,,,,,,,,active
blake,,,,,,,true,,,,,,,,,,,,,,,,,,https://irishfamilysurnames.com/wp-content/uploads/2021/04/browne-B-H-300x375.jpg,5,Blake,,,,,,,,,,,,,,,,,,,,,,,active
behan,Family name History & Crest Plaques - Behan,"<p>Learn the full history of your family with a Family History or a Crest/History Combination.</p><p>Family History Standard : 16 x 20 cm | 6 x 8 inches. €9.90</p><p>Family History Large : 20 x 26 cm | 8 x 10 inches. €12.50</p><p>Family Combination (History &amp;amp;amp; Crest) : 26 x 20 cm | 10 x 8 inches.€14.95</p><p>Family Histories and Family Combinations are supplied mounted and ready to frame.<br/>FREE WORLDWIDE POSTAGE</p>",Irish Family Surnames,,General,"Heraldic Irish Family Names, Gifts under €25, Surname B",true,Title,Default Title,,,,,3099,0,shopify,20,deny,manual,12.45,,true,true,,https://irishfamilysurnames.com/wp-content/uploads/2021/04/behan-B-H.jpg,1,Behan,false,Family name History & Crest Plaques - Behan,Learn the full history of your family with a Family History or a Crest/History Combination. Family History Standard : 16 x 20 cm | 6 x 8 inches. €9.90 Family History Large : 20 x 26 cm | 8 x 10 inches. €12.50 Family Combination (History &amp; Crest) : 26 x 20 cm | 10 x 8 inches.€14.95 Family Histories and Family Combin,,,,,,,,,,,,,g,,,true,true,,,active
behan,,,,,,,true,,,,,,,,,,,,,,,,,,https://irishfamilysurnames.com/wp-content/uploads/2021/03/irishfamilysurnameslogo2.jpg,2,Behan,,,,,,,,,,,,,,,,,,,,,,,active
behan,,,,,,,true,,,,,,,,,,,,,,,,,,https://irishfamilysurnames.com/wp-content/uploads/2021/04/boland-B-H-300x375.jpg,3,Behan,,,,,,,,,,,,,,,,,,,,,,,active
behan,,,,,,,true,,,,,,,,,,,,,,,,,,https://irishfamilysurnames.com/wp-content/uploads/2021/04/bradley-B-H-300x375.jpg,4,Behan,,,,,,,,,,,,,,,,,,,,,,,active
behan,,,,,,,true,,,,,,,,,,,,,,,,,,https://irishfamilysurnames.com/wp-content/uploads/2021/04/burns-B-H-300x375.jpg,5,Behan,,,,,,,,,,,,,,,,,,,,,,,active
barry,Family name History & Crest Plaques - Barry,"<p>Learn the full history of your family with a Family History or a Crest/History Combination.</p><p>Family History Standard : 16 x 20 cm | 6 x 8 inches. €9.90</p><p>Family History Large : 20 x 26 cm | 8 x 10 inches. €12.50</p><p>Family Combination (History &amp;amp;amp; Crest) : 26 x 20 cm | 10 x 8 inches.€14.95</p><p>Family Histories and Family Combinations are supplied mounted and ready to frame.<br/>FREE WORLDWIDE POSTAGE</p>",Irish Family Surnames,,General,"Heraldic Irish Family Names, Gifts under €25, Surname B",true,Title,Default Title,,,,,3088,0,shopify,20,deny,manual,12.45,,true,true,,https://irishfamilysurnames.com/wp-content/uploads/2021/04/barry-B-H.jpg,1,Barry,false,Family name History & Crest Plaques - Barry,Learn the full history of your family with a Family History or a Crest/History Combination. Family History Standard : 16 x 20 cm | 6 x 8 inches. €9.90 Family History Large : 20 x 26 cm | 8 x 10 inches. €12.50 Family Combination (History &amp; Crest) : 26 x 20 cm | 10 x 8 inches.€14.95 Family Histories and Family Combin,,,,,,,,,,,,,g,,,true,true,,,active
barry,,,,,,,true,,,,,,,,,,,,,,,,,,https://irishfamilysurnames.com/wp-content/uploads/2021/03/irishfamilysurnameslogo2.jpg,2,Barry,,,,,,,,,,,,,,,,,,,,,,,active
barry,,,,,,,true,,,,,,,,,,,,,,,,,,https://irishfamilysurnames.com/wp-content/uploads/2021/04/bell-B-H-300x375.jpg,3,Barry,,,,,,,,,,,,,,,,,,,,,,,active
barry,,,,,,,true,,,,,,,,,,,,,,,,,,https://irishfamilysurnames.com/wp-content/uploads/2021/04/brady-B-H-300x375.jpg,4,Barry,,,,,,,,,,,,,,,,,,,,,,,active
barry,,,,,,,true,,,,,,,,,,,,,,,,,,https://irishfamilysurnames.com/wp-content/uploads/2021/04/brien-B-H-300x375.jpg,5,Barry,,,,,,,,,,,,,,,,,,,,,,,active
barrett,Family name History & Crest Plaques - Barrett,"<p>Learn the full history of your family with a Family History or a Crest/History Combination.</p><p>Family History Standard : 16 x 20 cm | 6 x 8 inches. €9.90</p><p>Family History Large : 20 x 26 cm | 8 x 10 inches. €12.50</p><p>Family Combination (History &amp;amp;amp; Crest) : 26 x 20 cm | 10 x 8 inches.€14.95</p><p>Family Histories and Family Combinations are supplied mounted and ready to frame.<br/>FREE WORLDWIDE POSTAGE</p>",Irish Family Surnames,,General,"Heraldic Irish Family Names, Gifts under €25, Surname B",true,Title,Default Title,,,,,3077,0,shopify,20,deny,manual,12.45,,true,true,,https://irishfamilysurnames.com/wp-content/uploads/2021/04/barrett-B-H.jpg,1,Barrett,false,Family name History & Crest Plaques - Barrett,Learn the full history of your family with a Family History or a Crest/History Combination. Family History Standard : 16 x 20 cm | 6 x 8 inches. €9.90 Family History Large : 20 x 26 cm | 8 x 10 inches. €12.50 Family Combination (History &amp; Crest) : 26 x 20 cm | 10 x 8 inches.€14.95 Family Histories and Family Combin,,,,,,,,,,,,,g,,,true,true,,,active
barrett,,,,,,,true,,,,,,,,,,,,,,,,,,https://irishfamilysurnames.com/wp-content/uploads/2021/03/irishfamilysurnameslogo2.jpg,2,Barrett,,,,,,,,,,,,,,,,,,,,,,,active
barrett,,,,,,,true,,,,,,,,,,,,,,,,,,https://irishfamilysurnames.com/wp-content/uploads/2021/04/bell-B-H-300x375.jpg,3,Barrett,,,,,,,,,,,,,,,,,,,,,,,active
barrett,,,,,,,true,,,,,,,,,,,,,,,,,,https://irishfamilysurnames.com/wp-content/uploads/2021/04/burk-B-H-300x375.jpg,4,Barrett,,,,,,,,,,,,,,,,,,,,,,,active
barrett,,,,,,,true,,,,,,,,,,,,,,,,,,https://irishfamilysurnames.com/wp-content/uploads/2021/04/brophy-B-H-300x375.jpg,5,Barrett,,,,,,,,,,,,,,,,,,,,,,,active
allen,Family name History & Crest Plaques - Allen,"<p>Learn the full history of your family with a Family History or a Crest/History Combination.</p><p>Family History Standard : 16 x 20 cm | 6 x 8 inches. €9.90</p><p>Family History Large : 20 x 26 cm | 8 x 10 inches. €12.50</p><p>Family Combination (History &amp;amp;amp; Crest) : 26 x 20 cm | 10 x 8 inches.€14.95</p><p>Family Histories and Family Combinations are supplied mounted and ready to frame.<br/>FREE WORLDWIDE POSTAGE</p>",Irish Family Surnames,,General,"Heraldic Irish Family Names, Gifts under €25, Surname A",true,Title,Default Title,,,,,3063,0,shopify,20,deny,manual,12.45,,true,true,,https://irishfamilysurnames.com/wp-content/uploads/2021/04/allen-B-H.jpg,1,Allen,false,Family name History & Crest Plaques - Allen,Learn the full history of your family with a Family History or a Crest/History Combination. Family History Standard : 16 x 20 cm | 6 x 8 inches. €9.90 Family History Large : 20 x 26 cm | 8 x 10 inches. €12.50 Family Combination (History &amp; Crest) : 26 x 20 cm | 10 x 8 inches.€14.95 Family Histories and Family Combin,,,,,,,,,,,,,g,,,true,true,,,active
allen,,,,,,,true,,,,,,,,,,,,,,,,,,https://irishfamilysurnames.com/wp-content/uploads/2021/03/irishfamilysurnameslogo2.jpg,2,Allen,,,,,,,,,,,,,,,,,,,,,,,active
allen,,,,,,,true,,,,,,,,,,,,,,,,,,https://irishfamilysurnames.com/wp-content/uploads/2021/04/aherne-B-H-300x375.jpg,3,Allen,,,,,,,,,,,,,,,,,,,,,,,active
allen,,,,,,,true,,,,,,,,,,,,,,,,,,https://irishfamilysurnames.com/wp-content/uploads/2021/04/ahern-B-H-300x375.jpg,4,Allen,,,,,,,,,,,,,,,,,,,,,,,active
ahern,Family name History & Crest Plaques - Ahern,"<p>Learn the full history of your family with a Family History or a Crest/History Combination.</p><p>Family History Standard : 16 x 20 cm | 6 x 8 inches. €9.90</p><p>Family History Large : 20 x 26 cm | 8 x 10 inches. €12.50</p><p>Family Combination (History &amp;amp;amp; Crest) : 26 x 20 cm | 10 x 8 inches.€14.95</p><p>Family Histories and Family Combinations are supplied mounted and ready to frame.<br/>FREE WORLDWIDE POSTAGE</p>",Irish Family Surnames,,General,"Heraldic Irish Family Names, Gifts under €25, Surname A",true,Title,Default Title,,,,,3052,0,shopify,20,deny,manual,12.45,,true,true,,https://irishfamilysurnames.com/wp-content/uploads/2021/04/ahern-B-H.jpg,1,Ahern,false,Family name History & Crest Plaques - Ahern,Learn the full history of your family with a Family History or a Crest/History Combination. Family History Standard : 16 x 20 cm | 6 x 8 inches. €9.90 Family History Large : 20 x 26 cm | 8 x 10 inches. €12.50 Family Combination (History &amp; Crest) : 26 x 20 cm | 10 x 8 inches.€14.95 Family Histories and Family Combin,,,,,,,,,,,,,g,,,true,true,,,active
ahern,,,,,,,true,,,,,,,,,,,,,,,,,,https://irishfamilysurnames.com/wp-content/uploads/2021/03/irishfamilysurnameslogo2.jpg,2,Ahern,,,,,,,,,,,,,,,,,,,,,,,active
ahern,,,,,,,true,,,,,,,,,,,,,,,,,,https://irishfamilysurnames.com/wp-content/uploads/2021/04/allen-B-H-300x375.jpg,3,Ahern,,,,,,,,,,,,,,,,,,,,,,,active
ahern,,,,,,,true,,,,,,,,,,,,,,,,,,https://irishfamilysurnames.com/wp-content/uploads/2021/04/aherne-B-H-300x375.jpg,4,Ahern,,,,,,,,,,,,,,,,,,,,,,,active
aherne,Family name History & Crest Plaques - Aherne,"<p>Learn the full history of your family with a Family History or a Crest/History Combination.</p><p>Family History Standard : 16 x 20 cm | 6 x 8 inches. €9.90</p><p>Family History Large : 20 x 26 cm | 8 x 10 inches. €12.50</p><p>Family Combination (History &amp;amp;amp; Crest) : 26 x 20 cm | 10 x 8 inches.€14.95</p><p>Family Histories and Family Combinations are supplied mounted and ready to frame.<br/>FREE WORLDWIDE POSTAGE</p>",Irish Family Surnames,,General,"Heraldic Irish Family Names, Gifts under €25, Surname A",true,Title,Default Title,,,,,3041,0,shopify,20,deny,manual,12.45,,true,true,,https://irishfamilysurnames.com/wp-content/uploads/2021/04/aherne-B-H.jpg,1,Aherne,false,Family name History & Crest Plaques - Aherne,Learn the full history of your family with a Family History or a Crest/History Combination. Family History Standard : 16 x 20 cm | 6 x 8 inches. €9.90 Family History Large : 20 x 26 cm | 8 x 10 inches. €12.50 Family Combination (History &amp; Crest) : 26 x 20 cm | 10 x 8 inches.€14.95 Family Histories and Family Combin,,,,,,,,,,,,,g,,,true,true,,,active
aherne,,,,,,,true,,,,,,,,,,,,,,,,,,https://irishfamilysurnames.com/wp-content/uploads/2021/03/irishfamilysurnameslogo2.jpg,2,Aherne,,,,,,,,,,,,,,,,,,,,,,,active
aherne,,,,,,,true,,,,,,,,,,,,,,,,,,https://irishfamilysurnames.com/wp-content/uploads/2021/04/allen-B-H-300x375.jpg,3,Aherne,,,,,,,,,,,,,,,,,,,,,,,active
aherne,,,,,,,true,,,,,,,,,,,,,,,,,,https://irishfamilysurnames.com/wp-content/uploads/2021/04/ahern-B-H-300x375.jpg,4,Aherne,,,,,,,,,,,,,,,,,,,,,,,active
mcevoy,Family name History & Crest Plaques - McEvoy,"<p>Learn the full history of your family with a Family History or a Crest/History Combination.</p><p>Family History Standard : 16 x 20 cm | 6 x 8 inches. €9.90</p><p>Family History Large : 20 x 26 cm | 8 x 10 inches. €12.50</p><p>Family Combination (History &amp;amp;amp; Crest) : 26 x 20 cm | 10 x 8 inches.€14.95</p><p>Family Histories and Family Combinations are supplied mounted and ready to frame.<br/>FREE WORLDWIDE POSTAGE</p>",Irish Family Surnames,,General,"Heraldic Irish Family Names, Gifts under €25, Surname M",true,Title,Default Title,,,,,2530,0,shopify,20,deny,manual,12.45,,true,true,,https://irishfamilysurnames.com/wp-content/uploads/2021/04/mcevoy-B-H.jpg,1,McEvoy,false,Family name History & Crest Plaques - McEvoy,Learn the full history of your family with a Family History or a Crest/History Combination. Family History Standard : 16 x 20 cm | 6 x 8 inches. €9.90 Family History Large : 20 x 26 cm | 8 x 10 inches. €12.50 Family Combination (History &amp; Crest) : 26 x 20 cm | 10 x 8 inches.€14.95 Family Histories and Family Combin,,,,,,,,,,,,,g,,,true,true,,,active
mcevoy,,,,,,,true,,,,,,,,,,,,,,,,,,https://irishfamilysurnames.com/wp-content/uploads/2021/03/irishfamilysurnameslogo2.jpg,2,McEvoy,,,,,,,,,,,,,,,,,,,,,,,active
mcevoy,,,,,,,true,,,,,,,,,,,,,,,,,,https://irishfamilysurnames.com/wp-content/uploads/2021/04/mchugh-B-H-300x375.jpg,3,McEvoy,,,,,,,,,,,,,,,,,,,,,,,active
mcevoy,,,,,,,true,,,,,,,,,,,,,,,,,,https://irishfamilysurnames.com/wp-content/uploads/2021/04/mcelroy-B-H-300x375.jpg,4,McEvoy,,,,,,,,,,,,,,,,,,,,,,,active
mcevoy,,,,,,,true,,,,,,,,,,,,,,,,,,https://irishfamilysurnames.com/wp-content/uploads/2021/04/mcdermot-B-H-300x375.jpg,5,McEvoy,,,,,,,,,,,,,,,,,,,,,,,active
mchugh,Family name History & Crest Plaques - McHugh,"<p>Learn the full history of your family with a Family History or a Crest/History Combination.</p><p>Family History Standard : 16 x 20 cm | 6 x 8 inches. €9.90</p><p>Family History Large : 20 x 26 cm | 8 x 10 inches. €12.50</p><p>Family Combination (History &amp;amp;amp; Crest) : 26 x 20 cm | 10 x 8 inches.€14.95</p><p>Family Histories and Family Combinations are supplied mounted and ready to frame.<br/>FREE WORLDWIDE POSTAGE</p>",Irish Family Surnames,,General,"Heraldic Irish Family Names, Gifts under €25, Surname M",true,Title,Default Title,,,,,2621,0,shopify,20,deny,manual,12.45,,true,true,,https://irishfamilysurnames.com/wp-content/uploads/2021/04/mchugh-B-H.jpg,1,McHugh,false,Family name History & Crest Plaques - McHugh,Learn the full history of your family with a Family History or a Crest/History Combination. Family History Standard : 16 x 20 cm | 6 x 8 inches. €9.90 Family History Large : 20 x 26 cm | 8 x 10 inches. €12.50 Family Combination (History &amp; Crest) : 26 x 20 cm | 10 x 8 inches.€14.95 Family Histories and Family Combin,,,,,,,,,,,,,g,,,true,true,,,active
mchugh,,,,,,,true,,,,,,,,,,,,,,,,,,https://irishfamilysurnames.com/wp-content/uploads/2021/03/irishfamilysurnameslogo2.jpg,2,McHugh,,,,,,,,,,,,,,,,,,,,,,,active
mchugh,,,,,,,true,,,,,,,,,,,,,,,,,,https://irishfamilysurnames.com/wp-content/uploads/2021/04/mccabe-B-H-300x375.jpg,3,McHugh,,,,,,,,,,,,,,,,,,,,,,,active
mchugh,,,,,,,true,,,,,,,,,,,,,,,,,,https://irishfamilysurnames.com/wp-content/uploads/2021/04/mcdermott-B-H-300x375.jpg,4,McHugh,,,,,,,,,,,,,,,,,,,,,,,active
mchugh,,,,,,,true,,,,,,,,,,,,,,,,,,https://irishfamilysurnames.com/wp-content/uploads/2021/04/mccormack-B-H-300x375.jpg,5,McHugh,,,,,,,,,,,,,,,,,,,,,,,active
rafferty,Family name History & Crest Plaques - Rafferty,"<p>Learn the full history of your family with a Family History or a Crest/History Combination.</p><p>Family History Standard : 16 x 20 cm | 6 x 8 inches. €9.90</p><p>Family History Large : 20 x 26 cm | 8 x 10 inches. €12.50</p><p>Family Combination (History &amp;amp;amp; Crest) : 26 x 20 cm | 10 x 8 inches.€14.95</p><p>Family Histories and Family Combinations are supplied mounted and ready to frame.<br/>FREE WORLDWIDE POSTAGE</p>",Irish Family Surnames,,General,"Heraldic Irish Family Names, Gifts under €25, Surname R",true,Title,Default Title,,,,,2845,0,shopify,20,deny,manual,12.45,,true,true,,https://irishfamilysurnames.com/wp-content/uploads/2021/04/rafferty-B-H.jpg,1,Rafferty,false,Family name History & Crest Plaques - Rafferty,Learn the full history of your family with a Family History or a Crest/History Combination. Family History Standard : 16 x 20 cm | 6 x 8 inches. €9.90 Family History Large : 20 x 26 cm | 8 x 10 inches. €12.50 Family Combination (History &amp; Crest) : 26 x 20 cm | 10 x 8 inches.€14.95 Family Histories and Family Combin,,,,,,,,,,,,,g,,,true,true,,,active
rafferty,,,,,,,true,,,,,,,,,,,,,,,,,,https://irishfamilysurnames.com/wp-content/uploads/2021/03/irishfamilysurnameslogo2.jpg,2,Rafferty,,,,,,,,,,,,,,,,,,,,,,,active
rafferty,,,,,,,true,,,,,,,,,,,,,,,,,,https://irishfamilysurnames.com/wp-content/uploads/2021/04/reardon-B-H-300x375.jpg,3,Rafferty,,,,,,,,,,,,,,,,,,,,,,,active
rafferty,,,,,,,true,,,,,,,,,,,,,,,,,,https://irishfamilysurnames.com/wp-content/uploads/2021/04/reid-B-H-300x375.jpg,4,Rafferty,,,,,,,,,,,,,,,,,,,,,,,active
rafferty,,,,,,,true,,,,,,,,,,,,,,,,,,https://irishfamilysurnames.com/wp-content/uploads/2021/04/russell-B-H-300x375.jpg,5,Rafferty,,,,,,,,,,,,,,,,,,,,,,,active
riley,Family name History & Crest Plaques - Riley,"<p>Learn the full history of your family with a Family History or a Crest/History Combination.</p><p>Family History Standard : 16 x 20 cm | 6 x 8 inches. €9.90</p><p>Family History Large : 20 x 26 cm | 8 x 10 inches. €12.50</p><p>Family Combination (History &amp;amp;amp; Crest) : 26 x 20 cm | 10 x 8 inches.€14.95</p><p>Family Histories and Family Combinations are supplied mounted and ready to frame.<br/>FREE WORLDWIDE POSTAGE</p>",Irish Family Surnames,,General,"Heraldic Irish Family Names, Gifts under €25, Surname R",true,Title,Default Title,,,,,2939,0,shopify,20,deny,manual,12.45,,true,true,,https://irishfamilysurnames.com/wp-content/uploads/2021/04/riley-B-H.jpg,1,Riley,false,Family name History & Crest Plaques - Riley,Learn the full history of your family with a Family History or a Crest/History Combination. Family History Standard : 16 x 20 cm | 6 x 8 inches. €9.90 Family History Large : 20 x 26 cm | 8 x 10 inches. €12.50 Family Combination (History &amp; Crest) : 26 x 20 cm | 10 x 8 inches.€14.95 Family Histories and Family Combin,,,,,,,,,,,,,g,,,true,true,,,active
riley,,,,,,,true,,,,,,,,,,,,,,,,,,https://irishfamilysurnames.com/wp-content/uploads/2021/03/irishfamilysurnameslogo2.jpg,2,Riley,,,,,,,,,,,,,,,,,,,,,,,active
riley,,,,,,,true,,,,,,,,,,,,,,,,,,https://irishfamilysurnames.com/wp-content/uploads/2021/04/roark-B-H-300x375.jpg,3,Riley,,,,,,,,,,,,,,,,,,,,,,,active
riley,,,,,,,true,,,,,,,,,,,,,,,,,,https://irishfamilysurnames.com/wp-content/uploads/2021/04/rooney-B-H-300x375.jpg,4,Riley,,,,,,,,,,,,,,,,,,,,,,,active
riley,,,,,,,true,,,,,,,,,,,,,,,,,,https://irishfamilysurnames.com/wp-content/uploads/2021/04/roche-B-H-300x375.jpg,5,Riley,,,,,,,,,,,,,,,,,,,,,,,active
roark,Family name History & Crest Plaques - Roark,"<p>Learn the full history of your family with a Family History or a Crest/History Combination.</p><p>Family History Standard : 16 x 20 cm | 6 x 8 inches. €9.90</p><p>Family History Large : 20 x 26 cm | 8 x 10 inches. €12.50</p><p>Family Combination (History &amp;amp;amp; Crest) : 26 x 20 cm | 10 x 8 inches.€14.95</p><p>Family Histories and Family Combinations are supplied mounted and ready to frame.<br/>FREE WORLDWIDE POSTAGE</p>",Irish Family Surnames,,General,"Heraldic Irish Family Names, Gifts under €25, Surname R",true,Title,Default Title,,,,,2973,0,shopify,20,deny,manual,12.45,,true,true,,https://irishfamilysurnames.com/wp-content/uploads/2021/04/roark-B-H.jpg,1,Roark,false,Family name History & Crest Plaques - Roark,Learn the full history of your family with a Family History or a Crest/History Combination. Family History Standard : 16 x 20 cm | 6 x 8 inches. €9.90 Family History Large : 20 x 26 cm | 8 x 10 inches. €12.50 Family Combination (History &amp; Crest) : 26 x 20 cm | 10 x 8 inches.€14.95 Family Histories and Family Combin,,,,,,,,,,,,,g,,,true,true,,,active
roark,,,,,,,true,,,,,,,,,,,,,,,,,,https://irishfamilysurnames.com/wp-content/uploads/2021/03/irishfamilysurnameslogo2.jpg,2,Roark,,,,,,,,,,,,,,,,,,,,,,,active
roark,,,,,,,true,,,,,,,,,,,,,,,,,,https://irishfamilysurnames.com/wp-content/uploads/2021/04/redmond-B-H-300x375.jpg,3,Roark,,,,,,,,,,,,,,,,,,,,,,,active
roark,,,,,,,true,,,,,,,,,,,,,,,,,,https://irishfamilysurnames.com/wp-content/uploads/2021/04/regan-B-H-300x375.jpg,4,Roark,,,,,,,,,,,,,,,,,,,,,,,active
roark,,,,,,,true,,,,,,,,,,,,,,,,,,https://irishfamilysurnames.com/wp-content/uploads/2021/04/rafferty-B-H-300x375.jpg,5,Roark,,,,,,,,,,,,,,,,,,,,,,,active
callaghan,Family name History & Crest Plaques - Callaghan,"<p>Learn the full history of your family with a Family History or a Crest/History Combination.</p><p>Family History Standard : 16 x 20 cm | 6 x 8 inches. €9.90</p><p>Family History Large : 20 x 26 cm | 8 x 10 inches. €12.50</p><p>Family Combination (History &amp;amp;amp; Crest) : 26 x 20 cm | 10 x 8 inches.€14.95</p><p>Family Histories and Family Combinations are supplied mounted and ready to frame.<br/>FREE WORLDWIDE POSTAGE</p>",Irish Family Surnames,,General,"Heraldic Irish Family Names, Gifts under €25, Surname C",true,Title,Default Title,,,,,3352,0,shopify,20,deny,manual,12.45,,true,true,,https://irishfamilysurnames.com/wp-content/uploads/2021/04/callaghan-B-H.jpg,1,Callaghan,false,Family name History & Crest Plaques - Callaghan,Learn the full history of your family with a Family History or a Crest/History Combination. Family History Standard : 16 x 20 cm | 6 x 8 inches. €9.90 Family History Large : 20 x 26 cm | 8 x 10 inches. €12.50 Family Combination (History &amp; Crest) : 26 x 20 cm | 10 x 8 inches.€14.95 Family Histories and Family Combin,,,,,,,,,,,,,g,,,true,true,,,active
callaghan,,,,,,,true,,,,,,,,,,,,,,,,,,https://irishfamilysurnames.com/wp-content/uploads/2021/03/irishfamilysurnameslogo2.jpg,2,Callaghan,,,,,,,,,,,,,,,,,,,,,,,active
callaghan,,,,,,,true,,,,,,,,,,,,,,,,,,https://irishfamilysurnames.com/wp-content/uploads/2021/04/carr-B-H-300x375.jpg,3,Callaghan,,,,,,,,,,,,,,,,,,,,,,,active
callaghan,,,,,,,true,,,,,,,,,,,,,,,,,,https://irishfamilysurnames.com/wp-content/uploads/2021/04/carey-B-H-300x375.jpg,4,Callaghan,,,,,,,,,,,,,,,,,,,,,,,active
callaghan,,,,,,,true,,,,,,,,,,,,,,,,,,https://irishfamilysurnames.com/wp-content/uploads/2021/04/collins-B-H-300x375.jpg,5,Callaghan,,,,,,,,,,,,,,,,,,,,,,,active
campbell,Family name History & Crest Plaques - Campbell,"<p>Learn the full history of your family with a Family History or a Crest/History Combination.</p><p>Family History Standard : 16 x 20 cm | 6 x 8 inches. €9.90</p><p>Family History Large : 20 x 26 cm | 8 x 10 inches. €12.50</p><p>Family Combination (History &amp;amp;amp; Crest) : 26 x 20 cm | 10 x 8 inches.€14.95</p><p>Family Histories and Family Combinations are supplied mounted and ready to frame.<br/>FREE WORLDWIDE POSTAGE</p>",Irish Family Surnames,,General,"Heraldic Irish Family Names, Gifts under €25, Surname C",true,Title,Default Title,,,,,3374,0,shopify,20,deny,manual,12.45,,true,true,,https://irishfamilysurnames.com/wp-content/uploads/2021/04/campbell-B-H.jpg,1,Campbell,false,Family name History & Crest Plaques - Campbell,Learn the full history of your family with a Family History or a Crest/History Combination. Family History Standard : 16 x 20 cm | 6 x 8 inches. €9.90 Family History Large : 20 x 26 cm | 8 x 10 inches. €12.50 Family Combination (History &amp; Crest) : 26 x 20 cm | 10 x 8 inches.€14.95 Family Histories and Family Combin,,,,,,,,,,,,,g,,,true,true,,,active
campbell,,,,,,,true,,,,,,,,,,,,,,,,,,https://irishfamilysurnames.com/wp-content/uploads/2021/03/irishfamilysurnameslogo2.jpg,2,Campbell,,,,,,,,,,,,,,,,,,,,,,,active
campbell,,,,,,,true,,,,,,,,,,,,,,,,,,https://irishfamilysurnames.com/wp-content/uploads/2021/04/clark-B-H-300x375.jpg,3,Campbell,,,,,,,,,,,,,,,,,,,,,,,active
campbell,,,,,,,true,,,,,,,,,,,,,,,,,,https://irishfamilysurnames.com/wp-content/uploads/2021/04/connell-B-H-300x375.jpg,4,Campbell,,,,,,,,,,,,,,,,,,,,,,,active
campbell,,,,,,,true,,,,,,,,,,,,,,,,,,https://irishfamilysurnames.com/wp-content/uploads/2021/04/clarke-B-H-300x375.jpg,5,Campbell,,,,,,,,,,,,,,,,,,,,,,,active
carney,Family name History & Crest Plaques - Carney,"<p>Learn the full history of your family with a Family History or a Crest/History Combination.</p><p>Family History Standard : 16 x 20 cm | 6 x 8 inches. €9.90</p><p>Family History Large : 20 x 26 cm | 8 x 10 inches. €12.50</p><p>Family Combination (History &amp;amp;amp; Crest) : 26 x 20 cm | 10 x 8 inches.€14.95</p><p>Family Histories and Family Combinations are supplied mounted and ready to frame.<br/>FREE WORLDWIDE POSTAGE</p>",Irish Family Surnames,,General,"Heraldic Irish Family Names, Gifts under €25, Surname C",true,Title,Default Title,,,,,3385,0,shopify,20,deny,manual,12.45,,true,true,,https://irishfamilysurnames.com/wp-content/uploads/2021/04/carney-B-H.jpg,1,Carney,false,Family name History & Crest Plaques - Carney,Learn the full history of your family with a Family History or a Crest/History Combination. Family History Standard : 16 x 20 cm | 6 x 8 inches. €9.90 Family History Large : 20 x 26 cm | 8 x 10 inches. €12.50 Family Combination (History &amp; Crest) : 26 x 20 cm | 10 x 8 inches.€14.95 Family Histories and Family Combin,,,,,,,,,,,,,g,,,true,true,,,active
carney,,,,,,,true,,,,,,,,,,,,,,,,,,https://irishfamilysurnames.com/wp-content/uploads/2021/03/irishfamilysurnameslogo2.jpg,2,Carney,,,,,,,,,,,,,,,,,,,,,,,active
carney,,,,,,,true,,,,,,,,,,,,,,,,,,https://irishfamilysurnames.com/wp-content/uploads/2021/04/carthy-B-H-300x375.jpg,3,Carney,,,,,,,,,,,,,,,,,,,,,,,active
carney,,,,,,,true,,,,,,,,,,,,,,,,,,https://irishfamilysurnames.com/wp-content/uploads/2021/04/corcoran-B-H-300x375.jpg,4,Carney,,,,,,,,,,,,,,,,,,,,,,,active
carney,,,,,,,true,,,,,,,,,,,,,,,,,,https://irishfamilysurnames.com/wp-content/uploads/2021/04/condon-B-H-300x375.jpg,5,Carney,,,,,,,,,,,,,,,,,,,,,,,active
carey,Family name History & Crest Plaques - Carey,"<p>Learn the full history of your family with a Family History or a Crest/History Combination.</p><p>Family History Standard : 16 x 20 cm | 6 x 8 inches. €9.90</p><p>Family History Large : 20 x 26 cm | 8 x 10 inches. €12.50</p><p>Family Combination (History &amp;amp;amp; Crest) : 26 x 20 cm | 10 x 8 inches.€14.95</p><p>Family Histories and Family Combinations are supplied mounted and ready to frame.<br/>FREE WORLDWIDE POSTAGE</p>",Irish Family Surnames,,General,"Heraldic Irish Family Names, Gifts under €25, Surname C",true,Title,Default Title,,,,,3400,0,shopify,20,deny,manual,12.45,,true,true,,https://irishfamilysurnames.com/wp-content/uploads/2021/04/carey-B-H.jpg,1,Carey,false,Family name History & Crest Plaques - Carey,Learn the full history of your family with a Family History or a Crest/History Combination. Family History Standard : 16 x 20 cm | 6 x 8 inches. €9.90 Family History Large : 20 x 26 cm | 8 x 10 inches. €12.50 Family Combination (History &amp; Crest) : 26 x 20 cm | 10 x 8 inches.€14.95 Family Histories and Family Combin,,,,,,,,,,,,,g,,,true,true,,,active
carey,,,,,,,true,,,,,,,,,,,,,,,,,,https://irishfamilysurnames.com/wp-content/uploads/2021/03/irishfamilysurnameslogo2.jpg,2,Carey,,,,,,,,,,,,,,,,,,,,,,,active
carey,,,,,,,true,,,,,,,,,,,,,,,,,,https://irishfamilysurnames.com/wp-content/uploads/2021/04/carroll-B-H-300x375.jpg,3,Carey,,,,,,,,,,,,,,,,,,,,,,,active
carey,,,,,,,true,,,,,,,,,,,,,,,,,,https://irishfamilysurnames.com/wp-content/uploads/2021/04/clery-B-H-300x375.jpg,4,Carey,,,,,,,,,,,,,,,,,,,,,,,active
carey,,,,,,,true,,,,,,,,,,,,,,,,,,https://irishfamilysurnames.com/wp-content/uploads/2021/04/carney-B-H-300x375.jpg,5,Carey,,,,,,,,,,,,,,,,,,,,,,,active
nolan,Family name History & Crest Plaques - Nolan,"<p>Learn the full history of your family with a Family History or a Crest/History Combination.</p><p>Family History Standard : 16 x 20 cm | 6 x 8 inches. €9.90</p><p>Family History Large : 20 x 26 cm | 8 x 10 inches. €12.50</p><p>Family Combination (History &amp;amp;amp; Crest) : 26 x 20 cm | 10 x 8 inches.€14.95</p><p>Family Histories and Family Combinations are supplied mounted and ready to frame.<br/>FREE WORLDWIDE POSTAGE</p>",Irish Family Surnames,,General,"Heraldic Irish Family Names, Gifts under €25, Surname N",true,Title,Default Title,,,,,2831,0,shopify,20,deny,manual,12.45,,true,true,,https://irishfamilysurnames.com/wp-content/uploads/2021/04/nolan-B-H.jpg,1,Nolan,false,Family name History & Crest Plaques - Nolan,Learn the full history of your family with a Family History or a Crest/History Combination. Family History Standard : 16 x 20 cm | 6 x 8 inches. €9.90 Family History Large : 20 x 26 cm | 8 x 10 inches. €12.50 Family Combination (History &amp; Crest) : 26 x 20 cm | 10 x 8 inches.€14.95 Family Histories and Family Combin,,,,,,,,,,,,,g,,,true,true,,,active
nolan,,,,,,,true,,,,,,,,,,,,,,,,,,https://irishfamilysurnames.com/wp-content/uploads/2021/03/irishfamilysurnameslogo2.jpg,2,Nolan,,,,,,,,,,,,,,,,,,,,,,,active
nolan,,,,,,,true,,,,,,,,,,,,,,,,,,https://irishfamilysurnames.com/wp-content/uploads/2021/04/neill-B-H-300x375.jpg,3,Nolan,,,,,,,,,,,,,,,,,,,,,,,active
nolan,,,,,,,true,,,,,,,,,,,,,,,,,,https://irishfamilysurnames.com/wp-content/uploads/2021/04/nugent-B-H-300x375.jpg,4,Nolan,,,,,,,,,,,,,,,,,,,,,,,active
nolan,,,,,,,true,,,,,,,,,,,,,,,,,,https://irishfamilysurnames.com/wp-content/uploads/2021/04/nally-B-H-300x375.jpg,5,Nolan,,,,,,,,,,,,,,,,,,,,,,,active
nugent,Family name History & Crest Plaques - Nugent,"<p>Learn the full history of your family with a Family History or a Crest/History Combination.</p><p>Family History Standard : 16 x 20 cm | 6 x 8 inches. €9.90</p><p>Family History Large : 20 x 26 cm | 8 x 10 inches. €12.50</p><p>Family Combination (History &amp;amp;amp; Crest) : 26 x 20 cm | 10 x 8 inches.€14.95</p><p>Family Histories and Family Combinations are supplied mounted and ready to frame.<br/>FREE WORLDWIDE POSTAGE</p>",Irish Family Surnames,,General,"Heraldic Irish Family Names, Gifts under €25, Surname N",true,Title,Default Title,,,,,2838,0,shopify,20,deny,manual,12.45,,true,true,,https://irishfamilysurnames.com/wp-content/uploads/2021/04/nugent-B-H.jpg,1,Nugent,false,Family name History & Crest Plaques - Nugent,Learn the full history of your family with a Family History or a Crest/History Combination. Family History Standard : 16 x 20 cm | 6 x 8 inches. €9.90 Family History Large : 20 x 26 cm | 8 x 10 inches. €12.50 Family Combination (History &amp; Crest) : 26 x 20 cm | 10 x 8 inches.€14.95 Family Histories and Family Combin,,,,,,,,,,,,,g,,,true,true,,,active
nugent,,,,,,,true,,,,,,,,,,,,,,,,,,https://irishfamilysurnames.com/wp-content/uploads/2021/03/irishfamilysurnameslogo2.jpg,2,Nugent,,,,,,,,,,,,,,,,,,,,,,,active
nugent,,,,,,,true,,,,,,,,,,,,,,,,,,https://irishfamilysurnames.com/wp-content/uploads/2021/04/nolan-B-H-300x375.jpg,3,Nugent,,,,,,,,,,,,,,,,,,,,,,,active
nugent,,,,,,,true,,,,,,,,,,,,,,,,,,https://irishfamilysurnames.com/wp-content/uploads/2021/04/neill-B-H-300x375.jpg,4,Nugent,,,,,,,,,,,,,,,,,,,,,,,active
nugent,,,,,,,true,,,,,,,,,,,,,,,,,,https://irishfamilysurnames.com/wp-content/uploads/2021/04/nally-B-H-300x375.jpg,5,Nugent,,,,,,,,,,,,,,,,,,,,,,,active
neill,Family name History & Crest Plaques - Neill,"<p>Learn the full history of your family with a Family History or a Crest/History Combination.</p><p>Family History Standard : 16 x 20 cm | 6 x 8 inches. €9.90</p><p>Family History Large : 20 x 26 cm | 8 x 10 inches. €12.50</p><p>Family Combination (History &amp;amp;amp; Crest) : 26 x 20 cm | 10 x 8 inches.€14.95</p><p>Family Histories and Family Combinations are supplied mounted and ready to frame.<br/>FREE WORLDWIDE POSTAGE</p>",Irish Family Surnames,,General,"Heraldic Irish Family Names, Gifts under €25, Surname N",true,Title,Default Title,,,,,2824,0,shopify,20,deny,manual,12.45,,true,true,,https://irishfamilysurnames.com/wp-content/uploads/2021/04/neill-B-H.jpg,1,Neill,false,Family name History & Crest Plaques - Neill,Learn the full history of your family with a Family History or a Crest/History Combination. Family History Standard : 16 x 20 cm | 6 x 8 inches. €9.90 Family History Large : 20 x 26 cm | 8 x 10 inches. €12.50 Family Combination (History &amp; Crest) : 26 x 20 cm | 10 x 8 inches.€14.95 Family Histories and Family Combin,,,,,,,,,,,,,g,,,true,true,,,active
neill,,,,,,,true,,,,,,,,,,,,,,,,,,https://irishfamilysurnames.com/wp-content/uploads/2021/03/irishfamilysurnameslogo2.jpg,2,Neill,,,,,,,,,,,,,,,,,,,,,,,active
neill,,,,,,,true,,,,,,,,,,,,,,,,,,https://irishfamilysurnames.com/wp-content/uploads/2021/04/nally-B-H-300x375.jpg,3,Neill,,,,,,,,,,,,,,,,,,,,,,,active
neill,,,,,,,true,,,,,,,,,,,,,,,,,,https://irishfamilysurnames.com/wp-content/uploads/2021/04/nugent-B-H-300x375.jpg,4,Neill,,,,,,,,,,,,,,,,,,,,,,,active
neill,,,,,,,true,,,,,,,,,,,,,,,,,,https://irishfamilysurnames.com/wp-content/uploads/2021/04/nolan-B-H-300x375.jpg,5,Neill,,,,,,,,,,,,,,,,,,,,,,,active
nally,Family name History & Crest Plaques - Nally,"<p>Learn the full history of your family with a Family History or a Crest/History Combination.</p><p>Family History Standard : 16 x 20 cm | 6 x 8 inches. €9.90</p><p>Family History Large : 20 x 26 cm | 8 x 10 inches. €12.50</p><p>Family Combination (History &amp;amp;amp; Crest) : 26 x 20 cm | 10 x 8 inches.€14.95</p><p>Family Histories and Family Combinations are supplied mounted and ready to frame.<br/>FREE WORLDWIDE POSTAGE</p>",Irish Family Surnames,,General,"Heraldic Irish Family Names, Gifts under €25, Surname N",true,Title,Default Title,,,,,2753,0,shopify,20,deny,manual,12.45,,true,true,,https://irishfamilysurnames.com/wp-content/uploads/2021/04/nally-B-H.jpg,1,Nally,false,Family name History & Crest Plaques - Nally,Learn the full history of your family with a Family History or a Crest/History Combination. Family History Standard : 16 x 20 cm | 6 x 8 inches. €9.90 Family History Large : 20 x 26 cm | 8 x 10 inches. €12.50 Family Combination (History &amp; Crest) : 26 x 20 cm | 10 x 8 inches.€14.95 Family Histories and Family Combin,,,,,,,,,,,,,g,,,true,true,,,active
nally,,,,,,,true,,,,,,,,,,,,,,,,,,https://irishfamilysurnames.com/wp-content/uploads/2021/03/irishfamilysurnameslogo2.jpg,2,Nally,,,,,,,,,,,,,,,,,,,,,,,active
nally,,,,,,,true,,,,,,,,,,,,,,,,,,https://irishfamilysurnames.com/wp-content/uploads/2021/04/nolan-B-H-300x375.jpg,3,Nally,,,,,,,,,,,,,,,,,,,,,,,active
nally,,,,,,,true,,,,,,,,,,,,,,,,,,https://irishfamilysurnames.com/wp-content/uploads/2021/04/neill-B-H-300x375.jpg,4,Nally,,,,,,,,,,,,,,,,,,,,,,,active
nally,,,,,,,true,,,,,,,,,,,,,,,,,,https://irishfamilysurnames.com/wp-content/uploads/2021/04/nugent-B-H-300x375.jpg,5,Nally,,,,,,,,,,,,,,,,,,,,,,,active
obrien,Family name History & Crest Plaques - O'Brien,"<p>Learn the full history of your family with a Family History or a Crest/History Combination.</p><p>Family History Standard : 16 x 20 cm | 6 x 8 inches. €9.90</p><p>Family History Large : 20 x 26 cm | 8 x 10 inches. €12.50</p><p>Family Combination (History &amp;amp;amp; Crest) : 26 x 20 cm | 10 x 8 inches.€14.95</p><p>Family Histories and Family Combinations are supplied mounted and ready to frame.<br/>FREE WORLDWIDE POSTAGE</p>",Irish Family Surnames,,General,"Heraldic Irish Family Names, Gifts under €25, Surname O",true,Title,Default Title,,,,,3477,0,shopify,20,deny,manual,12.45,,true,true,,https://irishfamilysurnames.com/wp-content/uploads/2021/04/o-brien-B-H.jpg,1,O'Brien,false,Family name History & Crest Plaques - O'Brien,Learn the full history of your family with a Family History or a Crest/History Combination. Family History Standard : 16 x 20 cm | 6 x 8 inches. €9.90 Family History Large : 20 x 26 cm | 8 x 10 inches. €12.50 Family Combination (History &amp; Crest) : 26 x 20 cm | 10 x 8 inches.€14.95 Family Histories and Family Combin,,,,,,,,,,,,,g,,,true,true,,,active
obrien,,,,,,,true,,,,,,,,,,,,,,,,,,https://irishfamilysurnames.com/wp-content/uploads/2021/03/irishfamilysurnameslogo2.jpg,2,O'Brien,,,,,,,,,,,,,,,,,,,,,,,active
obrien,,,,,,,true,,,,,,,,,,,,,,,,,,https://irishfamilysurnames.com/wp-content/uploads/2021/04/o-connor-B-H-300x375.jpg,3,O'Brien,,,,,,,,,,,,,,,,,,,,,,,active
obrien,,,,,,,true,,,,,,,,,,,,,,,,,,https://irishfamilysurnames.com/wp-content/uploads/2021/04/o-hagan-B-H-300x375.jpg,4,O'Brien,,,,,,,,,,,,,,,,,,,,,,,active
obrien,,,,,,,true,,,,,,,,,,,,,,,,,,https://irishfamilysurnames.com/wp-content/uploads/2021/04/odonohoe-B-H-300x375.jpg,5,O'Brien,,,,,,,,,,,,,,,,,,,,,,,active
obyrne,Family name History & Crest Plaques - O'Byrne,"<p>Learn the full history of your family with a Family History or a Crest/History Combination.</p><p>Family History Standard : 16 x 20 cm | 6 x 8 inches. €9.90</p><p>Family History Large : 20 x 26 cm | 8 x 10 inches. €12.50</p><p>Family Combination (History &amp;amp;amp; Crest) : 26 x 20 cm | 10 x 8 inches.€14.95</p><p>Family Histories and Family Combinations are supplied mounted and ready to frame.<br/>FREE WORLDWIDE POSTAGE</p>",Irish Family Surnames,,General,"Heraldic Irish Family Names, Gifts under €25, Surname O",true,Title,Default Title,,,,,3484,0,shopify,20,deny,manual,12.45,,true,true,,https://irishfamilysurnames.com/wp-content/uploads/2021/04/o-byrne-B-H.jpg,1,O'Byrne,false,Family name History & Crest Plaques - O'Byrne,Learn the full history of your family with a Family History or a Crest/History Combination. Family History Standard : 16 x 20 cm | 6 x 8 inches. €9.90 Family History Large : 20 x 26 cm | 8 x 10 inches. €12.50 Family Combination (History &amp; Crest) : 26 x 20 cm | 10 x 8 inches.€14.95 Family Histories and Family Combin,,,,,,,,,,,,,g,,,true,true,,,active
obyrne,,,,,,,true,,,,,,,,,,,,,,,,,,https://irishfamilysurnames.com/wp-content/uploads/2021/03/irishfamilysurnameslogo2.jpg,2,O'Byrne,,,,,,,,,,,,,,,,,,,,,,,active
obyrne,,,,,,,true,,,,,,,,,,,,,,,,,,https://irishfamilysurnames.com/wp-content/uploads/2021/04/o-flaherty-B-H-300x375.jpg,3,O'Byrne,,,,,,,,,,,,,,,,,,,,,,,active
obyrne,,,,,,,true,,,,,,,,,,,,,,,,,,https://irishfamilysurnames.com/wp-content/uploads/2021/04/o-flynn-B-H-300x375.jpg,4,O'Byrne,,,,,,,,,,,,,,,,,,,,,,,active
obyrne,,,,,,,true,,,,,,,,,,,,,,,,,,https://irishfamilysurnames.com/wp-content/uploads/2021/04/o-donoghue-B-H-300x375.jpg,5,O'Byrne,,,,,,,,,,,,,,,,,,,,,,,active
quigley,Family name History & Crest Plaques - Quigley,"<p>Learn the full history of your family with a Family History or a Crest/History Combination.</p><p>Family History Standard : 16 x 20 cm | 6 x 8 inches. €9.90</p><p>Family History Large : 20 x 26 cm | 8 x 10 inches. €12.50</p><p>Family Combination (History &amp;amp;amp; Crest) : 26 x 20 cm | 10 x 8 inches.€14.95</p><p>Family Histories and Family Combinations are supplied mounted and ready to frame.<br/>FREE WORLDWIDE POSTAGE</p>",Irish Family Surnames,,General,"Heraldic Irish Family Names, Gifts under €25, Surname Q",true,Title,Default Title,,,,,3491,0,shopify,20,deny,manual,12.45,,true,true,,https://irishfamilysurnames.com/wp-content/uploads/2021/04/quigley-B-H.jpg,1,Quigley,false,Family name History & Crest Plaques - Quigley,Learn the full history of your family with a Family History or a Crest/History Combination. Family History Standard : 16 x 20 cm | 6 x 8 inches. €9.90 Family History Large : 20 x 26 cm | 8 x 10 inches. €12.50 Family Combination (History &amp; Crest) : 26 x 20 cm | 10 x 8 inches.€14.95 Family Histories and Family Combin,,,,,,,,,,,,,g,,,true,true,,,active
quigley,,,,,,,true,,,,,,,,,,,,,,,,,,https://irishfamilysurnames.com/wp-content/uploads/2021/03/irishfamilysurnameslogo2.jpg,2,Quigley,,,,,,,,,,,,,,,,,,,,,,,active
quigley,,,,,,,true,,,,,,,,,,,,,,,,,,https://irishfamilysurnames.com/wp-content/uploads/2021/04/quinn-B-H-300x375.jpg,3,Quigley,,,,,,,,,,,,,,,,,,,,,,,active
quigley,,,,,,,true,,,,,,,,,,,,,,,,,,https://irishfamilysurnames.com/wp-content/uploads/2021/04/quinlan-B-H-300x375.jpg,4,Quigley,,,,,,,,,,,,,,,,,,,,,,,active
quinlan,Family name History & Crest Plaques - Quinlan,"<p>Learn the full history of your family with a Family History or a Crest/History Combination.</p><p>Family History Standard : 16 x 20 cm | 6 x 8 inches. €9.90</p><p>Family History Large : 20 x 26 cm | 8 x 10 inches. €12.50</p><p>Family Combination (History &amp;amp;amp; Crest) : 26 x 20 cm | 10 x 8 inches.€14.95</p><p>Family Histories and Family Combinations are supplied mounted and ready to frame.<br/>FREE WORLDWIDE POSTAGE</p>",Irish Family Surnames,,General,"Heraldic Irish Family Names, Gifts under €25, Surname Q",true,Title,Default Title,,,,,3510,0,shopify,20,deny,manual,12.45,,true,true,,https://irishfamilysurnames.com/wp-content/uploads/2021/04/quinlan-B-H.jpg,1,Quinlan,false,Family name History & Crest Plaques - Quinlan,Learn the full history of your family with a Family History or a Crest/History Combination. Family History Standard : 16 x 20 cm | 6 x 8 inches. €9.90 Family History Large : 20 x 26 cm | 8 x 10 inches. €12.50 Family Combination (History &amp; Crest) : 26 x 20 cm | 10 x 8 inches.€14.95 Family Histories and Family Combin,,,,,,,,,,,,,g,,,true,true,,,active
quinlan,,,,,,,true,,,,,,,,,,,,,,,,,,https://irishfamilysurnames.com/wp-content/uploads/2021/03/irishfamilysurnameslogo2.jpg,2,Quinlan,,,,,,,,,,,,,,,,,,,,,,,active
quinlan,,,,,,,true,,,,,,,,,,,,,,,,,,https://irishfamilysurnames.com/wp-content/uploads/2021/04/quigley-B-H-300x375.jpg,3,Quinlan,,,,,,,,,,,,,,,,,,,,,,,active
quinlan,,,,,,,true,,,,,,,,,,,,,,,,,,https://irishfamilysurnames.com/wp-content/uploads/2021/04/quinn-B-H-300x375.jpg,4,Quinlan,,,,,,,,,,,,,,,,,,,,,,,active
quinn,Family name History & Crest Plaques - Quinn,"<p>Learn the full history of your family with a Family History or a Crest/History Combination.</p><p>Family History Standard : 16 x 20 cm | 6 x 8 inches. €9.90</p><p>Family History Large : 20 x 26 cm | 8 x 10 inches. €12.50</p><p>Family Combination (History &amp;amp;amp; Crest) : 26 x 20 cm | 10 x 8 inches.€14.95</p><p>Family Histories and Family Combinations are supplied mounted and ready to frame.<br/>FREE WORLDWIDE POSTAGE</p>",Irish Family Surnames,,General,"Heraldic Irish Family Names, Gifts under €25, Surname Q",true,Title,Default Title,,,,,3517,0,shopify,20,deny,manual,12.45,,true,true,,https://irishfamilysurnames.com/wp-content/uploads/2021/04/quinn-B-H.jpg,1,Quinn,false,Family name History & Crest Plaques - Quinn,Learn the full history of your family with a Family History or a Crest/History Combination. Family History Standard : 16 x 20 cm | 6 x 8 inches. €9.90 Family History Large : 20 x 26 cm | 8 x 10 inches. €12.50 Family Combination (History &amp; Crest) : 26 x 20 cm | 10 x 8 inches.€14.95 Family Histories and Family Combin,,,,,,,,,,,,,g,,,true,true,,,active
quinn,,,,,,,true,,,,,,,,,,,,,,,,,,https://irishfamilysurnames.com/wp-content/uploads/2021/03/irishfamilysurnameslogo2.jpg,2,Quinn,,,,,,,,,,,,,,,,,,,,,,,active
quinn,,,,,,,true,,,,,,,,,,,,,,,,,,https://irishfamilysurnames.com/wp-content/uploads/2021/04/quinlan-B-H-300x375.jpg,3,Quinn,,,,,,,,,,,,,,,,,,,,,,,active
quinn,,,,,,,true,,,,,,,,,,,,,,,,,,https://irishfamilysurnames.com/wp-content/uploads/2021/04/quigley-B-H-300x375.jpg,4,Quinn,,,,,,,,,,,,,,,,,,,,,,,active
powers,Family name History & Crest Plaques - Powers,"<p>Learn the full history of your family with a Family History or a Crest/History Combination.</p><p>Family History Standard : 16 x 20 cm | 6 x 8 inches. €9.90</p><p>Family History Large : 20 x 26 cm | 8 x 10 inches. €12.50</p><p>Family Combination (History &amp;amp;amp; Crest) : 26 x 20 cm | 10 x 8 inches.€14.95</p><p>Family Histories and Family Combinations are supplied mounted and ready to frame.<br/>FREE WORLDWIDE POSTAGE</p>",Irish Family Surnames,,General,"Heraldic Irish Family Names, Gifts under €25, Surname P",true,Title,Default Title,,,,,2808,0,shopify,20,deny,manual,12.45,,true,true,,https://irishfamilysurnames.com/wp-content/uploads/2021/04/powers-B-H.jpg,1,Powers,false,Family name History & Crest Plaques - Powers,Learn the full history of your family with a Family History or a Crest/History Combination. Family History Standard : 16 x 20 cm | 6 x 8 inches. €9.90 Family History Large : 20 x 26 cm | 8 x 10 inches. €12.50 Family Combination (History &amp; Crest) : 26 x 20 cm | 10 x 8 inches.€14.95 Family Histories and Family Combin,,,,,,,,,,,,,g,,,true,true,,,active
powers,,,,,,,true,,,,,,,,,,,,,,,,,,https://irishfamilysurnames.com/wp-content/uploads/2021/03/irishfamilysurnameslogo2.jpg,2,Powers,,,,,,,,,,,,,,,,,,,,,,,active
powers,,,,,,,true,,,,,,,,,,,,,,,,,,https://irishfamilysurnames.com/wp-content/uploads/2021/04/power-B-H-300x375.jpg,3,Powers,,,,,,,,,,,,,,,,,,,,,,,active
powers,,,,,,,true,,,,,,,,,,,,,,,,,,https://irishfamilysurnames.com/wp-content/uploads/2021/04/phelan-B-H-300x375.jpg,4,Powers,,,,,,,,,,,,,,,,,,,,,,,active
ocallaghan,Family name History & Crest Plaques - O'Callaghan,"<p>Learn the full history of your family with a Family History or a Crest/History Combination.</p><p>Family History Standard : 16 x 20 cm | 6 x 8 inches. €9.90</p><p>Family History Large : 20 x 26 cm | 8 x 10 inches. €12.50</p><p>Family Combination (History &amp;amp;amp; Crest) : 26 x 20 cm | 10 x 8 inches.€14.95</p><p>Family Histories and Family Combinations are supplied mounted and ready to frame.<br/>FREE WORLDWIDE POSTAGE</p>",Irish Family Surnames,,General,"Heraldic Irish Family Names, Gifts under €25, Surname O",true,Title,Default Title,,,,,3527,0,shopify,20,deny,manual,12.45,,true,true,,https://irishfamilysurnames.com/wp-content/uploads/2021/04/o-callaghan-B-H.jpg,1,O'Callaghan,false,Family name History & Crest Plaques - O'Callaghan,Learn the full history of your family with a Family History or a Crest/History Combination. Family History Standard : 16 x 20 cm | 6 x 8 inches. €9.90 Family History Large : 20 x 26 cm | 8 x 10 inches. €12.50 Family Combination (History &amp; Crest) : 26 x 20 cm | 10 x 8 inches.€14.95 Family Histories and Family Combin,,,,,,,,,,,,,g,,,true,true,,,active
ocallaghan,,,,,,,true,,,,,,,,,,,,,,,,,,https://irishfamilysurnames.com/wp-content/uploads/2021/03/irishfamilysurnameslogo2.jpg,2,O'Callaghan,,,,,,,,,,,,,,,,,,,,,,,active
ocallaghan,,,,,,,true,,,,,,,,,,,,,,,,,,https://irishfamilysurnames.com/wp-content/uploads/2021/04/o-hagan-B-H-300x375.jpg,3,O'Callaghan,,,,,,,,,,,,,,,,,,,,,,,active
ocallaghan,,,,,,,true,,,,,,,,,,,,,,,,,,https://irishfamilysurnames.com/wp-content/uploads/2021/04/o-boyle-B-H-300x375.jpg,4,O'Callaghan,,,,,,,,,,,,,,,,,,,,,,,active
ocallaghan,,,,,,,true,,,,,,,,,,,,,,,,,,https://irishfamilysurnames.com/wp-content/uploads/2021/04/o-byrne-B-H-300x375.jpg,5,O'Callaghan,,,,,,,,,,,,,,,,,,,,,,,active
oconnell,Family name History & Crest Plaques - O'Connell,"<p>Learn the full history of your family with a Family History or a Crest/History Combination.</p><p>Family History Standard : 16 x 20 cm | 6 x 8 inches. €9.90</p><p>Family History Large : 20 x 26 cm | 8 x 10 inches. €12.50</p><p>Family Combination (History &amp;amp;amp; Crest) : 26 x 20 cm | 10 x 8 inches.€14.95</p><p>Family Histories and Family Combinations are supplied mounted and ready to frame.<br/>FREE WORLDWIDE POSTAGE</p>",Irish Family Surnames,,General,"Heraldic Irish Family Names, Gifts under €25, Surname O",true,Title,Default Title,,,,,3557,0,shopify,20,deny,manual,12.45,,true,true,,https://irishfamilysurnames.com/wp-content/uploads/2021/04/o-connell-B-H.jpg,1,O'Connell,false,Family name History & Crest Plaques - O'Connell,Learn the full history of your family with a Family History or a Crest/History Combination. Family History Standard : 16 x 20 cm | 6 x 8 inches. €9.90 Family History Large : 20 x 26 cm | 8 x 10 inches. €12.50 Family Combination (History &amp; Crest) : 26 x 20 cm | 10 x 8 inches.€14.95 Family Histories and Family Combin,,,,,,,,,,,,,g,,,true,true,,,active
oconnell,,,,,,,true,,,,,,,,,,,,,,,,,,https://irishfamilysurnames.com/wp-content/uploads/2021/03/irishfamilysurnameslogo2.jpg,2,O'Connell,,,,,,,,,,,,,,,,,,,,,,,active
oconnell,,,,,,,true,,,,,,,,,,,,,,,,,,https://irishfamilysurnames.com/wp-content/uploads/2021/04/o-carroll-B-H-300x375.jpg,3,O'Connell,,,,,,,,,,,,,,,,,,,,,,,active
oconnell,,,,,,,true,,,,,,,,,,,,,,,,,,https://irishfamilysurnames.com/wp-content/uploads/2021/04/o-flynn-B-H-300x375.jpg,4,O'Connell,,,,,,,,,,,,,,,,,,,,,,,active
oconnell,,,,,,,true,,,,,,,,,,,,,,,,,,https://irishfamilysurnames.com/wp-content/uploads/2021/04/o-donoghoe-B-H-300x375.jpg,5,O'Connell,,,,,,,,,,,,,,,,,,,,,,,active
oconnor,Family name History & Crest Plaques - O'Connor,"<p>Learn the full history of your family with a Family History or a Crest/History Combination.</p><p>Family History Standard : 16 x 20 cm | 6 x 8 inches. €9.90</p><p>Family History Large : 20 x 26 cm | 8 x 10 inches. €12.50</p><p>Family Combination (History &amp;amp;amp; Crest) : 26 x 20 cm | 10 x 8 inches.€14.95</p><p>Family Histories and Family Combinations are supplied mounted and ready to frame.<br/>FREE WORLDWIDE POSTAGE</p>",Irish Family Surnames,,General,"Heraldic Irish Family Names, Gifts under €25, Surname O",true,Title,Default Title,,,,,3564,0,shopify,20,deny,manual,12.45,,true,true,,https://irishfamilysurnames.com/wp-content/uploads/2021/04/o-connor-B-H.jpg,1,O'Connor,false,Family name History & Crest Plaques - O'Connor,Learn the full history of your family with a Family History or a Crest/History Combination. Family History Standard : 16 x 20 cm | 6 x 8 inches. €9.90 Family History Large : 20 x 26 cm | 8 x 10 inches. €12.50 Family Combination (History &amp; Crest) : 26 x 20 cm | 10 x 8 inches.€14.95 Family Histories and Family Combin,,,,,,,,,,,,,g,,,true,true,,,active
oconnor,,,,,,,true,,,,,,,,,,,,,,,,,,https://irishfamilysurnames.com/wp-content/uploads/2021/03/irishfamilysurnameslogo2.jpg,2,O'Connor,,,,,,,,,,,,,,,,,,,,,,,active
oconnor,,,,,,,true,,,,,,,,,,,,,,,,,,https://irishfamilysurnames.com/wp-content/uploads/2021/04/o-hart-B-H-300x375.jpg,3,O'Connor,,,,,,,,,,,,,,,,,,,,,,,active
oconnor,,,,,,,true,,,,,,,,,,,,,,,,,,https://irishfamilysurnames.com/wp-content/uploads/2021/04/o-connell-B-H-300x375.jpg,4,O'Connor,,,,,,,,,,,,,,,,,,,,,,,active
oconnor,,,,,,,true,,,,,,,,,,,,,,,,,,https://irishfamilysurnames.com/wp-content/uploads/2021/04/o-carroll-B-H-300x375.jpg,5,O'Connor,,,,,,,,,,,,,,,,,,,,,,,active
odaugherty,Family name History & Crest Plaques - O'Daugherty,"<p>Learn the full history of your family with a Family History or a Crest/History Combination.</p><p>Family History Standard : 16 x 20 cm | 6 x 8 inches. €9.90</p><p>Family History Large : 20 x 26 cm | 8 x 10 inches. €12.50</p><p>Family Combination (History &amp;amp;amp; Crest) : 26 x 20 cm | 10 x 8 inches.€14.95</p><p>Family Histories and Family Combinations are supplied mounted and ready to frame.<br/>FREE WORLDWIDE POSTAGE</p>",Irish Family Surnames,,General,"Heraldic Irish Family Names, Gifts under €25, Surname O",true,Title,Default Title,,,,,3571,0,shopify,20,deny,manual,12.45,,true,true,,https://irishfamilysurnames.com/wp-content/uploads/2021/04/o-daugherty-B-H.jpg,1,O'Daugherty,false,Family name History & Crest Plaques - O'Daugherty,Learn the full history of your family with a Family History or a Crest/History Combination. Family History Standard : 16 x 20 cm | 6 x 8 inches. €9.90 Family History Large : 20 x 26 cm | 8 x 10 inches. €12.50 Family Combination (History &amp; Crest) : 26 x 20 cm | 10 x 8 inches.€14.95 Family Histories and Family Combin,,,,,,,,,,,,,g,,,true,true,,,active
odaugherty,,,,,,,true,,,,,,,,,,,,,,,,,,https://irishfamilysurnames.com/wp-content/uploads/2021/03/irishfamilysurnameslogo2.jpg,2,O'Daugherty,,,,,,,,,,,,,,,,,,,,,,,active
odaugherty,,,,,,,true,,,,,,,,,,,,,,,,,,https://irishfamilysurnames.com/wp-content/uploads/2021/04/o-kelly-B-H-300x375.jpg,3,O'Daugherty,,,,,,,,,,,,,,,,,,,,,,,active
odaugherty,,,,,,,true,,,,,,,,,,,,,,,,,,https://irishfamilysurnames.com/wp-content/uploads/2021/04/o-hara-B-H-300x375.jpg,4,O'Daugherty,,,,,,,,,,,,,,,,,,,,,,,active
odaugherty,,,,,,,true,,,,,,,,,,,,,,,,,,https://irishfamilysurnames.com/wp-content/uploads/2021/04/o-gorman-B-H-300x375.jpg,5,O'Daugherty,,,,,,,,,,,,,,,,,,,,,,,active
odonnell,Family name History & Crest Plaques - O'Donnell,"<p>Learn the full history of your family with a Family History or a Crest/History Combination.</p><p>Family History Standard : 16 x 20 cm | 6 x 8 inches. €9.90</p><p>Family History Large : 20 x 26 cm | 8 x 10 inches. €12.50</p><p>Family Combination (History &amp;amp;amp; Crest) : 26 x 20 cm | 10 x 8 inches.€14.95</p><p>Family Histories and Family Combinations are supplied mounted and ready to frame.<br/>FREE WORLDWIDE POSTAGE</p>",Irish Family Surnames,,General,"Heraldic Irish Family Names, Gifts under €25, Surname O",true,Title,Default Title,,,,,3597,0,shopify,20,deny,manual,12.45,,true,true,,https://irishfamilysurnames.com/wp-content/uploads/2021/04/o-donnell-B-H.jpg,1,O'Donnell,false,Family name History & Crest Plaques - O'Donnell,Learn the full history of your family with a Family History or a Crest/History Combination. Family History Standard : 16 x 20 cm | 6 x 8 inches. €9.90 Family History Large : 20 x 26 cm | 8 x 10 inches. €12.50 Family Combination (History &amp; Crest) : 26 x 20 cm | 10 x 8 inches.€14.95 Family Histories and Family Combin,,,,,,,,,,,,,g,,,true,true,,,active
odonnell,,,,,,,true,,,,,,,,,,,,,,,,,,https://irishfamilysurnames.com/wp-content/uploads/2021/03/irishfamilysurnameslogo2.jpg,2,O'Donnell,,,,,,,,,,,,,,,,,,,,,,,active
odonnell,,,,,,,true,,,,,,,,,,,,,,,,,,https://irishfamilysurnames.com/wp-content/uploads/2021/04/o-boyle-B-H-300x375.jpg,3,O'Donnell,,,,,,,,,,,,,,,,,,,,,,,active
odonnell,,,,,,,true,,,,,,,,,,,,,,,,,,https://irishfamilysurnames.com/wp-content/uploads/2021/04/o-byrne-B-H-300x375.jpg,4,O'Donnell,,,,,,,,,,,,,,,,,,,,,,,active
odonnell,,,,,,,true,,,,,,,,,,,,,,,,,,https://irishfamilysurnames.com/wp-content/uploads/2021/04/o-brien-B-H-300x375.jpg,5,O'Donnell,,,,,,,,,,,,,,,,,,,,,,,active
odonoghoe,Family name History & Crest Plaques - O'Donoghoe,"<p>Learn the full history of your family with a Family History or a Crest/History Combination.</p><p>Family History Standard : 16 x 20 cm | 6 x 8 inches. €9.90</p><p>Family History Large : 20 x 26 cm | 8 x 10 inches. €12.50</p><p>Family Combination (History &amp;amp;amp; Crest) : 26 x 20 cm | 10 x 8 inches.€14.95</p><p>Family Histories and Family Combinations are supplied mounted and ready to frame.<br/>FREE WORLDWIDE POSTAGE</p>",Irish Family Surnames,,General,"Heraldic Irish Family Names, Gifts under €25, Surname O",true,Title,Default Title,,,,,3604,0,shopify,20,deny,manual,12.45,,true,true,,https://irishfamilysurnames.com/wp-content/uploads/2021/04/o-donoghoe-B-H.jpg,1,O'Donoghoe,false,Family name History & Crest Plaques - O'Donoghoe,Learn the full history of your family with a Family History or a Crest/History Combination. Family History Standard : 16 x 20 cm | 6 x 8 inches. €9.90 Family History Large : 20 x 26 cm | 8 x 10 inches. €12.50 Family Combination (History &amp; Crest) : 26 x 20 cm | 10 x 8 inches.€14.95 Family Histories and Family Combin,,,,,,,,,,,,,g,,,true,true,,,active
odonoghoe,,,,,,,true,,,,,,,,,,,,,,,,,,https://irishfamilysurnames.com/wp-content/uploads/2021/03/irishfamilysurnameslogo2.jpg,2,O'Donoghoe,,,,,,,,,,,,,,,,,,,,,,,active
odonoghoe,,,,,,,true,,,,,,,,,,,,,,,,,,https://irishfamilysurnames.com/wp-content/uploads/2021/04/o-flanagan-B-H-300x375.jpg,3,O'Donoghoe,,,,,,,,,,,,,,,,,,,,,,,active
odonoghoe,,,,,,,true,,,,,,,,,,,,,,,,,,https://irishfamilysurnames.com/wp-content/uploads/2021/04/o-connell-B-H-300x375.jpg,4,O'Donoghoe,,,,,,,,,,,,,,,,,,,,,,,active
odonoghoe,,,,,,,true,,,,,,,,,,,,,,,,,,https://irishfamilysurnames.com/wp-content/uploads/2021/04/odonohoe-B-H-300x375.jpg,5,O'Donoghoe,,,,,,,,,,,,,,,,,,,,,,,active
odonoghue,Family name History & Crest Plaques - O'Donoghue,"<p>Learn the full history of your family with a Family History or a Crest/History Combination.</p><p>Family History Standard : 16 x 20 cm | 6 x 8 inches. €9.90</p><p>Family History Large : 20 x 26 cm | 8 x 10 inches. €12.50</p><p>Family Combination (History &amp;amp;amp; Crest) : 26 x 20 cm | 10 x 8 inches.€14.95</p><p>Family Histories and Family Combinations are supplied mounted and ready to frame.<br/>FREE WORLDWIDE POSTAGE</p>",Irish Family Surnames,,General,"Heraldic Irish Family Names, Gifts under €25, Surname O",true,Title,Default Title,,,,,3611,0,shopify,20,deny,manual,12.45,,true,true,,https://irishfamilysurnames.com/wp-content/uploads/2021/04/o-donoghue-B-H.jpg,1,O'Donoghue,false,Family name History & Crest Plaques - O'Donoghue,Learn the full history of your family with a Family History or a Crest/History Combination. Family History Standard : 16 x 20 cm | 6 x 8 inches. €9.90 Family History Large : 20 x 26 cm | 8 x 10 inches. €12.50 Family Combination (History &amp; Crest) : 26 x 20 cm | 10 x 8 inches.€14.95 Family Histories and Family Combin,,,,,,,,,,,,,g,,,true,true,,,active
odonoghue,,,,,,,true,,,,,,,,,,,,,,,,,,https://irishfamilysurnames.com/wp-content/uploads/2021/03/irishfamilysurnameslogo2.jpg,2,O'Donoghue,,,,,,,,,,,,,,,,,,,,,,,active
odonoghue,,,,,,,true,,,,,,,,,,,,,,,,,,https://irishfamilysurnames.com/wp-content/uploads/2021/04/o-gorman-B-H-300x375.jpg,3,O'Donoghue,,,,,,,,,,,,,,,,,,,,,,,active
odonoghue,,,,,,,true,,,,,,,,,,,,,,,,,,https://irishfamilysurnames.com/wp-content/uploads/2021/04/o-higgins-B-H-300x375.jpg,4,O'Donoghue,,,,,,,,,,,,,,,,,,,,,,,active
odonoghue,,,,,,,true,,,,,,,,,,,,,,,,,,https://irishfamilysurnames.com/wp-content/uploads/2021/04/o-brien-B-H-300x375.jpg,5,O'Donoghue,,,,,,,,,,,,,,,,,,,,,,,active
odriscoll,Family name History & Crest Plaques - O'Driscoll,"<p>Learn the full history of your family with a Family History or a Crest/History Combination.</p><p>Family History Standard : 16 x 20 cm | 6 x 8 inches. €9.90</p><p>Family History Large : 20 x 26 cm | 8 x 10 inches. €12.50</p><p>Family Combination (History &amp;amp;amp; Crest) : 26 x 20 cm | 10 x 8 inches.€14.95</p><p>Family Histories and Family Combinations are supplied mounted and ready to frame.<br/>FREE WORLDWIDE POSTAGE</p>",Irish Family Surnames,,General,"Heraldic Irish Family Names, Gifts under €25, Surname O",true,Title,Default Title,,,,,3653,0,shopify,20,deny,manual,12.45,,true,true,,https://irishfamilysurnames.com/wp-content/uploads/2021/04/o-driscoll-B-H.jpg,1,O'Driscoll,false,Family name History & Crest Plaques - O'Driscoll,Learn the full history of your family with a Family History or a Crest/History Combination. Family History Standard : 16 x 20 cm | 6 x 8 inches. €9.90 Family History Large : 20 x 26 cm | 8 x 10 inches. €12.50 Family Combination (History &amp; Crest) : 26 x 20 cm | 10 x 8 inches.€14.95 Family Histories and Family Combin,,,,,,,,,,,,,g,,,true,true,,,active
odriscoll,,,,,,,true,,,,,,,,,,,,,,,,,,https://irishfamilysurnames.com/wp-content/uploads/2021/03/irishfamilysurnameslogo2.jpg,2,O'Driscoll,,,,,,,,,,,,,,,,,,,,,,,active
odriscoll,,,,,,,true,,,,,,,,,,,,,,,,,,https://irishfamilysurnames.com/wp-content/uploads/2021/04/o-daugherty-B-H-300x375.jpg,3,O'Driscoll,,,,,,,,,,,,,,,,,,,,,,,active
odriscoll,,,,,,,true,,,,,,,,,,,,,,,,,,https://irishfamilysurnames.com/wp-content/uploads/2021/04/o-dougherty-B-H-300x375.jpg,4,O'Driscoll,,,,,,,,,,,,,,,,,,,,,,,active
odriscoll,,,,,,,true,,,,,,,,,,,,,,,,,,https://irishfamilysurnames.com/wp-content/uploads/2021/04/o-carroll-B-H-300x375.jpg,5,O'Driscoll,,,,,,,,,,,,,,,,,,,,,,,active
odwyer,Family name History & Crest Plaques - O'Dwyer,"<p>Learn the full history of your family with a Family History or a Crest/History Combination.</p><p>Family History Standard : 16 x 20 cm | 6 x 8 inches. €9.90</p><p>Family History Large : 20 x 26 cm | 8 x 10 inches. €12.50</p><p>Family Combination (History &amp;amp;amp; Crest) : 26 x 20 cm | 10 x 8 inches.€14.95</p><p>Family Histories and Family Combinations are supplied mounted and ready to frame.<br/>FREE WORLDWIDE POSTAGE</p>",Irish Family Surnames,,General,"Heraldic Irish Family Names, Gifts under €25, Surname O",true,Title,Default Title,,,,,3675,0,shopify,20,deny,manual,12.45,,true,true,,https://irishfamilysurnames.com/wp-content/uploads/2021/04/o-dwyer-B-H.jpg,1,O'Dwyer,false,Family name History & Crest Plaques - O'Dwyer,Learn the full history of your family with a Family History or a Crest/History Combination. Family History Standard : 16 x 20 cm | 6 x 8 inches. €9.90 Family History Large : 20 x 26 cm | 8 x 10 inches. €12.50 Family Combination (History &amp; Crest) : 26 x 20 cm | 10 x 8 inches.€14.95 Family Histories and Family Combin,,,,,,,,,,,,,g,,,true,true,,,active
odwyer,,,,,,,true,,,,,,,,,,,,,,,,,,https://irishfamilysurnames.com/wp-content/uploads/2021/03/irishfamilysurnameslogo2.jpg,2,O'Dwyer,,,,,,,,,,,,,,,,,,,,,,,active
odwyer,,,,,,,true,,,,,,,,,,,,,,,,,,https://irishfamilysurnames.com/wp-content/uploads/2021/04/o-callaghan-B-H-300x375.jpg,3,O'Dwyer,,,,,,,,,,,,,,,,,,,,,,,active
odwyer,,,,,,,true,,,,,,,,,,,,,,,,,,https://irishfamilysurnames.com/wp-content/uploads/2021/04/ohanlon-B-H-300x375.jpg,4,O'Dwyer,,,,,,,,,,,,,,,,,,,,,,,active
odwyer,,,,,,,true,,,,,,,,,,,,,,,,,,https://irishfamilysurnames.com/wp-content/uploads/2021/04/o-keefe-B-H-300x375.jpg,5,O'Dwyer,,,,,,,,,,,,,,,,,,,,,,,active
ofarrell,Family name History & Crest Plaques - O'Farrell,"<p>Learn the full history of your family with a Family History or a Crest/History Combination.</p><p>Family History Standard : 16 x 20 cm | 6 x 8 inches. €9.90</p><p>Family History Large : 20 x 26 cm | 8 x 10 inches. €12.50</p><p>Family Combination (History &amp;amp;amp; Crest) : 26 x 20 cm | 10 x 8 inches.€14.95</p><p>Family Histories and Family Combinations are supplied mounted and ready to frame.<br/>FREE WORLDWIDE POSTAGE</p>",Irish Family Surnames,,General,"Heraldic Irish Family Names, Gifts under €25, Surname O",true,Title,Default Title,,,,,3686,0,shopify,20,deny,manual,12.45,,true,true,,https://irishfamilysurnames.com/wp-content/uploads/2021/04/o-farrell-B-H.jpg,1,O'Farrell,false,Family name History & Crest Plaques - O'Farrell,Learn the full history of your family with a Family History or a Crest/History Combination. Family History Standard : 16 x 20 cm | 6 x 8 inches. €9.90 Family History Large : 20 x 26 cm | 8 x 10 inches. €12.50 Family Combination (History &amp; Crest) : 26 x 20 cm | 10 x 8 inches.€14.95 Family Histories and Family Combin,,,,,,,,,,,,,g,,,true,true,,,active
ofarrell,,,,,,,true,,,,,,,,,,,,,,,,,,https://irishfamilysurnames.com/wp-content/uploads/2021/03/irishfamilysurnameslogo2.jpg,2,O'Farrell,,,,,,,,,,,,,,,,,,,,,,,active
ofarrell,,,,,,,true,,,,,,,,,,,,,,,,,,https://irishfamilysurnames.com/wp-content/uploads/2021/04/o-hart-B-H-300x375.jpg,3,O'Farrell,,,,,,,,,,,,,,,,,,,,,,,active
ofarrell,,,,,,,true,,,,,,,,,,,,,,,,,,https://irishfamilysurnames.com/wp-content/uploads/2021/04/o-halloran-B-H-300x375.jpg,4,O'Farrell,,,,,,,,,,,,,,,,,,,,,,,active
ofarrell,,,,,,,true,,,,,,,,,,,,,,,,,,https://irishfamilysurnames.com/wp-content/uploads/2021/04/o-daugherty-B-H-300x375.jpg,5,O'Farrell,,,,,,,,,,,,,,,,,,,,,,,active
oflaherty,Family name History & Crest Plaques - O'Flaherty,"<p>Learn the full history of your family with a Family History or a Crest/History Combination.</p><p>Family History Standard : 16 x 20 cm | 6 x 8 inches. €9.90</p><p>Family History Large : 20 x 26 cm | 8 x 10 inches. €12.50</p><p>Family Combination (History &amp;amp;amp; Crest) : 26 x 20 cm | 10 x 8 inches.€14.95</p><p>Family Histories and Family Combinations are supplied mounted and ready to frame.<br/>FREE WORLDWIDE POSTAGE</p>",Irish Family Surnames,,General,"Heraldic Irish Family Names, Gifts under €25, Surname O",true,Title,Default Title,,,,,3697,0,shopify,20,deny,manual,12.45,,true,true,,https://irishfamilysurnames.com/wp-content/uploads/2021/04/o-flaherty-B-H.jpg,1,O'Flaherty,false,Family name History & Crest Plaques - O'Flaherty,Learn the full history of your family with a Family History or a Crest/History Combination. Family History Standard : 16 x 20 cm | 6 x 8 inches. €9.90 Family History Large : 20 x 26 cm | 8 x 10 inches. €12.50 Family Combination (History &amp; Crest) : 26 x 20 cm | 10 x 8 inches.€14.95 Family Histories and Family Combin,,,,,,,,,,,,,g,,,true,true,,,active
oflaherty,,,,,,,true,,,,,,,,,,,,,,,,,,https://irishfamilysurnames.com/wp-content/uploads/2021/03/irishfamilysurnameslogo2.jpg,2,O'Flaherty,,,,,,,,,,,,,,,,,,,,,,,active
oflaherty,,,,,,,true,,,,,,,,,,,,,,,,,,https://irishfamilysurnames.com/wp-content/uploads/2021/04/o-connell-B-H-300x375.jpg,3,O'Flaherty,,,,,,,,,,,,,,,,,,,,,,,active
oflaherty,,,,,,,true,,,,,,,,,,,,,,,,,,https://irishfamilysurnames.com/wp-content/uploads/2021/04/o-farrell-B-H-300x375.jpg,4,O'Flaherty,,,,,,,,,,,,,,,,,,,,,,,active
oflaherty,,,,,,,true,,,,,,,,,,,,,,,,,,https://irishfamilysurnames.com/wp-content/uploads/2021/04/o-driscoll-B-H-300x375.jpg,5,O'Flaherty,,,,,,,,,,,,,,,,,,,,,,,active
oflanagan,Family name History & Crest Plaques - O'Flanagan,"<p>Learn the full history of your family with a Family History or a Crest/History Combination.</p><p>Family History Standard : 16 x 20 cm | 6 x 8 inches. €9.90</p><p>Family History Large : 20 x 26 cm | 8 x 10 inches. €12.50</p><p>Family Combination (History &amp;amp;amp; Crest) : 26 x 20 cm | 10 x 8 inches.€14.95</p><p>Family Histories and Family Combinations are supplied mounted and ready to frame.<br/>FREE WORLDWIDE POSTAGE</p>",Irish Family Surnames,,General,"Heraldic Irish Family Names, Gifts under €25, Surname O",true,Title,Default Title,,,,,3708,0,shopify,20,deny,manual,12.45,,true,true,,https://irishfamilysurnames.com/wp-content/uploads/2021/04/o-flanagan-B-H.jpg,1,O'Flanagan,false,Family name History & Crest Plaques - O'Flanagan,Learn the full history of your family with a Family History or a Crest/History Combination. Family History Standard : 16 x 20 cm | 6 x 8 inches. €9.90 Family History Large : 20 x 26 cm | 8 x 10 inches. €12.50 Family Combination (History &amp; Crest) : 26 x 20 cm | 10 x 8 inches.€14.95 Family Histories and Family Combin,,,,,,,,,,,,,g,,,true,true,,,active
oflanagan,,,,,,,true,,,,,,,,,,,,,,,,,,https://irishfamilysurnames.com/wp-content/uploads/2021/03/irishfamilysurnameslogo2.jpg,2,O'Flanagan,,,,,,,,,,,,,,,,,,,,,,,active
oflanagan,,,,,,,true,,,,,,,,,,,,,,,,,,https://irishfamilysurnames.com/wp-content/uploads/2021/04/o-laughlin-B-H-300x375.jpg,3,O'Flanagan,,,,,,,,,,,,,,,,,,,,,,,active
oflanagan,,,,,,,true,,,,,,,,,,,,,,,,,,https://irishfamilysurnames.com/wp-content/uploads/2021/04/o-byrne-B-H-300x375.jpg,4,O'Flanagan,,,,,,,,,,,,,,,,,,,,,,,active
oflanagan,,,,,,,true,,,,,,,,,,,,,,,,,,https://irishfamilysurnames.com/wp-content/uploads/2021/04/o-connell-B-H-300x375.jpg,5,O'Flanagan,,,,,,,,,,,,,,,,,,,,,,,active
oflynn,Family name History & Crest Plaques - O'Flynn,"<p>Learn the full history of your family with a Family History or a Crest/History Combination.</p><p>Family History Standard : 16 x 20 cm | 6 x 8 inches. €9.90</p><p>Family History Large : 20 x 26 cm | 8 x 10 inches. €12.50</p><p>Family Combination (History &amp;amp;amp; Crest) : 26 x 20 cm | 10 x 8 inches.€14.95</p><p>Family Histories and Family Combinations are supplied mounted and ready to frame.<br/>FREE WORLDWIDE POSTAGE</p>",Irish Family Surnames,,General,"Heraldic Irish Family Names, Gifts under €25, Surname O",true,Title,Default Title,,,,,3719,0,shopify,20,deny,manual,12.45,,true,true,,https://irishfamilysurnames.com/wp-content/uploads/2021/04/o-flynn-B-H.jpg,1,O'Flynn,false,Family name History & Crest Plaques - O'Flynn,Learn the full history of your family with a Family History or a Crest/History Combination. Family History Standard : 16 x 20 cm | 6 x 8 inches. €9.90 Family History Large : 20 x 26 cm | 8 x 10 inches. €12.50 Family Combination (History &amp; Crest) : 26 x 20 cm | 10 x 8 inches.€14.95 Family Histories and Family Combin,,,,,,,,,,,,,g,,,true,true,,,active
oflynn,,,,,,,true,,,,,,,,,,,,,,,,,,https://irishfamilysurnames.com/wp-content/uploads/2021/03/irishfamilysurnameslogo2.jpg,2,O'Flynn,,,,,,,,,,,,,,,,,,,,,,,active
oflynn,,,,,,,true,,,,,,,,,,,,,,,,,,https://irishfamilysurnames.com/wp-content/uploads/2021/04/o-carroll-B-H-300x375.jpg,3,O'Flynn,,,,,,,,,,,,,,,,,,,,,,,active
oflynn,,,,,,,true,,,,,,,,,,,,,,,,,,https://irishfamilysurnames.com/wp-content/uploads/2021/04/o-hagan-B-H-300x375.jpg,4,O'Flynn,,,,,,,,,,,,,,,,,,,,,,,active
oflynn,,,,,,,true,,,,,,,,,,,,,,,,,,https://irishfamilysurnames.com/wp-content/uploads/2021/04/o-farrell-B-H-300x375.jpg,5,O'Flynn,,,,,,,,,,,,,,,,,,,,,,,active
ogorman,Family name History & Crest Plaques - O'Gorman,"<p>Learn the full history of your family with a Family History or a Crest/History Combination.</p><p>Family History Standard : 16 x 20 cm | 6 x 8 inches. €9.90</p><p>Family History Large : 20 x 26 cm | 8 x 10 inches. €12.50</p><p>Family Combination (History &amp;amp;amp; Crest) : 26 x 20 cm | 10 x 8 inches.€14.95</p><p>Family Histories and Family Combinations are supplied mounted and ready to frame.<br/>FREE WORLDWIDE POSTAGE</p>",Irish Family Surnames,,General,"Heraldic Irish Family Names, Gifts under €25, Surname O",true,Title,Default Title,,,,,3730,0,shopify,20,deny,manual,12.45,,true,true,,https://irishfamilysurnames.com/wp-content/uploads/2021/04/o-gorman-B-H.jpg,1,O'Gorman,false,Family name History & Crest Plaques - O'Gorman,Learn the full history of your family with a Family History or a Crest/History Combination. Family History Standard : 16 x 20 cm | 6 x 8 inches. €9.90 Family History Large : 20 x 26 cm | 8 x 10 inches. €12.50 Family Combination (History &amp; Crest) : 26 x 20 cm | 10 x 8 inches.€14.95 Family Histories and Family Combin,,,,,,,,,,,,,g,,,true,true,,,active
ogorman,,,,,,,true,,,,,,,,,,,,,,,,,,https://irishfamilysurnames.com/wp-content/uploads/2021/03/irishfamilysurnameslogo2.jpg,2,O'Gorman,,,,,,,,,,,,,,,,,,,,,,,active
ogorman,,,,,,,true,,,,,,,,,,,,,,,,,,https://irishfamilysurnames.com/wp-content/uploads/2021/04/o-connor-B-H-300x375.jpg,3,O'Gorman,,,,,,,,,,,,,,,,,,,,,,,active
ogorman,,,,,,,true,,,,,,,,,,,,,,,,,,https://irishfamilysurnames.com/wp-content/uploads/2021/04/o-dougherty-B-H-300x375.jpg,4,O'Gorman,,,,,,,,,,,,,,,,,,,,,,,active
ogorman,,,,,,,true,,,,,,,,,,,,,,,,,,https://irishfamilysurnames.com/wp-content/uploads/2021/04/o-duffy-B-H-300x375.jpg,5,O'Gorman,,,,,,,,,,,,,,,,,,,,,,,active
ogrady,Family name History & Crest Plaques - O'Grady,"<p>Learn the full history of your family with a Family History or a Crest/History Combination.</p><p>Family History Standard : 16 x 20 cm | 6 x 8 inches. €9.90</p><p>Family History Large : 20 x 26 cm | 8 x 10 inches. €12.50</p><p>Family Combination (History &amp;amp;amp; Crest) : 26 x 20 cm | 10 x 8 inches.€14.95</p><p>Family Histories and Family Combinations are supplied mounted and ready to frame.<br/>FREE WORLDWIDE POSTAGE</p>",Irish Family Surnames,,General,"Heraldic Irish Family Names, Gifts under €25, Surname O",true,Title,Default Title,,,,,3741,0,shopify,20,deny,manual,12.45,,true,true,,https://irishfamilysurnames.com/wp-content/uploads/2021/04/o-grady-B-H.jpg,1,O'Grady,false,Family name History & Crest Plaques - O'Grady,Learn the full history of your family with a Family History or a Crest/History Combination. Family History Standard : 16 x 20 cm | 6 x 8 inches. €9.90 Family History Large : 20 x 26 cm | 8 x 10 inches. €12.50 Family Combination (History &amp; Crest) : 26 x 20 cm | 10 x 8 inches.€14.95 Family Histories and Family Combin,,,,,,,,,,,,,g,,,true,true,,,active
ogrady,,,,,,,true,,,,,,,,,,,,,,,,,,https://irishfamilysurnames.com/wp-content/uploads/2021/03/irishfamilysurnameslogo2.jpg,2,O'Grady,,,,,,,,,,,,,,,,,,,,,,,active
ogrady,,,,,,,true,,,,,,,,,,,,,,,,,,https://irishfamilysurnames.com/wp-content/uploads/2021/04/o-brien-B-H-300x375.jpg,3,O'Grady,,,,,,,,,,,,,,,,,,,,,,,active
ogrady,,,,,,,true,,,,,,,,,,,,,,,,,,https://irishfamilysurnames.com/wp-content/uploads/2021/04/o-duffy-B-H-300x375.jpg,4,O'Grady,,,,,,,,,,,,,,,,,,,,,,,active
ogrady,,,,,,,true,,,,,,,,,,,,,,,,,,https://irishfamilysurnames.com/wp-content/uploads/2021/04/ohanlon-B-H-300x375.jpg,5,O'Grady,,,,,,,,,,,,,,,,,,,,,,,active
ohalloran,Family name History & Crest Plaques - O'Halloran,"<p>Learn the full history of your family with a Family History or a Crest/History Combination.</p><p>Family History Standard : 16 x 20 cm | 6 x 8 inches. €9.90</p><p>Family History Large : 20 x 26 cm | 8 x 10 inches. €12.50</p><p>Family Combination (History &amp;amp;amp; Crest) : 26 x 20 cm | 10 x 8 inches.€14.95</p><p>Family Histories and Family Combinations are supplied mounted and ready to frame.<br/>FREE WORLDWIDE POSTAGE</p>",Irish Family Surnames,,General,"Heraldic Irish Family Names, Gifts under €25, Surname O",true,Title,Default Title,,,,,3763,0,shopify,20,deny,manual,12.45,,true,true,,https://irishfamilysurnames.com/wp-content/uploads/2021/04/o-halloran-B-H.jpg,1,O'Halloran,false,Family name History & Crest Plaques - O'Halloran,Learn the full history of your family with a Family History or a Crest/History Combination. Family History Standard : 16 x 20 cm | 6 x 8 inches. €9.90 Family History Large : 20 x 26 cm | 8 x 10 inches. €12.50 Family Combination (History &amp; Crest) : 26 x 20 cm | 10 x 8 inches.€14.95 Family Histories and Family Combin,,,,,,,,,,,,,g,,,true,true,,,active
ohalloran,,,,,,,true,,,,,,,,,,,,,,,,,,https://irishfamilysurnames.com/wp-content/uploads/2021/03/irishfamilysurnameslogo2.jpg,2,O'Halloran,,,,,,,,,,,,,,,,,,,,,,,active
ohalloran,,,,,,,true,,,,,,,,,,,,,,,,,,https://irishfamilysurnames.com/wp-content/uploads/2021/04/o-hart-B-H-300x375.jpg,3,O'Halloran,,,,,,,,,,,,,,,,,,,,,,,active
ohalloran,,,,,,,true,,,,,,,,,,,,,,,,,,https://irishfamilysurnames.com/wp-content/uploads/2021/04/o-farrell-B-H-300x375.jpg,4,O'Halloran,,,,,,,,,,,,,,,,,,,,,,,active
ohalloran,,,,,,,true,,,,,,,,,,,,,,,,,,https://irishfamilysurnames.com/wp-content/uploads/2021/04/o-flanagan-B-H-300x375.jpg,5,O'Halloran,,,,,,,,,,,,,,,,,,,,,,,active
ohara,Family name History & Crest Plaques - O'Hara,"<p>Learn the full history of your family with a Family History or a Crest/History Combination.</p><p>Family History Standard : 16 x 20 cm | 6 x 8 inches. €9.90</p><p>Family History Large : 20 x 26 cm | 8 x 10 inches. €12.50</p><p>Family Combination (History &amp;amp;amp; Crest) : 26 x 20 cm | 10 x 8 inches.€14.95</p><p>Family Histories and Family Combinations are supplied mounted and ready to frame.<br/>FREE WORLDWIDE POSTAGE</p>",Irish Family Surnames,,General,"Heraldic Irish Family Names, Gifts under €25, Surname O",true,Title,Default Title,,,,,3784,0,shopify,20,deny,manual,12.45,,true,true,,https://irishfamilysurnames.com/wp-content/uploads/2021/04/o-hara-B-H.jpg,1,O'Hara,false,Family name History & Crest Plaques - O'Hara,Learn the full history of your family with a Family History or a Crest/History Combination. Family History Standard : 16 x 20 cm | 6 x 8 inches. €9.90 Family History Large : 20 x 26 cm | 8 x 10 inches. €12.50 Family Combination (History &amp; Crest) : 26 x 20 cm | 10 x 8 inches.€14.95 Family Histories and Family Combin,,,,,,,,,,,,,g,,,true,true,,,active
ohara,,,,,,,true,,,,,,,,,,,,,,,,,,https://irishfamilysurnames.com/wp-content/uploads/2021/03/irishfamilysurnameslogo2.jpg,2,O'Hara,,,,,,,,,,,,,,,,,,,,,,,active
ohara,,,,,,,true,,,,,,,,,,,,,,,,,,https://irishfamilysurnames.com/wp-content/uploads/2021/04/o-carroll-B-H-300x375.jpg,3,O'Hara,,,,,,,,,,,,,,,,,,,,,,,active
ohara,,,,,,,true,,,,,,,,,,,,,,,,,,https://irishfamilysurnames.com/wp-content/uploads/2021/04/o-higgins-B-H-300x375.jpg,4,O'Hara,,,,,,,,,,,,,,,,,,,,,,,active
ohara,,,,,,,true,,,,,,,,,,,,,,,,,,https://irishfamilysurnames.com/wp-content/uploads/2021/04/o-brien-B-H-300x375.jpg,5,O'Hara,,,,,,,,,,,,,,,,,,,,,,,active
ohart,Family name History & Crest Plaques - O'Hart,"<p>Learn the full history of your family with a Family History or a Crest/History Combination.</p><p>Family History Standard : 16 x 20 cm | 6 x 8 inches. €9.90</p><p>Family History Large : 20 x 26 cm | 8 x 10 inches. €12.50</p><p>Family Combination (History &amp;amp;amp; Crest) : 26 x 20 cm | 10 x 8 inches.€14.95</p><p>Family Histories and Family Combinations are supplied mounted and ready to frame.<br/>FREE WORLDWIDE POSTAGE</p>",Irish Family Surnames,,General,"Heraldic Irish Family Names, Gifts under €25, Surname O",true,Title,Default Title,,,,,3796,0,shopify,20,deny,manual,12.45,,true,true,,https://irishfamilysurnames.com/wp-content/uploads/2021/04/o-hart-B-H.jpg,1,O'Hart,false,Family name History & Crest Plaques - O'Hart,Learn the full history of your family with a Family History or a Crest/History Combination. Family History Standard : 16 x 20 cm | 6 x 8 inches. €9.90 Family History Large : 20 x 26 cm | 8 x 10 inches. €12.50 Family Combination (History &amp; Crest) : 26 x 20 cm | 10 x 8 inches.€14.95 Family Histories and Family Combin,,,,,,,,,,,,,g,,,true,true,,,active
ohart,,,,,,,true,,,,,,,,,,,,,,,,,,https://irishfamilysurnames.com/wp-content/uploads/2021/03/irishfamilysurnameslogo2.jpg,2,O'Hart,,,,,,,,,,,,,,,,,,,,,,,active
ohart,,,,,,,true,,,,,,,,,,,,,,,,,,https://irishfamilysurnames.com/wp-content/uploads/2021/04/o-donoghoe-B-H-300x375.jpg,3,O'Hart,,,,,,,,,,,,,,,,,,,,,,,active
ohart,,,,,,,true,,,,,,,,,,,,,,,,,,https://irishfamilysurnames.com/wp-content/uploads/2021/04/o-keefe-B-H-300x375.jpg,4,O'Hart,,,,,,,,,,,,,,,,,,,,,,,active
ohart,,,,,,,true,,,,,,,,,,,,,,,,,,https://irishfamilysurnames.com/wp-content/uploads/2021/04/o-kelly-B-H-300x375.jpg,5,O'Hart,,,,,,,,,,,,,,,,,,,,,,,active
ohiggins,Family name History & Crest Plaques - O'Higgins,"<p>Learn the full history of your family with a Family History or a Crest/History Combination.</p><p>Family History Standard : 16 x 20 cm | 6 x 8 inches. €9.90</p><p>Family History Large : 20 x 26 cm | 8 x 10 inches. €12.50</p><p>Family Combination (History &amp;amp;amp; Crest) : 26 x 20 cm | 10 x 8 inches.€14.95</p><p>Family Histories and Family Combinations are supplied mounted and ready to frame.<br/>FREE WORLDWIDE POSTAGE</p>",Irish Family Surnames,,General,"Heraldic Irish Family Names, Gifts under €25, Surname O",true,Title,Default Title,,,,,3807,0,shopify,20,deny,manual,12.45,,true,true,,https://irishfamilysurnames.com/wp-content/uploads/2021/04/o-higgins-B-H.jpg,1,O'Higgins,false,Family name History & Crest Plaques - O'Higgins,Learn the full history of your family with a Family History or a Crest/History Combination. Family History Standard : 16 x 20 cm | 6 x 8 inches. €9.90 Family History Large : 20 x 26 cm | 8 x 10 inches. €12.50 Family Combination (History &amp; Crest) : 26 x 20 cm | 10 x 8 inches.€14.95 Family Histories and Family Combin,,,,,,,,,,,,,g,,,true,true,,,active
ohiggins,,,,,,,true,,,,,,,,,,,,,,,,,,https://irishfamilysurnames.com/wp-content/uploads/2021/03/irishfamilysurnameslogo2.jpg,2,O'Higgins,,,,,,,,,,,,,,,,,,,,,,,active
ohiggins,,,,,,,true,,,,,,,,,,,,,,,,,,https://irishfamilysurnames.com/wp-content/uploads/2021/04/o-byrne-B-H-300x375.jpg,3,O'Higgins,,,,,,,,,,,,,,,,,,,,,,,active
ohiggins,,,,,,,true,,,,,,,,,,,,,,,,,,https://irishfamilysurnames.com/wp-content/uploads/2021/04/o-gorman-B-H-300x375.jpg,4,O'Higgins,,,,,,,,,,,,,,,,,,,,,,,active
ohiggins,,,,,,,true,,,,,,,,,,,,,,,,,,https://irishfamilysurnames.com/wp-content/uploads/2021/04/odonohoe-B-H-300x375.jpg,5,O'Higgins,,,,,,,,,,,,,,,,,,,,,,,active
okeefe,Family name History & Crest Plaques - O'Keefe,"<p>Learn the full history of your family with a Family History or a Crest/History Combination.</p><p>Family History Standard : 16 x 20 cm | 6 x 8 inches. €9.90</p><p>Family History Large : 20 x 26 cm | 8 x 10 inches. €12.50</p><p>Family Combination (History &amp;amp;amp; Crest) : 26 x 20 cm | 10 x 8 inches.€14.95</p><p>Family Histories and Family Combinations are supplied mounted and ready to frame.<br/>FREE WORLDWIDE POSTAGE</p>",Irish Family Surnames,,General,"Heraldic Irish Family Names, Gifts under €25, Surname O",true,Title,Default Title,,,,,3818,0,shopify,20,deny,manual,12.45,,true,true,,https://irishfamilysurnames.com/wp-content/uploads/2021/04/o-keefe-B-H.jpg,1,O'Keefe,false,Family name History & Crest Plaques - O'Keefe,Learn the full history of your family with a Family History or a Crest/History Combination. Family History Standard : 16 x 20 cm | 6 x 8 inches. €9.90 Family History Large : 20 x 26 cm | 8 x 10 inches. €12.50 Family Combination (History &amp; Crest) : 26 x 20 cm | 10 x 8 inches.€14.95 Family Histories and Family Combin,,,,,,,,,,,,,g,,,true,true,,,active
okeefe,,,,,,,true,,,,,,,,,,,,,,,,,,https://irishfamilysurnames.com/wp-content/uploads/2021/03/irishfamilysurnameslogo2.jpg,2,O'Keefe,,,,,,,,,,,,,,,,,,,,,,,active
okeefe,,,,,,,true,,,,,,,,,,,,,,,,,,https://irishfamilysurnames.com/wp-content/uploads/2021/04/o-callaghan-B-H-300x375.jpg,3,O'Keefe,,,,,,,,,,,,,,,,,,,,,,,active
okeefe,,,,,,,true,,,,,,,,,,,,,,,,,,https://irishfamilysurnames.com/wp-content/uploads/2021/04/o-keeffe-B-H-300x375.jpg,4,O'Keefe,,,,,,,,,,,,,,,,,,,,,,,active
okeefe,,,,,,,true,,,,,,,,,,,,,,,,,,https://irishfamilysurnames.com/wp-content/uploads/2021/04/o-laughlin-B-H-300x375.jpg,5,O'Keefe,,,,,,,,,,,,,,,,,,,,,,,active
okeeffe,Family name History & Crest Plaques - O'Keeffe,"<p>Learn the full history of your family with a Family History or a Crest/History Combination.</p><p>Family History Standard : 16 x 20 cm | 6 x 8 inches. €9.90</p><p>Family History Large : 20 x 26 cm | 8 x 10 inches. €12.50</p><p>Family Combination (History &amp;amp;amp; Crest) : 26 x 20 cm | 10 x 8 inches.€14.95</p><p>Family Histories and Family Combinations are supplied mounted and ready to frame.<br/>FREE WORLDWIDE POSTAGE</p>",Irish Family Surnames,,General,"Heraldic Irish Family Names, Gifts under €25, Surname O",true,Title,Default Title,,,,,3829,0,shopify,20,deny,manual,12.45,,true,true,,https://irishfamilysurnames.com/wp-content/uploads/2021/04/o-keeffe-B-H.jpg,1,O'Keeffe,false,Family name History & Crest Plaques - O'Keeffe,Learn the full history of your family with a Family History or a Crest/History Combination. Family History Standard : 16 x 20 cm | 6 x 8 inches. €9.90 Family History Large : 20 x 26 cm | 8 x 10 inches. €12.50 Family Combination (History &amp; Crest) : 26 x 20 cm | 10 x 8 inches.€14.95 Family Histories and Family Combin,,,,,,,,,,,,,g,,,true,true,,,active
okeeffe,,,,,,,true,,,,,,,,,,,,,,,,,,https://irishfamilysurnames.com/wp-content/uploads/2021/03/irishfamilysurnameslogo2.jpg,2,O'Keeffe,,,,,,,,,,,,,,,,,,,,,,,active
okeeffe,,,,,,,true,,,,,,,,,,,,,,,,,,https://irishfamilysurnames.com/wp-content/uploads/2021/04/o-dwyer-B-H-300x375.jpg,3,O'Keeffe,,,,,,,,,,,,,,,,,,,,,,,active
okeeffe,,,,,,,true,,,,,,,,,,,,,,,,,,https://irishfamilysurnames.com/wp-content/uploads/2021/04/o-connor-B-H-300x375.jpg,4,O'Keeffe,,,,,,,,,,,,,,,,,,,,,,,active
okeeffe,,,,,,,true,,,,,,,,,,,,,,,,,,https://irishfamilysurnames.com/wp-content/uploads/2021/04/o-keefe-B-H-300x375.jpg,5,O'Keeffe,,,,,,,,,,,,,,,,,,,,,,,active
okelly,Family name History & Crest Plaques - O'Kelly,"<p>Learn the full history of your family with a Family History or a Crest/History Combination.</p><p>Family History Standard : 16 x 20 cm | 6 x 8 inches. €9.90</p><p>Family History Large : 20 x 26 cm | 8 x 10 inches. €12.50</p><p>Family Combination (History &amp;amp;amp; Crest) : 26 x 20 cm | 10 x 8 inches.€14.95</p><p>Family Histories and Family Combinations are supplied mounted and ready to frame.<br/>FREE WORLDWIDE POSTAGE</p>",Irish Family Surnames,,General,"Heraldic Irish Family Names, Gifts under €25, Surname O",true,Title,Default Title,,,,,3841,0,shopify,20,deny,manual,12.45,,true,true,,https://irishfamilysurnames.com/wp-content/uploads/2021/04/o-kelly-B-H.jpg,1,O'Kelly,false,Family name History & Crest Plaques - O'Kelly,Learn the full history of your family with a Family History or a Crest/History Combination. Family History Standard : 16 x 20 cm | 6 x 8 inches. €9.90 Family History Large : 20 x 26 cm | 8 x 10 inches. €12.50 Family Combination (History &amp; Crest) : 26 x 20 cm | 10 x 8 inches.€14.95 Family Histories and Family Combin,,,,,,,,,,,,,g,,,true,true,,,active
okelly,,,,,,,true,,,,,,,,,,,,,,,,,,https://irishfamilysurnames.com/wp-content/uploads/2021/03/irishfamilysurnameslogo2.jpg,2,O'Kelly,,,,,,,,,,,,,,,,,,,,,,,active
okelly,,,,,,,true,,,,,,,,,,,,,,,,,,https://irishfamilysurnames.com/wp-content/uploads/2021/04/o-callaghan-B-H-300x375.jpg,3,O'Kelly,,,,,,,,,,,,,,,,,,,,,,,active
okelly,,,,,,,true,,,,,,,,,,,,,,,,,,https://irishfamilysurnames.com/wp-content/uploads/2021/04/o-dougherty-B-H-300x375.jpg,4,O'Kelly,,,,,,,,,,,,,,,,,,,,,,,active
okelly,,,,,,,true,,,,,,,,,,,,,,,,,,https://irishfamilysurnames.com/wp-content/uploads/2021/04/o-flynn-B-H-300x375.jpg,5,O'Kelly,,,,,,,,,,,,,,,,,,,,,,,active
olaughlin,Family name History & Crest Plaques - O'Laughlin,"<p>Learn the full history of your family with a Family History or a Crest/History Combination.</p><p>Family History Standard : 16 x 20 cm | 6 x 8 inches. €9.90</p><p>Family History Large : 20 x 26 cm | 8 x 10 inches. €12.50</p><p>Family Combination (History &amp;amp;amp; Crest) : 26 x 20 cm | 10 x 8 inches.€14.95</p><p>Family Histories and Family Combinations are supplied mounted and ready to frame.<br/>FREE WORLDWIDE POSTAGE</p>",Irish Family Surnames,,General,"Heraldic Irish Family Names, Gifts under €25, Surname O",true,Title,Default Title,,,,,3852,0,shopify,20,deny,manual,12.45,,true,true,,https://irishfamilysurnames.com/wp-content/uploads/2021/04/o-laughlin-B-H.jpg,1,O'Laughlin,false,Family name History & Crest Plaques - O'Laughlin,Learn the full history of your family with a Family History or a Crest/History Combination. Family History Standard : 16 x 20 cm | 6 x 8 inches. €9.90 Family History Large : 20 x 26 cm | 8 x 10 inches. €12.50 Family Combination (History &amp; Crest) : 26 x 20 cm | 10 x 8 inches.€14.95 Family Histories and Family Combin,,,,,,,,,,,,,g,,,true,true,,,active
olaughlin,,,,,,,true,,,,,,,,,,,,,,,,,,https://irishfamilysurnames.com/wp-content/uploads/2021/03/irishfamilysurnameslogo2.jpg,2,O'Laughlin,,,,,,,,,,,,,,,,,,,,,,,active
olaughlin,,,,,,,true,,,,,,,,,,,,,,,,,,https://irishfamilysurnames.com/wp-content/uploads/2021/04/o-flynn-B-H-300x375.jpg,3,O'Laughlin,,,,,,,,,,,,,,,,,,,,,,,active
olaughlin,,,,,,,true,,,,,,,,,,,,,,,,,,https://irishfamilysurnames.com/wp-content/uploads/2021/04/ohanlon-B-H-300x375.jpg,4,O'Laughlin,,,,,,,,,,,,,,,,,,,,,,,active
olaughlin,,,,,,,true,,,,,,,,,,,,,,,,,,https://irishfamilysurnames.com/wp-content/uploads/2021/04/o-farrell-B-H-300x375.jpg,5,O'Laughlin,,,,,,,,,,,,,,,,,,,,,,,active
oleary,Family name History & Crest Plaques - O'Leary,"<p>Learn the full history of your family with a Family History or a Crest/History Combination.</p><p>Family History Standard : 16 x 20 cm | 6 x 8 inches. €9.90</p><p>Family History Large : 20 x 26 cm | 8 x 10 inches. €12.50</p><p>Family Combination (History &amp;amp;amp; Crest) : 26 x 20 cm | 10 x 8 inches.€14.95</p><p>Family Histories and Family Combinations are supplied mounted and ready to frame.<br/>FREE WORLDWIDE POSTAGE</p>",Irish Family Surnames,,General,"Heraldic Irish Family Names, Gifts under €25, Surname O",true,Title,Default Title,,,,,3863,0,shopify,20,deny,manual,12.45,,true,true,,https://irishfamilysurnames.com/wp-content/uploads/2021/04/o-leary-B-H.jpg,1,O'Leary,false,Family name History & Crest Plaques - O'Leary,Learn the full history of your family with a Family History or a Crest/History Combination. Family History Standard : 16 x 20 cm | 6 x 8 inches. €9.90 Family History Large : 20 x 26 cm | 8 x 10 inches. €12.50 Family Combination (History &amp; Crest) : 26 x 20 cm | 10 x 8 inches.€14.95 Family Histories and Family Combin,,,,,,,,,,,,,g,,,true,true,,,active
oleary,,,,,,,true,,,,,,,,,,,,,,,,,,https://irishfamilysurnames.com/wp-content/uploads/2021/03/irishfamilysurnameslogo2.jpg,2,O'Leary,,,,,,,,,,,,,,,,,,,,,,,active
oleary,,,,,,,true,,,,,,,,,,,,,,,,,,https://irishfamilysurnames.com/wp-content/uploads/2021/04/o-daugherty-B-H-300x375.jpg,3,O'Leary,,,,,,,,,,,,,,,,,,,,,,,active
oleary,,,,,,,true,,,,,,,,,,,,,,,,,,https://irishfamilysurnames.com/wp-content/uploads/2021/04/o-kelly-B-H-300x375.jpg,4,O'Leary,,,,,,,,,,,,,,,,,,,,,,,active
oleary,,,,,,,true,,,,,,,,,,,,,,,,,,https://irishfamilysurnames.com/wp-content/uploads/2021/04/o-hara-B-H-300x375.jpg,5,O'Leary,,,,,,,,,,,,,,,,,,,,,,,active
oloughlin,Family name History & Crest Plaques - O'Loughlin,"<p>Learn the full history of your family with a Family History or a Crest/History Combination.</p><p>Family History Standard : 16 x 20 cm | 6 x 8 inches. €9.90</p><p>Family History Large : 20 x 26 cm | 8 x 10 inches. €12.50</p><p>Family Combination (History &amp;amp;amp; Crest) : 26 x 20 cm | 10 x 8 inches.€14.95</p><p>Family Histories and Family Combinations are supplied mounted and ready to frame.<br/>FREE WORLDWIDE POSTAGE</p>",Irish Family Surnames,,General,"Heraldic Irish Family Names, Gifts under €25, Surname O",true,Title,Default Title,,,,,3875,0,shopify,20,deny,manual,12.45,,true,true,,https://irishfamilysurnames.com/wp-content/uploads/2021/04/o-loughlin-B-H.jpg,1,O'Loughlin,false,Family name History & Crest Plaques - O'Loughlin,Learn the full history of your family with a Family History or a Crest/History Combination. Family History Standard : 16 x 20 cm | 6 x 8 inches. €9.90 Family History Large : 20 x 26 cm | 8 x 10 inches. €12.50 Family Combination (History &amp; Crest) : 26 x 20 cm | 10 x 8 inches.€14.95 Family Histories and Family Combin,,,,,,,,,,,,,g,,,true,true,,,active
oloughlin,,,,,,,true,,,,,,,,,,,,,,,,,,https://irishfamilysurnames.com/wp-content/uploads/2021/03/irishfamilysurnameslogo2.jpg,2,O'Loughlin,,,,,,,,,,,,,,,,,,,,,,,active
oloughlin,,,,,,,true,,,,,,,,,,,,,,,,,,https://irishfamilysurnames.com/wp-content/uploads/2021/04/o-keeffe-B-H-300x375.jpg,3,O'Loughlin,,,,,,,,,,,,,,,,,,,,,,,active
oloughlin,,,,,,,true,,,,,,,,,,,,,,,,,,https://irishfamilysurnames.com/wp-content/uploads/2021/04/o-flanagan-B-H-300x375.jpg,4,O'Loughlin,,,,,,,,,,,,,,,,,,,,,,,active
oloughlin,,,,,,,true,,,,,,,,,,,,,,,,,,https://irishfamilysurnames.com/wp-content/uploads/2021/04/o-driscoll-B-H-300x375.jpg,5,O'Loughlin,,,,,,,,,,,,,,,,,,,,,,,active
omahoney,Family name History & Crest Plaques - O'Mahoney,"<p>Learn the full history of your family with a Family History or a Crest/History Combination.</p><p>Family History Standard : 16 x 20 cm | 6 x 8 inches. €9.90</p><p>Family History Large : 20 x 26 cm | 8 x 10 inches. €12.50</p><p>Family Combination (History &amp;amp;amp; Crest) : 26 x 20 cm | 10 x 8 inches.€14.95</p><p>Family Histories and Family Combinations are supplied mounted and ready to frame.<br/>FREE WORLDWIDE POSTAGE</p>",Irish Family Surnames,,General,"Heraldic Irish Family Names, Gifts under €25, Surname O",true,Title,Default Title,,,,,3887,0,shopify,20,deny,manual,12.45,,true,true,,https://irishfamilysurnames.com/wp-content/uploads/2021/04/o-mahoney-B-H.jpg,1,O'Mahoney,false,Family name History & Crest Plaques - O'Mahoney,Learn the full history of your family with a Family History or a Crest/History Combination. Family History Standard : 16 x 20 cm | 6 x 8 inches. €9.90 Family History Large : 20 x 26 cm | 8 x 10 inches. €12.50 Family Combination (History &amp; Crest) : 26 x 20 cm | 10 x 8 inches.€14.95 Family Histories and Family Combin,,,,,,,,,,,,,g,,,true,true,,,active
omahoney,,,,,,,true,,,,,,,,,,,,,,,,,,https://irishfamilysurnames.com/wp-content/uploads/2021/03/irishfamilysurnameslogo2.jpg,2,O'Mahoney,,,,,,,,,,,,,,,,,,,,,,,active
omahoney,,,,,,,true,,,,,,,,,,,,,,,,,,https://irishfamilysurnames.com/wp-content/uploads/2021/04/o-flynn-B-H-300x375.jpg,3,O'Mahoney,,,,,,,,,,,,,,,,,,,,,,,active
omahoney,,,,,,,true,,,,,,,,,,,,,,,,,,https://irishfamilysurnames.com/wp-content/uploads/2021/04/o-driscoll-B-H-300x375.jpg,4,O'Mahoney,,,,,,,,,,,,,,,,,,,,,,,active
omahoney,,,,,,,true,,,,,,,,,,,,,,,,,,https://irishfamilysurnames.com/wp-content/uploads/2021/04/o-higgins-B-H-300x375.jpg,5,O'Mahoney,,,,,,,,,,,,,,,,,,,,,,,active
omahony,Family name History & Crest Plaques - O'Mahony,"<p>Learn the full history of your family with a Family History or a Crest/History Combination.</p><p>Family History Standard : 16 x 20 cm | 6 x 8 inches. €9.90</p><p>Family History Large : 20 x 26 cm | 8 x 10 inches. €12.50</p><p>Family Combination (History &amp;amp;amp; Crest) : 26 x 20 cm | 10 x 8 inches.€14.95</p><p>Family Histories and Family Combinations are supplied mounted and ready to frame.<br/>FREE WORLDWIDE POSTAGE</p>",Irish Family Surnames,,General,"Heraldic Irish Family Names, Gifts under €25, Surname O",true,Title,Default Title,,,,,3898,0,shopify,20,deny,manual,12.45,,true,true,,https://irishfamilysurnames.com/wp-content/uploads/2021/04/o-mahony-B-H.jpg,1,O'Mahony,false,Family name History & Crest Plaques - O'Mahony,Learn the full history of your family with a Family History or a Crest/History Combination. Family History Standard : 16 x 20 cm | 6 x 8 inches. €9.90 Family History Large : 20 x 26 cm | 8 x 10 inches. €12.50 Family Combination (History &amp; Crest) : 26 x 20 cm | 10 x 8 inches.€14.95 Family Histories and Family Combin,,,,,,,,,,,,,g,,,true,true,,,active
omahony,,,,,,,true,,,,,,,,,,,,,,,,,,https://irishfamilysurnames.com/wp-content/uploads/2021/03/irishfamilysurnameslogo2.jpg,2,O'Mahony,,,,,,,,,,,,,,,,,,,,,,,active
omahony,,,,,,,true,,,,,,,,,,,,,,,,,,https://irishfamilysurnames.com/wp-content/uploads/2021/04/o-halloran-B-H-300x375.jpg,3,O'Mahony,,,,,,,,,,,,,,,,,,,,,,,active
omahony,,,,,,,true,,,,,,,,,,,,,,,,,,https://irishfamilysurnames.com/wp-content/uploads/2021/04/o-driscoll-B-H-300x375.jpg,4,O'Mahony,,,,,,,,,,,,,,,,,,,,,,,active
omahony,,,,,,,true,,,,,,,,,,,,,,,,,,https://irishfamilysurnames.com/wp-content/uploads/2021/04/o-dwyer-B-H-300x375.jpg,5,O'Mahony,,,,,,,,,,,,,,,,,,,,,,,active
omalley,Family name History & Crest Plaques - O'Malley,"<p>Learn the full history of your family with a Family History or a Crest/History Combination.</p><p>Family History Standard : 16 x 20 cm | 6 x 8 inches. €9.90</p><p>Family History Large : 20 x 26 cm | 8 x 10 inches. €12.50</p><p>Family Combination (History &amp;amp;amp; Crest) : 26 x 20 cm | 10 x 8 inches.€14.95</p><p>Family Histories and Family Combinations are supplied mounted and ready to frame.<br/>FREE WORLDWIDE POSTAGE</p>",Irish Family Surnames,,General,"Heraldic Irish Family Names, Gifts under €25, Surname O",true,Title,Default Title,,,,,3909,0,shopify,20,deny,manual,12.45,,true,true,,https://irishfamilysurnames.com/wp-content/uploads/2021/04/o-malley-B-H.jpg,1,O'Malley,false,Family name History & Crest Plaques - O'Malley,Learn the full history of your family with a Family History or a Crest/History Combination. Family History Standard : 16 x 20 cm | 6 x 8 inches. €9.90 Family History Large : 20 x 26 cm | 8 x 10 inches. €12.50 Family Combination (History &amp; Crest) : 26 x 20 cm | 10 x 8 inches.€14.95 Family Histories and Family Combin,,,,,,,,,,,,,g,,,true,true,,,active
omalley,,,,,,,true,,,,,,,,,,,,,,,,,,https://irishfamilysurnames.com/wp-content/uploads/2021/03/irishfamilysurnameslogo2.jpg,2,O'Malley,,,,,,,,,,,,,,,,,,,,,,,active
omalley,,,,,,,true,,,,,,,,,,,,,,,,,,https://irishfamilysurnames.com/wp-content/uploads/2021/04/o-driscoll-B-H-300x375.jpg,3,O'Malley,,,,,,,,,,,,,,,,,,,,,,,active
omalley,,,,,,,true,,,,,,,,,,,,,,,,,,https://irishfamilysurnames.com/wp-content/uploads/2021/04/o-donoghoe-B-H-300x375.jpg,4,O'Malley,,,,,,,,,,,,,,,,,,,,,,,active
omalley,,,,,,,true,,,,,,,,,,,,,,,,,,https://irishfamilysurnames.com/wp-content/uploads/2021/04/o-connell-B-H-300x375.jpg,5,O'Malley,,,,,,,,,,,,,,,,,,,,,,,active
omara,Family name History & Crest Plaques - O'Mara,"<p>Learn the full history of your family with a Family History or a Crest/History Combination.</p><p>Family History Standard : 16 x 20 cm | 6 x 8 inches. €9.90</p><p>Family History Large : 20 x 26 cm | 8 x 10 inches. €12.50</p><p>Family Combination (History &amp;amp;amp; Crest) : 26 x 20 cm | 10 x 8 inches.€14.95</p><p>Family Histories and Family Combinations are supplied mounted and ready to frame.<br/>FREE WORLDWIDE POSTAGE</p>",Irish Family Surnames,,General,"Heraldic Irish Family Names, Gifts under €25, Surname O",true,Title,Default Title,,,,,3921,0,shopify,20,deny,manual,12.45,,true,true,,https://irishfamilysurnames.com/wp-content/uploads/2021/04/o-mara-B-H.jpg,1,O'Mara,false,Family name History & Crest Plaques - O'Mara,Learn the full history of your family with a Family History or a Crest/History Combination. Family History Standard : 16 x 20 cm | 6 x 8 inches. €9.90 Family History Large : 20 x 26 cm | 8 x 10 inches. €12.50 Family Combination (History &amp; Crest) : 26 x 20 cm | 10 x 8 inches.€14.95 Family Histories and Family Combin,,,,,,,,,,,,,g,,,true,true,,,active
omara,,,,,,,true,,,,,,,,,,,,,,,,,,https://irishfamilysurnames.com/wp-content/uploads/2021/03/irishfamilysurnameslogo2.jpg,2,O'Mara,,,,,,,,,,,,,,,,,,,,,,,active
omara,,,,,,,true,,,,,,,,,,,,,,,,,,https://irishfamilysurnames.com/wp-content/uploads/2021/04/o-flanagan-B-H-300x375.jpg,3,O'Mara,,,,,,,,,,,,,,,,,,,,,,,active
omara,,,,,,,true,,,,,,,,,,,,,,,,,,https://irishfamilysurnames.com/wp-content/uploads/2021/04/o-flaherty-B-H-300x375.jpg,4,O'Mara,,,,,,,,,,,,,,,,,,,,,,,active
omara,,,,,,,true,,,,,,,,,,,,,,,,,,https://irishfamilysurnames.com/wp-content/uploads/2021/04/o-duffy-B-H-300x375.jpg,5,O'Mara,,,,,,,,,,,,,,,,,,,,,,,active
omeara,Family name History & Crest Plaques - O'Meara,"<p>Learn the full history of your family with a Family History or a Crest/History Combination.</p><p>Family History Standard : 16 x 20 cm | 6 x 8 inches. €9.90</p><p>Family History Large : 20 x 26 cm | 8 x 10 inches. €12.50</p><p>Family Combination (History &amp;amp;amp; Crest) : 26 x 20 cm | 10 x 8 inches.€14.95</p><p>Family Histories and Family Combinations are supplied mounted and ready to frame.<br/>FREE WORLDWIDE POSTAGE</p>",Irish Family Surnames,,General,"Heraldic Irish Family Names, Gifts under €25, Surname O",true,Title,Default Title,,,,,3932,0,shopify,20,deny,manual,12.45,,true,true,,https://irishfamilysurnames.com/wp-content/uploads/2021/04/o-meara-B-H.jpg,1,O'Meara,false,Family name History & Crest Plaques - O'Meara,Learn the full history of your family with a Family History or a Crest/History Combination. Family History Standard : 16 x 20 cm | 6 x 8 inches. €9.90 Family History Large : 20 x 26 cm | 8 x 10 inches. €12.50 Family Combination (History &amp; Crest) : 26 x 20 cm | 10 x 8 inches.€14.95 Family Histories and Family Combin,,,,,,,,,,,,,g,,,true,true,,,active
omeara,,,,,,,true,,,,,,,,,,,,,,,,,,https://irishfamilysurnames.com/wp-content/uploads/2021/03/irishfamilysurnameslogo2.jpg,2,O'Meara,,,,,,,,,,,,,,,,,,,,,,,active
omeara,,,,,,,true,,,,,,,,,,,,,,,,,,https://irishfamilysurnames.com/wp-content/uploads/2021/04/o-donoghoe-B-H-300x375.jpg,3,O'Meara,,,,,,,,,,,,,,,,,,,,,,,active
omeara,,,,,,,true,,,,,,,,,,,,,,,,,,https://irishfamilysurnames.com/wp-content/uploads/2021/04/o-flanagan-B-H-300x375.jpg,4,O'Meara,,,,,,,,,,,,,,,,,,,,,,,active
omeara,,,,,,,true,,,,,,,,,,,,,,,,,,https://irishfamilysurnames.com/wp-content/uploads/2021/04/o-doherty-B-H-300x375.jpg,5,O'Meara,,,,,,,,,,,,,,,,,,,,,,,active
oreagan,Family name History & Crest Plaques - O'Reagan,"<p>Learn the full history of your family with a Family History or a Crest/History Combination.</p><p>Family History Standard : 16 x 20 cm | 6 x 8 inches. €9.90</p><p>Family History Large : 20 x 26 cm | 8 x 10 inches. €12.50</p><p>Family Combination (History &amp;amp;amp; Crest) : 26 x 20 cm | 10 x 8 inches.€14.95</p><p>Family Histories and Family Combinations are supplied mounted and ready to frame.<br/>FREE WORLDWIDE POSTAGE</p>",Irish Family Surnames,,General,"Heraldic Irish Family Names, Gifts under €25, Surname O",true,Title,Default Title,,,,,3964,0,shopify,20,deny,manual,12.45,,true,true,,https://irishfamilysurnames.com/wp-content/uploads/2021/04/o-reagan-B-H.jpg,1,O'Reagan,false,Family name History & Crest Plaques - O'Reagan,Learn the full history of your family with a Family History or a Crest/History Combination. Family History Standard : 16 x 20 cm | 6 x 8 inches. €9.90 Family History Large : 20 x 26 cm | 8 x 10 inches. €12.50 Family Combination (History &amp; Crest) : 26 x 20 cm | 10 x 8 inches.€14.95 Family Histories and Family Combin,,,,,,,,,,,,,g,,,true,true,,,active
oreagan,,,,,,,true,,,,,,,,,,,,,,,,,,https://irishfamilysurnames.com/wp-content/uploads/2021/03/irishfamilysurnameslogo2.jpg,2,O'Reagan,,,,,,,,,,,,,,,,,,,,,,,active
oreagan,,,,,,,true,,,,,,,,,,,,,,,,,,https://irishfamilysurnames.com/wp-content/uploads/2021/04/o-halloran-B-H-300x375.jpg,3,O'Reagan,,,,,,,,,,,,,,,,,,,,,,,active
oreagan,,,,,,,true,,,,,,,,,,,,,,,,,,https://irishfamilysurnames.com/wp-content/uploads/2021/04/o-connor-B-H-300x375.jpg,4,O'Reagan,,,,,,,,,,,,,,,,,,,,,,,active
oreagan,,,,,,,true,,,,,,,,,,,,,,,,,,https://irishfamilysurnames.com/wp-content/uploads/2021/04/o-carroll-B-H-300x375.jpg,5,O'Reagan,,,,,,,,,,,,,,,,,,,,,,,active
oreilly,Family name History & Crest Plaques - O'Reilly,"<p>Learn the full history of your family with a Family History or a Crest/History Combination.</p><p>Family History Standard : 16 x 20 cm | 6 x 8 inches. €9.90</p><p>Family History Large : 20 x 26 cm | 8 x 10 inches. €12.50</p><p>Family Combination (History &amp;amp;amp; Crest) : 26 x 20 cm | 10 x 8 inches.€14.95</p><p>Family Histories and Family Combinations are supplied mounted and ready to frame.<br/>FREE WORLDWIDE POSTAGE</p>",Irish Family Surnames,,General,"Heraldic Irish Family Names, Gifts under €25, Surname O",true,Title,Default Title,,,,,3986,0,shopify,20,deny,manual,12.45,,true,true,,https://irishfamilysurnames.com/wp-content/uploads/2021/04/o-reilly-B-H.jpg,1,O'Reilly,false,Family name History & Crest Plaques - O'Reilly,Learn the full history of your family with a Family History or a Crest/History Combination. Family History Standard : 16 x 20 cm | 6 x 8 inches. €9.90 Family History Large : 20 x 26 cm | 8 x 10 inches. €12.50 Family Combination (History &amp; Crest) : 26 x 20 cm | 10 x 8 inches.€14.95 Family Histories and Family Combin,,,,,,,,,,,,,g,,,true,true,,,active
oreilly,,,,,,,true,,,,,,,,,,,,,,,,,,https://irishfamilysurnames.com/wp-content/uploads/2021/03/irishfamilysurnameslogo2.jpg,2,O'Reilly,,,,,,,,,,,,,,,,,,,,,,,active
oreilly,,,,,,,true,,,,,,,,,,,,,,,,,,https://irishfamilysurnames.com/wp-content/uploads/2021/04/o-callaghan-B-H-300x375.jpg,3,O'Reilly,,,,,,,,,,,,,,,,,,,,,,,active
oreilly,,,,,,,true,,,,,,,,,,,,,,,,,,https://irishfamilysurnames.com/wp-content/uploads/2021/04/o-brien-B-H-300x375.jpg,4,O'Reilly,,,,,,,,,,,,,,,,,,,,,,,active
oreilly,,,,,,,true,,,,,,,,,,,,,,,,,,https://irishfamilysurnames.com/wp-content/uploads/2021/04/o-keefe-B-H-300x375.jpg,5,O'Reilly,,,,,,,,,,,,,,,,,,,,,,,active
orourke,Family name History & Crest Plaques - O'Rourke,"<p>Learn the full history of your family with a Family History or a Crest/History Combination.</p><p>Family History Standard : 16 x 20 cm | 6 x 8 inches. €9.90</p><p>Family History Large : 20 x 26 cm | 8 x 10 inches. €12.50</p><p>Family Combination (History &amp;amp;amp; Crest) : 26 x 20 cm | 10 x 8 inches.€14.95</p><p>Family Histories and Family Combinations are supplied mounted and ready to frame.<br/>FREE WORLDWIDE POSTAGE</p>",Irish Family Surnames,,General,"Heraldic Irish Family Names, Gifts under €25, Surname O",true,Title,Default Title,,,,,4009,0,shopify,20,deny,manual,12.45,,true,true,,https://irishfamilysurnames.com/wp-content/uploads/2021/04/o-rourke-B-H.jpg,1,O'Rourke,false,Family name History & Crest Plaques - O'Rourke,Learn the full history of your family with a Family History or a Crest/History Combination. Family History Standard : 16 x 20 cm | 6 x 8 inches. €9.90 Family History Large : 20 x 26 cm | 8 x 10 inches. €12.50 Family Combination (History &amp; Crest) : 26 x 20 cm | 10 x 8 inches.€14.95 Family Histories and Family Combin,,,,,,,,,,,,,g,,,true,true,,,active
orourke,,,,,,,true,,,,,,,,,,,,,,,,,,https://irishfamilysurnames.com/wp-content/uploads/2021/03/irishfamilysurnameslogo2.jpg,2,O'Rourke,,,,,,,,,,,,,,,,,,,,,,,active
orourke,,,,,,,true,,,,,,,,,,,,,,,,,,https://irishfamilysurnames.com/wp-content/uploads/2021/04/o-farrell-B-H-300x375.jpg,3,O'Rourke,,,,,,,,,,,,,,,,,,,,,,,active
orourke,,,,,,,true,,,,,,,,,,,,,,,,,,https://irishfamilysurnames.com/wp-content/uploads/2021/04/o-donnell-B-H-300x375.jpg,4,O'Rourke,,,,,,,,,,,,,,,,,,,,,,,active
orourke,,,,,,,true,,,,,,,,,,,,,,,,,,https://irishfamilysurnames.com/wp-content/uploads/2021/04/o-dougherty-B-H-300x375.jpg,5,O'Rourke,,,,,,,,,,,,,,,,,,,,,,,active
oshaughnessy,Family name History & Crest Plaques - O'Shaughnessy,"<p>Learn the full history of your family with a Family History or a Crest/History Combination.</p><p>Family History Standard : 16 x 20 cm | 6 x 8 inches. €9.90</p><p>Family History Large : 20 x 26 cm | 8 x 10 inches. €12.50</p><p>Family Combination (History &amp;amp;amp; Crest) : 26 x 20 cm | 10 x 8 inches.€14.95</p><p>Family Histories and Family Combinations are supplied mounted and ready to frame.<br/>FREE WORLDWIDE POSTAGE</p>",Irish Family Surnames,,General,"Heraldic Irish Family Names, Gifts under €25, Surname O",true,Title,Default Title,,,,,4036,0,shopify,20,deny,manual,12.45,,true,true,,https://irishfamilysurnames.com/wp-content/uploads/2021/04/o-shaughnessy-B-H.jpg,1,O'Shaughnessy,false,Family name History & Crest Plaques - O'Shaughnessy,Learn the full history of your family with a Family History or a Crest/History Combination. Family History Standard : 16 x 20 cm | 6 x 8 inches. €9.90 Family History Large : 20 x 26 cm | 8 x 10 inches. €12.50 Family Combination (History &amp; Crest) : 26 x 20 cm | 10 x 8 inches.€14.95 Family Histories and Family Combin,,,,,,,,,,,,,g,,,true,true,,,active
oshaughnessy,,,,,,,true,,,,,,,,,,,,,,,,,,https://irishfamilysurnames.com/wp-content/uploads/2021/03/irishfamilysurnameslogo2.jpg,2,O'Shaughnessy,,,,,,,,,,,,,,,,,,,,,,,active
oshaughnessy,,,,,,,true,,,,,,,,,,,,,,,,,,https://irishfamilysurnames.com/wp-content/uploads/2021/04/o-dwyer-B-H-300x375.jpg,3,O'Shaughnessy,,,,,,,,,,,,,,,,,,,,,,,active
oshaughnessy,,,,,,,true,,,,,,,,,,,,,,,,,,https://irishfamilysurnames.com/wp-content/uploads/2021/04/o-carroll-B-H-300x375.jpg,4,O'Shaughnessy,,,,,,,,,,,,,,,,,,,,,,,active
oshaughnessy,,,,,,,true,,,,,,,,,,,,,,,,,,https://irishfamilysurnames.com/wp-content/uploads/2021/04/o-halloran-B-H-300x375.jpg,5,O'Shaughnessy,,,,,,,,,,,,,,,,,,,,,,,active
oshea,Family name History & Crest Plaques - O'Shea,"<p>Learn the full history of your family with a Family History or a Crest/History Combination.</p><p>Family History Standard : 16 x 20 cm | 6 x 8 inches. €9.90</p><p>Family History Large : 20 x 26 cm | 8 x 10 inches. €12.50</p><p>Family Combination (History &amp;amp;amp; Crest) : 26 x 20 cm | 10 x 8 inches.€14.95</p><p>Family Histories and Family Combinations are supplied mounted and ready to frame.<br/>FREE WORLDWIDE POSTAGE</p>",Irish Family Surnames,,General,"Heraldic Irish Family Names, Gifts under €25, Surname O",true,Title,Default Title,,,,,4043,0,shopify,20,deny,manual,12.45,,true,true,,https://irishfamilysurnames.com/wp-content/uploads/2021/04/o-shea-B-H.jpg,1,O'Shea,false,Family name History & Crest Plaques - O'Shea,Learn the full history of your family with a Family History or a Crest/History Combination. Family History Standard : 16 x 20 cm | 6 x 8 inches. €9.90 Family History Large : 20 x 26 cm | 8 x 10 inches. €12.50 Family Combination (History &amp; Crest) : 26 x 20 cm | 10 x 8 inches.€14.95 Family Histories and Family Combin,,,,,,,,,,,,,g,,,true,true,,,active
oshea,,,,,,,true,,,,,,,,,,,,,,,,,,https://irishfamilysurnames.com/wp-content/uploads/2021/03/irishfamilysurnameslogo2.jpg,2,O'Shea,,,,,,,,,,,,,,,,,,,,,,,active
oshea,,,,,,,true,,,,,,,,,,,,,,,,,,https://irishfamilysurnames.com/wp-content/uploads/2021/04/o-flanagan-B-H-300x375.jpg,3,O'Shea,,,,,,,,,,,,,,,,,,,,,,,active
oshea,,,,,,,true,,,,,,,,,,,,,,,,,,https://irishfamilysurnames.com/wp-content/uploads/2021/04/o-brien-B-H-300x375.jpg,4,O'Shea,,,,,,,,,,,,,,,,,,,,,,,active
oshea,,,,,,,true,,,,,,,,,,,,,,,,,,https://irishfamilysurnames.com/wp-content/uploads/2021/04/o-flaherty-B-H-300x375.jpg,5,O'Shea,,,,,,,,,,,,,,,,,,,,,,,active
osullivan,Family name History & Crest Plaques - O'Sullivan,"<p>Learn the full history of your family with a Family History or a Crest/History Combination.</p><p>Family History Standard : 16 x 20 cm | 6 x 8 inches. €9.90</p><p>Family History Large : 20 x 26 cm | 8 x 10 inches. €12.50</p><p>Family Combination (History &amp;amp;amp; Crest) : 26 x 20 cm | 10 x 8 inches.€14.95</p><p>Family Histories and Family Combinations are supplied mounted and ready to frame.<br/>FREE WORLDWIDE POSTAGE</p>",Irish Family Surnames,,General,"Heraldic Irish Family Names, Gifts under €25, Surname O",true,Title,Default Title,,,,,4050,0,shopify,20,deny,manual,12.45,,true,true,,https://irishfamilysurnames.com/wp-content/uploads/2021/04/o-sullivan-B-H.jpg,1,O'Sullivan,false,Family name History & Crest Plaques - O'Sullivan,Learn the full history of your family with a Family History or a Crest/History Combination. Family History Standard : 16 x 20 cm | 6 x 8 inches. €9.90 Family History Large : 20 x 26 cm | 8 x 10 inches. €12.50 Family Combination (History &amp; Crest) : 26 x 20 cm | 10 x 8 inches.€14.95 Family Histories and Family Combin,,,,,,,,,,,,,g,,,true,true,,,active
osullivan,,,,,,,true,,,,,,,,,,,,,,,,,,https://irishfamilysurnames.com/wp-content/uploads/2021/03/irishfamilysurnameslogo2.jpg,2,O'Sullivan,,,,,,,,,,,,,,,,,,,,,,,active
osullivan,,,,,,,true,,,,,,,,,,,,,,,,,,https://irishfamilysurnames.com/wp-content/uploads/2021/04/ohanlon-B-H-300x375.jpg,3,O'Sullivan,,,,,,,,,,,,,,,,,,,,,,,active
osullivan,,,,,,,true,,,,,,,,,,,,,,,,,,https://irishfamilysurnames.com/wp-content/uploads/2021/04/o-dougherty-B-H-300x375.jpg,4,O'Sullivan,,,,,,,,,,,,,,,,,,,,,,,active
osullivan,,,,,,,true,,,,,,,,,,,,,,,,,,https://irishfamilysurnames.com/wp-content/uploads/2021/04/o-hara-B-H-300x375.jpg,5,O'Sullivan,,,,,,,,,,,,,,,,,,,,,,,active
otoole,Family name History & Crest Plaques - O'Toole,"<p>Learn the full history of your family with a Family History or a Crest/History Combination.</p><p>Family History Standard : 16 x 20 cm | 6 x 8 inches. €9.90</p><p>Family History Large : 20 x 26 cm | 8 x 10 inches. €12.50</p><p>Family Combination (History &amp;amp;amp; Crest) : 26 x 20 cm | 10 x 8 inches.€14.95</p><p>Family Histories and Family Combinations are supplied mounted and ready to frame.<br/>FREE WORLDWIDE POSTAGE</p>",Irish Family Surnames,,General,"Heraldic Irish Family Names, Gifts under €25, Surname O",true,Title,Default Title,,,,,4057,0,shopify,20,deny,manual,12.45,,true,true,,https://irishfamilysurnames.com/wp-content/uploads/2021/04/o-toole-B-H.jpg,1,O'Toole,false,Family name History & Crest Plaques - O'Toole,Learn the full history of your family with a Family History or a Crest/History Combination. Family History Standard : 16 x 20 cm | 6 x 8 inches. €9.90 Family History Large : 20 x 26 cm | 8 x 10 inches. €12.50 Family Combination (History &amp; Crest) : 26 x 20 cm | 10 x 8 inches.€14.95 Family Histories and Family Combin,,,,,,,,,,,,,g,,,true,true,,,active
otoole,,,,,,,true,,,,,,,,,,,,,,,,,,https://irishfamilysurnames.com/wp-content/uploads/2021/03/irishfamilysurnameslogo2.jpg,2,O'Toole,,,,,,,,,,,,,,,,,,,,,,,active
otoole,,,,,,,true,,,,,,,,,,,,,,,,,,https://irishfamilysurnames.com/wp-content/uploads/2021/04/o-dougherty-B-H-300x375.jpg,3,O'Toole,,,,,,,,,,,,,,,,,,,,,,,active
otoole,,,,,,,true,,,,,,,,,,,,,,,,,,https://irishfamilysurnames.com/wp-content/uploads/2021/04/o-boyle-B-H-300x375.jpg,4,O'Toole,,,,,,,,,,,,,,,,,,,,,,,active
otoole,,,,,,,true,,,,,,,,,,,,,,,,,,https://irishfamilysurnames.com/wp-content/uploads/2021/04/o-higgins-B-H-300x375.jpg,5,O'Toole,,,,,,,,,,,,,,,,,,,,,,,active
scott,Family name History & Crest Plaques - Scott,"<p>Learn the full history of your family with a Family History or a Crest/History Combination.</p><p>Family History Standard : 16 x 20 cm | 6 x 8 inches. €9.90</p><p>Family History Large : 20 x 26 cm | 8 x 10 inches. €12.50</p><p>Family Combination (History &amp;amp;amp; Crest) : 26 x 20 cm | 10 x 8 inches.€14.95</p><p>Family Histories and Family Combinations are supplied mounted and ready to frame.<br/>FREE WORLDWIDE POSTAGE</p>",Irish Family Surnames,,General,"Heraldic Irish Family Names, Gifts under €25, Surname S",true,Title,Default Title,,,,,4064,0,shopify,20,deny,manual,12.45,,true,true,,https://irishfamilysurnames.com/wp-content/uploads/2021/04/scott-B-H.jpg,1,Scott,false,Family name History & Crest Plaques - Scott,Learn the full history of your family with a Family History or a Crest/History Combination. Family History Standard : 16 x 20 cm | 6 x 8 inches. €9.90 Family History Large : 20 x 26 cm | 8 x 10 inches. €12.50 Family Combination (History &amp; Crest) : 26 x 20 cm | 10 x 8 inches.€14.95 Family Histories and Family Combin,,,,,,,,,,,,,g,,,true,true,,,active
scott,,,,,,,true,,,,,,,,,,,,,,,,,,https://irishfamilysurnames.com/wp-content/uploads/2021/03/irishfamilysurnameslogo2.jpg,2,Scott,,,,,,,,,,,,,,,,,,,,,,,active
scott,,,,,,,true,,,,,,,,,,,,,,,,,,https://irishfamilysurnames.com/wp-content/uploads/2021/04/stapleton-B-H-300x375.jpg,3,Scott,,,,,,,,,,,,,,,,,,,,,,,active
scott,,,,,,,true,,,,,,,,,,,,,,,,,,https://irishfamilysurnames.com/wp-content/uploads/2021/04/sheehan-B-H-300x375.jpg,4,Scott,,,,,,,,,,,,,,,,,,,,,,,active
scott,,,,,,,true,,,,,,,,,,,,,,,,,,https://irishfamilysurnames.com/wp-content/uploads/2021/04/sullivan-B-H-300x375.jpg,5,Scott,,,,,,,,,,,,,,,,,,,,,,,active
scully,Family name History & Crest Plaques - Scully,"<p>Learn the full history of your family with a Family History or a Crest/History Combination.</p><p>Family History Standard : 16 x 20 cm | 6 x 8 inches. €9.90</p><p>Family History Large : 20 x 26 cm | 8 x 10 inches. €12.50</p><p>Family Combination (History &amp;amp;amp; Crest) : 26 x 20 cm | 10 x 8 inches.€14.95</p><p>Family Histories and Family Combinations are supplied mounted and ready to frame.<br/>FREE WORLDWIDE POSTAGE</p>",Irish Family Surnames,,General,"Heraldic Irish Family Names, Gifts under €25, Surname S",true,Title,Default Title,,,,,4075,0,shopify,20,deny,manual,12.45,,true,true,,https://irishfamilysurnames.com/wp-content/uploads/2021/04/scully-B-H.jpg,1,Scully,false,Family name History & Crest Plaques - Scully,Learn the full history of your family with a Family History or a Crest/History Combination. Family History Standard : 16 x 20 cm | 6 x 8 inches. €9.90 Family History Large : 20 x 26 cm | 8 x 10 inches. €12.50 Family Combination (History &amp; Crest) : 26 x 20 cm | 10 x 8 inches.€14.95 Family Histories and Family Combin,,,,,,,,,,,,,g,,,true,true,,,active
scully,,,,,,,true,,,,,,,,,,,,,,,,,,https://irishfamilysurnames.com/wp-content/uploads/2021/03/irishfamilysurnameslogo2.jpg,2,Scully,,,,,,,,,,,,,,,,,,,,,,,active
scully,,,,,,,true,,,,,,,,,,,,,,,,,,https://irishfamilysurnames.com/wp-content/uploads/2021/04/slattery-B-H-300x375.jpg,3,Scully,,,,,,,,,,,,,,,,,,,,,,,active
scully,,,,,,,true,,,,,,,,,,,,,,,,,,https://irishfamilysurnames.com/wp-content/uploads/2021/04/scott-B-H-300x375.jpg,4,Scully,,,,,,,,,,,,,,,,,,,,,,,active
scully,,,,,,,true,,,,,,,,,,,,,,,,,,https://irishfamilysurnames.com/wp-content/uploads/2021/04/sullivan-B-H-300x375.jpg,5,Scully,,,,,,,,,,,,,,,,,,,,,,,active
shanahan,Family name History & Crest Plaques - Shanahan,"<p>Learn the full history of your family with a Family History or a Crest/History Combination.</p><p>Family History Standard : 16 x 20 cm | 6 x 8 inches. €9.90</p><p>Family History Large : 20 x 26 cm | 8 x 10 inches. €12.50</p><p>Family Combination (History &amp;amp;amp; Crest) : 26 x 20 cm | 10 x 8 inches.€14.95</p><p>Family Histories and Family Combinations are supplied mounted and ready to frame.<br/>FREE WORLDWIDE POSTAGE</p>",Irish Family Surnames,,General,"Heraldic Irish Family Names, Gifts under €25, Surname S",true,Title,Default Title,,,,,4087,0,shopify,20,deny,manual,12.45,,true,true,,https://irishfamilysurnames.com/wp-content/uploads/2021/04/shanahan-B-H.jpg,1,Shanahan,false,Family name History & Crest Plaques - Shanahan,Learn the full history of your family with a Family History or a Crest/History Combination. Family History Standard : 16 x 20 cm | 6 x 8 inches. €9.90 Family History Large : 20 x 26 cm | 8 x 10 inches. €12.50 Family Combination (History &amp; Crest) : 26 x 20 cm | 10 x 8 inches.€14.95 Family Histories and Family Combin,,,,,,,,,,,,,g,,,true,true,,,active
shanahan,,,,,,,true,,,,,,,,,,,,,,,,,,https://irishfamilysurnames.com/wp-content/uploads/2021/03/irishfamilysurnameslogo2.jpg,2,Shanahan,,,,,,,,,,,,,,,,,,,,,,,active
shanahan,,,,,,,true,,,,,,,,,,,,,,,,,,https://irishfamilysurnames.com/wp-content/uploads/2021/04/scully-B-H-300x375.jpg,3,Shanahan,,,,,,,,,,,,,,,,,,,,,,,active
shanahan,,,,,,,true,,,,,,,,,,,,,,,,,,https://irishfamilysurnames.com/wp-content/uploads/2021/04/slattery-B-H-300x375.jpg,4,Shanahan,,,,,,,,,,,,,,,,,,,,,,,active
shanahan,,,,,,,true,,,,,,,,,,,,,,,,,,https://irishfamilysurnames.com/wp-content/uploads/2021/04/sullivan-B-H-300x375.jpg,5,Shanahan,,,,,,,,,,,,,,,,,,,,,,,active
shannon,Family name History & Crest Plaques - Shannon,"<p>Learn the full history of your family with a Family History or a Crest/History Combination.</p><p>Family History Standard : 16 x 20 cm | 6 x 8 inches. €9.90</p><p>Family History Large : 20 x 26 cm | 8 x 10 inches. €12.50</p><p>Family Combination (History &amp;amp;amp; Crest) : 26 x 20 cm | 10 x 8 inches.€14.95</p><p>Family Histories and Family Combinations are supplied mounted and ready to frame.<br/>FREE WORLDWIDE POSTAGE</p>",Irish Family Surnames,,General,"Heraldic Irish Family Names, Gifts under €25, Surname S",true,Title,Default Title,,,,,4098,0,shopify,20,deny,manual,12.45,,true,true,,https://irishfamilysurnames.com/wp-content/uploads/2021/04/shannon-B-H.jpg,1,Shannon,false,Family name History & Crest Plaques - Shannon,Learn the full history of your family with a Family History or a Crest/History Combination. Family History Standard : 16 x 20 cm | 6 x 8 inches. €9.90 Family History Large : 20 x 26 cm | 8 x 10 inches. €12.50 Family Combination (History &amp; Crest) : 26 x 20 cm | 10 x 8 inches.€14.95 Family Histories and Family Combin,,,,,,,,,,,,,g,,,true,true,,,active
shannon,,,,,,,true,,,,,,,,,,,,,,,,,,https://irishfamilysurnames.com/wp-content/uploads/2021/03/irishfamilysurnameslogo2.jpg,2,Shannon,,,,,,,,,,,,,,,,,,,,,,,active
shannon,,,,,,,true,,,,,,,,,,,,,,,,,,https://irishfamilysurnames.com/wp-content/uploads/2021/04/sheehan-B-H-300x375.jpg,3,Shannon,,,,,,,,,,,,,,,,,,,,,,,active
shannon,,,,,,,true,,,,,,,,,,,,,,,,,,https://irishfamilysurnames.com/wp-content/uploads/2021/04/sheehy-B-H-300x375.jpg,4,Shannon,,,,,,,,,,,,,,,,,,,,,,,active
shannon,,,,,,,true,,,,,,,,,,,,,,,,,,https://irishfamilysurnames.com/wp-content/uploads/2021/04/scully-B-H-300x375.jpg,5,Shannon,,,,,,,,,,,,,,,,,,,,,,,active
shaughnessy,Family name History & Crest Plaques - Shaughnessy,"<p>Learn the full history of your family with a Family History or a Crest/History Combination.</p><p>Family History Standard : 16 x 20 cm | 6 x 8 inches. €9.90</p><p>Family History Large : 20 x 26 cm | 8 x 10 inches. €12.50</p><p>Family Combination (History &amp;amp;amp; Crest) : 26 x 20 cm | 10 x 8 inches.€14.95</p><p>Family Histories and Family Combinations are supplied mounted and ready to frame.<br/>FREE WORLDWIDE POSTAGE</p>",Irish Family Surnames,,General,"Heraldic Irish Family Names, Gifts under €25, Surname S",true,Title,Default Title,,,,,4109,0,shopify,20,deny,manual,12.45,,true,true,,https://irishfamilysurnames.com/wp-content/uploads/2021/04/shaughnessy-B-H.jpg,1,Shaughnessy,false,Family name History & Crest Plaques - Shaughnessy,Learn the full history of your family with a Family History or a Crest/History Combination. Family History Standard : 16 x 20 cm | 6 x 8 inches. €9.90 Family History Large : 20 x 26 cm | 8 x 10 inches. €12.50 Family Combination (History &amp; Crest) : 26 x 20 cm | 10 x 8 inches.€14.95 Family Histories and Family Combin,,,,,,,,,,,,,g,,,true,true,,,active
shaughnessy,,,,,,,true,,,,,,,,,,,,,,,,,,https://irishfamilysurnames.com/wp-content/uploads/2021/03/irishfamilysurnameslogo2.jpg,2,Shaughnessy,,,,,,,,,,,,,,,,,,,,,,,active
shaughnessy,,,,,,,true,,,,,,,,,,,,,,,,,,https://irishfamilysurnames.com/wp-content/uploads/2021/04/stapleton-B-H-300x375.jpg,3,Shaughnessy,,,,,,,,,,,,,,,,,,,,,,,active
shaughnessy,,,,,,,true,,,,,,,,,,,,,,,,,,https://irishfamilysurnames.com/wp-content/uploads/2021/04/sweeney-B-H-300x375.jpg,4,Shaughnessy,,,,,,,,,,,,,,,,,,,,,,,active
shaughnessy,,,,,,,true,,,,,,,,,,,,,,,,,,https://irishfamilysurnames.com/wp-content/uploads/2021/04/stewart-B-H-300x375.jpg,5,Shaughnessy,,,,,,,,,,,,,,,,,,,,,,,active
shea,Family name History & Crest Plaques - Shea,"<p>Learn the full history of your family with a Family History or a Crest/History Combination.</p><p>Family History Standard : 16 x 20 cm | 6 x 8 inches. €9.90</p><p>Family History Large : 20 x 26 cm | 8 x 10 inches. €12.50</p><p>Family Combination (History &amp;amp;amp; Crest) : 26 x 20 cm | 10 x 8 inches.€14.95</p><p>Family Histories and Family Combinations are supplied mounted and ready to frame.<br/>FREE WORLDWIDE POSTAGE</p>",Irish Family Surnames,,General,"Heraldic Irish Family Names, Gifts under €25, Surname S",true,Title,Default Title,,,,,4120,0,shopify,20,deny,manual,12.45,,true,true,,https://irishfamilysurnames.com/wp-content/uploads/2021/04/shea-B-H.jpg,1,Shea,false,Family name History & Crest Plaques - Shea,Learn the full history of your family with a Family History or a Crest/History Combination. Family History Standard : 16 x 20 cm | 6 x 8 inches. €9.90 Family History Large : 20 x 26 cm | 8 x 10 inches. €12.50 Family Combination (History &amp; Crest) : 26 x 20 cm | 10 x 8 inches.€14.95 Family Histories and Family Combin,,,,,,,,,,,,,g,,,true,true,,,active
shea,,,,,,,true,,,,,,,,,,,,,,,,,,https://irishfamilysurnames.com/wp-content/uploads/2021/03/irishfamilysurnameslogo2.jpg,2,Shea,,,,,,,,,,,,,,,,,,,,,,,active
shea,,,,,,,true,,,,,,,,,,,,,,,,,,https://irishfamilysurnames.com/wp-content/uploads/2021/04/sheehan-B-H-300x375.jpg,3,Shea,,,,,,,,,,,,,,,,,,,,,,,active
shea,,,,,,,true,,,,,,,,,,,,,,,,,,https://irishfamilysurnames.com/wp-content/uploads/2021/04/scully-B-H-300x375.jpg,4,Shea,,,,,,,,,,,,,,,,,,,,,,,active
shea,,,,,,,true,,,,,,,,,,,,,,,,,,https://irishfamilysurnames.com/wp-content/uploads/2021/04/smyth-B-H-300x375.jpg,5,Shea,,,,,,,,,,,,,,,,,,,,,,,active
sheehan,Family name History & Crest Plaques - Sheehan,"<p>Learn the full history of your family with a Family History or a Crest/History Combination.</p><p>Family History Standard : 16 x 20 cm | 6 x 8 inches. €9.90</p><p>Family History Large : 20 x 26 cm | 8 x 10 inches. €12.50</p><p>Family Combination (History &amp;amp;amp; Crest) : 26 x 20 cm | 10 x 8 inches.€14.95</p><p>Family Histories and Family Combinations are supplied mounted and ready to frame.<br/>FREE WORLDWIDE POSTAGE</p>",Irish Family Surnames,,General,"Heraldic Irish Family Names, Gifts under €25, Surname S",true,Title,Default Title,,,,,4131,0,shopify,20,deny,manual,12.45,,true,true,,https://irishfamilysurnames.com/wp-content/uploads/2021/04/sheehan-B-H.jpg,1,Sheehan,false,Family name History & Crest Plaques - Sheehan,Learn the full history of your family with a Family History or a Crest/History Combination. Family History Standard : 16 x 20 cm | 6 x 8 inches. €9.90 Family History Large : 20 x 26 cm | 8 x 10 inches. €12.50 Family Combination (History &amp; Crest) : 26 x 20 cm | 10 x 8 inches.€14.95 Family Histories and Family Combin,,,,,,,,,,,,,g,,,true,true,,,active
sheehan,,,,,,,true,,,,,,,,,,,,,,,,,,https://irishfamilysurnames.com/wp-content/uploads/2021/03/irishfamilysurnameslogo2.jpg,2,Sheehan,,,,,,,,,,,,,,,,,,,,,,,active
sheehan,,,,,,,true,,,,,,,,,,,,,,,,,,https://irishfamilysurnames.com/wp-content/uploads/2021/04/SHERIDAN-B-H-1-300x375.jpg,3,Sheehan,,,,,,,,,,,,,,,,,,,,,,,active
sheehan,,,,,,,true,,,,,,,,,,,,,,,,,,https://irishfamilysurnames.com/wp-content/uploads/2021/04/shanahan-B-H-300x375.jpg,4,Sheehan,,,,,,,,,,,,,,,,,,,,,,,active
sheehan,,,,,,,true,,,,,,,,,,,,,,,,,,https://irishfamilysurnames.com/wp-content/uploads/2021/04/shaughnessy-B-H-300x375.jpg,5,Sheehan,,,,,,,,,,,,,,,,,,,,,,,active
sheehy,Family name History & Crest Plaques - Sheehy,"<p>Learn the full history of your family with a Family History or a Crest/History Combination.</p><p>Family History Standard : 16 x 20 cm | 6 x 8 inches. €9.90</p><p>Family History Large : 20 x 26 cm | 8 x 10 inches. €12.50</p><p>Family Combination (History &amp;amp;amp; Crest) : 26 x 20 cm | 10 x 8 inches.€14.95</p><p>Family Histories and Family Combinations are supplied mounted and ready to frame.<br/>FREE WORLDWIDE POSTAGE</p>",Irish Family Surnames,,General,"Heraldic Irish Family Names, Gifts under €25, Surname S",true,Title,Default Title,,,,,4142,0,shopify,20,deny,manual,12.45,,true,true,,https://irishfamilysurnames.com/wp-content/uploads/2021/04/sheehy-B-H.jpg,1,Sheehy,false,Family name History & Crest Plaques - Sheehy,Learn the full history of your family with a Family History or a Crest/History Combination. Family History Standard : 16 x 20 cm | 6 x 8 inches. €9.90 Family History Large : 20 x 26 cm | 8 x 10 inches. €12.50 Family Combination (History &amp; Crest) : 26 x 20 cm | 10 x 8 inches.€14.95 Family Histories and Family Combin,,,,,,,,,,,,,g,,,true,true,,,active
sheehy,,,,,,,true,,,,,,,,,,,,,,,,,,https://irishfamilysurnames.com/wp-content/uploads/2021/03/irishfamilysurnameslogo2.jpg,2,Sheehy,,,,,,,,,,,,,,,,,,,,,,,active
sheehy,,,,,,,true,,,,,,,,,,,,,,,,,,https://irishfamilysurnames.com/wp-content/uploads/2021/04/stapleton-B-H-300x375.jpg,3,Sheehy,,,,,,,,,,,,,,,,,,,,,,,active
sheehy,,,,,,,true,,,,,,,,,,,,,,,,,,https://irishfamilysurnames.com/wp-content/uploads/2021/04/sheehan-B-H-300x375.jpg,4,Sheehy,,,,,,,,,,,,,,,,,,,,,,,active
sheehy,,,,,,,true,,,,,,,,,,,,,,,,,,https://irishfamilysurnames.com/wp-content/uploads/2021/04/stewart-B-H-300x375.jpg,5,Sheehy,,,,,,,,,,,,,,,,,,,,,,,active
slattery,Family name History & Crest Plaques - Slattery,"<p>Learn the full history of your family with a Family History or a Crest/History Combination.</p><p>Family History Standard : 16 x 20 cm | 6 x 8 inches. €9.90</p><p>Family History Large : 20 x 26 cm | 8 x 10 inches. €12.50</p><p>Family Combination (History &amp;amp;amp; Crest) : 26 x 20 cm | 10 x 8 inches.€14.95</p><p>Family Histories and Family Combinations are supplied mounted and ready to frame.<br/>FREE WORLDWIDE POSTAGE</p>",Irish Family Surnames,,General,"Heraldic Irish Family Names, Gifts under €25, Surname S",true,Title,Default Title,,,,,4164,0,shopify,20,deny,manual,12.45,,true,true,,https://irishfamilysurnames.com/wp-content/uploads/2021/04/slattery-B-H.jpg,1,Slattery,false,Family name History & Crest Plaques - Slattery,Learn the full history of your family with a Family History or a Crest/History Combination. Family History Standard : 16 x 20 cm | 6 x 8 inches. €9.90 Family History Large : 20 x 26 cm | 8 x 10 inches. €12.50 Family Combination (History &amp; Crest) : 26 x 20 cm | 10 x 8 inches.€14.95 Family Histories and Family Combin,,,,,,,,,,,,,g,,,true,true,,,active
slattery,,,,,,,true,,,,,,,,,,,,,,,,,,https://irishfamilysurnames.com/wp-content/uploads/2021/03/irishfamilysurnameslogo2.jpg,2,Slattery,,,,,,,,,,,,,,,,,,,,,,,active
slattery,,,,,,,true,,,,,,,,,,,,,,,,,,https://irishfamilysurnames.com/wp-content/uploads/2021/04/sweeney-B-H-300x375.jpg,3,Slattery,,,,,,,,,,,,,,,,,,,,,,,active
slattery,,,,,,,true,,,,,,,,,,,,,,,,,,https://irishfamilysurnames.com/wp-content/uploads/2021/04/shannon-B-H-300x375.jpg,4,Slattery,,,,,,,,,,,,,,,,,,,,,,,active
slattery,,,,,,,true,,,,,,,,,,,,,,,,,,https://irishfamilysurnames.com/wp-content/uploads/2021/04/scully-B-H-300x375.jpg,5,Slattery,,,,,,,,,,,,,,,,,,,,,,,active
smith,Family name History & Crest Plaques - Smith,"<p>Learn the full history of your family with a Family History or a Crest/History Combination.</p><p>Family History Standard : 16 x 20 cm | 6 x 8 inches. €9.90</p><p>Family History Large : 20 x 26 cm | 8 x 10 inches. €12.50</p><p>Family Combination (History &amp;amp;amp; Crest) : 26 x 20 cm | 10 x 8 inches.€14.95</p><p>Family Histories and Family Combinations are supplied mounted and ready to frame.<br/>FREE WORLDWIDE POSTAGE</p>",Irish Family Surnames,,General,"Heraldic Irish Family Names, Gifts under €25, Surname S",true,Title,Default Title,,,,,4176,0,shopify,20,deny,manual,12.45,,true,true,,https://irishfamilysurnames.com/wp-content/uploads/2021/04/smith-B-H.jpg,1,Smith,false,Family name History & Crest Plaques - Smith,Learn the full history of your family with a Family History or a Crest/History Combination. Family History Standard : 16 x 20 cm | 6 x 8 inches. €9.90 Family History Large : 20 x 26 cm | 8 x 10 inches. €12.50 Family Combination (History &amp; Crest) : 26 x 20 cm | 10 x 8 inches.€14.95 Family Histories and Family Combin,,,,,,,,,,,,,g,,,true,true,,,active
smith,,,,,,,true,,,,,,,,,,,,,,,,,,https://irishfamilysurnames.com/wp-content/uploads/2021/03/irishfamilysurnameslogo2.jpg,2,Smith,,,,,,,,,,,,,,,,,,,,,,,active
smith,,,,,,,true,,,,,,,,,,,,,,,,,,https://irishfamilysurnames.com/wp-content/uploads/2021/04/SHERIDAN-B-H-1-300x375.jpg,3,Smith,,,,,,,,,,,,,,,,,,,,,,,active
smith,,,,,,,true,,,,,,,,,,,,,,,,,,https://irishfamilysurnames.com/wp-content/uploads/2021/04/shaughnessy-B-H-300x375.jpg,4,Smith,,,,,,,,,,,,,,,,,,,,,,,active
smith,,,,,,,true,,,,,,,,,,,,,,,,,,https://irishfamilysurnames.com/wp-content/uploads/2021/04/sullivan-B-H-300x375.jpg,5,Smith,,,,,,,,,,,,,,,,,,,,,,,active
smyth,Family name History & Crest Plaques - Smyth,"<p>Learn the full history of your family with a Family History or a Crest/History Combination.</p><p>Family History Standard : 16 x 20 cm | 6 x 8 inches. €9.90</p><p>Family History Large : 20 x 26 cm | 8 x 10 inches. €12.50</p><p>Family Combination (History &amp;amp;amp; Crest) : 26 x 20 cm | 10 x 8 inches.€14.95</p><p>Family Histories and Family Combinations are supplied mounted and ready to frame.<br/>FREE WORLDWIDE POSTAGE</p>",Irish Family Surnames,,General,"Heraldic Irish Family Names, Gifts under €25, Surname S",true,Title,Default Title,,,,,4187,0,shopify,20,deny,manual,12.45,,true,true,,https://irishfamilysurnames.com/wp-content/uploads/2021/04/smyth-B-H.jpg,1,Smyth,false,Family name History & Crest Plaques - Smyth,Learn the full history of your family with a Family History or a Crest/History Combination. Family History Standard : 16 x 20 cm | 6 x 8 inches. €9.90 Family History Large : 20 x 26 cm | 8 x 10 inches. €12.50 Family Combination (History &amp; Crest) : 26 x 20 cm | 10 x 8 inches.€14.95 Family Histories and Family Combin,,,,,,,,,,,,,g,,,true,true,,,active
smyth,,,,,,,true,,,,,,,,,,,,,,,,,,https://irishfamilysurnames.com/wp-content/uploads/2021/03/irishfamilysurnameslogo2.jpg,2,Smyth,,,,,,,,,,,,,,,,,,,,,,,active
smyth,,,,,,,true,,,,,,,,,,,,,,,,,,https://irishfamilysurnames.com/wp-content/uploads/2021/04/sullivan-B-H-300x375.jpg,3,Smyth,,,,,,,,,,,,,,,,,,,,,,,active
smyth,,,,,,,true,,,,,,,,,,,,,,,,,,https://irishfamilysurnames.com/wp-content/uploads/2021/04/SHERIDAN-B-H-1-300x375.jpg,4,Smyth,,,,,,,,,,,,,,,,,,,,,,,active
smyth,,,,,,,true,,,,,,,,,,,,,,,,,,https://irishfamilysurnames.com/wp-content/uploads/2021/04/stapleton-B-H-300x375.jpg,5,Smyth,,,,,,,,,,,,,,,,,,,,,,,active
stewart,Family name History & Crest Plaques - Stewart,"<p>Learn the full history of your family with a Family History or a Crest/History Combination.</p><p>Family History Standard : 16 x 20 cm | 6 x 8 inches. €9.90</p><p>Family History Large : 20 x 26 cm | 8 x 10 inches. €12.50</p><p>Family Combination (History &amp;amp;amp; Crest) : 26 x 20 cm | 10 x 8 inches.€14.95</p><p>Family Histories and Family Combinations are supplied mounted and ready to frame.<br/>FREE WORLDWIDE POSTAGE</p>",Irish Family Surnames,,General,"Heraldic Irish Family Names, Gifts under €25, Surname S",true,Title,Default Title,,,,,4210,0,shopify,20,deny,manual,12.45,,true,true,,https://irishfamilysurnames.com/wp-content/uploads/2021/04/stewart-B-H.jpg,1,Stewart,false,Family name History & Crest Plaques - Stewart,Learn the full history of your family with a Family History or a Crest/History Combination. Family History Standard : 16 x 20 cm | 6 x 8 inches. €9.90 Family History Large : 20 x 26 cm | 8 x 10 inches. €12.50 Family Combination (History &amp; Crest) : 26 x 20 cm | 10 x 8 inches.€14.95 Family Histories and Family Combin,,,,,,,,,,,,,g,,,true,true,,,active
stewart,,,,,,,true,,,,,,,,,,,,,,,,,,https://irishfamilysurnames.com/wp-content/uploads/2021/03/irishfamilysurnameslogo2.jpg,2,Stewart,,,,,,,,,,,,,,,,,,,,,,,active
stewart,,,,,,,true,,,,,,,,,,,,,,,,,,https://irishfamilysurnames.com/wp-content/uploads/2021/04/shaughnessy-B-H-300x375.jpg,3,Stewart,,,,,,,,,,,,,,,,,,,,,,,active
stewart,,,,,,,true,,,,,,,,,,,,,,,,,,https://irishfamilysurnames.com/wp-content/uploads/2021/04/SHERIDAN-B-H-1-300x375.jpg,4,Stewart,,,,,,,,,,,,,,,,,,,,,,,active
stewart,,,,,,,true,,,,,,,,,,,,,,,,,,https://irishfamilysurnames.com/wp-content/uploads/2021/04/shannon-B-H-300x375.jpg,5,Stewart,,,,,,,,,,,,,,,,,,,,,,,active
carr,Family name History & Crest Plaques - Carr,"<p>Learn the full history of your family with a Family History or a Crest/History Combination.</p><p>Family History Standard : 16 x 20 cm | 6 x 8 inches. €9.90</p><p>Family History Large : 20 x 26 cm | 8 x 10 inches. €12.50</p><p>Family Combination (History &amp;amp;amp; Crest) : 26 x 20 cm | 10 x 8 inches.€14.95</p><p>Family Histories and Family Combinations are supplied mounted and ready to frame.<br/>FREE WORLDWIDE POSTAGE</p>",Irish Family Surnames,,General,"Heraldic Irish Family Names, Gifts under €25, Surname C",true,Title,Default Title,,,,,4243,0,shopify,20,deny,manual,12.45,,true,true,,https://irishfamilysurnames.com/wp-content/uploads/2021/04/carr-B-H.jpg,1,Carr,false,Family name History & Crest Plaques - Carr,Learn the full history of your family with a Family History or a Crest/History Combination. Family History Standard : 16 x 20 cm | 6 x 8 inches. €9.90 Family History Large : 20 x 26 cm | 8 x 10 inches. €12.50 Family Combination (History &amp; Crest) : 26 x 20 cm | 10 x 8 inches.€14.95 Family Histories and Family Combin,,,,,,,,,,,,,g,,,true,true,,,active
carr,,,,,,,true,,,,,,,,,,,,,,,,,,https://irishfamilysurnames.com/wp-content/uploads/2021/03/irishfamilysurnameslogo2.jpg,2,Carr,,,,,,,,,,,,,,,,,,,,,,,active
carr,,,,,,,true,,,,,,,,,,,,,,,,,,https://irishfamilysurnames.com/wp-content/uploads/2021/04/callahan-B-H-1-300x375.jpg,3,Carr,,,,,,,,,,,,,,,,,,,,,,,active
carr,,,,,,,true,,,,,,,,,,,,,,,,,,https://irishfamilysurnames.com/wp-content/uploads/2021/04/cavanaugh-B-H-300x375.jpg,4,Carr,,,,,,,,,,,,,,,,,,,,,,,active
carr,,,,,,,true,,,,,,,,,,,,,,,,,,https://irishfamilysurnames.com/wp-content/uploads/2021/04/cooney-B-H-300x375.jpg,5,Carr,,,,,,,,,,,,,,,,,,,,,,,active
carroll,Family name History & Crest Plaques - Carroll,"<p>Learn the full history of your family with a Family History or a Crest/History Combination.</p><p>Family History Standard : 16 x 20 cm | 6 x 8 inches. €9.90</p><p>Family History Large : 20 x 26 cm | 8 x 10 inches. €12.50</p><p>Family Combination (History &amp;amp;amp; Crest) : 26 x 20 cm | 10 x 8 inches.€14.95</p><p>Family Histories and Family Combinations are supplied mounted and ready to frame.<br/>FREE WORLDWIDE POSTAGE</p>",Irish Family Surnames,,General,"Heraldic Irish Family Names, Gifts under €25, Surname C",true,Title,Default Title,,,,,4254,0,shopify,20,deny,manual,12.45,,true,true,,https://irishfamilysurnames.com/wp-content/uploads/2021/04/carroll-B-H.jpg,1,Carroll,false,Family name History & Crest Plaques - Carroll,Learn the full history of your family with a Family History or a Crest/History Combination. Family History Standard : 16 x 20 cm | 6 x 8 inches. €9.90 Family History Large : 20 x 26 cm | 8 x 10 inches. €12.50 Family Combination (History &amp; Crest) : 26 x 20 cm | 10 x 8 inches.€14.95 Family Histories and Family Combin,,,,,,,,,,,,,g,,,true,true,,,active
carroll,,,,,,,true,,,,,,,,,,,,,,,,,,https://irishfamilysurnames.com/wp-content/uploads/2021/03/irishfamilysurnameslogo2.jpg,2,Carroll,,,,,,,,,,,,,,,,,,,,,,,active
carroll,,,,,,,true,,,,,,,,,,,,,,,,,,https://irishfamilysurnames.com/wp-content/uploads/2021/04/collins-B-H-300x375.jpg,3,Carroll,,,,,,,,,,,,,,,,,,,,,,,active
carroll,,,,,,,true,,,,,,,,,,,,,,,,,,https://irishfamilysurnames.com/wp-content/uploads/2021/04/clark-B-H-300x375.jpg,4,Carroll,,,,,,,,,,,,,,,,,,,,,,,active
carroll,,,,,,,true,,,,,,,,,,,,,,,,,,https://irishfamilysurnames.com/wp-content/uploads/2021/04/conlan-B-H-300x375.jpg,5,Carroll,,,,,,,,,,,,,,,,,,,,,,,active
carthy,Family name History & Crest Plaques - Carthy,"<p>Learn the full history of your family with a Family History or a Crest/History Combination.</p><p>Family History Standard : 16 x 20 cm | 6 x 8 inches. €9.90</p><p>Family History Large : 20 x 26 cm | 8 x 10 inches. €12.50</p><p>Family Combination (History &amp;amp;amp; Crest) : 26 x 20 cm | 10 x 8 inches.€14.95</p><p>Family Histories and Family Combinations are supplied mounted and ready to frame.<br/>FREE WORLDWIDE POSTAGE</p>",Irish Family Surnames,,General,"Heraldic Irish Family Names, Gifts under €25, Surname C",true,Title,Default Title,,,,,4265,0,shopify,20,deny,manual,12.45,,true,true,,https://irishfamilysurnames.com/wp-content/uploads/2021/04/carthy-B-H.jpg,1,Carthy,false,Family name History & Crest Plaques - Carthy,Learn the full history of your family with a Family History or a Crest/History Combination. Family History Standard : 16 x 20 cm | 6 x 8 inches. €9.90 Family History Large : 20 x 26 cm | 8 x 10 inches. €12.50 Family Combination (History &amp; Crest) : 26 x 20 cm | 10 x 8 inches.€14.95 Family Histories and Family Combin,,,,,,,,,,,,,g,,,true,true,,,active
carthy,,,,,,,true,,,,,,,,,,,,,,,,,,https://irishfamilysurnames.com/wp-content/uploads/2021/03/irishfamilysurnameslogo2.jpg,2,Carthy,,,,,,,,,,,,,,,,,,,,,,,active
carthy,,,,,,,true,,,,,,,,,,,,,,,,,,https://irishfamilysurnames.com/wp-content/uploads/2021/04/conroy-B-H-300x375.jpg,3,Carthy,,,,,,,,,,,,,,,,,,,,,,,active
carthy,,,,,,,true,,,,,,,,,,,,,,,,,,https://irishfamilysurnames.com/wp-content/uploads/2021/04/condon-B-H-300x375.jpg,4,Carthy,,,,,,,,,,,,,,,,,,,,,,,active
carthy,,,,,,,true,,,,,,,,,,,,,,,,,,https://irishfamilysurnames.com/wp-content/uploads/2021/04/connor-B-H-300x375.jpg,5,Carthy,,,,,,,,,,,,,,,,,,,,,,,active
cary,Family name History & Crest Plaques - Cary,"<p>Learn the full history of your family with a Family History or a Crest/History Combination.</p><p>Family History Standard : 16 x 20 cm | 6 x 8 inches. €9.90</p><p>Family History Large : 20 x 26 cm | 8 x 10 inches. €12.50</p><p>Family Combination (History &amp;amp;amp; Crest) : 26 x 20 cm | 10 x 8 inches.€14.95</p><p>Family Histories and Family Combinations are supplied mounted and ready to frame.<br/>FREE WORLDWIDE POSTAGE</p>",Irish Family Surnames,,General,"Heraldic Irish Family Names, Gifts under €25, Surname C",true,Title,Default Title,,,,,4276,0,shopify,20,deny,manual,12.45,,true,true,,https://irishfamilysurnames.com/wp-content/uploads/2021/04/cary-B-H.jpg,1,Cary,false,Family name History & Crest Plaques - Cary,Learn the full history of your family with a Family History or a Crest/History Combination. Family History Standard : 16 x 20 cm | 6 x 8 inches. €9.90 Family History Large : 20 x 26 cm | 8 x 10 inches. €12.50 Family Combination (History &amp; Crest) : 26 x 20 cm | 10 x 8 inches.€14.95 Family Histories and Family Combin,,,,,,,,,,,,,g,,,true,true,,,active
cary,,,,,,,true,,,,,,,,,,,,,,,,,,https://irishfamilysurnames.com/wp-content/uploads/2021/03/irishfamilysurnameslogo2.jpg,2,Cary,,,,,,,,,,,,,,,,,,,,,,,active
cary,,,,,,,true,,,,,,,,,,,,,,,,,,https://irishfamilysurnames.com/wp-content/uploads/2021/04/callaghan-B-H-300x375.jpg,3,Cary,,,,,,,,,,,,,,,,,,,,,,,active
cary,,,,,,,true,,,,,,,,,,,,,,,,,,https://irishfamilysurnames.com/wp-content/uploads/2021/04/cahill-B-H-300x375.jpg,4,Cary,,,,,,,,,,,,,,,,,,,,,,,active
cary,,,,,,,true,,,,,,,,,,,,,,,,,,https://irishfamilysurnames.com/wp-content/uploads/2021/04/conlan-B-H-300x375.jpg,5,Cary,,,,,,,,,,,,,,,,,,,,,,,active
casey,Family name History & Crest Plaques - Casey,"<p>Learn the full history of your family with a Family History or a Crest/History Combination.</p><p>Family History Standard : 16 x 20 cm | 6 x 8 inches. €9.90</p><p>Family History Large : 20 x 26 cm | 8 x 10 inches. €12.50</p><p>Family Combination (History &amp;amp;amp; Crest) : 26 x 20 cm | 10 x 8 inches.€14.95</p><p>Family Histories and Family Combinations are supplied mounted and ready to frame.<br/>FREE WORLDWIDE POSTAGE</p>",Irish Family Surnames,,General,"Heraldic Irish Family Names, Gifts under €25, Surname C",true,Title,Default Title,,,,,4287,0,shopify,20,deny,manual,12.45,,true,true,,https://irishfamilysurnames.com/wp-content/uploads/2021/04/casey-B-H.jpg,1,Casey,false,Family name History & Crest Plaques - Casey,Learn the full history of your family with a Family History or a Crest/History Combination. Family History Standard : 16 x 20 cm | 6 x 8 inches. €9.90 Family History Large : 20 x 26 cm | 8 x 10 inches. €12.50 Family Combination (History &amp; Crest) : 26 x 20 cm | 10 x 8 inches.€14.95 Family Histories and Family Combin,,,,,,,,,,,,,g,,,true,true,,,active
casey,,,,,,,true,,,,,,,,,,,,,,,,,,https://irishfamilysurnames.com/wp-content/uploads/2021/03/irishfamilysurnameslogo2.jpg,2,Casey,,,,,,,,,,,,,,,,,,,,,,,active
casey,,,,,,,true,,,,,,,,,,,,,,,,,,https://irishfamilysurnames.com/wp-content/uploads/2021/04/carney-B-H-300x375.jpg,3,Casey,,,,,,,,,,,,,,,,,,,,,,,active
casey,,,,,,,true,,,,,,,,,,,,,,,,,,https://irishfamilysurnames.com/wp-content/uploads/2021/04/cleary-B-H-300x375.jpg,4,Casey,,,,,,,,,,,,,,,,,,,,,,,active
casey,,,,,,,true,,,,,,,,,,,,,,,,,,https://irishfamilysurnames.com/wp-content/uploads/2021/04/conlan-B-H-300x375.jpg,5,Casey,,,,,,,,,,,,,,,,,,,,,,,active
cassidy,Family name History & Crest Plaques - Cassidy,"<p>Learn the full history of your family with a Family History or a Crest/History Combination.</p><p>Family History Standard : 16 x 20 cm | 6 x 8 inches. €9.90</p><p>Family History Large : 20 x 26 cm | 8 x 10 inches. €12.50</p><p>Family Combination (History &amp;amp;amp; Crest) : 26 x 20 cm | 10 x 8 inches.€14.95</p><p>Family Histories and Family Combinations are supplied mounted and ready to frame.<br/>FREE WORLDWIDE POSTAGE</p>",Irish Family Surnames,,General,"Heraldic Irish Family Names, Gifts under €25, Surname C",true,Title,Default Title,,,,,4298,0,shopify,20,deny,manual,12.45,,true,true,,https://irishfamilysurnames.com/wp-content/uploads/2021/04/cassidy-B-H.jpg,1,Cassidy,false,Family name History & Crest Plaques - Cassidy,Learn the full history of your family with a Family History or a Crest/History Combination. Family History Standard : 16 x 20 cm | 6 x 8 inches. €9.90 Family History Large : 20 x 26 cm | 8 x 10 inches. €12.50 Family Combination (History &amp; Crest) : 26 x 20 cm | 10 x 8 inches.€14.95 Family Histories and Family Combin,,,,,,,,,,,,,g,,,true,true,,,active
cassidy,,,,,,,true,,,,,,,,,,,,,,,,,,https://irishfamilysurnames.com/wp-content/uploads/2021/03/irishfamilysurnameslogo2.jpg,2,Cassidy,,,,,,,,,,,,,,,,,,,,,,,active
cassidy,,,,,,,true,,,,,,,,,,,,,,,,,,https://irishfamilysurnames.com/wp-content/uploads/2021/04/carroll-B-H-300x375.jpg,3,Cassidy,,,,,,,,,,,,,,,,,,,,,,,active
cassidy,,,,,,,true,,,,,,,,,,,,,,,,,,https://irishfamilysurnames.com/wp-content/uploads/2021/04/callahan-B-H-1-300x375.jpg,4,Cassidy,,,,,,,,,,,,,,,,,,,,,,,active
cassidy,,,,,,,true,,,,,,,,,,,,,,,,,,https://irishfamilysurnames.com/wp-content/uploads/2021/04/collins-B-H-300x375.jpg,5,Cassidy,,,,,,,,,,,,,,,,,,,,,,,active
cavanagh,Family name History & Crest Plaques - Cavanagh,"<p>Learn the full history of your family with a Family History or a Crest/History Combination.</p><p>Family History Standard : 16 x 20 cm | 6 x 8 inches. €9.90</p><p>Family History Large : 20 x 26 cm | 8 x 10 inches. €12.50</p><p>Family Combination (History &amp;amp;amp; Crest) : 26 x 20 cm | 10 x 8 inches.€14.95</p><p>Family Histories and Family Combinations are supplied mounted and ready to frame.<br/>FREE WORLDWIDE POSTAGE</p>",Irish Family Surnames,,General,"Heraldic Irish Family Names, Gifts under €25, Surname C",true,Title,Default Title,,,,,4309,0,shopify,20,deny,manual,12.45,,true,true,,https://irishfamilysurnames.com/wp-content/uploads/2021/04/cavanagh-B-H.jpg,1,Cavanagh,false,Family name History & Crest Plaques - Cavanagh,Learn the full history of your family with a Family History or a Crest/History Combination. Family History Standard : 16 x 20 cm | 6 x 8 inches. €9.90 Family History Large : 20 x 26 cm | 8 x 10 inches. €12.50 Family Combination (History &amp; Crest) : 26 x 20 cm | 10 x 8 inches.€14.95 Family Histories and Family Combin,,,,,,,,,,,,,g,,,true,true,,,active
cavanagh,,,,,,,true,,,,,,,,,,,,,,,,,,https://irishfamilysurnames.com/wp-content/uploads/2021/03/irishfamilysurnameslogo2.jpg,2,Cavanagh,,,,,,,,,,,,,,,,,,,,,,,active
cavanagh,,,,,,,true,,,,,,,,,,,,,,,,,,https://irishfamilysurnames.com/wp-content/uploads/2021/04/conway-B-H-300x375.jpg,3,Cavanagh,,,,,,,,,,,,,,,,,,,,,,,active
cavanagh,,,,,,,true,,,,,,,,,,,,,,,,,,https://irishfamilysurnames.com/wp-content/uploads/2021/04/connor-B-H-300x375.jpg,4,Cavanagh,,,,,,,,,,,,,,,,,,,,,,,active
cavanagh,,,,,,,true,,,,,,,,,,,,,,,,,,https://irishfamilysurnames.com/wp-content/uploads/2021/04/campbell-B-H-300x375.jpg,5,Cavanagh,,,,,,,,,,,,,,,,,,,,,,,active
cavanaugh,Family name History & Crest Plaques - Cavanaugh,"<p>Learn the full history of your family with a Family History or a Crest/History Combination.</p><p>Family History Standard : 16 x 20 cm | 6 x 8 inches. €9.90</p><p>Family History Large : 20 x 26 cm | 8 x 10 inches. €12.50</p><p>Family Combination (History &amp;amp;amp; Crest) : 26 x 20 cm | 10 x 8 inches.€14.95</p><p>Family Histories and Family Combinations are supplied mounted and ready to frame.<br/>FREE WORLDWIDE POSTAGE</p>",Irish Family Surnames,,General,"Heraldic Irish Family Names, Gifts under €25, Surname C",true,Title,Default Title,,,,,4320,0,shopify,20,deny,manual,12.45,,true,true,,https://irishfamilysurnames.com/wp-content/uploads/2021/04/cavanaugh-B-H.jpg,1,Cavanaugh,false,Family name History & Crest Plaques - Cavanaugh,Learn the full history of your family with a Family History or a Crest/History Combination. Family History Standard : 16 x 20 cm | 6 x 8 inches. €9.90 Family History Large : 20 x 26 cm | 8 x 10 inches. €12.50 Family Combination (History &amp; Crest) : 26 x 20 cm | 10 x 8 inches.€14.95 Family Histories and Family Combin,,,,,,,,,,,,,g,,,true,true,,,active
cavanaugh,,,,,,,true,,,,,,,,,,,,,,,,,,https://irishfamilysurnames.com/wp-content/uploads/2021/03/irishfamilysurnameslogo2.jpg,2,Cavanaugh,,,,,,,,,,,,,,,,,,,,,,,active
cavanaugh,,,,,,,true,,,,,,,,,,,,,,,,,,https://irishfamilysurnames.com/wp-content/uploads/2021/04/coleman-B-H-300x375.jpg,3,Cavanaugh,,,,,,,,,,,,,,,,,,,,,,,active
cavanaugh,,,,,,,true,,,,,,,,,,,,,,,,,,https://irishfamilysurnames.com/wp-content/uploads/2021/04/conlan-B-H-300x375.jpg,4,Cavanaugh,,,,,,,,,,,,,,,,,,,,,,,active
cavanaugh,,,,,,,true,,,,,,,,,,,,,,,,,,https://irishfamilysurnames.com/wp-content/uploads/2021/04/corcoran-B-H-300x375.jpg,5,Cavanaugh,,,,,,,,,,,,,,,,,,,,,,,active
clancy,Family name History & Crest Plaques - Clancy,"<p>Learn the full history of your family with a Family History or a Crest/History Combination.</p><p>Family History Standard : 16 x 20 cm | 6 x 8 inches. €9.90</p><p>Family History Large : 20 x 26 cm | 8 x 10 inches. €12.50</p><p>Family Combination (History &amp;amp;amp; Crest) : 26 x 20 cm | 10 x 8 inches.€14.95</p><p>Family Histories and Family Combinations are supplied mounted and ready to frame.<br/>FREE WORLDWIDE POSTAGE</p>",Irish Family Surnames,,General,"Heraldic Irish Family Names, Gifts under €25, Surname C",true,Title,Default Title,,,,,4331,0,shopify,20,deny,manual,12.45,,true,true,,https://irishfamilysurnames.com/wp-content/uploads/2021/04/clancy-B-H.jpg,1,Clancy,false,Family name History & Crest Plaques - Clancy,Learn the full history of your family with a Family History or a Crest/History Combination. Family History Standard : 16 x 20 cm | 6 x 8 inches. €9.90 Family History Large : 20 x 26 cm | 8 x 10 inches. €12.50 Family Combination (History &amp; Crest) : 26 x 20 cm | 10 x 8 inches.€14.95 Family Histories and Family Combin,,,,,,,,,,,,,g,,,true,true,,,active
clancy,,,,,,,true,,,,,,,,,,,,,,,,,,https://irishfamilysurnames.com/wp-content/uploads/2021/03/irishfamilysurnameslogo2.jpg,2,Clancy,,,,,,,,,,,,,,,,,,,,,,,active
clancy,,,,,,,true,,,,,,,,,,,,,,,,,,https://irishfamilysurnames.com/wp-content/uploads/2021/04/corcoran-B-H-300x375.jpg,3,Clancy,,,,,,,,,,,,,,,,,,,,,,,active
clancy,,,,,,,true,,,,,,,,,,,,,,,,,,https://irishfamilysurnames.com/wp-content/uploads/2021/04/connell-B-H-300x375.jpg,4,Clancy,,,,,,,,,,,,,,,,,,,,,,,active
clancy,,,,,,,true,,,,,,,,,,,,,,,,,,https://irishfamilysurnames.com/wp-content/uploads/2021/04/clarke-B-H-300x375.jpg,5,Clancy,,,,,,,,,,,,,,,,,,,,,,,active
clark,Family name History & Crest Plaques - Clark,"<p>Learn the full history of your family with a Family History or a Crest/History Combination.</p><p>Family History Standard : 16 x 20 cm | 6 x 8 inches. €9.90</p><p>Family History Large : 20 x 26 cm | 8 x 10 inches. €12.50</p><p>Family Combination (History &amp;amp;amp; Crest) : 26 x 20 cm | 10 x 8 inches.€14.95</p><p>Family Histories and Family Combinations are supplied mounted and ready to frame.<br/>FREE WORLDWIDE POSTAGE</p>",Irish Family Surnames,,General,"Heraldic Irish Family Names, Gifts under €25, Surname C",true,Title,Default Title,,,,,4343,0,shopify,20,deny,manual,12.45,,true,true,,https://irishfamilysurnames.com/wp-content/uploads/2021/04/clark-B-H.jpg,1,Clark,false,Family name History & Crest Plaques - Clark,Learn the full history of your family with a Family History or a Crest/History Combination. Family History Standard : 16 x 20 cm | 6 x 8 inches. €9.90 Family History Large : 20 x 26 cm | 8 x 10 inches. €12.50 Family Combination (History &amp; Crest) : 26 x 20 cm | 10 x 8 inches.€14.95 Family Histories and Family Combin,,,,,,,,,,,,,g,,,true,true,,,active
clark,,,,,,,true,,,,,,,,,,,,,,,,,,https://irishfamilysurnames.com/wp-content/uploads/2021/03/irishfamilysurnameslogo2.jpg,2,Clark,,,,,,,,,,,,,,,,,,,,,,,active
clark,,,,,,,true,,,,,,,,,,,,,,,,,,https://irishfamilysurnames.com/wp-content/uploads/2021/04/callahan-B-H-1-300x375.jpg,3,Clark,,,,,,,,,,,,,,,,,,,,,,,active
clark,,,,,,,true,,,,,,,,,,,,,,,,,,https://irishfamilysurnames.com/wp-content/uploads/2021/04/condon-B-H-300x375.jpg,4,Clark,,,,,,,,,,,,,,,,,,,,,,,active
clark,,,,,,,true,,,,,,,,,,,,,,,,,,https://irishfamilysurnames.com/wp-content/uploads/2021/04/connolly-B-H-300x375.jpg,5,Clark,,,,,,,,,,,,,,,,,,,,,,,active
clarke,Family name History & Crest Plaques - Clarke,"<p>Learn the full history of your family with a Family History or a Crest/History Combination.</p><p>Family History Standard : 16 x 20 cm | 6 x 8 inches. €9.90</p><p>Family History Large : 20 x 26 cm | 8 x 10 inches. €12.50</p><p>Family Combination (History &amp;amp;amp; Crest) : 26 x 20 cm | 10 x 8 inches.€14.95</p><p>Family Histories and Family Combinations are supplied mounted and ready to frame.<br/>FREE WORLDWIDE POSTAGE</p>",Irish Family Surnames,,General,"Heraldic Irish Family Names, Gifts under €25, Surname C",true,Title,Default Title,,,,,4354,0,shopify,20,deny,manual,12.45,,true,true,,https://irishfamilysurnames.com/wp-content/uploads/2021/04/clarke-B-H.jpg,1,Clarke,false,Family name History & Crest Plaques - Clarke,Learn the full history of your family with a Family History or a Crest/History Combination. Family History Standard : 16 x 20 cm | 6 x 8 inches. €9.90 Family History Large : 20 x 26 cm | 8 x 10 inches. €12.50 Family Combination (History &amp; Crest) : 26 x 20 cm | 10 x 8 inches.€14.95 Family Histories and Family Combin,,,,,,,,,,,,,g,,,true,true,,,active
clarke,,,,,,,true,,,,,,,,,,,,,,,,,,https://irishfamilysurnames.com/wp-content/uploads/2021/03/irishfamilysurnameslogo2.jpg,2,Clarke,,,,,,,,,,,,,,,,,,,,,,,active
clarke,,,,,,,true,,,,,,,,,,,,,,,,,,https://irishfamilysurnames.com/wp-content/uploads/2021/04/condon-B-H-300x375.jpg,3,Clarke,,,,,,,,,,,,,,,,,,,,,,,active
clarke,,,,,,,true,,,,,,,,,,,,,,,,,,https://irishfamilysurnames.com/wp-content/uploads/2021/04/cahill-B-H-300x375.jpg,4,Clarke,,,,,,,,,,,,,,,,,,,,,,,active
clarke,,,,,,,true,,,,,,,,,,,,,,,,,,https://irishfamilysurnames.com/wp-content/uploads/2021/04/callaghan-B-H-300x375.jpg,5,Clarke,,,,,,,,,,,,,,,,,,,,,,,active
cahill,Family name History & Crest Plaques - Cahill,"<p>Learn the full history of your family with a Family History or a Crest/History Combination.</p><p>Family History Standard : 16 x 20 cm | 6 x 8 inches. €9.90</p><p>Family History Large : 20 x 26 cm | 8 x 10 inches. €12.50</p><p>Family Combination (History &amp;amp;amp; Crest) : 26 x 20 cm | 10 x 8 inches.€14.95</p><p>Family Histories and Family Combinations are supplied mounted and ready to frame.<br/>FREE WORLDWIDE POSTAGE</p>",Irish Family Surnames,,General,"Heraldic Irish Family Names, Gifts under €25, Surname C",true,Title,Default Title,,,,,3330,0,shopify,20,deny,manual,12.45,,true,true,,https://irishfamilysurnames.com/wp-content/uploads/2021/04/cahill-B-H.jpg,1,Cahill,false,Family name History & Crest Plaques - Cahill,Learn the full history of your family with a Family History or a Crest/History Combination. Family History Standard : 16 x 20 cm | 6 x 8 inches. €9.90 Family History Large : 20 x 26 cm | 8 x 10 inches. €12.50 Family Combination (History &amp; Crest) : 26 x 20 cm | 10 x 8 inches.€14.95 Family Histories and Family Combin,,,,,,,,,,,,,g,,,true,true,,,active
cahill,,,,,,,true,,,,,,,,,,,,,,,,,,https://irishfamilysurnames.com/wp-content/uploads/2021/03/irishfamilysurnameslogo2.jpg,2,Cahill,,,,,,,,,,,,,,,,,,,,,,,active
cahill,,,,,,,true,,,,,,,,,,,,,,,,,,https://irishfamilysurnames.com/wp-content/uploads/2021/04/carney-B-H-300x375.jpg,3,Cahill,,,,,,,,,,,,,,,,,,,,,,,active
cahill,,,,,,,true,,,,,,,,,,,,,,,,,,https://irishfamilysurnames.com/wp-content/uploads/2021/04/cary-B-H-300x375.jpg,4,Cahill,,,,,,,,,,,,,,,,,,,,,,,active
cahill,,,,,,,true,,,,,,,,,,,,,,,,,,https://irishfamilysurnames.com/wp-content/uploads/2021/04/conway-B-H-300x375.jpg,5,Cahill,,,,,,,,,,,,,,,,,,,,,,,active
boland,Family name History & Crest Plaques - Boland,"<p>Learn the full history of your family with a Family History or a Crest/History Combination.</p><p>Family History Standard : 16 x 20 cm | 6 x 8 inches. €9.90</p><p>Family History Large : 20 x 26 cm | 8 x 10 inches. €12.50</p><p>Family Combination (History &amp;amp;amp; Crest) : 26 x 20 cm | 10 x 8 inches.€14.95</p><p>Family Histories and Family Combinations are supplied mounted and ready to frame.<br/>FREE WORLDWIDE POSTAGE</p>",Irish Family Surnames,,General,"Heraldic Irish Family Names, Gifts under €25, Surname B",true,Title,Default Title,,,,,3132,0,shopify,20,deny,manual,12.45,,true,true,,https://irishfamilysurnames.com/wp-content/uploads/2021/04/boland-B-H.jpg,1,Boland,false,Family name History & Crest Plaques - Boland,Learn the full history of your family with a Family History or a Crest/History Combination. Family History Standard : 16 x 20 cm | 6 x 8 inches. €9.90 Family History Large : 20 x 26 cm | 8 x 10 inches. €12.50 Family Combination (History &amp; Crest) : 26 x 20 cm | 10 x 8 inches.€14.95 Family Histories and Family Combin,,,,,,,,,,,,,g,,,true,true,,,active
boland,,,,,,,true,,,,,,,,,,,,,,,,,,https://irishfamilysurnames.com/wp-content/uploads/2021/03/irishfamilysurnameslogo2.jpg,2,Boland,,,,,,,,,,,,,,,,,,,,,,,active
boland,,,,,,,true,,,,,,,,,,,,,,,,,,https://irishfamilysurnames.com/wp-content/uploads/2021/04/brien-B-H-300x375.jpg,3,Boland,,,,,,,,,,,,,,,,,,,,,,,active
boland,,,,,,,true,,,,,,,,,,,,,,,,,,https://irishfamilysurnames.com/wp-content/uploads/2021/04/boyle-B-H-300x375.jpg,4,Boland,,,,,,,,,,,,,,,,,,,,,,,active
boland,,,,,,,true,,,,,,,,,,,,,,,,,,https://irishfamilysurnames.com/wp-content/uploads/2021/04/brophy-B-H-300x375.jpg,5,Boland,,,,,,,,,,,,,,,,,,,,,,,active
bolger,Family name History & Crest Plaques - Bolger,"<p>Learn the full history of your family with a Family History or a Crest/History Combination.</p><p>Family History Standard : 16 x 20 cm | 6 x 8 inches. €9.90</p><p>Family History Large : 20 x 26 cm | 8 x 10 inches. €12.50</p><p>Family Combination (History &amp;amp;amp; Crest) : 26 x 20 cm | 10 x 8 inches.€14.95</p><p>Family Histories and Family Combinations are supplied mounted and ready to frame.<br/>FREE WORLDWIDE POSTAGE</p>",Irish Family Surnames,,General,"Heraldic Irish Family Names, Gifts under €25, Surname B",true,Title,Default Title,,,,,3143,0,shopify,20,deny,manual,12.45,,true,true,,https://irishfamilysurnames.com/wp-content/uploads/2021/04/bolger-B-H.jpg,1,Bolger,false,Family name History & Crest Plaques - Bolger,Learn the full history of your family with a Family History or a Crest/History Combination. Family History Standard : 16 x 20 cm | 6 x 8 inches. €9.90 Family History Large : 20 x 26 cm | 8 x 10 inches. €12.50 Family Combination (History &amp; Crest) : 26 x 20 cm | 10 x 8 inches.€14.95 Family Histories and Family Combin,,,,,,,,,,,,,g,,,true,true,,,active
bolger,,,,,,,true,,,,,,,,,,,,,,,,,,https://irishfamilysurnames.com/wp-content/uploads/2021/03/irishfamilysurnameslogo2.jpg,2,Bolger,,,,,,,,,,,,,,,,,,,,,,,active
bolger,,,,,,,true,,,,,,,,,,,,,,,,,,https://irishfamilysurnames.com/wp-content/uploads/2021/04/bradley-B-H-300x375.jpg,3,Bolger,,,,,,,,,,,,,,,,,,,,,,,active
bolger,,,,,,,true,,,,,,,,,,,,,,,,,,https://irishfamilysurnames.com/wp-content/uploads/2021/04/bourke-B-H-300x375.jpg,4,Bolger,,,,,,,,,,,,,,,,,,,,,,,active
bolger,,,,,,,true,,,,,,,,,,,,,,,,,,https://irishfamilysurnames.com/wp-content/uploads/2021/04/barrett-B-H-300x375.jpg,5,Bolger,,,,,,,,,,,,,,,,,,,,,,,active
boylan,Family name History & Crest Plaques - Boylan,"<p>Learn the full history of your family with a Family History or a Crest/History Combination.</p><p>Family History Standard : 16 x 20 cm | 6 x 8 inches. €9.90</p><p>Family History Large : 20 x 26 cm | 8 x 10 inches. €12.50</p><p>Family Combination (History &amp;amp;amp; Crest) : 26 x 20 cm | 10 x 8 inches.€14.95</p><p>Family Histories and Family Combinations are supplied mounted and ready to frame.<br/>FREE WORLDWIDE POSTAGE</p>",Irish Family Surnames,,General,"Heraldic Irish Family Names, Gifts under €25, Surname B",true,Title,Default Title,,,,,3165,0,shopify,20,deny,manual,12.45,,true,true,,https://irishfamilysurnames.com/wp-content/uploads/2021/04/boylan-B-H.jpg,1,Boylan,false,Family name History & Crest Plaques - Boylan,Learn the full history of your family with a Family History or a Crest/History Combination. Family History Standard : 16 x 20 cm | 6 x 8 inches. €9.90 Family History Large : 20 x 26 cm | 8 x 10 inches. €12.50 Family Combination (History &amp; Crest) : 26 x 20 cm | 10 x 8 inches.€14.95 Family Histories and Family Combin,,,,,,,,,,,,,g,,,true,true,,,active
boylan,,,,,,,true,,,,,,,,,,,,,,,,,,https://irishfamilysurnames.com/wp-content/uploads/2021/03/irishfamilysurnameslogo2.jpg,2,Boylan,,,,,,,,,,,,,,,,,,,,,,,active
boylan,,,,,,,true,,,,,,,,,,,,,,,,,,https://irishfamilysurnames.com/wp-content/uploads/2021/04/burns-B-H-300x375.jpg,3,Boylan,,,,,,,,,,,,,,,,,,,,,,,active
boylan,,,,,,,true,,,,,,,,,,,,,,,,,,https://irishfamilysurnames.com/wp-content/uploads/2021/04/behan-B-H-300x375.jpg,4,Boylan,,,,,,,,,,,,,,,,,,,,,,,active
boylan,,,,,,,true,,,,,,,,,,,,,,,,,,https://irishfamilysurnames.com/wp-content/uploads/2021/04/blake-B-H-300x375.jpg,5,Boylan,,,,,,,,,,,,,,,,,,,,,,,active
boyle,Family name History & Crest Plaques - Boyle,"<p>Learn the full history of your family with a Family History or a Crest/History Combination.</p><p>Family History Standard : 16 x 20 cm | 6 x 8 inches. €9.90</p><p>Family History Large : 20 x 26 cm | 8 x 10 inches. €12.50</p><p>Family Combination (History &amp;amp;amp; Crest) : 26 x 20 cm | 10 x 8 inches.€14.95</p><p>Family Histories and Family Combinations are supplied mounted and ready to frame.<br/>FREE WORLDWIDE POSTAGE</p>",Irish Family Surnames,,General,"Heraldic Irish Family Names, Gifts under €25, Surname B",true,Title,Default Title,,,,,3176,0,shopify,20,deny,manual,12.45,,true,true,,https://irishfamilysurnames.com/wp-content/uploads/2021/04/boyle-B-H.jpg,1,Boyle,false,Family name History & Crest Plaques - Boyle,Learn the full history of your family with a Family History or a Crest/History Combination. Family History Standard : 16 x 20 cm | 6 x 8 inches. €9.90 Family History Large : 20 x 26 cm | 8 x 10 inches. €12.50 Family Combination (History &amp; Crest) : 26 x 20 cm | 10 x 8 inches.€14.95 Family Histories and Family Combin,,,,,,,,,,,,,g,,,true,true,,,active
boyle,,,,,,,true,,,,,,,,,,,,,,,,,,https://irishfamilysurnames.com/wp-content/uploads/2021/03/irishfamilysurnameslogo2.jpg,2,Boyle,,,,,,,,,,,,,,,,,,,,,,,active
boyle,,,,,,,true,,,,,,,,,,,,,,,,,,https://irishfamilysurnames.com/wp-content/uploads/2021/04/boland-B-H-300x375.jpg,3,Boyle,,,,,,,,,,,,,,,,,,,,,,,active
boyle,,,,,,,true,,,,,,,,,,,,,,,,,,https://irishfamilysurnames.com/wp-content/uploads/2021/04/brady-B-H-300x375.jpg,4,Boyle,,,,,,,,,,,,,,,,,,,,,,,active
boyle,,,,,,,true,,,,,,,,,,,,,,,,,,https://irishfamilysurnames.com/wp-content/uploads/2021/04/bolger-B-H-300x375.jpg,5,Boyle,,,,,,,,,,,,,,,,,,,,,,,active
leary,Family name History & Crest Plaques - Leary,"<p>Learn the full history of your family with a Family History or a Crest/History Combination.</p><p>Family History Standard : 16 x 20 cm | 6 x 8 inches. €9.90</p><p>Family History Large : 20 x 26 cm | 8 x 10 inches. €12.50</p><p>Family Combination (History &amp;amp;amp; Crest) : 26 x 20 cm | 10 x 8 inches.€14.95</p><p>Family Histories and Family Combinations are supplied mounted and ready to frame.<br/>FREE WORLDWIDE POSTAGE</p>",Irish Family Surnames,,General,"Heraldic Irish Family Names, Gifts under €25, Surname L",true,Title,Default Title,,,,,1916,0,shopify,20,deny,manual,12.45,,true,true,,https://irishfamilysurnames.com/wp-content/uploads/2021/04/leary-B-H-1.jpg,1,Leary,false,Family name History & Crest Plaques - Leary,Learn the full history of your family with a Family History or a Crest/History Combination. Family History Standard : 16 x 20 cm | 6 x 8 inches. €9.90 Family History Large : 20 x 26 cm | 8 x 10 inches. €12.50 Family Combination (History &amp; Crest) : 26 x 20 cm | 10 x 8 inches.€14.95 Family Histories and Family Combin,,,,,,,,,,,,,g,,,true,true,,,active
leary,,,,,,,true,,,,,,,,,,,,,,,,,,https://irishfamilysurnames.com/wp-content/uploads/2021/03/irishfamilysurnameslogo2.jpg,2,Leary,,,,,,,,,,,,,,,,,,,,,,,active
leary,,,,,,,true,,,,,,,,,,,,,,,,,,https://irishfamilysurnames.com/wp-content/uploads/2021/04/lalor-B-H-300x375.jpg,3,Leary,,,,,,,,,,,,,,,,,,,,,,,active
leary,,,,,,,true,,,,,,,,,,,,,,,,,,https://irishfamilysurnames.com/wp-content/uploads/2021/04/lynch-B-H-1-300x375.jpg,4,Leary,,,,,,,,,,,,,,,,,,,,,,,active
leary,,,,,,,true,,,,,,,,,,,,,,,,,,https://irishfamilysurnames.com/wp-content/uploads/2021/04/lenihan-B-H-1-300x375.jpg,5,Leary,,,,,,,,,,,,,,,,,,,,,,,active
cleary,Family name History & Crest Plaques - Cleary,"<p>Learn the full history of your family with a Family History or a Crest/History Combination.</p><p>Family History Standard : 16 x 20 cm | 6 x 8 inches. €9.90</p><p>Family History Large : 20 x 26 cm | 8 x 10 inches. €12.50</p><p>Family Combination (History &amp;amp;amp; Crest) : 26 x 20 cm | 10 x 8 inches.€14.95</p><p>Family Histories and Family Combinations are supplied mounted and ready to frame.<br/>FREE WORLDWIDE POSTAGE</p>",Irish Family Surnames,,General,"Heraldic Irish Family Names, Gifts under €25, Surname C",true,Title,Default Title,,,,,4366,0,shopify,20,deny,manual,12.45,,true,true,,https://irishfamilysurnames.com/wp-content/uploads/2021/04/cleary-B-H.jpg,1,Cleary,false,Family name History & Crest Plaques - Cleary,Learn the full history of your family with a Family History or a Crest/History Combination. Family History Standard : 16 x 20 cm | 6 x 8 inches. €9.90 Family History Large : 20 x 26 cm | 8 x 10 inches. €12.50 Family Combination (History &amp; Crest) : 26 x 20 cm | 10 x 8 inches.€14.95 Family Histories and Family Combin,,,,,,,,,,,,,g,,,true,true,,,active
cleary,,,,,,,true,,,,,,,,,,,,,,,,,,https://irishfamilysurnames.com/wp-content/uploads/2021/03/irishfamilysurnameslogo2.jpg,2,Cleary,,,,,,,,,,,,,,,,,,,,,,,active
cleary,,,,,,,true,,,,,,,,,,,,,,,,,,https://irishfamilysurnames.com/wp-content/uploads/2021/04/carroll-B-H-300x375.jpg,3,Cleary,,,,,,,,,,,,,,,,,,,,,,,active
cleary,,,,,,,true,,,,,,,,,,,,,,,,,,https://irishfamilysurnames.com/wp-content/uploads/2021/04/condon-B-H-300x375.jpg,4,Cleary,,,,,,,,,,,,,,,,,,,,,,,active
cleary,,,,,,,true,,,,,,,,,,,,,,,,,,https://irishfamilysurnames.com/wp-content/uploads/2021/04/cavanaugh-B-H-300x375.jpg,5,Cleary,,,,,,,,,,,,,,,,,,,,,,,active
clery,Family name History & Crest Plaques - Clery,"<p>Learn the full history of your family with a Family History or a Crest/History Combination.</p><p>Family History Standard : 16 x 20 cm | 6 x 8 inches. €9.90</p><p>Family History Large : 20 x 26 cm | 8 x 10 inches. €12.50</p><p>Family Combination (History &amp;amp;amp; Crest) : 26 x 20 cm | 10 x 8 inches.€14.95</p><p>Family Histories and Family Combinations are supplied mounted and ready to frame.<br/>FREE WORLDWIDE POSTAGE</p>",Irish Family Surnames,,General,"Heraldic Irish Family Names, Gifts under €25, Surname C",true,Title,Default Title,,,,,4389,0,shopify,20,deny,manual,12.45,,true,true,,https://irishfamilysurnames.com/wp-content/uploads/2021/04/clery-B-H.jpg,1,Clery,false,Family name History & Crest Plaques - Clery,Learn the full history of your family with a Family History or a Crest/History Combination. Family History Standard : 16 x 20 cm | 6 x 8 inches. €9.90 Family History Large : 20 x 26 cm | 8 x 10 inches. €12.50 Family Combination (History &amp; Crest) : 26 x 20 cm | 10 x 8 inches.€14.95 Family Histories and Family Combin,,,,,,,,,,,,,g,,,true,true,,,active
clery,,,,,,,true,,,,,,,,,,,,,,,,,,https://irishfamilysurnames.com/wp-content/uploads/2021/03/irishfamilysurnameslogo2.jpg,2,Clery,,,,,,,,,,,,,,,,,,,,,,,active
clery,,,,,,,true,,,,,,,,,,,,,,,,,,https://irishfamilysurnames.com/wp-content/uploads/2021/04/cavanagh-B-H-300x375.jpg,3,Clery,,,,,,,,,,,,,,,,,,,,,,,active
clery,,,,,,,true,,,,,,,,,,,,,,,,,,https://irishfamilysurnames.com/wp-content/uploads/2021/04/callahan-B-H-1-300x375.jpg,4,Clery,,,,,,,,,,,,,,,,,,,,,,,active
clery,,,,,,,true,,,,,,,,,,,,,,,,,,https://irishfamilysurnames.com/wp-content/uploads/2021/04/carroll-B-H-300x375.jpg,5,Clery,,,,,,,,,,,,,,,,,,,,,,,active
coffey,Family name History & Crest Plaques - Coffey,"<p>Learn the full history of your family with a Family History or a Crest/History Combination.</p><p>Family History Standard : 16 x 20 cm | 6 x 8 inches. €9.90</p><p>Family History Large : 20 x 26 cm | 8 x 10 inches. €12.50</p><p>Family Combination (History &amp;amp;amp; Crest) : 26 x 20 cm | 10 x 8 inches.€14.95</p><p>Family Histories and Family Combinations are supplied mounted and ready to frame.<br/>FREE WORLDWIDE POSTAGE</p>",Irish Family Surnames,,General,"Heraldic Irish Family Names, Gifts under €25, Surname C",true,Title,Default Title,,,,,4400,0,shopify,20,deny,manual,12.45,,true,true,,https://irishfamilysurnames.com/wp-content/uploads/2021/04/coffey-B-H.jpg,1,Coffey,false,Family name History & Crest Plaques - Coffey,Learn the full history of your family with a Family History or a Crest/History Combination. Family History Standard : 16 x 20 cm | 6 x 8 inches. €9.90 Family History Large : 20 x 26 cm | 8 x 10 inches. €12.50 Family Combination (History &amp; Crest) : 26 x 20 cm | 10 x 8 inches.€14.95 Family Histories and Family Combin,,,,,,,,,,,,,g,,,true,true,,,active
coffey,,,,,,,true,,,,,,,,,,,,,,,,,,https://irishfamilysurnames.com/wp-content/uploads/2021/03/irishfamilysurnameslogo2.jpg,2,Coffey,,,,,,,,,,,,,,,,,,,,,,,active
coffey,,,,,,,true,,,,,,,,,,,,,,,,,,https://irishfamilysurnames.com/wp-content/uploads/2021/04/collins-B-H-300x375.jpg,3,Coffey,,,,,,,,,,,,,,,,,,,,,,,active
coffey,,,,,,,true,,,,,,,,,,,,,,,,,,https://irishfamilysurnames.com/wp-content/uploads/2021/04/callahan-B-H-1-300x375.jpg,4,Coffey,,,,,,,,,,,,,,,,,,,,,,,active
coffey,,,,,,,true,,,,,,,,,,,,,,,,,,https://irishfamilysurnames.com/wp-content/uploads/2021/04/carey-B-H-300x375.jpg,5,Coffey,,,,,,,,,,,,,,,,,,,,,,,active
coleman,Family name History & Crest Plaques - Coleman,"<p>Learn the full history of your family with a Family History or a Crest/History Combination.</p><p>Family History Standard : 16 x 20 cm | 6 x 8 inches. €9.90</p><p>Family History Large : 20 x 26 cm | 8 x 10 inches. €12.50</p><p>Family Combination (History &amp;amp;amp; Crest) : 26 x 20 cm | 10 x 8 inches.€14.95</p><p>Family Histories and Family Combinations are supplied mounted and ready to frame.<br/>FREE WORLDWIDE POSTAGE</p>",Irish Family Surnames,,General,"Heraldic Irish Family Names, Gifts under €25, Surname C",true,Title,Default Title,,,,,4411,0,shopify,20,deny,manual,12.45,,true,true,,https://irishfamilysurnames.com/wp-content/uploads/2021/04/coleman-B-H.jpg,1,Coleman,false,Family name History & Crest Plaques - Coleman,Learn the full history of your family with a Family History or a Crest/History Combination. Family History Standard : 16 x 20 cm | 6 x 8 inches. €9.90 Family History Large : 20 x 26 cm | 8 x 10 inches. €12.50 Family Combination (History &amp; Crest) : 26 x 20 cm | 10 x 8 inches.€14.95 Family Histories and Family Combin,,,,,,,,,,,,,g,,,true,true,,,active
coleman,,,,,,,true,,,,,,,,,,,,,,,,,,https://irishfamilysurnames.com/wp-content/uploads/2021/03/irishfamilysurnameslogo2.jpg,2,Coleman,,,,,,,,,,,,,,,,,,,,,,,active
coleman,,,,,,,true,,,,,,,,,,,,,,,,,,https://irishfamilysurnames.com/wp-content/uploads/2021/04/condon-B-H-300x375.jpg,3,Coleman,,,,,,,,,,,,,,,,,,,,,,,active
coleman,,,,,,,true,,,,,,,,,,,,,,,,,,https://irishfamilysurnames.com/wp-content/uploads/2021/04/corrigan-B-H-300x375.jpg,4,Coleman,,,,,,,,,,,,,,,,,,,,,,,active
coleman,,,,,,,true,,,,,,,,,,,,,,,,,,https://irishfamilysurnames.com/wp-content/uploads/2021/04/connolly-B-H-300x375.jpg,5,Coleman,,,,,,,,,,,,,,,,,,,,,,,active
collins,Family name History & Crest Plaques - Collins,"<p>Learn the full history of your family with a Family History or a Crest/History Combination.</p><p>Family History Standard : 16 x 20 cm | 6 x 8 inches. €9.90</p><p>Family History Large : 20 x 26 cm | 8 x 10 inches. €12.50</p><p>Family Combination (History &amp;amp;amp; Crest) : 26 x 20 cm | 10 x 8 inches.€14.95</p><p>Family Histories and Family Combinations are supplied mounted and ready to frame.<br/>FREE WORLDWIDE POSTAGE</p>",Irish Family Surnames,,General,"Heraldic Irish Family Names, Gifts under €25, Surname C",true,Title,Default Title,,,,,4422,0,shopify,20,deny,manual,12.45,,true,true,,https://irishfamilysurnames.com/wp-content/uploads/2021/04/collins-B-H.jpg,1,Collins,false,Family name History & Crest Plaques - Collins,Learn the full history of your family with a Family History or a Crest/History Combination. Family History Standard : 16 x 20 cm | 6 x 8 inches. €9.90 Family History Large : 20 x 26 cm | 8 x 10 inches. €12.50 Family Combination (History &amp; Crest) : 26 x 20 cm | 10 x 8 inches.€14.95 Family Histories and Family Combin,,,,,,,,,,,,,g,,,true,true,,,active
collins,,,,,,,true,,,,,,,,,,,,,,,,,,https://irishfamilysurnames.com/wp-content/uploads/2021/03/irishfamilysurnameslogo2.jpg,2,Collins,,,,,,,,,,,,,,,,,,,,,,,active
collins,,,,,,,true,,,,,,,,,,,,,,,,,,https://irishfamilysurnames.com/wp-content/uploads/2021/04/callaghan-B-H-300x375.jpg,3,Collins,,,,,,,,,,,,,,,,,,,,,,,active
collins,,,,,,,true,,,,,,,,,,,,,,,,,,https://irishfamilysurnames.com/wp-content/uploads/2021/04/carney-B-H-300x375.jpg,4,Collins,,,,,,,,,,,,,,,,,,,,,,,active
collins,,,,,,,true,,,,,,,,,,,,,,,,,,https://irishfamilysurnames.com/wp-content/uploads/2021/04/cavanaugh-B-H-300x375.jpg,5,Collins,,,,,,,,,,,,,,,,,,,,,,,active
condon,Family name History & Crest Plaques - Condon,"<p>Learn the full history of your family with a Family History or a Crest/History Combination.</p><p>Family History Standard : 16 x 20 cm | 6 x 8 inches. €9.90</p><p>Family History Large : 20 x 26 cm | 8 x 10 inches. €12.50</p><p>Family Combination (History &amp;amp;amp; Crest) : 26 x 20 cm | 10 x 8 inches.€14.95</p><p>Family Histories and Family Combinations are supplied mounted and ready to frame.<br/>FREE WORLDWIDE POSTAGE</p>",Irish Family Surnames,,General,"Heraldic Irish Family Names, Gifts under €25, Surname C",true,Title,Default Title,,,,,4433,0,shopify,20,deny,manual,12.45,,true,true,,https://irishfamilysurnames.com/wp-content/uploads/2021/04/condon-B-H.jpg,1,Condon,false,Family name History & Crest Plaques - Condon,Learn the full history of your family with a Family History or a Crest/History Combination. Family History Standard : 16 x 20 cm | 6 x 8 inches. €9.90 Family History Large : 20 x 26 cm | 8 x 10 inches. €12.50 Family Combination (History &amp; Crest) : 26 x 20 cm | 10 x 8 inches.€14.95 Family Histories and Family Combin,,,,,,,,,,,,,g,,,true,true,,,active
condon,,,,,,,true,,,,,,,,,,,,,,,,,,https://irishfamilysurnames.com/wp-content/uploads/2021/03/irishfamilysurnameslogo2.jpg,2,Condon,,,,,,,,,,,,,,,,,,,,,,,active
condon,,,,,,,true,,,,,,,,,,,,,,,,,,https://irishfamilysurnames.com/wp-content/uploads/2021/04/casey-B-H-300x375.jpg,3,Condon,,,,,,,,,,,,,,,,,,,,,,,active
condon,,,,,,,true,,,,,,,,,,,,,,,,,,https://irishfamilysurnames.com/wp-content/uploads/2021/04/clarke-B-H-300x375.jpg,4,Condon,,,,,,,,,,,,,,,,,,,,,,,active
condon,,,,,,,true,,,,,,,,,,,,,,,,,,https://irishfamilysurnames.com/wp-content/uploads/2021/04/clery-B-H-300x375.jpg,5,Condon,,,,,,,,,,,,,,,,,,,,,,,active
conlan,Family name History & Crest Plaques - Conlan,"<p>Learn the full history of your family with a Family History or a Crest/History Combination.</p><p>Family History Standard : 16 x 20 cm | 6 x 8 inches. €9.90</p><p>Family History Large : 20 x 26 cm | 8 x 10 inches. €12.50</p><p>Family Combination (History &amp;amp;amp; Crest) : 26 x 20 cm | 10 x 8 inches.€14.95</p><p>Family Histories and Family Combinations are supplied mounted and ready to frame.<br/>FREE WORLDWIDE POSTAGE</p>",Irish Family Surnames,,General,"Heraldic Irish Family Names, Gifts under €25, Surname C",true,Title,Default Title,,,,,4445,0,shopify,20,deny,manual,12.45,,true,true,,https://irishfamilysurnames.com/wp-content/uploads/2021/04/conlan-B-H.jpg,1,Conlan,false,Family name History & Crest Plaques - Conlan,Learn the full history of your family with a Family History or a Crest/History Combination. Family History Standard : 16 x 20 cm | 6 x 8 inches. €9.90 Family History Large : 20 x 26 cm | 8 x 10 inches. €12.50 Family Combination (History &amp; Crest) : 26 x 20 cm | 10 x 8 inches.€14.95 Family Histories and Family Combin,,,,,,,,,,,,,g,,,true,true,,,active
conlan,,,,,,,true,,,,,,,,,,,,,,,,,,https://irishfamilysurnames.com/wp-content/uploads/2021/03/irishfamilysurnameslogo2.jpg,2,Conlan,,,,,,,,,,,,,,,,,,,,,,,active
conlan,,,,,,,true,,,,,,,,,,,,,,,,,,https://irishfamilysurnames.com/wp-content/uploads/2021/04/cosgrave-B-H-300x375.jpg,3,Conlan,,,,,,,,,,,,,,,,,,,,,,,active
conlan,,,,,,,true,,,,,,,,,,,,,,,,,,https://irishfamilysurnames.com/wp-content/uploads/2021/04/conroy-B-H-300x375.jpg,4,Conlan,,,,,,,,,,,,,,,,,,,,,,,active
conlan,,,,,,,true,,,,,,,,,,,,,,,,,,https://irishfamilysurnames.com/wp-content/uploads/2021/04/corrigan-B-H-300x375.jpg,5,Conlan,,,,,,,,,,,,,,,,,,,,,,,active
connell,Family name History & Crest Plaques - Connell,"<p>Learn the full history of your family with a Family History or a Crest/History Combination.</p><p>Family History Standard : 16 x 20 cm | 6 x 8 inches. €9.90</p><p>Family History Large : 20 x 26 cm | 8 x 10 inches. €12.50</p><p>Family Combination (History &amp;amp;amp; Crest) : 26 x 20 cm | 10 x 8 inches.€14.95</p><p>Family Histories and Family Combinations are supplied mounted and ready to frame.<br/>FREE WORLDWIDE POSTAGE</p>",Irish Family Surnames,,General,"Heraldic Irish Family Names, Gifts under €25, Surname C",true,Title,Default Title,,,,,4456,0,shopify,20,deny,manual,12.45,,true,true,,https://irishfamilysurnames.com/wp-content/uploads/2021/04/connell-B-H.jpg,1,Connell,false,Family name History & Crest Plaques - Connell,Learn the full history of your family with a Family History or a Crest/History Combination. Family History Standard : 16 x 20 cm | 6 x 8 inches. €9.90 Family History Large : 20 x 26 cm | 8 x 10 inches. €12.50 Family Combination (History &amp; Crest) : 26 x 20 cm | 10 x 8 inches.€14.95 Family Histories and Family Combin,,,,,,,,,,,,,g,,,true,true,,,active
connell,,,,,,,true,,,,,,,,,,,,,,,,,,https://irishfamilysurnames.com/wp-content/uploads/2021/03/irishfamilysurnameslogo2.jpg,2,Connell,,,,,,,,,,,,,,,,,,,,,,,active
connell,,,,,,,true,,,,,,,,,,,,,,,,,,https://irishfamilysurnames.com/wp-content/uploads/2021/04/coffey-B-H-300x375.jpg,3,Connell,,,,,,,,,,,,,,,,,,,,,,,active
connell,,,,,,,true,,,,,,,,,,,,,,,,,,https://irishfamilysurnames.com/wp-content/uploads/2021/04/cassidy-B-H-300x375.jpg,4,Connell,,,,,,,,,,,,,,,,,,,,,,,active
connell,,,,,,,true,,,,,,,,,,,,,,,,,,https://irishfamilysurnames.com/wp-content/uploads/2021/04/campbell-B-H-300x375.jpg,5,Connell,,,,,,,,,,,,,,,,,,,,,,,active
connolly,Family name History & Crest Plaques - Connolly,"<p>Learn the full history of your family with a Family History or a Crest/History Combination.</p><p>Family History Standard : 16 x 20 cm | 6 x 8 inches. €9.90</p><p>Family History Large : 20 x 26 cm | 8 x 10 inches. €12.50</p><p>Family Combination (History &amp;amp;amp; Crest) : 26 x 20 cm | 10 x 8 inches.€14.95</p><p>Family Histories and Family Combinations are supplied mounted and ready to frame.<br/>FREE WORLDWIDE POSTAGE</p>",Irish Family Surnames,,General,"Heraldic Irish Family Names, Gifts under €25, Surname C",true,Title,Default Title,,,,,4467,0,shopify,20,deny,manual,12.45,,true,true,,https://irishfamilysurnames.com/wp-content/uploads/2021/04/connolly-B-H.jpg,1,Connolly,false,Family name History & Crest Plaques - Connolly,Learn the full history of your family with a Family History or a Crest/History Combination. Family History Standard : 16 x 20 cm | 6 x 8 inches. €9.90 Family History Large : 20 x 26 cm | 8 x 10 inches. €12.50 Family Combination (History &amp; Crest) : 26 x 20 cm | 10 x 8 inches.€14.95 Family Histories and Family Combin,,,,,,,,,,,,,g,,,true,true,,,active
connolly,,,,,,,true,,,,,,,,,,,,,,,,,,https://irishfamilysurnames.com/wp-content/uploads/2021/03/irishfamilysurnameslogo2.jpg,2,Connolly,,,,,,,,,,,,,,,,,,,,,,,active
connolly,,,,,,,true,,,,,,,,,,,,,,,,,,https://irishfamilysurnames.com/wp-content/uploads/2021/04/conroy-B-H-300x375.jpg,3,Connolly,,,,,,,,,,,,,,,,,,,,,,,active
connolly,,,,,,,true,,,,,,,,,,,,,,,,,,https://irishfamilysurnames.com/wp-content/uploads/2021/04/cahill-B-H-300x375.jpg,4,Connolly,,,,,,,,,,,,,,,,,,,,,,,active
connolly,,,,,,,true,,,,,,,,,,,,,,,,,,https://irishfamilysurnames.com/wp-content/uploads/2021/04/condon-B-H-300x375.jpg,5,Connolly,,,,,,,,,,,,,,,,,,,,,,,active
connor,Family name History & Crest Plaques - Connor,"<p>Learn the full history of your family with a Family History or a Crest/History Combination.</p><p>Family History Standard : 16 x 20 cm | 6 x 8 inches. €9.90</p><p>Family History Large : 20 x 26 cm | 8 x 10 inches. €12.50</p><p>Family Combination (History &amp;amp;amp; Crest) : 26 x 20 cm | 10 x 8 inches.€14.95</p><p>Family Histories and Family Combinations are supplied mounted and ready to frame.<br/>FREE WORLDWIDE POSTAGE</p>",Irish Family Surnames,,General,"Heraldic Irish Family Names, Gifts under €25, Surname C",true,Title,Default Title,,,,,4478,0,shopify,20,deny,manual,12.45,,true,true,,https://irishfamilysurnames.com/wp-content/uploads/2021/04/connor-B-H.jpg,1,Connor,false,Family name History & Crest Plaques - Connor,Learn the full history of your family with a Family History or a Crest/History Combination. Family History Standard : 16 x 20 cm | 6 x 8 inches. €9.90 Family History Large : 20 x 26 cm | 8 x 10 inches. €12.50 Family Combination (History &amp; Crest) : 26 x 20 cm | 10 x 8 inches.€14.95 Family Histories and Family Combin,,,,,,,,,,,,,g,,,true,true,,,active
connor,,,,,,,true,,,,,,,,,,,,,,,,,,https://irishfamilysurnames.com/wp-content/uploads/2021/03/irishfamilysurnameslogo2.jpg,2,Connor,,,,,,,,,,,,,,,,,,,,,,,active
connor,,,,,,,true,,,,,,,,,,,,,,,,,,https://irishfamilysurnames.com/wp-content/uploads/2021/04/corrigan-B-H-300x375.jpg,3,Connor,,,,,,,,,,,,,,,,,,,,,,,active
connor,,,,,,,true,,,,,,,,,,,,,,,,,,https://irishfamilysurnames.com/wp-content/uploads/2021/04/cavanaugh-B-H-300x375.jpg,4,Connor,,,,,,,,,,,,,,,,,,,,,,,active
connor,,,,,,,true,,,,,,,,,,,,,,,,,,https://irishfamilysurnames.com/wp-content/uploads/2021/04/connolly-B-H-300x375.jpg,5,Connor,,,,,,,,,,,,,,,,,,,,,,,active
conroy,Family name History & Crest Plaques - Conroy,"<p>Learn the full history of your family with a Family History or a Crest/History Combination.</p><p>Family History Standard : 16 x 20 cm | 6 x 8 inches. €9.90</p><p>Family History Large : 20 x 26 cm | 8 x 10 inches. €12.50</p><p>Family Combination (History &amp;amp;amp; Crest) : 26 x 20 cm | 10 x 8 inches.€14.95</p><p>Family Histories and Family Combinations are supplied mounted and ready to frame.<br/>FREE WORLDWIDE POSTAGE</p>",Irish Family Surnames,,General,"Heraldic Irish Family Names, Gifts under €25, Surname C",true,Title,Default Title,,,,,4489,0,shopify,20,deny,manual,12.45,,true,true,,https://irishfamilysurnames.com/wp-content/uploads/2021/04/conroy-B-H.jpg,1,Conroy,false,Family name History & Crest Plaques - Conroy,Learn the full history of your family with a Family History or a Crest/History Combination. Family History Standard : 16 x 20 cm | 6 x 8 inches. €9.90 Family History Large : 20 x 26 cm | 8 x 10 inches. €12.50 Family Combination (History &amp; Crest) : 26 x 20 cm | 10 x 8 inches.€14.95 Family Histories and Family Combin,,,,,,,,,,,,,g,,,true,true,,,active
conroy,,,,,,,true,,,,,,,,,,,,,,,,,,https://irishfamilysurnames.com/wp-content/uploads/2021/03/irishfamilysurnameslogo2.jpg,2,Conroy,,,,,,,,,,,,,,,,,,,,,,,active
conroy,,,,,,,true,,,,,,,,,,,,,,,,,,https://irishfamilysurnames.com/wp-content/uploads/2021/04/cosgrave-B-H-300x375.jpg,3,Conroy,,,,,,,,,,,,,,,,,,,,,,,active
conroy,,,,,,,true,,,,,,,,,,,,,,,,,,https://irishfamilysurnames.com/wp-content/uploads/2021/04/condon-B-H-300x375.jpg,4,Conroy,,,,,,,,,,,,,,,,,,,,,,,active
conroy,,,,,,,true,,,,,,,,,,,,,,,,,,https://irishfamilysurnames.com/wp-content/uploads/2021/04/cleary-B-H-300x375.jpg,5,Conroy,,,,,,,,,,,,,,,,,,,,,,,active
conway,Family name History & Crest Plaques - Conway,"<p>Learn the full history of your family with a Family History or a Crest/History Combination.</p><p>Family History Standard : 16 x 20 cm | 6 x 8 inches. €9.90</p><p>Family History Large : 20 x 26 cm | 8 x 10 inches. €12.50</p><p>Family Combination (History &amp;amp;amp; Crest) : 26 x 20 cm | 10 x 8 inches.€14.95</p><p>Family Histories and Family Combinations are supplied mounted and ready to frame.<br/>FREE WORLDWIDE POSTAGE</p>",Irish Family Surnames,,General,"Heraldic Irish Family Names, Gifts under €25, Surname C",true,Title,Default Title,,,,,4500,0,shopify,20,deny,manual,12.45,,true,true,,https://irishfamilysurnames.com/wp-content/uploads/2021/04/conway-B-H.jpg,1,Conway,false,Family name History & Crest Plaques - Conway,Learn the full history of your family with a Family History or a Crest/History Combination. Family History Standard : 16 x 20 cm | 6 x 8 inches. €9.90 Family History Large : 20 x 26 cm | 8 x 10 inches. €12.50 Family Combination (History &amp; Crest) : 26 x 20 cm | 10 x 8 inches.€14.95 Family Histories and Family Combin,,,,,,,,,,,,,g,,,true,true,,,active
conway,,,,,,,true,,,,,,,,,,,,,,,,,,https://irishfamilysurnames.com/wp-content/uploads/2021/03/irishfamilysurnameslogo2.jpg,2,Conway,,,,,,,,,,,,,,,,,,,,,,,active
conway,,,,,,,true,,,,,,,,,,,,,,,,,,https://irishfamilysurnames.com/wp-content/uploads/2021/04/clarke-B-H-300x375.jpg,3,Conway,,,,,,,,,,,,,,,,,,,,,,,active
conway,,,,,,,true,,,,,,,,,,,,,,,,,,https://irishfamilysurnames.com/wp-content/uploads/2021/04/cooney-B-H-300x375.jpg,4,Conway,,,,,,,,,,,,,,,,,,,,,,,active
conway,,,,,,,true,,,,,,,,,,,,,,,,,,https://irishfamilysurnames.com/wp-content/uploads/2021/04/carney-B-H-300x375.jpg,5,Conway,,,,,,,,,,,,,,,,,,,,,,,active
cooney,Family name History & Crest Plaques - Cooney,"<p>Learn the full history of your family with a Family History or a Crest/History Combination.</p><p>Family History Standard : 16 x 20 cm | 6 x 8 inches. €9.90</p><p>Family History Large : 20 x 26 cm | 8 x 10 inches. €12.50</p><p>Family Combination (History &amp;amp;amp; Crest) : 26 x 20 cm | 10 x 8 inches.€14.95</p><p>Family Histories and Family Combinations are supplied mounted and ready to frame.<br/>FREE WORLDWIDE POSTAGE</p>",Irish Family Surnames,,General,"Heraldic Irish Family Names, Gifts under €25, Surname C",true,Title,Default Title,,,,,4512,0,shopify,20,deny,manual,12.45,,true,true,,https://irishfamilysurnames.com/wp-content/uploads/2021/04/cooney-B-H.jpg,1,Cooney,false,Family name History & Crest Plaques - Cooney,Learn the full history of your family with a Family History or a Crest/History Combination. Family History Standard : 16 x 20 cm | 6 x 8 inches. €9.90 Family History Large : 20 x 26 cm | 8 x 10 inches. €12.50 Family Combination (History &amp; Crest) : 26 x 20 cm | 10 x 8 inches.€14.95 Family Histories and Family Combin,,,,,,,,,,,,,g,,,true,true,,,active
cooney,,,,,,,true,,,,,,,,,,,,,,,,,,https://irishfamilysurnames.com/wp-content/uploads/2021/03/irishfamilysurnameslogo2.jpg,2,Cooney,,,,,,,,,,,,,,,,,,,,,,,active
cooney,,,,,,,true,,,,,,,,,,,,,,,,,,https://irishfamilysurnames.com/wp-content/uploads/2021/04/corcoran-B-H-300x375.jpg,3,Cooney,,,,,,,,,,,,,,,,,,,,,,,active
cooney,,,,,,,true,,,,,,,,,,,,,,,,,,https://irishfamilysurnames.com/wp-content/uploads/2021/04/carroll-B-H-300x375.jpg,4,Cooney,,,,,,,,,,,,,,,,,,,,,,,active
cooney,,,,,,,true,,,,,,,,,,,,,,,,,,https://irishfamilysurnames.com/wp-content/uploads/2021/04/connolly-B-H-300x375.jpg,5,Cooney,,,,,,,,,,,,,,,,,,,,,,,active
corcoran,Family name History & Crest Plaques - Corcoran,"<p>Learn the full history of your family with a Family History or a Crest/History Combination.</p><p>Family History Standard : 16 x 20 cm | 6 x 8 inches. €9.90</p><p>Family History Large : 20 x 26 cm | 8 x 10 inches. €12.50</p><p>Family Combination (History &amp;amp;amp; Crest) : 26 x 20 cm | 10 x 8 inches.€14.95</p><p>Family Histories and Family Combinations are supplied mounted and ready to frame.<br/>FREE WORLDWIDE POSTAGE</p>",Irish Family Surnames,,General,"Heraldic Irish Family Names, Gifts under €25, Surname C",true,Title,Default Title,,,,,4534,0,shopify,20,deny,manual,12.45,,true,true,,https://irishfamilysurnames.com/wp-content/uploads/2021/04/corcoran-B-H.jpg,1,Corcoran,false,Family name History & Crest Plaques - Corcoran,Learn the full history of your family with a Family History or a Crest/History Combination. Family History Standard : 16 x 20 cm | 6 x 8 inches. €9.90 Family History Large : 20 x 26 cm | 8 x 10 inches. €12.50 Family Combination (History &amp; Crest) : 26 x 20 cm | 10 x 8 inches.€14.95 Family Histories and Family Combin,,,,,,,,,,,,,g,,,true,true,,,active
corcoran,,,,,,,true,,,,,,,,,,,,,,,,,,https://irishfamilysurnames.com/wp-content/uploads/2021/03/irishfamilysurnameslogo2.jpg,2,Corcoran,,,,,,,,,,,,,,,,,,,,,,,active
corcoran,,,,,,,true,,,,,,,,,,,,,,,,,,https://irishfamilysurnames.com/wp-content/uploads/2021/04/cosgrave-B-H-300x375.jpg,3,Corcoran,,,,,,,,,,,,,,,,,,,,,,,active
corcoran,,,,,,,true,,,,,,,,,,,,,,,,,,https://irishfamilysurnames.com/wp-content/uploads/2021/04/collins-B-H-300x375.jpg,4,Corcoran,,,,,,,,,,,,,,,,,,,,,,,active
corcoran,,,,,,,true,,,,,,,,,,,,,,,,,,https://irishfamilysurnames.com/wp-content/uploads/2021/04/carney-B-H-300x375.jpg,5,Corcoran,,,,,,,,,,,,,,,,,,,,,,,active
mcdermot,Family name History & Crest Plaques - McDermot,"<p>Learn the full history of your family with a Family History or a Crest/History Combination.</p><p>Family History Standard : 16 x 20 cm | 6 x 8 inches. €9.90</p><p>Family History Large : 20 x 26 cm | 8 x 10 inches. €12.50</p><p>Family Combination (History &amp;amp;amp; Crest) : 26 x 20 cm | 10 x 8 inches.€14.95</p><p>Family Histories and Family Combinations are supplied mounted and ready to frame.<br/>FREE WORLDWIDE POSTAGE</p>",Irish Family Surnames,,General,"Heraldic Irish Family Names, Gifts under €25, Surname M",true,Title,Default Title,,,,,2451,0,shopify,20,deny,manual,12.45,,true,true,,https://irishfamilysurnames.com/wp-content/uploads/2021/04/mcdermot-B-H.jpg,1,McDermot,false,Family name History & Crest Plaques - McDermot,Learn the full history of your family with a Family History or a Crest/History Combination. Family History Standard : 16 x 20 cm | 6 x 8 inches. €9.90 Family History Large : 20 x 26 cm | 8 x 10 inches. €12.50 Family Combination (History &amp; Crest) : 26 x 20 cm | 10 x 8 inches.€14.95 Family Histories and Family Combin,,,,,,,,,,,,,g,,,true,true,,,active
mcdermot,,,,,,,true,,,,,,,,,,,,,,,,,,https://irishfamilysurnames.com/wp-content/uploads/2021/03/irishfamilysurnameslogo2.jpg,2,McDermot,,,,,,,,,,,,,,,,,,,,,,,active
mcdermot,,,,,,,true,,,,,,,,,,,,,,,,,,https://irishfamilysurnames.com/wp-content/uploads/2021/04/mclaughlin-B-H-300x375.jpg,3,McDermot,,,,,,,,,,,,,,,,,,,,,,,active
mcdermot,,,,,,,true,,,,,,,,,,,,,,,,,,https://irishfamilysurnames.com/wp-content/uploads/2021/04/mccabe-B-H-300x375.jpg,4,McDermot,,,,,,,,,,,,,,,,,,,,,,,active
mcdermot,,,,,,,true,,,,,,,,,,,,,,,,,,https://irishfamilysurnames.com/wp-content/uploads/2021/04/mckeogh-B-H-300x375.jpg,5,McDermot,,,,,,,,,,,,,,,,,,,,,,,active
sheridan,Family name History & Crest Plaques - Sheridan,"<p>Learn the full history of your family with a Family History or a Crest/History Combination.</p><p>Family History Standard : 16 x 20 cm | 6 x 8 inches. €9.90</p><p>Family History Large : 20 x 26 cm | 8 x 10 inches. €12.50</p><p>Family Combination (History &amp;amp;amp; Crest) : 26 x 20 cm | 10 x 8 inches.€14.95</p><p>Family Histories and Family Combinations are supplied mounted and ready to frame.<br/>FREE WORLDWIDE POSTAGE</p>",Irish Family Surnames,,General,"Heraldic Irish Family Names, Gifts under €25, Surname S",true,Title,Default Title,,,,,4153,0,shopify,20,deny,manual,12.45,,true,true,,https://irishfamilysurnames.com/wp-content/uploads/2021/04/SHERIDAN-B-H-1.jpg,1,Sheridan,false,Family name History & Crest Plaques - Sheridan,Learn the full history of your family with a Family History or a Crest/History Combination. Family History Standard : 16 x 20 cm | 6 x 8 inches. €9.90 Family History Large : 20 x 26 cm | 8 x 10 inches. €12.50 Family Combination (History &amp; Crest) : 26 x 20 cm | 10 x 8 inches.€14.95 Family Histories and Family Combin,,,,,,,,,,,,,g,,,true,true,,,active
sheridan,,,,,,,true,,,,,,,,,,,,,,,,,,https://irishfamilysurnames.com/wp-content/uploads/2021/03/irishfamilysurnameslogo2.jpg,2,Sheridan,,,,,,,,,,,,,,,,,,,,,,,active
sheridan,,,,,,,true,,,,,,,,,,,,,,,,,,https://irishfamilysurnames.com/wp-content/uploads/2021/04/smyth-B-H-300x375.jpg,3,Sheridan,,,,,,,,,,,,,,,,,,,,,,,active
sheridan,,,,,,,true,,,,,,,,,,,,,,,,,,https://irishfamilysurnames.com/wp-content/uploads/2021/04/sheehy-B-H-300x375.jpg,4,Sheridan,,,,,,,,,,,,,,,,,,,,,,,active
sheridan,,,,,,,true,,,,,,,,,,,,,,,,,,https://irishfamilysurnames.com/wp-content/uploads/2021/04/shea-B-H-300x375.jpg,5,Sheridan,,,,,,,,,,,,,,,,,,,,,,,active
ohanlon,Family name History & Crest Plaques - O'Hanlon,"<p>Learn the full history of your family with a Family History or a Crest/History Combination.</p><p>Family History Standard : 16 x 20 cm | 6 x 8 inches. €9.90</p><p>Family History Large : 20 x 26 cm | 8 x 10 inches. €12.50</p><p>Family Combination (History &amp;amp;amp; Crest) : 26 x 20 cm | 10 x 8 inches.€14.95</p><p>Family Histories and Family Combinations are supplied mounted and ready to frame.<br/>FREE WORLDWIDE POSTAGE</p>",Irish Family Surnames,,General,"Heraldic Irish Family Names, Gifts under €25, Surname O",true,Title,Default Title,,,,,3774,0,shopify,20,deny,manual,12.45,,true,true,,https://irishfamilysurnames.com/wp-content/uploads/2021/04/ohanlon-B-H.jpg,1,O'Hanlon,false,Family name History & Crest Plaques - O'Hanlon,Learn the full history of your family with a Family History or a Crest/History Combination. Family History Standard : 16 x 20 cm | 6 x 8 inches. €9.90 Family History Large : 20 x 26 cm | 8 x 10 inches. €12.50 Family Combination (History &amp; Crest) : 26 x 20 cm | 10 x 8 inches.€14.95 Family Histories and Family Combin,,,,,,,,,,,,,g,,,true,true,,,active
ohanlon,,,,,,,true,,,,,,,,,,,,,,,,,,https://irishfamilysurnames.com/wp-content/uploads/2021/03/irishfamilysurnameslogo2.jpg,2,O'Hanlon,,,,,,,,,,,,,,,,,,,,,,,active
ohanlon,,,,,,,true,,,,,,,,,,,,,,,,,,https://irishfamilysurnames.com/wp-content/uploads/2021/04/o-doherty-B-H-300x375.jpg,3,O'Hanlon,,,,,,,,,,,,,,,,,,,,,,,active
ohanlon,,,,,,,true,,,,,,,,,,,,,,,,,,https://irishfamilysurnames.com/wp-content/uploads/2021/04/o-byrne-B-H-300x375.jpg,4,O'Hanlon,,,,,,,,,,,,,,,,,,,,,,,active
ohanlon,,,,,,,true,,,,,,,,,,,,,,,,,,https://irishfamilysurnames.com/wp-content/uploads/2021/04/o-driscoll-B-H-300x375.jpg,5,O'Hanlon,,,,,,,,,,,,,,,,,,,,,,,active
oneal,Family name History & Crest Plaques - O'Neal,"<p>Learn the full history of your family with a Family History or a Crest/History Combination.</p><p>Family History Standard : 16 x 20 cm | 6 x 8 inches. €9.90</p><p>Family History Large : 20 x 26 cm | 8 x 10 inches. €12.50</p><p>Family Combination (History &amp;amp;amp; Crest) : 26 x 20 cm | 10 x 8 inches.€14.95</p><p>Family Histories and Family Combinations are supplied mounted and ready to frame.<br/>FREE WORLDWIDE POSTAGE</p>",Irish Family Surnames,,General,"Heraldic Irish Family Names, Gifts under €25, Surname O",true,Title,Default Title,,,,,3943,0,shopify,20,deny,manual,12.45,,true,true,,https://irishfamilysurnames.com/wp-content/uploads/2021/04/o-neal-B-H.jpg,1,O'Neal,false,Family name History & Crest Plaques - O'Neal,Learn the full history of your family with a Family History or a Crest/History Combination. Family History Standard : 16 x 20 cm | 6 x 8 inches. €9.90 Family History Large : 20 x 26 cm | 8 x 10 inches. €12.50 Family Combination (History &amp; Crest) : 26 x 20 cm | 10 x 8 inches.€14.95 Family Histories and Family Combin,,,,,,,,,,,,,g,,,true,true,,,active
oneal,,,,,,,true,,,,,,,,,,,,,,,,,,https://irishfamilysurnames.com/wp-content/uploads/2021/03/irishfamilysurnameslogo2.jpg,2,O'Neal,,,,,,,,,,,,,,,,,,,,,,,active
oneal,,,,,,,true,,,,,,,,,,,,,,,,,,https://irishfamilysurnames.com/wp-content/uploads/2021/04/o-keeffe-B-H-300x375.jpg,3,O'Neal,,,,,,,,,,,,,,,,,,,,,,,active
oneal,,,,,,,true,,,,,,,,,,,,,,,,,,https://irishfamilysurnames.com/wp-content/uploads/2021/04/o-kelly-B-H-300x375.jpg,4,O'Neal,,,,,,,,,,,,,,,,,,,,,,,active
oneal,,,,,,,true,,,,,,,,,,,,,,,,,,https://irishfamilysurnames.com/wp-content/uploads/2021/04/o-hara-B-H-300x375.jpg,5,O'Neal,,,,,,,,,,,,,,,,,,,,,,,active
oneill,Family name History & Crest Plaques - O'Neill,"<p>Learn the full history of your family with a Family History or a Crest/History Combination.</p><p>Family History Standard : 16 x 20 cm | 6 x 8 inches. €9.90</p><p>Family History Large : 20 x 26 cm | 8 x 10 inches. €12.50</p><p>Family Combination (History &amp;amp;amp; Crest) : 26 x 20 cm | 10 x 8 inches.€14.95</p><p>Family Histories and Family Combinations are supplied mounted and ready to frame.<br/>FREE WORLDWIDE POSTAGE</p>",Irish Family Surnames,,General,"Heraldic Irish Family Names, Gifts under €25, Surname O",true,Title,Default Title,,,,,3953,0,shopify,20,deny,manual,12.45,,true,true,,https://irishfamilysurnames.com/wp-content/uploads/2021/04/o-neill-B-H.jpg,1,O'Neill,false,Family name History & Crest Plaques - O'Neill,Learn the full history of your family with a Family History or a Crest/History Combination. Family History Standard : 16 x 20 cm | 6 x 8 inches. €9.90 Family History Large : 20 x 26 cm | 8 x 10 inches. €12.50 Family Combination (History &amp; Crest) : 26 x 20 cm | 10 x 8 inches.€14.95 Family Histories and Family Combin,,,,,,,,,,,,,g,,,true,true,,,active
oneill,,,,,,,true,,,,,,,,,,,,,,,,,,https://irishfamilysurnames.com/wp-content/uploads/2021/03/irishfamilysurnameslogo2.jpg,2,O'Neill,,,,,,,,,,,,,,,,,,,,,,,active
oneill,,,,,,,true,,,,,,,,,,,,,,,,,,https://irishfamilysurnames.com/wp-content/uploads/2021/04/o-gorman-B-H-300x375.jpg,3,O'Neill,,,,,,,,,,,,,,,,,,,,,,,active
oneill,,,,,,,true,,,,,,,,,,,,,,,,,,https://irishfamilysurnames.com/wp-content/uploads/2021/04/o-connor-B-H-300x375.jpg,4,O'Neill,,,,,,,,,,,,,,,,,,,,,,,active
oneill,,,,,,,true,,,,,,,,,,,,,,,,,,https://irishfamilysurnames.com/wp-content/uploads/2021/04/o-doherty-B-H-300x375.jpg,5,O'Neill,,,,,,,,,,,,,,,,,,,,,,,active
oregan,Family name History & Crest Plaques - O'Regan,"<p>Learn the full history of your family with a Family History or a Crest/History Combination.</p><p>Family History Standard : 16 x 20 cm | 6 x 8 inches. €9.90</p><p>Family History Large : 20 x 26 cm | 8 x 10 inches. €12.50</p><p>Family Combination (History &amp;amp;amp; Crest) : 26 x 20 cm | 10 x 8 inches.€14.95</p><p>Family Histories and Family Combinations are supplied mounted and ready to frame.<br/>FREE WORLDWIDE POSTAGE</p>",Irish Family Surnames,,General,"Heraldic Irish Family Names, Gifts under €25, Surname O",true,Title,Default Title,,,,,3976,0,shopify,20,deny,manual,12.45,,true,true,,https://irishfamilysurnames.com/wp-content/uploads/2021/04/o-regan-B-H.jpg,1,O'Regan,false,Family name History & Crest Plaques - O'Regan,Learn the full history of your family with a Family History or a Crest/History Combination. Family History Standard : 16 x 20 cm | 6 x 8 inches. €9.90 Family History Large : 20 x 26 cm | 8 x 10 inches. €12.50 Family Combination (History &amp; Crest) : 26 x 20 cm | 10 x 8 inches.€14.95 Family Histories and Family Combin,,,,,,,,,,,,,g,,,true,true,,,active
oregan,,,,,,,true,,,,,,,,,,,,,,,,,,https://irishfamilysurnames.com/wp-content/uploads/2021/03/irishfamilysurnameslogo2.jpg,2,O'Regan,,,,,,,,,,,,,,,,,,,,,,,active
oregan,,,,,,,true,,,,,,,,,,,,,,,,,,https://irishfamilysurnames.com/wp-content/uploads/2021/04/o-doherty-B-H-300x375.jpg,3,O'Regan,,,,,,,,,,,,,,,,,,,,,,,active
oregan,,,,,,,true,,,,,,,,,,,,,,,,,,https://irishfamilysurnames.com/wp-content/uploads/2021/04/o-grady-B-H-300x375.jpg,4,O'Regan,,,,,,,,,,,,,,,,,,,,,,,active
oregan,,,,,,,true,,,,,,,,,,,,,,,,,,https://irishfamilysurnames.com/wp-content/uploads/2021/04/o-dougherty-B-H-300x375.jpg,5,O'Regan,,,,,,,,,,,,,,,,,,,,,,,active
cosgrave,Family name History & Crest Plaques - Cosgrave,"<p>Learn the full history of your family with a Family History or a Crest/History Combination.</p><p>Family History Standard : 16 x 20 cm | 6 x 8 inches. €9.90</p><p>Family History Large : 20 x 26 cm | 8 x 10 inches. €12.50</p><p>Family Combination (History &amp;amp;amp; Crest) : 26 x 20 cm | 10 x 8 inches.€14.95</p><p>Family Histories and Family Combinations are supplied mounted and ready to frame.<br/>FREE WORLDWIDE POSTAGE</p>",Irish Family Surnames,,General,"Heraldic Irish Family Names, Gifts under €25, Surname C",true,Title,Default Title,,,,,4556,0,shopify,20,deny,manual,12.45,,true,true,,https://irishfamilysurnames.com/wp-content/uploads/2021/04/cosgrave-B-H.jpg,1,Cosgrave,false,Family name History & Crest Plaques - Cosgrave,Learn the full history of your family with a Family History or a Crest/History Combination. Family History Standard : 16 x 20 cm | 6 x 8 inches. €9.90 Family History Large : 20 x 26 cm | 8 x 10 inches. €12.50 Family Combination (History &amp; Crest) : 26 x 20 cm | 10 x 8 inches.€14.95 Family Histories and Family Combin,,,,,,,,,,,,,g,,,true,true,,,active
cosgrave,,,,,,,true,,,,,,,,,,,,,,,,,,https://irishfamilysurnames.com/wp-content/uploads/2021/03/irishfamilysurnameslogo2.jpg,2,Cosgrave,,,,,,,,,,,,,,,,,,,,,,,active
cosgrave,,,,,,,true,,,,,,,,,,,,,,,,,,https://irishfamilysurnames.com/wp-content/uploads/2021/04/connor-B-H-300x375.jpg,3,Cosgrave,,,,,,,,,,,,,,,,,,,,,,,active
cosgrave,,,,,,,true,,,,,,,,,,,,,,,,,,https://irishfamilysurnames.com/wp-content/uploads/2021/04/cleary-B-H-300x375.jpg,4,Cosgrave,,,,,,,,,,,,,,,,,,,,,,,active
cosgrave,,,,,,,true,,,,,,,,,,,,,,,,,,https://irishfamilysurnames.com/wp-content/uploads/2021/04/carney-B-H-300x375.jpg,5,Cosgrave,,,,,,,,,,,,,,,,,,,,,,,active
cosgrove,Family name History & Crest Plaques - Cosgrove,"<p>Learn the full history of your family with a Family History or a Crest/History Combination.</p><p>Family History Standard : 16 x 20 cm | 6 x 8 inches. €9.90</p><p>Family History Large : 20 x 26 cm | 8 x 10 inches. €12.50</p><p>Family Combination (History &amp;amp;amp; Crest) : 26 x 20 cm | 10 x 8 inches.€14.95</p><p>Family Histories and Family Combinations are supplied mounted and ready to frame.<br/>FREE WORLDWIDE POSTAGE</p>",Irish Family Surnames,,General,"Heraldic Irish Family Names, Gifts under €25, Surname C",true,Title,Default Title,,,,,4567,0,shopify,20,deny,manual,12.45,,true,true,,https://irishfamilysurnames.com/wp-content/uploads/2021/04/cosgrove-B-H.jpg,1,Cosgrove,false,Family name History & Crest Plaques - Cosgrove,Learn the full history of your family with a Family History or a Crest/History Combination. Family History Standard : 16 x 20 cm | 6 x 8 inches. €9.90 Family History Large : 20 x 26 cm | 8 x 10 inches. €12.50 Family Combination (History &amp; Crest) : 26 x 20 cm | 10 x 8 inches.€14.95 Family Histories and Family Combin,,,,,,,,,,,,,g,,,true,true,,,active
cosgrove,,,,,,,true,,,,,,,,,,,,,,,,,,https://irishfamilysurnames.com/wp-content/uploads/2021/03/irishfamilysurnameslogo2.jpg,2,Cosgrove,,,,,,,,,,,,,,,,,,,,,,,active
cosgrove,,,,,,,true,,,,,,,,,,,,,,,,,,https://irishfamilysurnames.com/wp-content/uploads/2021/04/condon-B-H-300x375.jpg,3,Cosgrove,,,,,,,,,,,,,,,,,,,,,,,active
cosgrove,,,,,,,true,,,,,,,,,,,,,,,,,,https://irishfamilysurnames.com/wp-content/uploads/2021/04/clery-B-H-300x375.jpg,4,Cosgrove,,,,,,,,,,,,,,,,,,,,,,,active
cosgrove,,,,,,,true,,,,,,,,,,,,,,,,,,https://irishfamilysurnames.com/wp-content/uploads/2021/04/coffey-B-H-300x375.jpg,5,Cosgrove,,,,,,,,,,,,,,,,,,,,,,,active
costello,Family name History & Crest Plaques - Costello,"<p>Learn the full history of your family with a Family History or a Crest/History Combination.</p><p>Family History Standard : 16 x 20 cm | 6 x 8 inches. €9.90</p><p>Family History Large : 20 x 26 cm | 8 x 10 inches. €12.50</p><p>Family Combination (History &amp;amp;amp; Crest) : 26 x 20 cm | 10 x 8 inches.€14.95</p><p>Family Histories and Family Combinations are supplied mounted and ready to frame.<br/>FREE WORLDWIDE POSTAGE</p>",Irish Family Surnames,,General,"Heraldic Irish Family Names, Gifts under €25, Surname C",true,Title,Default Title,,,,,4578,0,shopify,20,deny,manual,12.45,,true,true,,https://irishfamilysurnames.com/wp-content/uploads/2021/04/costello-B-H.jpg,1,Costello,false,Family name History & Crest Plaques - Costello,Learn the full history of your family with a Family History or a Crest/History Combination. Family History Standard : 16 x 20 cm | 6 x 8 inches. €9.90 Family History Large : 20 x 26 cm | 8 x 10 inches. €12.50 Family Combination (History &amp; Crest) : 26 x 20 cm | 10 x 8 inches.€14.95 Family Histories and Family Combin,,,,,,,,,,,,,g,,,true,true,,,active
costello,,,,,,,true,,,,,,,,,,,,,,,,,,https://irishfamilysurnames.com/wp-content/uploads/2021/03/irishfamilysurnameslogo2.jpg,2,Costello,,,,,,,,,,,,,,,,,,,,,,,active
costello,,,,,,,true,,,,,,,,,,,,,,,,,,https://irishfamilysurnames.com/wp-content/uploads/2021/04/collins-B-H-300x375.jpg,3,Costello,,,,,,,,,,,,,,,,,,,,,,,active
costello,,,,,,,true,,,,,,,,,,,,,,,,,,https://irishfamilysurnames.com/wp-content/uploads/2021/04/clery-B-H-300x375.jpg,4,Costello,,,,,,,,,,,,,,,,,,,,,,,active
costello,,,,,,,true,,,,,,,,,,,,,,,,,,https://irishfamilysurnames.com/wp-content/uploads/2021/04/clarke-B-H-300x375.jpg,5,Costello,,,,,,,,,,,,,,,,,,,,,,,active
coughlin,Family name History & Crest Plaques - Coughlin,"<p>Learn the full history of your family with a Family History or a Crest/History Combination.</p><p>Family History Standard : 16 x 20 cm | 6 x 8 inches. €9.90</p><p>Family History Large : 20 x 26 cm | 8 x 10 inches. €12.50</p><p>Family Combination (History &amp;amp;amp; Crest) : 26 x 20 cm | 10 x 8 inches.€14.95</p><p>Family Histories and Family Combinations are supplied mounted and ready to frame.<br/>FREE WORLDWIDE POSTAGE</p>",Irish Family Surnames,,General,"Heraldic Irish Family Names, Gifts under €25, Surname C",true,Title,Default Title,,,,,4611,0,shopify,20,deny,manual,12.45,,true,true,,https://irishfamilysurnames.com/wp-content/uploads/2021/04/coughlin-B-H.jpg,1,Coughlin,false,Family name History & Crest Plaques - Coughlin,Learn the full history of your family with a Family History or a Crest/History Combination. Family History Standard : 16 x 20 cm | 6 x 8 inches. €9.90 Family History Large : 20 x 26 cm | 8 x 10 inches. €12.50 Family Combination (History &amp; Crest) : 26 x 20 cm | 10 x 8 inches.€14.95 Family Histories and Family Combin,,,,,,,,,,,,,g,,,true,true,,,active
coughlin,,,,,,,true,,,,,,,,,,,,,,,,,,https://irishfamilysurnames.com/wp-content/uploads/2021/03/irishfamilysurnameslogo2.jpg,2,Coughlin,,,,,,,,,,,,,,,,,,,,,,,active
coughlin,,,,,,,true,,,,,,,,,,,,,,,,,,https://irishfamilysurnames.com/wp-content/uploads/2021/04/corrigan-B-H-300x375.jpg,3,Coughlin,,,,,,,,,,,,,,,,,,,,,,,active
coughlin,,,,,,,true,,,,,,,,,,,,,,,,,,https://irishfamilysurnames.com/wp-content/uploads/2021/04/clancy-B-H-300x375.jpg,4,Coughlin,,,,,,,,,,,,,,,,,,,,,,,active
coughlin,,,,,,,true,,,,,,,,,,,,,,,,,,https://irishfamilysurnames.com/wp-content/uploads/2021/04/connor-B-H-300x375.jpg,5,Coughlin,,,,,,,,,,,,,,,,,,,,,,,active
coyle,Family name History & Crest Plaques - Coyle,"<p>Learn the full history of your family with a Family History or a Crest/History Combination.</p><p>Family History Standard : 16 x 20 cm | 6 x 8 inches. €9.90</p><p>Family History Large : 20 x 26 cm | 8 x 10 inches. €12.50</p><p>Family Combination (History &amp;amp;amp; Crest) : 26 x 20 cm | 10 x 8 inches.€14.95</p><p>Family Histories and Family Combinations are supplied mounted and ready to frame.<br/>FREE WORLDWIDE POSTAGE</p>",Irish Family Surnames,,General,"Heraldic Irish Family Names, Gifts under €25, Surname C",true,Title,Default Title,,,,,4622,0,shopify,20,deny,manual,12.45,,true,true,,https://irishfamilysurnames.com/wp-content/uploads/2021/04/coyle-B-H.jpg,1,Coyle,false,Family name History & Crest Plaques - Coyle,Learn the full history of your family with a Family History or a Crest/History Combination. Family History Standard : 16 x 20 cm | 6 x 8 inches. €9.90 Family History Large : 20 x 26 cm | 8 x 10 inches. €12.50 Family Combination (History &amp; Crest) : 26 x 20 cm | 10 x 8 inches.€14.95 Family Histories and Family Combin,,,,,,,,,,,,,g,,,true,true,,,active
coyle,,,,,,,true,,,,,,,,,,,,,,,,,,https://irishfamilysurnames.com/wp-content/uploads/2021/03/irishfamilysurnameslogo2.jpg,2,Coyle,,,,,,,,,,,,,,,,,,,,,,,active
coyle,,,,,,,true,,,,,,,,,,,,,,,,,,https://irishfamilysurnames.com/wp-content/uploads/2021/04/cooney-B-H-300x375.jpg,3,Coyle,,,,,,,,,,,,,,,,,,,,,,,active
coyle,,,,,,,true,,,,,,,,,,,,,,,,,,https://irishfamilysurnames.com/wp-content/uploads/2021/04/collins-B-H-300x375.jpg,4,Coyle,,,,,,,,,,,,,,,,,,,,,,,active
coyle,,,,,,,true,,,,,,,,,,,,,,,,,,https://irishfamilysurnames.com/wp-content/uploads/2021/04/carr-B-H-300x375.jpg,5,Coyle,,,,,,,,,,,,,,,,,,,,,,,active
coyne,Family name History & Crest Plaques - Coyne,"<p>Learn the full history of your family with a Family History or a Crest/History Combination.</p><p>Family History Standard : 16 x 20 cm | 6 x 8 inches. €9.90</p><p>Family History Large : 20 x 26 cm | 8 x 10 inches. €12.50</p><p>Family Combination (History &amp;amp;amp; Crest) : 26 x 20 cm | 10 x 8 inches.€14.95</p><p>Family Histories and Family Combinations are supplied mounted and ready to frame.<br/>FREE WORLDWIDE POSTAGE</p>",Irish Family Surnames,,General,"Heraldic Irish Family Names, Gifts under €25, Surname C",true,Title,Default Title,,,,,4633,0,shopify,20,deny,manual,12.45,,true,true,,https://irishfamilysurnames.com/wp-content/uploads/2021/04/coyne-B-H.jpg,1,Coyne,false,Family name History & Crest Plaques - Coyne,Learn the full history of your family with a Family History or a Crest/History Combination. Family History Standard : 16 x 20 cm | 6 x 8 inches. €9.90 Family History Large : 20 x 26 cm | 8 x 10 inches. €12.50 Family Combination (History &amp; Crest) : 26 x 20 cm | 10 x 8 inches.€14.95 Family Histories and Family Combin,,,,,,,,,,,,,g,,,true,true,,,active
coyne,,,,,,,true,,,,,,,,,,,,,,,,,,https://irishfamilysurnames.com/wp-content/uploads/2021/03/irishfamilysurnameslogo2.jpg,2,Coyne,,,,,,,,,,,,,,,,,,,,,,,active
coyne,,,,,,,true,,,,,,,,,,,,,,,,,,https://irishfamilysurnames.com/wp-content/uploads/2021/04/cavanaugh-B-H-300x375.jpg,3,Coyne,,,,,,,,,,,,,,,,,,,,,,,active
coyne,,,,,,,true,,,,,,,,,,,,,,,,,,https://irishfamilysurnames.com/wp-content/uploads/2021/04/carey-B-H-300x375.jpg,4,Coyne,,,,,,,,,,,,,,,,,,,,,,,active
coyne,,,,,,,true,,,,,,,,,,,,,,,,,,https://irishfamilysurnames.com/wp-content/uploads/2021/04/coleman-B-H-300x375.jpg,5,Coyne,,,,,,,,,,,,,,,,,,,,,,,active
cremin,Family name History & Crest Plaques - Cremin,"<p>Learn the full history of your family with a Family History or a Crest/History Combination.</p><p>Family History Standard : 16 x 20 cm | 6 x 8 inches. €9.90</p><p>Family History Large : 20 x 26 cm | 8 x 10 inches. €12.50</p><p>Family Combination (History &amp;amp;amp; Crest) : 26 x 20 cm | 10 x 8 inches.€14.95</p><p>Family Histories and Family Combinations are supplied mounted and ready to frame.<br/>FREE WORLDWIDE POSTAGE</p>",Irish Family Surnames,,General,"Heraldic Irish Family Names, Gifts under €25, Surname C",true,Title,Default Title,,,,,4644,0,shopify,20,deny,manual,12.45,,true,true,,https://irishfamilysurnames.com/wp-content/uploads/2021/04/cremin-B-H.jpg,1,Cremin,false,Family name History & Crest Plaques - Cremin,Learn the full history of your family with a Family History or a Crest/History Combination. Family History Standard : 16 x 20 cm | 6 x 8 inches. €9.90 Family History Large : 20 x 26 cm | 8 x 10 inches. €12.50 Family Combination (History &amp; Crest) : 26 x 20 cm | 10 x 8 inches.€14.95 Family Histories and Family Combin,,,,,,,,,,,,,g,,,true,true,,,active
cremin,,,,,,,true,,,,,,,,,,,,,,,,,,https://irishfamilysurnames.com/wp-content/uploads/2021/03/irishfamilysurnameslogo2.jpg,2,Cremin,,,,,,,,,,,,,,,,,,,,,,,active
cremin,,,,,,,true,,,,,,,,,,,,,,,,,,https://irishfamilysurnames.com/wp-content/uploads/2021/04/conway-B-H-300x375.jpg,3,Cremin,,,,,,,,,,,,,,,,,,,,,,,active
cremin,,,,,,,true,,,,,,,,,,,,,,,,,,https://irishfamilysurnames.com/wp-content/uploads/2021/04/carney-B-H-300x375.jpg,4,Cremin,,,,,,,,,,,,,,,,,,,,,,,active
cremin,,,,,,,true,,,,,,,,,,,,,,,,,,https://irishfamilysurnames.com/wp-content/uploads/2021/04/cleary-B-H-300x375.jpg,5,Cremin,,,,,,,,,,,,,,,,,,,,,,,active
crowe,Family name History & Crest Plaques - Crowe,"<p>Learn the full history of your family with a Family History or a Crest/History Combination.</p><p>Family History Standard : 16 x 20 cm | 6 x 8 inches. €9.90</p><p>Family History Large : 20 x 26 cm | 8 x 10 inches. €12.50</p><p>Family Combination (History &amp;amp;amp; Crest) : 26 x 20 cm | 10 x 8 inches.€14.95</p><p>Family Histories and Family Combinations are supplied mounted and ready to frame.<br/>FREE WORLDWIDE POSTAGE</p>",Irish Family Surnames,,General,"Heraldic Irish Family Names, Gifts under €25, Surname C",true,Title,Default Title,,,,,4666,0,shopify,20,deny,manual,12.45,,true,true,,https://irishfamilysurnames.com/wp-content/uploads/2021/04/crowe-B-H.jpg,1,Crowe,false,Family name History & Crest Plaques - Crowe,Learn the full history of your family with a Family History or a Crest/History Combination. Family History Standard : 16 x 20 cm | 6 x 8 inches. €9.90 Family History Large : 20 x 26 cm | 8 x 10 inches. €12.50 Family Combination (History &amp; Crest) : 26 x 20 cm | 10 x 8 inches.€14.95 Family Histories and Family Combin,,,,,,,,,,,,,g,,,true,true,,,active
crowe,,,,,,,true,,,,,,,,,,,,,,,,,,https://irishfamilysurnames.com/wp-content/uploads/2021/03/irishfamilysurnameslogo2.jpg,2,Crowe,,,,,,,,,,,,,,,,,,,,,,,active
crowe,,,,,,,true,,,,,,,,,,,,,,,,,,https://irishfamilysurnames.com/wp-content/uploads/2021/04/carroll-B-H-300x375.jpg,3,Crowe,,,,,,,,,,,,,,,,,,,,,,,active
crowe,,,,,,,true,,,,,,,,,,,,,,,,,,https://irishfamilysurnames.com/wp-content/uploads/2021/04/cooney-B-H-300x375.jpg,4,Crowe,,,,,,,,,,,,,,,,,,,,,,,active
crowe,,,,,,,true,,,,,,,,,,,,,,,,,,https://irishfamilysurnames.com/wp-content/uploads/2021/04/cleary-B-H-300x375.jpg,5,Crowe,,,,,,,,,,,,,,,,,,,,,,,active
cullen,Family name History & Crest Plaques - Cullen,"<p>Learn the full history of your family with a Family History or a Crest/History Combination.</p><p>Family History Standard : 16 x 20 cm | 6 x 8 inches. €9.90</p><p>Family History Large : 20 x 26 cm | 8 x 10 inches. €12.50</p><p>Family Combination (History &amp;amp;amp; Crest) : 26 x 20 cm | 10 x 8 inches.€14.95</p><p>Family Histories and Family Combinations are supplied mounted and ready to frame.<br/>FREE WORLDWIDE POSTAGE</p>",Irish Family Surnames,,General,"Heraldic Irish Family Names, Gifts under €25, Surname C",true,Title,Default Title,,,,,4688,0,shopify,20,deny,manual,12.45,,true,true,,https://irishfamilysurnames.com/wp-content/uploads/2021/04/cullen-B-H.jpg,1,Cullen,false,Family name History & Crest Plaques - Cullen,Learn the full history of your family with a Family History or a Crest/History Combination. Family History Standard : 16 x 20 cm | 6 x 8 inches. €9.90 Family History Large : 20 x 26 cm | 8 x 10 inches. €12.50 Family Combination (History &amp; Crest) : 26 x 20 cm | 10 x 8 inches.€14.95 Family Histories and Family Combin,,,,,,,,,,,,,g,,,true,true,,,active
cullen,,,,,,,true,,,,,,,,,,,,,,,,,,https://irishfamilysurnames.com/wp-content/uploads/2021/03/irishfamilysurnameslogo2.jpg,2,Cullen,,,,,,,,,,,,,,,,,,,,,,,active
cullen,,,,,,,true,,,,,,,,,,,,,,,,,,https://irishfamilysurnames.com/wp-content/uploads/2021/04/corcoran-B-H-300x375.jpg,3,Cullen,,,,,,,,,,,,,,,,,,,,,,,active
cullen,,,,,,,true,,,,,,,,,,,,,,,,,,https://irishfamilysurnames.com/wp-content/uploads/2021/04/carroll-B-H-300x375.jpg,4,Cullen,,,,,,,,,,,,,,,,,,,,,,,active
cullen,,,,,,,true,,,,,,,,,,,,,,,,,,https://irishfamilysurnames.com/wp-content/uploads/2021/04/coffey-B-H-300x375.jpg,5,Cullen,,,,,,,,,,,,,,,,,,,,,,,active
cummins,Family name History & Crest Plaques - Cummins,"<p>Learn the full history of your family with a Family History or a Crest/History Combination.</p><p>Family History Standard : 16 x 20 cm | 6 x 8 inches. €9.90</p><p>Family History Large : 20 x 26 cm | 8 x 10 inches. €12.50</p><p>Family Combination (History &amp;amp;amp; Crest) : 26 x 20 cm | 10 x 8 inches.€14.95</p><p>Family Histories and Family Combinations are supplied mounted and ready to frame.<br/>FREE WORLDWIDE POSTAGE</p>",Irish Family Surnames,,General,"Heraldic Irish Family Names, Gifts under €25, Surname C",true,Title,Default Title,,,,,4699,0,shopify,20,deny,manual,12.45,,true,true,,https://irishfamilysurnames.com/wp-content/uploads/2021/04/cummins-B-H.jpg,1,Cummins,false,Family name History & Crest Plaques - Cummins,Learn the full history of your family with a Family History or a Crest/History Combination. Family History Standard : 16 x 20 cm | 6 x 8 inches. €9.90 Family History Large : 20 x 26 cm | 8 x 10 inches. €12.50 Family Combination (History &amp; Crest) : 26 x 20 cm | 10 x 8 inches.€14.95 Family Histories and Family Combin,,,,,,,,,,,,,g,,,true,true,,,active
cummins,,,,,,,true,,,,,,,,,,,,,,,,,,https://irishfamilysurnames.com/wp-content/uploads/2021/03/irishfamilysurnameslogo2.jpg,2,Cummins,,,,,,,,,,,,,,,,,,,,,,,active
cummins,,,,,,,true,,,,,,,,,,,,,,,,,,https://irishfamilysurnames.com/wp-content/uploads/2021/04/conlan-B-H-300x375.jpg,3,Cummins,,,,,,,,,,,,,,,,,,,,,,,active
cummins,,,,,,,true,,,,,,,,,,,,,,,,,,https://irishfamilysurnames.com/wp-content/uploads/2021/04/clancy-B-H-300x375.jpg,4,Cummins,,,,,,,,,,,,,,,,,,,,,,,active
cummins,,,,,,,true,,,,,,,,,,,,,,,,,,https://irishfamilysurnames.com/wp-content/uploads/2021/04/cleary-B-H-300x375.jpg,5,Cummins,,,,,,,,,,,,,,,,,,,,,,,active
cunningham,Family name History & Crest Plaques - Cunningham,"<p>Learn the full history of your family with a Family History or a Crest/History Combination.</p><p>Family History Standard : 16 x 20 cm | 6 x 8 inches. €9.90</p><p>Family History Large : 20 x 26 cm | 8 x 10 inches. €12.50</p><p>Family Combination (History &amp;amp;amp; Crest) : 26 x 20 cm | 10 x 8 inches.€14.95</p><p>Family Histories and Family Combinations are supplied mounted and ready to frame.<br/>FREE WORLDWIDE POSTAGE</p>",Irish Family Surnames,,General,"Heraldic Irish Family Names, Gifts under €25, Surname C",true,Title,Default Title,,,,,4710,0,shopify,20,deny,manual,12.45,,true,true,,https://irishfamilysurnames.com/wp-content/uploads/2021/04/cunningham-B-H.jpg,1,Cunningham,false,Family name History & Crest Plaques - Cunningham,Learn the full history of your family with a Family History or a Crest/History Combination. Family History Standard : 16 x 20 cm | 6 x 8 inches. €9.90 Family History Large : 20 x 26 cm | 8 x 10 inches. €12.50 Family Combination (History &amp; Crest) : 26 x 20 cm | 10 x 8 inches.€14.95 Family Histories and Family Combin,,,,,,,,,,,,,g,,,true,true,,,active
cunningham,,,,,,,true,,,,,,,,,,,,,,,,,,https://irishfamilysurnames.com/wp-content/uploads/2021/03/irishfamilysurnameslogo2.jpg,2,Cunningham,,,,,,,,,,,,,,,,,,,,,,,active
cunningham,,,,,,,true,,,,,,,,,,,,,,,,,,https://irishfamilysurnames.com/wp-content/uploads/2021/04/coleman-B-H-300x375.jpg,3,Cunningham,,,,,,,,,,,,,,,,,,,,,,,active
cunningham,,,,,,,true,,,,,,,,,,,,,,,,,,https://irishfamilysurnames.com/wp-content/uploads/2021/04/cary-B-H-300x375.jpg,4,Cunningham,,,,,,,,,,,,,,,,,,,,,,,active
cunningham,,,,,,,true,,,,,,,,,,,,,,,,,,https://irishfamilysurnames.com/wp-content/uploads/2021/04/corcoran-B-H-300x375.jpg,5,Cunningham,,,,,,,,,,,,,,,,,,,,,,,active
curran,Family name History & Crest Plaques - Curran,"<p>Learn the full history of your family with a Family History or a Crest/History Combination.</p><p>Family History Standard : 16 x 20 cm | 6 x 8 inches. €9.90</p><p>Family History Large : 20 x 26 cm | 8 x 10 inches. €12.50</p><p>Family Combination (History &amp;amp;amp; Crest) : 26 x 20 cm | 10 x 8 inches.€14.95</p><p>Family Histories and Family Combinations are supplied mounted and ready to frame.<br/>FREE WORLDWIDE POSTAGE</p>",Irish Family Surnames,,General,"Heraldic Irish Family Names, Gifts under €25, Surname C",true,Title,Default Title,,,,,4722,0,shopify,20,deny,manual,12.45,,true,true,,https://irishfamilysurnames.com/wp-content/uploads/2021/04/curran-B-H.jpg,1,Curran,false,Family name History & Crest Plaques - Curran,Learn the full history of your family with a Family History or a Crest/History Combination. Family History Standard : 16 x 20 cm | 6 x 8 inches. €9.90 Family History Large : 20 x 26 cm | 8 x 10 inches. €12.50 Family Combination (History &amp; Crest) : 26 x 20 cm | 10 x 8 inches.€14.95 Family Histories and Family Combin,,,,,,,,,,,,,g,,,true,true,,,active
curran,,,,,,,true,,,,,,,,,,,,,,,,,,https://irishfamilysurnames.com/wp-content/uploads/2021/03/irishfamilysurnameslogo2.jpg,2,Curran,,,,,,,,,,,,,,,,,,,,,,,active
curran,,,,,,,true,,,,,,,,,,,,,,,,,,https://irishfamilysurnames.com/wp-content/uploads/2021/04/clarke-B-H-300x375.jpg,3,Curran,,,,,,,,,,,,,,,,,,,,,,,active
curran,,,,,,,true,,,,,,,,,,,,,,,,,,https://irishfamilysurnames.com/wp-content/uploads/2021/04/cassidy-B-H-300x375.jpg,4,Curran,,,,,,,,,,,,,,,,,,,,,,,active
curran,,,,,,,true,,,,,,,,,,,,,,,,,,https://irishfamilysurnames.com/wp-content/uploads/2021/04/cooney-B-H-300x375.jpg,5,Curran,,,,,,,,,,,,,,,,,,,,,,,active
curtin,Family name History & Crest Plaques - Curtin,"<p>Learn the full history of your family with a Family History or a Crest/History Combination.</p><p>Family History Standard : 16 x 20 cm | 6 x 8 inches. €9.90</p><p>Family History Large : 20 x 26 cm | 8 x 10 inches. €12.50</p><p>Family Combination (History &amp;amp;amp; Crest) : 26 x 20 cm | 10 x 8 inches.€14.95</p><p>Family Histories and Family Combinations are supplied mounted and ready to frame.<br/>FREE WORLDWIDE POSTAGE</p>",Irish Family Surnames,,General,"Heraldic Irish Family Names, Gifts under €25, Surname C",true,Title,Default Title,,,,,4734,0,shopify,20,deny,manual,12.45,,true,true,,https://irishfamilysurnames.com/wp-content/uploads/2021/04/curtin-B-H.jpg,1,Curtin,false,Family name History & Crest Plaques - Curtin,Learn the full history of your family with a Family History or a Crest/History Combination. Family History Standard : 16 x 20 cm | 6 x 8 inches. €9.90 Family History Large : 20 x 26 cm | 8 x 10 inches. €12.50 Family Combination (History &amp; Crest) : 26 x 20 cm | 10 x 8 inches.€14.95 Family Histories and Family Combin,,,,,,,,,,,,,g,,,true,true,,,active
curtin,,,,,,,true,,,,,,,,,,,,,,,,,,https://irishfamilysurnames.com/wp-content/uploads/2021/03/irishfamilysurnameslogo2.jpg,2,Curtin,,,,,,,,,,,,,,,,,,,,,,,active
curtin,,,,,,,true,,,,,,,,,,,,,,,,,,https://irishfamilysurnames.com/wp-content/uploads/2021/04/corrigan-B-H-300x375.jpg,3,Curtin,,,,,,,,,,,,,,,,,,,,,,,active
curtin,,,,,,,true,,,,,,,,,,,,,,,,,,https://irishfamilysurnames.com/wp-content/uploads/2021/04/cary-B-H-300x375.jpg,4,Curtin,,,,,,,,,,,,,,,,,,,,,,,active
curtin,,,,,,,true,,,,,,,,,,,,,,,,,,https://irishfamilysurnames.com/wp-content/uploads/2021/04/cahill-B-H-300x375.jpg,5,Curtin,,,,,,,,,,,,,,,,,,,,,,,active
cusack,Family name History & Crest Plaques - Cusack,"<p>Learn the full history of your family with a Family History or a Crest/History Combination.</p><p>Family History Standard : 16 x 20 cm | 6 x 8 inches. €9.90</p><p>Family History Large : 20 x 26 cm | 8 x 10 inches. €12.50</p><p>Family Combination (History &amp;amp;amp; Crest) : 26 x 20 cm | 10 x 8 inches.€14.95</p><p>Family Histories and Family Combinations are supplied mounted and ready to frame.<br/>FREE WORLDWIDE POSTAGE</p>",Irish Family Surnames,,General,"Heraldic Irish Family Names, Gifts under €25, Surname C",true,Title,Default Title,,,,,4745,0,shopify,20,deny,manual,12.45,,true,true,,https://irishfamilysurnames.com/wp-content/uploads/2021/04/cusack-B-H.jpg,1,Cusack,false,Family name History & Crest Plaques - Cusack,Learn the full history of your family with a Family History or a Crest/History Combination. Family History Standard : 16 x 20 cm | 6 x 8 inches. €9.90 Family History Large : 20 x 26 cm | 8 x 10 inches. €12.50 Family Combination (History &amp; Crest) : 26 x 20 cm | 10 x 8 inches.€14.95 Family Histories and Family Combin,,,,,,,,,,,,,g,,,true,true,,,active
cusack,,,,,,,true,,,,,,,,,,,,,,,,,,https://irishfamilysurnames.com/wp-content/uploads/2021/03/irishfamilysurnameslogo2.jpg,2,Cusack,,,,,,,,,,,,,,,,,,,,,,,active
cusack,,,,,,,true,,,,,,,,,,,,,,,,,,https://irishfamilysurnames.com/wp-content/uploads/2021/04/conlan-B-H-300x375.jpg,3,Cusack,,,,,,,,,,,,,,,,,,,,,,,active
cusack,,,,,,,true,,,,,,,,,,,,,,,,,,https://irishfamilysurnames.com/wp-content/uploads/2021/04/clark-B-H-300x375.jpg,4,Cusack,,,,,,,,,,,,,,,,,,,,,,,active
cusack,,,,,,,true,,,,,,,,,,,,,,,,,,https://irishfamilysurnames.com/wp-content/uploads/2021/04/condon-B-H-300x375.jpg,5,Cusack,,,,,,,,,,,,,,,,,,,,,,,active
taylor,Family name History & Crest Plaques - D'Arcy,"<p>Learn the full history of your family with a Family History or a Crest/History Combination.</p><p>Family History Standard : 16 x 20 cm | 6 x 8 inches. €9.90</p><p>Family History Large : 20 x 26 cm | 8 x 10 inches. €12.50</p><p>Family Combination (History &amp;amp;amp; Crest) : 26 x 20 cm | 10 x 8 inches.€14.95</p><p>Family Histories and Family Combinations are supplied mounted and ready to frame.<br/>FREE WORLDWIDE POSTAGE</p>",Irish Family Surnames,,General,"Heraldic Irish Family Names, Gifts under €25, Surname D",true,Title,Default Title,,,,,4756,0,shopify,20,deny,manual,12.45,,true,true,,https://irishfamilysurnames.com/wp-content/uploads/2021/04/d-arcy-B-H.jpg,1,D'Arcy,false,Family name History & Crest Plaques - D'Arcy,Learn the full history of your family with a Family History or a Crest/History Combination. Family History Standard : 16 x 20 cm | 6 x 8 inches. €9.90 Family History Large : 20 x 26 cm | 8 x 10 inches. €12.50 Family Combination (History &amp; Crest) : 26 x 20 cm | 10 x 8 inches.€14.95 Family Histories and Family Combin,,,,,,,,,,,,,g,,,true,true,,,active
taylor,,,,,,,true,,,,,,,,,,,,,,,,,,https://irishfamilysurnames.com/wp-content/uploads/2021/03/irishfamilysurnameslogo2.jpg,2,D'Arcy,,,,,,,,,,,,,,,,,,,,,,,active
taylor,,,,,,,true,,,,,,,,,,,,,,,,,,https://irishfamilysurnames.com/wp-content/uploads/2021/04/dugan-B-H-300x375.jpg,3,D'Arcy,,,,,,,,,,,,,,,,,,,,,,,active
taylor,,,,,,,true,,,,,,,,,,,,,,,,,,https://irishfamilysurnames.com/wp-content/uploads/2021/04/duffy-B-H-300x375.jpg,4,D'Arcy,,,,,,,,,,,,,,,,,,,,,,,active
taylor,,,,,,,true,,,,,,,,,,,,,,,,,,https://irishfamilysurnames.com/wp-content/uploads/2021/04/delaney-B-H-300x375.jpg,5,D'Arcy,,,,,,,,,,,,,,,,,,,,,,,active
taylor-2,Family name History & Crest Plaques - Taylor,"<p>Learn the full history of your family with a Family History or a Crest/History Combination.</p><p>Family History Standard : 16 x 20 cm | 6 x 8 inches. €9.90</p><p>Family History Large : 20 x 26 cm | 8 x 10 inches. €12.50</p><p>Family Combination (History &amp;amp;amp; Crest) : 26 x 20 cm | 10 x 8 inches.€14.95</p><p>Family Histories and Family Combinations are supplied mounted and ready to frame.<br/>FREE WORLDWIDE POSTAGE</p>",Irish Family Surnames,,General,"Heraldic Irish Family Names, Gifts under €25, Surname T",true,Title,Default Title,,,,,4787,0,shopify,20,deny,manual,12.45,,true,true,,https://irishfamilysurnames.com/wp-content/uploads/2021/04/taylor-B-H.jpg,1,Taylor,false,Family name History & Crest Plaques - Taylor,Learn the full history of your family with a Family History or a Crest/History Combination. Family History Standard : 16 x 20 cm | 6 x 8 inches. €9.90 Family History Large : 20 x 26 cm | 8 x 10 inches. €12.50 Family Combination (History &amp; Crest) : 26 x 20 cm | 10 x 8 inches.€14.95 Family Histories and Family Combin,,,,,,,,,,,,,g,,,true,true,,,active
taylor-2,,,,,,,true,,,,,,,,,,,,,,,,,,https://irishfamilysurnames.com/wp-content/uploads/2021/03/irishfamilysurnameslogo2.jpg,2,Taylor,,,,,,,,,,,,,,,,,,,,,,,active
taylor-2,,,,,,,true,,,,,,,,,,,,,,,,,,https://irishfamilysurnames.com/wp-content/uploads/2021/04/tobin-B-H-300x375.jpg,3,Taylor,,,,,,,,,,,,,,,,,,,,,,,active
taylor-2,,,,,,,true,,,,,,,,,,,,,,,,,,https://irishfamilysurnames.com/wp-content/uploads/2021/04/tierney-B-H-300x375.jpg,4,Taylor,,,,,,,,,,,,,,,,,,,,,,,active
taylor-2,,,,,,,true,,,,,,,,,,,,,,,,,,https://irishfamilysurnames.com/wp-content/uploads/2021/04/toole-B-H-300x375.jpg,5,Taylor,,,,,,,,,,,,,,,,,,,,,,,active
thompson,Family name History & Crest Plaques - Thompson,"<p>Learn the full history of your family with a Family History or a Crest/History Combination.</p><p>Family History Standard : 16 x 20 cm | 6 x 8 inches. €9.90</p><p>Family History Large : 20 x 26 cm | 8 x 10 inches. €12.50</p><p>Family Combination (History &amp;amp;amp; Crest) : 26 x 20 cm | 10 x 8 inches.€14.95</p><p>Family Histories and Family Combinations are supplied mounted and ready to frame.<br/>FREE WORLDWIDE POSTAGE</p>",Irish Family Surnames,,General,"Heraldic Irish Family Names, Gifts under €25, Surname T",true,Title,Default Title,,,,,4798,0,shopify,20,deny,manual,12.45,,true,true,,https://irishfamilysurnames.com/wp-content/uploads/2021/04/thompson-B-H.jpg,1,Thompson,false,Family name History & Crest Plaques - Thompson,Learn the full history of your family with a Family History or a Crest/History Combination. Family History Standard : 16 x 20 cm | 6 x 8 inches. €9.90 Family History Large : 20 x 26 cm | 8 x 10 inches. €12.50 Family Combination (History &amp; Crest) : 26 x 20 cm | 10 x 8 inches.€14.95 Family Histories and Family Combin,,,,,,,,,,,,,g,,,true,true,,,active
thompson,,,,,,,true,,,,,,,,,,,,,,,,,,https://irishfamilysurnames.com/wp-content/uploads/2021/03/irishfamilysurnameslogo2.jpg,2,Thompson,,,,,,,,,,,,,,,,,,,,,,,active
thompson,,,,,,,true,,,,,,,,,,,,,,,,,,https://irishfamilysurnames.com/wp-content/uploads/2021/04/treacy-B-H-300x375.jpg,3,Thompson,,,,,,,,,,,,,,,,,,,,,,,active
thompson,,,,,,,true,,,,,,,,,,,,,,,,,,https://irishfamilysurnames.com/wp-content/uploads/2021/04/taylor-B-H-300x375.jpg,4,Thompson,,,,,,,,,,,,,,,,,,,,,,,active
thompson,,,,,,,true,,,,,,,,,,,,,,,,,,https://irishfamilysurnames.com/wp-content/uploads/2021/04/tobin-B-H-300x375.jpg,5,Thompson,,,,,,,,,,,,,,,,,,,,,,,active
tierney,Family name History & Crest Plaques - Tierney,"<p>Learn the full history of your family with a Family History or a Crest/History Combination.</p><p>Family History Standard : 16 x 20 cm | 6 x 8 inches. €9.90</p><p>Family History Large : 20 x 26 cm | 8 x 10 inches. €12.50</p><p>Family Combination (History &amp;amp;amp; Crest) : 26 x 20 cm | 10 x 8 inches.€14.95</p><p>Family Histories and Family Combinations are supplied mounted and ready to frame.<br/>FREE WORLDWIDE POSTAGE</p>",Irish Family Surnames,,General,"Heraldic Irish Family Names, Gifts under €25, Surname T",true,Title,Default Title,,,,,4809,0,shopify,20,deny,manual,12.45,,true,true,,https://irishfamilysurnames.com/wp-content/uploads/2021/04/tierney-B-H.jpg,1,Tierney,false,Family name History & Crest Plaques - Tierney,Learn the full history of your family with a Family History or a Crest/History Combination. Family History Standard : 16 x 20 cm | 6 x 8 inches. €9.90 Family History Large : 20 x 26 cm | 8 x 10 inches. €12.50 Family Combination (History &amp; Crest) : 26 x 20 cm | 10 x 8 inches.€14.95 Family Histories and Family Combin,,,,,,,,,,,,,g,,,true,true,,,active
tierney,,,,,,,true,,,,,,,,,,,,,,,,,,https://irishfamilysurnames.com/wp-content/uploads/2021/03/irishfamilysurnameslogo2.jpg,2,Tierney,,,,,,,,,,,,,,,,,,,,,,,active
tierney,,,,,,,true,,,,,,,,,,,,,,,,,,https://irishfamilysurnames.com/wp-content/uploads/2021/04/thompson-B-H-300x375.jpg,3,Tierney,,,,,,,,,,,,,,,,,,,,,,,active
tierney,,,,,,,true,,,,,,,,,,,,,,,,,,https://irishfamilysurnames.com/wp-content/uploads/2021/04/tobin-B-H-300x375.jpg,4,Tierney,,,,,,,,,,,,,,,,,,,,,,,active
tierney,,,,,,,true,,,,,,,,,,,,,,,,,,https://irishfamilysurnames.com/wp-content/uploads/2021/04/treacy-B-H-300x375.jpg,5,Tierney,,,,,,,,,,,,,,,,,,,,,,,active
tracy,Family name History & Crest Plaques - Tracy,"<p>Learn the full history of your family with a Family History or a Crest/History Combination.</p><p>Family History Standard : 16 x 20 cm | 6 x 8 inches. €9.90</p><p>Family History Large : 20 x 26 cm | 8 x 10 inches. €12.50</p><p>Family Combination (History &amp;amp;amp; Crest) : 26 x 20 cm | 10 x 8 inches.€14.95</p><p>Family Histories and Family Combinations are supplied mounted and ready to frame.<br/>FREE WORLDWIDE POSTAGE</p>",Irish Family Surnames,,General,"Heraldic Irish Family Names, Gifts under €25, Surname T",true,Title,Default Title,,,,,4842,0,shopify,20,deny,manual,12.45,,true,true,,https://irishfamilysurnames.com/wp-content/uploads/2021/04/tracy-B-H.jpg,1,Tracy,false,Family name History & Crest Plaques - Tracy,Learn the full history of your family with a Family History or a Crest/History Combination. Family History Standard : 16 x 20 cm | 6 x 8 inches. €9.90 Family History Large : 20 x 26 cm | 8 x 10 inches. €12.50 Family Combination (History &amp; Crest) : 26 x 20 cm | 10 x 8 inches.€14.95 Family Histories and Family Combin,,,,,,,,,,,,,g,,,true,true,,,active
tracy,,,,,,,true,,,,,,,,,,,,,,,,,,https://irishfamilysurnames.com/wp-content/uploads/2021/03/irishfamilysurnameslogo2.jpg,2,Tracy,,,,,,,,,,,,,,,,,,,,,,,active
tracy,,,,,,,true,,,,,,,,,,,,,,,,,,https://irishfamilysurnames.com/wp-content/uploads/2021/04/treacy-B-H-300x375.jpg,3,Tracy,,,,,,,,,,,,,,,,,,,,,,,active
tracy,,,,,,,true,,,,,,,,,,,,,,,,,,https://irishfamilysurnames.com/wp-content/uploads/2021/04/taylor-B-H-300x375.jpg,4,Tracy,,,,,,,,,,,,,,,,,,,,,,,active
tracy,,,,,,,true,,,,,,,,,,,,,,,,,,https://irishfamilysurnames.com/wp-content/uploads/2021/04/toole-B-H-300x375.jpg,5,Tracy,,,,,,,,,,,,,,,,,,,,,,,active
treacy,Family name History & Crest Plaques - Treacy,"<p>Learn the full history of your family with a Family History or a Crest/History Combination.</p><p>Family History Standard : 16 x 20 cm | 6 x 8 inches. €9.90</p><p>Family History Large : 20 x 26 cm | 8 x 10 inches. €12.50</p><p>Family Combination (History &amp;amp;amp; Crest) : 26 x 20 cm | 10 x 8 inches.€14.95</p><p>Family Histories and Family Combinations are supplied mounted and ready to frame.<br/>FREE WORLDWIDE POSTAGE</p>",Irish Family Surnames,,General,"Heraldic Irish Family Names, Gifts under €25, Surname T",true,Title,Default Title,,,,,4853,0,shopify,20,deny,manual,12.45,,true,true,,https://irishfamilysurnames.com/wp-content/uploads/2021/04/treacy-B-H.jpg,1,Treacy,false,Family name History & Crest Plaques - Treacy,Learn the full history of your family with a Family History or a Crest/History Combination. Family History Standard : 16 x 20 cm | 6 x 8 inches. €9.90 Family History Large : 20 x 26 cm | 8 x 10 inches. €12.50 Family Combination (History &amp; Crest) : 26 x 20 cm | 10 x 8 inches.€14.95 Family Histories and Family Combin,,,,,,,,,,,,,g,,,true,true,,,active
treacy,,,,,,,true,,,,,,,,,,,,,,,,,,https://irishfamilysurnames.com/wp-content/uploads/2021/03/irishfamilysurnameslogo2.jpg,2,Treacy,,,,,,,,,,,,,,,,,,,,,,,active
treacy,,,,,,,true,,,,,,,,,,,,,,,,,,https://irishfamilysurnames.com/wp-content/uploads/2021/04/taylor-B-H-300x375.jpg,3,Treacy,,,,,,,,,,,,,,,,,,,,,,,active
treacy,,,,,,,true,,,,,,,,,,,,,,,,,,https://irishfamilysurnames.com/wp-content/uploads/2021/04/thompson-B-H-300x375.jpg,4,Treacy,,,,,,,,,,,,,,,,,,,,,,,active
treacy,,,,,,,true,,,,,,,,,,,,,,,,,,https://irishfamilysurnames.com/wp-content/uploads/2021/04/tierney-B-H-300x375.jpg,5,Treacy,,,,,,,,,,,,,,,,,,,,,,,active
wall,Family name History & Crest Plaques - Wall,"<p>Learn the full history of your family with a Family History or a Crest/History Combination.</p><p>Family History Standard : 16 x 20 cm | 6 x 8 inches. €9.90</p><p>Family History Large : 20 x 26 cm | 8 x 10 inches. €12.50</p><p>Family Combination (History &amp;amp;amp; Crest) : 26 x 20 cm | 10 x 8 inches.€14.95</p><p>Family Histories and Family Combinations are supplied mounted and ready to frame.<br/>FREE WORLDWIDE POSTAGE</p>",Irish Family Surnames,,General,"Heraldic Irish Family Names, Gifts under €25, Surname W",true,Title,Default Title,,,,,4875,0,shopify,20,deny,manual,12.45,,true,true,,https://irishfamilysurnames.com/wp-content/uploads/2021/04/wall-B-H.jpg,1,Wall,false,Family name History & Crest Plaques - Wall,Learn the full history of your family with a Family History or a Crest/History Combination. Family History Standard : 16 x 20 cm | 6 x 8 inches. €9.90 Family History Large : 20 x 26 cm | 8 x 10 inches. €12.50 Family Combination (History &amp; Crest) : 26 x 20 cm | 10 x 8 inches.€14.95 Family Histories and Family Combin,,,,,,,,,,,,,g,,,true,true,,,active
wall,,,,,,,true,,,,,,,,,,,,,,,,,,https://irishfamilysurnames.com/wp-content/uploads/2021/03/irishfamilysurnameslogo2.jpg,2,Wall,,,,,,,,,,,,,,,,,,,,,,,active
wall,,,,,,,true,,,,,,,,,,,,,,,,,,https://irishfamilysurnames.com/wp-content/uploads/2021/04/welsh-B-H-300x375.jpg,3,Wall,,,,,,,,,,,,,,,,,,,,,,,active
wall,,,,,,,true,,,,,,,,,,,,,,,,,,https://irishfamilysurnames.com/wp-content/uploads/2021/04/walshe-B-H-300x375.jpg,4,Wall,,,,,,,,,,,,,,,,,,,,,,,active
wall,,,,,,,true,,,,,,,,,,,,,,,,,,https://irishfamilysurnames.com/wp-content/uploads/2021/04/wilson-B-H-300x375.jpg,5,Wall,,,,,,,,,,,,,,,,,,,,,,,active
walsh,Family name History & Crest Plaques - Walsh,"<p>Learn the full history of your family with a Family History or a Crest/History Combination.</p><p>Family History Standard : 16 x 20 cm | 6 x 8 inches. €9.90</p><p>Family History Large : 20 x 26 cm | 8 x 10 inches. €12.50</p><p>Family Combination (History &amp;amp;amp; Crest) : 26 x 20 cm | 10 x 8 inches.€14.95</p><p>Family Histories and Family Combinations are supplied mounted and ready to frame.<br/>FREE WORLDWIDE POSTAGE</p>",Irish Family Surnames,,General,"Heraldic Irish Family Names, Gifts under €25, Surname W",true,Title,Default Title,,,,,4886,0,shopify,20,deny,manual,12.45,,true,true,,https://irishfamilysurnames.com/wp-content/uploads/2021/04/walsh-B-H.jpg,1,Walsh,false,Family name History & Crest Plaques - Walsh,Learn the full history of your family with a Family History or a Crest/History Combination. Family History Standard : 16 x 20 cm | 6 x 8 inches. €9.90 Family History Large : 20 x 26 cm | 8 x 10 inches. €12.50 Family Combination (History &amp; Crest) : 26 x 20 cm | 10 x 8 inches.€14.95 Family Histories and Family Combin,,,,,,,,,,,,,g,,,true,true,,,active
walsh,,,,,,,true,,,,,,,,,,,,,,,,,,https://irishfamilysurnames.com/wp-content/uploads/2021/03/irishfamilysurnameslogo2.jpg,2,Walsh,,,,,,,,,,,,,,,,,,,,,,,active
walsh,,,,,,,true,,,,,,,,,,,,,,,,,,https://irishfamilysurnames.com/wp-content/uploads/2021/04/whalen-B-H-300x375.jpg,3,Walsh,,,,,,,,,,,,,,,,,,,,,,,active
walsh,,,,,,,true,,,,,,,,,,,,,,,,,,https://irishfamilysurnames.com/wp-content/uploads/2021/04/whelan-B-H-300x375.jpg,4,Walsh,,,,,,,,,,,,,,,,,,,,,,,active
walsh,,,,,,,true,,,,,,,,,,,,,,,,,,https://irishfamilysurnames.com/wp-content/uploads/2021/04/walker-B-H-300x375.jpg,5,Walsh,,,,,,,,,,,,,,,,,,,,,,,active
walshe,Family name History & Crest Plaques - Walshe,"<p>Learn the full history of your family with a Family History or a Crest/History Combination.</p><p>Family History Standard : 16 x 20 cm | 6 x 8 inches. €9.90</p><p>Family History Large : 20 x 26 cm | 8 x 10 inches. €12.50</p><p>Family Combination (History &amp;amp;amp; Crest) : 26 x 20 cm | 10 x 8 inches.€14.95</p><p>Family Histories and Family Combinations are supplied mounted and ready to frame.<br/>FREE WORLDWIDE POSTAGE</p>",Irish Family Surnames,,General,"Heraldic Irish Family Names, Gifts under €25, Surname W",true,Title,Default Title,,,,,4898,0,shopify,20,deny,manual,12.45,,true,true,,https://irishfamilysurnames.com/wp-content/uploads/2021/04/walshe-B-H.jpg,1,Walshe,false,Family name History & Crest Plaques - Walshe,Learn the full history of your family with a Family History or a Crest/History Combination. Family History Standard : 16 x 20 cm | 6 x 8 inches. €9.90 Family History Large : 20 x 26 cm | 8 x 10 inches. €12.50 Family Combination (History &amp; Crest) : 26 x 20 cm | 10 x 8 inches.€14.95 Family Histories and Family Combin,,,,,,,,,,,,,g,,,true,true,,,active
walshe,,,,,,,true,,,,,,,,,,,,,,,,,,https://irishfamilysurnames.com/wp-content/uploads/2021/03/irishfamilysurnameslogo2.jpg,2,Walshe,,,,,,,,,,,,,,,,,,,,,,,active
walshe,,,,,,,true,,,,,,,,,,,,,,,,,,https://irishfamilysurnames.com/wp-content/uploads/2021/04/wall-B-H-300x375.jpg,3,Walshe,,,,,,,,,,,,,,,,,,,,,,,active
walshe,,,,,,,true,,,,,,,,,,,,,,,,,,https://irishfamilysurnames.com/wp-content/uploads/2021/04/walker-B-H-300x375.jpg,4,Walshe,,,,,,,,,,,,,,,,,,,,,,,active
walshe,,,,,,,true,,,,,,,,,,,,,,,,,,https://irishfamilysurnames.com/wp-content/uploads/2021/04/welsh-B-H-300x375.jpg,5,Walshe,,,,,,,,,,,,,,,,,,,,,,,active
ward,Family name History & Crest Plaques - Ward,"<p>Learn the full history of your family with a Family History or a Crest/History Combination.</p><p>Family History Standard : 16 x 20 cm | 6 x 8 inches. €9.90</p><p>Family History Large : 20 x 26 cm | 8 x 10 inches. €12.50</p><p>Family Combination (History &amp;amp;amp; Crest) : 26 x 20 cm | 10 x 8 inches.€14.95</p><p>Family Histories and Family Combinations are supplied mounted and ready to frame.<br/>FREE WORLDWIDE POSTAGE</p>",Irish Family Surnames,,General,"Heraldic Irish Family Names, Gifts under €25, Surname W",true,Title,Default Title,,,,,4909,0,shopify,20,deny,manual,12.45,,true,true,,https://irishfamilysurnames.com/wp-content/uploads/2021/04/ward-B-H.jpg,1,Ward,false,Family name History & Crest Plaques - Ward,Learn the full history of your family with a Family History or a Crest/History Combination. Family History Standard : 16 x 20 cm | 6 x 8 inches. €9.90 Family History Large : 20 x 26 cm | 8 x 10 inches. €12.50 Family Combination (History &amp; Crest) : 26 x 20 cm | 10 x 8 inches.€14.95 Family Histories and Family Combin,,,,,,,,,,,,,g,,,true,true,,,active
ward,,,,,,,true,,,,,,,,,,,,,,,,,,https://irishfamilysurnames.com/wp-content/uploads/2021/03/irishfamilysurnameslogo2.jpg,2,Ward,,,,,,,,,,,,,,,,,,,,,,,active
ward,,,,,,,true,,,,,,,,,,,,,,,,,,https://irishfamilysurnames.com/wp-content/uploads/2021/04/white-B-H-300x375.jpg,3,Ward,,,,,,,,,,,,,,,,,,,,,,,active
ward,,,,,,,true,,,,,,,,,,,,,,,,,,https://irishfamilysurnames.com/wp-content/uploads/2021/04/williams-B-H-300x375.jpg,4,Ward,,,,,,,,,,,,,,,,,,,,,,,active
ward,,,,,,,true,,,,,,,,,,,,,,,,,,https://irishfamilysurnames.com/wp-content/uploads/2021/04/wilson-B-H-300x375.jpg,5,Ward,,,,,,,,,,,,,,,,,,,,,,,active
welsh,Family name History & Crest Plaques - Welsh,"<p>Learn the full history of your family with a Family History or a Crest/History Combination.</p><p>Family History Standard : 16 x 20 cm | 6 x 8 inches. €9.90</p><p>Family History Large : 20 x 26 cm | 8 x 10 inches. €12.50</p><p>Family Combination (History &amp;amp;amp; Crest) : 26 x 20 cm | 10 x 8 inches.€14.95</p><p>Family Histories and Family Combinations are supplied mounted and ready to frame.<br/>FREE WORLDWIDE POSTAGE</p>",Irish Family Surnames,,General,"Heraldic Irish Family Names, Gifts under €25, Surname W",true,Title,Default Title,,,,,4920,0,shopify,20,deny,manual,12.45,,true,true,,https://irishfamilysurnames.com/wp-content/uploads/2021/04/welsh-B-H.jpg,1,Welsh,false,Family name History & Crest Plaques - Welsh,Learn the full history of your family with a Family History or a Crest/History Combination. Family History Standard : 16 x 20 cm | 6 x 8 inches. €9.90 Family History Large : 20 x 26 cm | 8 x 10 inches. €12.50 Family Combination (History &amp; Crest) : 26 x 20 cm | 10 x 8 inches.€14.95 Family Histories and Family Combin,,,,,,,,,,,,,g,,,true,true,,,active
welsh,,,,,,,true,,,,,,,,,,,,,,,,,,https://irishfamilysurnames.com/wp-content/uploads/2021/03/irishfamilysurnameslogo2.jpg,2,Welsh,,,,,,,,,,,,,,,,,,,,,,,active
welsh,,,,,,,true,,,,,,,,,,,,,,,,,,https://irishfamilysurnames.com/wp-content/uploads/2021/04/white-B-H-300x375.jpg,3,Welsh,,,,,,,,,,,,,,,,,,,,,,,active
welsh,,,,,,,true,,,,,,,,,,,,,,,,,,https://irishfamilysurnames.com/wp-content/uploads/2021/04/walshe-B-H-300x375.jpg,4,Welsh,,,,,,,,,,,,,,,,,,,,,,,active
welsh,,,,,,,true,,,,,,,,,,,,,,,,,,https://irishfamilysurnames.com/wp-content/uploads/2021/04/wilson-B-H-300x375.jpg,5,Welsh,,,,,,,,,,,,,,,,,,,,,,,active
whalen,Family name History & Crest Plaques - Whalen,"<p>Learn the full history of your family with a Family History or a Crest/History Combination.</p><p>Family History Standard : 16 x 20 cm | 6 x 8 inches. €9.90</p><p>Family History Large : 20 x 26 cm | 8 x 10 inches. €12.50</p><p>Family Combination (History &amp;amp;amp; Crest) : 26 x 20 cm | 10 x 8 inches.€14.95</p><p>Family Histories and Family Combinations are supplied mounted and ready to frame.<br/>FREE WORLDWIDE POSTAGE</p>",Irish Family Surnames,,General,"Heraldic Irish Family Names, Gifts under €25, Surname W",true,Title,Default Title,,,,,4931,0,shopify,20,deny,manual,12.45,,true,true,,https://irishfamilysurnames.com/wp-content/uploads/2021/04/whalen-B-H.jpg,1,Whalen,false,Family name History & Crest Plaques - Whalen,Learn the full history of your family with a Family History or a Crest/History Combination. Family History Standard : 16 x 20 cm | 6 x 8 inches. €9.90 Family History Large : 20 x 26 cm | 8 x 10 inches. €12.50 Family Combination (History &amp; Crest) : 26 x 20 cm | 10 x 8 inches.€14.95 Family Histories and Family Combin,,,,,,,,,,,,,g,,,true,true,,,active
whalen,,,,,,,true,,,,,,,,,,,,,,,,,,https://irishfamilysurnames.com/wp-content/uploads/2021/03/irishfamilysurnameslogo2.jpg,2,Whalen,,,,,,,,,,,,,,,,,,,,,,,active
whalen,,,,,,,true,,,,,,,,,,,,,,,,,,https://irishfamilysurnames.com/wp-content/uploads/2021/04/welsh-B-H-300x375.jpg,3,Whalen,,,,,,,,,,,,,,,,,,,,,,,active
whalen,,,,,,,true,,,,,,,,,,,,,,,,,,https://irishfamilysurnames.com/wp-content/uploads/2021/04/walsh-B-H-300x375.jpg,4,Whalen,,,,,,,,,,,,,,,,,,,,,,,active
whalen,,,,,,,true,,,,,,,,,,,,,,,,,,https://irishfamilysurnames.com/wp-content/uploads/2021/04/white-B-H-300x375.jpg,5,Whalen,,,,,,,,,,,,,,,,,,,,,,,active
whelan,Family name History & Crest Plaques - Whelan,"<p>Learn the full history of your family with a Family History or a Crest/History Combination.</p><p>Family History Standard : 16 x 20 cm | 6 x 8 inches. €9.90</p><p>Family History Large : 20 x 26 cm | 8 x 10 inches. €12.50</p><p>Family Combination (History &amp;amp;amp; Crest) : 26 x 20 cm | 10 x 8 inches.€14.95</p><p>Family Histories and Family Combinations are supplied mounted and ready to frame.<br/>FREE WORLDWIDE POSTAGE</p>",Irish Family Surnames,,General,"Heraldic Irish Family Names, Gifts under €25, Surname W",true,Title,Default Title,,,,,4942,0,shopify,20,deny,manual,12.45,,true,true,,https://irishfamilysurnames.com/wp-content/uploads/2021/04/whelan-B-H.jpg,1,Whelan,false,Family name History & Crest Plaques - Whelan,Learn the full history of your family with a Family History or a Crest/History Combination. Family History Standard : 16 x 20 cm | 6 x 8 inches. €9.90 Family History Large : 20 x 26 cm | 8 x 10 inches. €12.50 Family Combination (History &amp; Crest) : 26 x 20 cm | 10 x 8 inches.€14.95 Family Histories and Family Combin,,,,,,,,,,,,,g,,,true,true,,,active
whelan,,,,,,,true,,,,,,,,,,,,,,,,,,https://irishfamilysurnames.com/wp-content/uploads/2021/03/irishfamilysurnameslogo2.jpg,2,Whelan,,,,,,,,,,,,,,,,,,,,,,,active
whelan,,,,,,,true,,,,,,,,,,,,,,,,,,https://irishfamilysurnames.com/wp-content/uploads/2021/04/walsh-B-H-300x375.jpg,3,Whelan,,,,,,,,,,,,,,,,,,,,,,,active
whelan,,,,,,,true,,,,,,,,,,,,,,,,,,https://irishfamilysurnames.com/wp-content/uploads/2021/04/wall-B-H-300x375.jpg,4,Whelan,,,,,,,,,,,,,,,,,,,,,,,active
whelan,,,,,,,true,,,,,,,,,,,,,,,,,,https://irishfamilysurnames.com/wp-content/uploads/2021/04/ward-B-H-300x375.jpg,5,Whelan,,,,,,,,,,,,,,,,,,,,,,,active
odonovan-2,Family name History & Crest Plaques - O'Donovan,"<p>Learn the full history of your family with a Family History or a Crest/History Combination.</p><p>Family History Standard : 16 x 20 cm | 6 x 8 inches. €9.90</p><p>Family History Large : 20 x 26 cm | 8 x 10 inches. €12.50</p><p>Family Combination (History &amp;amp;amp; Crest) : 26 x 20 cm | 10 x 8 inches.€14.95</p><p>Family Histories and Family Combinations are supplied mounted and ready to frame.<br/>FREE WORLDWIDE POSTAGE</p>",Irish Family Surnames,,General,"Heraldic Irish Family Names, Gifts under €25, Surname O",true,Title,Default Title,,,,,4776,0,shopify,20,deny,manual,12.45,,true,true,,https://irishfamilysurnames.com/wp-content/uploads/2021/04/odonovan-B-H.jpg,1,O'Donovan,false,Family name History & Crest Plaques - O'Donovan,Learn the full history of your family with a Family History or a Crest/History Combination. Family History Standard : 16 x 20 cm | 6 x 8 inches. €9.90 Family History Large : 20 x 26 cm | 8 x 10 inches. €12.50 Family Combination (History &amp; Crest) : 26 x 20 cm | 10 x 8 inches.€14.95 Family Histories and Family Combin,,,,,,,,,,,,,g,,,true,true,,,active
odonovan-2,,,,,,,true,,,,,,,,,,,,,,,,,,https://irishfamilysurnames.com/wp-content/uploads/2021/03/irishfamilysurnameslogo2.jpg,2,O'Donovan,,,,,,,,,,,,,,,,,,,,,,,active
odonovan-2,,,,,,,true,,,,,,,,,,,,,,,,,,https://irishfamilysurnames.com/wp-content/uploads/2021/04/o-connor-B-H-300x375.jpg,3,O'Donovan,,,,,,,,,,,,,,,,,,,,,,,active
odonovan-2,,,,,,,true,,,,,,,,,,,,,,,,,,https://irishfamilysurnames.com/wp-content/uploads/2021/04/o-flaherty-B-H-300x375.jpg,4,O'Donovan,,,,,,,,,,,,,,,,,,,,,,,active
odonovan-2,,,,,,,true,,,,,,,,,,,,,,,,,,https://irishfamilysurnames.com/wp-content/uploads/2021/04/o-byrne-B-H-300x375.jpg,5,O'Donovan,,,,,,,,,,,,,,,,,,,,,,,active
davis,Family name History & Crest Plaques - Davis,"<p>Learn the full history of your family with a Family History or a Crest/History Combination.</p><p>Family History Standard : 16 x 20 cm | 6 x 8 inches. €9.90</p><p>Family History Large : 20 x 26 cm | 8 x 10 inches. €12.50</p><p>Family Combination (History &amp;amp;amp; Crest) : 26 x 20 cm | 10 x 8 inches.€14.95</p><p>Family Histories and Family Combinations are supplied mounted and ready to frame.<br/>FREE WORLDWIDE POSTAGE</p>",Irish Family Surnames,,General,"Heraldic Irish Family Names, Gifts under €25, Surname D",true,Title,Default Title,,,,,5069,0,shopify,20,deny,manual,12.45,,true,true,,https://irishfamilysurnames.com/wp-content/uploads/2021/04/davis-B-H.jpg,1,Davis,false,Family name History & Crest Plaques - Davis,Learn the full history of your family with a Family History or a Crest/History Combination. Family History Standard : 16 x 20 cm | 6 x 8 inches. €9.90 Family History Large : 20 x 26 cm | 8 x 10 inches. €12.50 Family Combination (History &amp; Crest) : 26 x 20 cm | 10 x 8 inches.€14.95 Family Histories and Family Combin,,,,,,,,,,,,,g,,,true,true,,,active
davis,,,,,,,true,,,,,,,,,,,,,,,,,,https://irishfamilysurnames.com/wp-content/uploads/2021/03/irishfamilysurnameslogo2.jpg,2,Davis,,,,,,,,,,,,,,,,,,,,,,,active
davis,,,,,,,true,,,,,,,,,,,,,,,,,,https://irishfamilysurnames.com/wp-content/uploads/2021/04/driscoll-B-H-300x375.jpg,3,Davis,,,,,,,,,,,,,,,,,,,,,,,active
davis,,,,,,,true,,,,,,,,,,,,,,,,,,https://irishfamilysurnames.com/wp-content/uploads/2021/04/dolan-B-H-300x375.jpg,4,Davis,,,,,,,,,,,,,,,,,,,,,,,active
davis,,,,,,,true,,,,,,,,,,,,,,,,,,https://irishfamilysurnames.com/wp-content/uploads/2021/04/duggan-B-H-300x375.jpg,5,Davis,,,,,,,,,,,,,,,,,,,,,,,active
delaney,Family name History & Crest Plaques - Delaney,"<p>Learn the full history of your family with a Family History or a Crest/History Combination.</p><p>Family History Standard : 16 x 20 cm | 6 x 8 inches. €9.90</p><p>Family History Large : 20 x 26 cm | 8 x 10 inches. €12.50</p><p>Family Combination (History &amp;amp;amp; Crest) : 26 x 20 cm | 10 x 8 inches.€14.95</p><p>Family Histories and Family Combinations are supplied mounted and ready to frame.<br/>FREE WORLDWIDE POSTAGE</p>",Irish Family Surnames,,General,"Heraldic Irish Family Names, Gifts under €25, Surname D",true,Title,Default Title,,,,,5080,0,shopify,20,deny,manual,12.45,,true,true,,https://irishfamilysurnames.com/wp-content/uploads/2021/04/delaney-B-H.jpg,1,Delaney,false,Family name History & Crest Plaques - Delaney,Learn the full history of your family with a Family History or a Crest/History Combination. Family History Standard : 16 x 20 cm | 6 x 8 inches. €9.90 Family History Large : 20 x 26 cm | 8 x 10 inches. €12.50 Family Combination (History &amp; Crest) : 26 x 20 cm | 10 x 8 inches.€14.95 Family Histories and Family Combin,,,,,,,,,,,,,g,,,true,true,,,active
delaney,,,,,,,true,,,,,,,,,,,,,,,,,,https://irishfamilysurnames.com/wp-content/uploads/2021/03/irishfamilysurnameslogo2.jpg,2,Delaney,,,,,,,,,,,,,,,,,,,,,,,active
delaney,,,,,,,true,,,,,,,,,,,,,,,,,,https://irishfamilysurnames.com/wp-content/uploads/2021/04/downey-B-H-300x375.jpg,3,Delaney,,,,,,,,,,,,,,,,,,,,,,,active
delaney,,,,,,,true,,,,,,,,,,,,,,,,,,https://irishfamilysurnames.com/wp-content/uploads/2021/04/dunn-B-H-300x375.jpg,4,Delaney,,,,,,,,,,,,,,,,,,,,,,,active
delaney,,,,,,,true,,,,,,,,,,,,,,,,,,https://irishfamilysurnames.com/wp-content/uploads/2021/04/donlon-B-H-300x375.jpg,5,Delaney,,,,,,,,,,,,,,,,,,,,,,,active
dempsey,Family name History & Crest Plaques - Dempsey,"<p>Learn the full history of your family with a Family History or a Crest/History Combination.</p><p>Family History Standard : 16 x 20 cm | 6 x 8 inches. €9.90</p><p>Family History Large : 20 x 26 cm | 8 x 10 inches. €12.50</p><p>Family Combination (History &amp;amp;amp; Crest) : 26 x 20 cm | 10 x 8 inches.€14.95</p><p>Family Histories and Family Combinations are supplied mounted and ready to frame.<br/>FREE WORLDWIDE POSTAGE</p>",Irish Family Surnames,,General,"Heraldic Irish Family Names, Gifts under €25, Surname D",true,Title,Default Title,,,,,5091,0,shopify,20,deny,manual,12.45,,true,true,,https://irishfamilysurnames.com/wp-content/uploads/2021/04/dempsey-B-H.jpg,1,Dempsey,false,Family name History & Crest Plaques - Dempsey,Learn the full history of your family with a Family History or a Crest/History Combination. Family History Standard : 16 x 20 cm | 6 x 8 inches. €9.90 Family History Large : 20 x 26 cm | 8 x 10 inches. €12.50 Family Combination (History &amp; Crest) : 26 x 20 cm | 10 x 8 inches.€14.95 Family Histories and Family Combin,,,,,,,,,,,,,g,,,true,true,,,active
dempsey,,,,,,,true,,,,,,,,,,,,,,,,,,https://irishfamilysurnames.com/wp-content/uploads/2021/03/irishfamilysurnameslogo2.jpg,2,Dempsey,,,,,,,,,,,,,,,,,,,,,,,active
dempsey,,,,,,,true,,,,,,,,,,,,,,,,,,https://irishfamilysurnames.com/wp-content/uploads/2021/04/dunn-B-H-300x375.jpg,3,Dempsey,,,,,,,,,,,,,,,,,,,,,,,active
dempsey,,,,,,,true,,,,,,,,,,,,,,,,,,https://irishfamilysurnames.com/wp-content/uploads/2021/04/duggan-B-H-300x375.jpg,4,Dempsey,,,,,,,,,,,,,,,,,,,,,,,active
dempsey,,,,,,,true,,,,,,,,,,,,,,,,,,https://irishfamilysurnames.com/wp-content/uploads/2021/04/donovan-B-H-300x375.jpg,5,Dempsey,,,,,,,,,,,,,,,,,,,,,,,active
donnell,Family name History & Crest Plaques - Donnell,"<p>Learn the full history of your family with a Family History or a Crest/History Combination.</p><p>Family History Standard : 16 x 20 cm | 6 x 8 inches. €9.90</p><p>Family History Large : 20 x 26 cm | 8 x 10 inches. €12.50</p><p>Family Combination (History &amp;amp;amp; Crest) : 26 x 20 cm | 10 x 8 inches.€14.95</p><p>Family Histories and Family Combinations are supplied mounted and ready to frame.<br/>FREE WORLDWIDE POSTAGE</p>",Irish Family Surnames,,General,"Heraldic Irish Family Names, Gifts under €25, Surname D",true,Title,Default Title,,,,,5180,0,shopify,20,deny,manual,12.45,,true,true,,https://irishfamilysurnames.com/wp-content/uploads/2021/04/donnell-B-H.jpg,1,Donnell,false,Family name History & Crest Plaques - Donnell,Learn the full history of your family with a Family History or a Crest/History Combination. Family History Standard : 16 x 20 cm | 6 x 8 inches. €9.90 Family History Large : 20 x 26 cm | 8 x 10 inches. €12.50 Family Combination (History &amp; Crest) : 26 x 20 cm | 10 x 8 inches.€14.95 Family Histories and Family Combin,,,,,,,,,,,,,g,,,true,true,,,active
donnell,,,,,,,true,,,,,,,,,,,,,,,,,,https://irishfamilysurnames.com/wp-content/uploads/2021/03/irishfamilysurnameslogo2.jpg,2,Donnell,,,,,,,,,,,,,,,,,,,,,,,active
donnell,,,,,,,true,,,,,,,,,,,,,,,,,,https://irishfamilysurnames.com/wp-content/uploads/2021/04/donoghue-B-H-300x375.jpg,3,Donnell,,,,,,,,,,,,,,,,,,,,,,,active
donnell,,,,,,,true,,,,,,,,,,,,,,,,,,https://irishfamilysurnames.com/wp-content/uploads/2021/04/donohoe-B-H-300x375.jpg,4,Donnell,,,,,,,,,,,,,,,,,,,,,,,active
donnell,,,,,,,true,,,,,,,,,,,,,,,,,,https://irishfamilysurnames.com/wp-content/uploads/2021/04/daugherty-B-H-300x375.jpg,5,Donnell,,,,,,,,,,,,,,,,,,,,,,,active
donoghoe,Family name History & Crest Plaques - Donoghoe,"<p>Learn the full history of your family with a Family History or a Crest/History Combination.</p><p>Family History Standard : 16 x 20 cm | 6 x 8 inches. €9.90</p><p>Family History Large : 20 x 26 cm | 8 x 10 inches. €12.50</p><p>Family Combination (History &amp;amp;amp; Crest) : 26 x 20 cm | 10 x 8 inches.€14.95</p><p>Family Histories and Family Combinations are supplied mounted and ready to frame.<br/>FREE WORLDWIDE POSTAGE</p>",Irish Family Surnames,,General,"Heraldic Irish Family Names, Gifts under €25, Surname D",true,Title,Default Title,,,,,5202,0,shopify,20,deny,manual,12.45,,true,true,,https://irishfamilysurnames.com/wp-content/uploads/2021/04/donoghoe-B-H.jpg,1,Donoghoe,false,Family name History & Crest Plaques - Donoghoe,Learn the full history of your family with a Family History or a Crest/History Combination. Family History Standard : 16 x 20 cm | 6 x 8 inches. €9.90 Family History Large : 20 x 26 cm | 8 x 10 inches. €12.50 Family Combination (History &amp; Crest) : 26 x 20 cm | 10 x 8 inches.€14.95 Family Histories and Family Combin,,,,,,,,,,,,,g,,,true,true,,,active
donoghoe,,,,,,,true,,,,,,,,,,,,,,,,,,https://irishfamilysurnames.com/wp-content/uploads/2021/03/irishfamilysurnameslogo2.jpg,2,Donoghoe,,,,,,,,,,,,,,,,,,,,,,,active
donoghoe,,,,,,,true,,,,,,,,,,,,,,,,,,https://irishfamilysurnames.com/wp-content/uploads/2021/04/darcy-B-H-7-300x375.jpg,3,Donoghoe,,,,,,,,,,,,,,,,,,,,,,,active
donoghoe,,,,,,,true,,,,,,,,,,,,,,,,,,https://irishfamilysurnames.com/wp-content/uploads/2021/04/doherty-B-H-300x375.jpg,4,Donoghoe,,,,,,,,,,,,,,,,,,,,,,,active
donoghoe,,,,,,,true,,,,,,,,,,,,,,,,,,https://irishfamilysurnames.com/wp-content/uploads/2021/04/donovan-B-H-300x375.jpg,5,Donoghoe,,,,,,,,,,,,,,,,,,,,,,,active
donohoe,Family name History & Crest Plaques - Donohoe,"<p>Learn the full history of your family with a Family History or a Crest/History Combination.</p><p>Family History Standard : 16 x 20 cm | 6 x 8 inches. €9.90</p><p>Family History Large : 20 x 26 cm | 8 x 10 inches. €12.50</p><p>Family Combination (History &amp;amp;amp; Crest) : 26 x 20 cm | 10 x 8 inches.€14.95</p><p>Family Histories and Family Combinations are supplied mounted and ready to frame.<br/>FREE WORLDWIDE POSTAGE</p>",Irish Family Surnames,,General,"Heraldic Irish Family Names, Gifts under €25, Surname D",true,Title,Default Title,,,,,5225,0,shopify,20,deny,manual,12.45,,true,true,,https://irishfamilysurnames.com/wp-content/uploads/2021/04/donohoe-B-H.jpg,1,Donohoe,false,Family name History & Crest Plaques - Donohoe,Learn the full history of your family with a Family History or a Crest/History Combination. Family History Standard : 16 x 20 cm | 6 x 8 inches. €9.90 Family History Large : 20 x 26 cm | 8 x 10 inches. €12.50 Family Combination (History &amp; Crest) : 26 x 20 cm | 10 x 8 inches.€14.95 Family Histories and Family Combin,,,,,,,,,,,,,g,,,true,true,,,active
donohoe,,,,,,,true,,,,,,,,,,,,,,,,,,https://irishfamilysurnames.com/wp-content/uploads/2021/03/irishfamilysurnameslogo2.jpg,2,Donohoe,,,,,,,,,,,,,,,,,,,,,,,active
donohoe,,,,,,,true,,,,,,,,,,,,,,,,,,https://irishfamilysurnames.com/wp-content/uploads/2021/04/daley-B-H-300x375.jpg,3,Donohoe,,,,,,,,,,,,,,,,,,,,,,,active
donohoe,,,,,,,true,,,,,,,,,,,,,,,,,,https://irishfamilysurnames.com/wp-content/uploads/2021/04/duggan-B-H-300x375.jpg,4,Donohoe,,,,,,,,,,,,,,,,,,,,,,,active
donohoe,,,,,,,true,,,,,,,,,,,,,,,,,,https://irishfamilysurnames.com/wp-content/uploads/2021/04/davis-B-H-300x375.jpg,5,Donohoe,,,,,,,,,,,,,,,,,,,,,,,active
donovan,Family name History & Crest Plaques - Donovan,"<p>Learn the full history of your family with a Family History or a Crest/History Combination.</p><p>Family History Standard : 16 x 20 cm | 6 x 8 inches. €9.90</p><p>Family History Large : 20 x 26 cm | 8 x 10 inches. €12.50</p><p>Family Combination (History &amp;amp;amp; Crest) : 26 x 20 cm | 10 x 8 inches.€14.95</p><p>Family Histories and Family Combinations are supplied mounted and ready to frame.<br/>FREE WORLDWIDE POSTAGE</p>",Irish Family Surnames,,General,"Heraldic Irish Family Names, Gifts under €25, Surname D",true,Title,Default Title,,,,,5239,0,shopify,20,deny,manual,12.45,,true,true,,https://irishfamilysurnames.com/wp-content/uploads/2021/04/donovan-B-H.jpg,1,Donovan,false,Family name History & Crest Plaques - Donovan,Learn the full history of your family with a Family History or a Crest/History Combination. Family History Standard : 16 x 20 cm | 6 x 8 inches. €9.90 Family History Large : 20 x 26 cm | 8 x 10 inches. €12.50 Family Combination (History &amp; Crest) : 26 x 20 cm | 10 x 8 inches.€14.95 Family Histories and Family Combin,,,,,,,,,,,,,g,,,true,true,,,active
donovan,,,,,,,true,,,,,,,,,,,,,,,,,,https://irishfamilysurnames.com/wp-content/uploads/2021/03/irishfamilysurnameslogo2.jpg,2,Donovan,,,,,,,,,,,,,,,,,,,,,,,active
donovan,,,,,,,true,,,,,,,,,,,,,,,,,,https://irishfamilysurnames.com/wp-content/uploads/2021/04/delaney-B-H-300x375.jpg,3,Donovan,,,,,,,,,,,,,,,,,,,,,,,active
donovan,,,,,,,true,,,,,,,,,,,,,,,,,,https://irishfamilysurnames.com/wp-content/uploads/2021/04/dolan-B-H-300x375.jpg,4,Donovan,,,,,,,,,,,,,,,,,,,,,,,active
donovan,,,,,,,true,,,,,,,,,,,,,,,,,,https://irishfamilysurnames.com/wp-content/uploads/2021/04/dempsey-B-H-300x375.jpg,5,Donovan,,,,,,,,,,,,,,,,,,,,,,,active
dooley,Family name History & Crest Plaques - Dooley,"<p>Learn the full history of your family with a Family History or a Crest/History Combination.</p><p>Family History Standard : 16 x 20 cm | 6 x 8 inches. €9.90</p><p>Family History Large : 20 x 26 cm | 8 x 10 inches. €12.50</p><p>Family Combination (History &amp;amp;amp; Crest) : 26 x 20 cm | 10 x 8 inches.€14.95</p><p>Family Histories and Family Combinations are supplied mounted and ready to frame.<br/>FREE WORLDWIDE POSTAGE</p>",Irish Family Surnames,,General,"Heraldic Irish Family Names, Gifts under €25, Surname D",true,Title,Default Title,,,,,5250,0,shopify,20,deny,manual,12.45,,true,true,,https://irishfamilysurnames.com/wp-content/uploads/2021/04/dooley-B-H.jpg,1,Dooley,false,Family name History & Crest Plaques - Dooley,Learn the full history of your family with a Family History or a Crest/History Combination. Family History Standard : 16 x 20 cm | 6 x 8 inches. €9.90 Family History Large : 20 x 26 cm | 8 x 10 inches. €12.50 Family Combination (History &amp; Crest) : 26 x 20 cm | 10 x 8 inches.€14.95 Family Histories and Family Combin,,,,,,,,,,,,,g,,,true,true,,,active
dooley,,,,,,,true,,,,,,,,,,,,,,,,,,https://irishfamilysurnames.com/wp-content/uploads/2021/03/irishfamilysurnameslogo2.jpg,2,Dooley,,,,,,,,,,,,,,,,,,,,,,,active
dooley,,,,,,,true,,,,,,,,,,,,,,,,,,https://irishfamilysurnames.com/wp-content/uploads/2021/04/dillon-B-H-300x375.jpg,3,Dooley,,,,,,,,,,,,,,,,,,,,,,,active
dooley,,,,,,,true,,,,,,,,,,,,,,,,,,https://irishfamilysurnames.com/wp-content/uploads/2021/04/dempsey-B-H-300x375.jpg,4,Dooley,,,,,,,,,,,,,,,,,,,,,,,active
dooley,,,,,,,true,,,,,,,,,,,,,,,,,,https://irishfamilysurnames.com/wp-content/uploads/2021/04/donnelly-B-H-300x375.jpg,5,Dooley,,,,,,,,,,,,,,,,,,,,,,,active
walker,Family name History & Crest Plaques - Walker,"<p>Learn the full history of your family with a Family History or a Crest/History Combination.</p><p>Family History Standard : 16 x 20 cm | 6 x 8 inches. €9.90</p><p>Family History Large : 20 x 26 cm | 8 x 10 inches. €12.50</p><p>Family Combination (History &amp;amp;amp; Crest) : 26 x 20 cm | 10 x 8 inches.€14.95</p><p>Family Histories and Family Combinations are supplied mounted and ready to frame.<br/>FREE WORLDWIDE POSTAGE</p>",Irish Family Surnames,,General,"Heraldic Irish Family Names, Gifts under €25, Surname W",true,Title,Default Title,,,,,4864,0,shopify,20,deny,manual,12.45,,true,true,,https://irishfamilysurnames.com/wp-content/uploads/2021/04/walker-B-H.jpg,1,Walker,false,Family name History & Crest Plaques - Walker,Learn the full history of your family with a Family History or a Crest/History Combination. Family History Standard : 16 x 20 cm | 6 x 8 inches. €9.90 Family History Large : 20 x 26 cm | 8 x 10 inches. €12.50 Family Combination (History &amp; Crest) : 26 x 20 cm | 10 x 8 inches.€14.95 Family Histories and Family Combin,,,,,,,,,,,,,g,,,true,true,,,active
walker,,,,,,,true,,,,,,,,,,,,,,,,,,https://irishfamilysurnames.com/wp-content/uploads/2021/03/irishfamilysurnameslogo2.jpg,2,Walker,,,,,,,,,,,,,,,,,,,,,,,active
walker,,,,,,,true,,,,,,,,,,,,,,,,,,https://irishfamilysurnames.com/wp-content/uploads/2021/04/wall-B-H-300x375.jpg,3,Walker,,,,,,,,,,,,,,,,,,,,,,,active
walker,,,,,,,true,,,,,,,,,,,,,,,,,,https://irishfamilysurnames.com/wp-content/uploads/2021/04/williams-B-H-300x375.jpg,4,Walker,,,,,,,,,,,,,,,,,,,,,,,active
walker,,,,,,,true,,,,,,,,,,,,,,,,,,https://irishfamilysurnames.com/wp-content/uploads/2021/04/woods-B-H-300x375.jpg,5,Walker,,,,,,,,,,,,,,,,,,,,,,,active
doran,Family name History & Crest Plaques - Doran,"<p>Learn the full history of your family with a Family History or a Crest/History Combination.</p><p>Family History Standard : 16 x 20 cm | 6 x 8 inches. €9.90</p><p>Family History Large : 20 x 26 cm | 8 x 10 inches. €12.50</p><p>Family Combination (History &amp;amp;amp; Crest) : 26 x 20 cm | 10 x 8 inches.€14.95</p><p>Family Histories and Family Combinations are supplied mounted and ready to frame.<br/>FREE WORLDWIDE POSTAGE</p>",Irish Family Surnames,,General,"Heraldic Irish Family Names, Gifts under €25, Surname D",true,Title,Default Title,,,,,5264,0,shopify,20,deny,manual,12.45,,true,true,,https://irishfamilysurnames.com/wp-content/uploads/2021/04/doran-B-H.jpg,1,Doran,false,Family name History & Crest Plaques - Doran,Learn the full history of your family with a Family History or a Crest/History Combination. Family History Standard : 16 x 20 cm | 6 x 8 inches. €9.90 Family History Large : 20 x 26 cm | 8 x 10 inches. €12.50 Family Combination (History &amp; Crest) : 26 x 20 cm | 10 x 8 inches.€14.95 Family Histories and Family Combin,,,,,,,,,,,,,g,,,true,true,,,active
doran,,,,,,,true,,,,,,,,,,,,,,,,,,https://irishfamilysurnames.com/wp-content/uploads/2021/03/irishfamilysurnameslogo2.jpg,2,Doran,,,,,,,,,,,,,,,,,,,,,,,active
doran,,,,,,,true,,,,,,,,,,,,,,,,,,https://irishfamilysurnames.com/wp-content/uploads/2021/04/donoghoe-B-H-300x375.jpg,3,Doran,,,,,,,,,,,,,,,,,,,,,,,active
doran,,,,,,,true,,,,,,,,,,,,,,,,,,https://irishfamilysurnames.com/wp-content/uploads/2021/04/donohoe-B-H-300x375.jpg,4,Doran,,,,,,,,,,,,,,,,,,,,,,,active
doran,,,,,,,true,,,,,,,,,,,,,,,,,,https://irishfamilysurnames.com/wp-content/uploads/2021/04/dolan-B-H-300x375.jpg,5,Doran,,,,,,,,,,,,,,,,,,,,,,,active
darcy,Family name History & Crest Plaques - Darcy,"<p>Learn the full history of your family with a Family History or a Crest/History Combination.</p><p>Family History Standard : 16 x 20 cm | 6 x 8 inches. €9.90</p><p>Family History Large : 20 x 26 cm | 8 x 10 inches. €12.50</p><p>Family Combination (History &amp;amp;amp; Crest) : 26 x 20 cm | 10 x 8 inches.€14.95</p><p>Family Histories and Family Combinations are supplied mounted and ready to frame.<br/>FREE WORLDWIDE POSTAGE</p>",Irish Family Surnames,,General,"Heraldic Irish Family Names, Gifts under €25, Surname D",true,Title,Default Title,,,,,5043,0,shopify,20,deny,manual,12.45,,true,true,,https://irishfamilysurnames.com/wp-content/uploads/2021/04/darcy-B-H-7.jpg,1,Darcy,false,Family name History & Crest Plaques - Darcy,Learn the full history of your family with a Family History or a Crest/History Combination. Family History Standard : 16 x 20 cm | 6 x 8 inches. €9.90 Family History Large : 20 x 26 cm | 8 x 10 inches. €12.50 Family Combination (History &amp; Crest) : 26 x 20 cm | 10 x 8 inches.€14.95 Family Histories and Family Combin,,,,,,,,,,,,,g,,,true,true,,,active
darcy,,,,,,,true,,,,,,,,,,,,,,,,,,https://irishfamilysurnames.com/wp-content/uploads/2021/03/irishfamilysurnameslogo2.jpg,2,Darcy,,,,,,,,,,,,,,,,,,,,,,,active
darcy,,,,,,,true,,,,,,,,,,,,,,,,,,https://irishfamilysurnames.com/wp-content/uploads/2021/04/doyle-B-H-300x375.jpg,3,Darcy,,,,,,,,,,,,,,,,,,,,,,,active
darcy,,,,,,,true,,,,,,,,,,,,,,,,,,https://irishfamilysurnames.com/wp-content/uploads/2021/04/doran-B-H-300x375.jpg,4,Darcy,,,,,,,,,,,,,,,,,,,,,,,active
darcy,,,,,,,true,,,,,,,,,,,,,,,,,,https://irishfamilysurnames.com/wp-content/uploads/2021/04/dunn-B-H-300x375.jpg,5,Darcy,,,,,,,,,,,,,,,,,,,,,,,active
donnelan,Family name History & Crest Plaques - Donnelan,"<p>Learn the full history of your family with a Family History or a Crest/History Combination.</p><p>Family History Standard : 16 x 20 cm | 6 x 8 inches. €9.90</p><p>Family History Large : 20 x 26 cm | 8 x 10 inches. €12.50</p><p>Family Combination (History &amp;amp;amp; Crest) : 26 x 20 cm | 10 x 8 inches.€14.95</p><p>Family Histories and Family Combinations are supplied mounted and ready to frame.<br/>FREE WORLDWIDE POSTAGE</p>",Irish Family Surnames,,General,"Heraldic Irish Family Names, Gifts under €25, Surname D",true,Title,Default Title,,,,,5169,0,shopify,20,deny,manual,12.45,,true,true,,https://irishfamilysurnames.com/wp-content/uploads/2021/04/donnelan-B-H.jpg,1,Donnelan,false,Family name History & Crest Plaques - Donnelan,Learn the full history of your family with a Family History or a Crest/History Combination. Family History Standard : 16 x 20 cm | 6 x 8 inches. €9.90 Family History Large : 20 x 26 cm | 8 x 10 inches. €12.50 Family Combination (History &amp; Crest) : 26 x 20 cm | 10 x 8 inches.€14.95 Family Histories and Family Combin,,,,,,,,,,,,,g,,,true,true,,,active
donnelan,,,,,,,true,,,,,,,,,,,,,,,,,,https://irishfamilysurnames.com/wp-content/uploads/2021/03/irishfamilysurnameslogo2.jpg,2,Donnelan,,,,,,,,,,,,,,,,,,,,,,,active
donnelan,,,,,,,true,,,,,,,,,,,,,,,,,,https://irishfamilysurnames.com/wp-content/uploads/2021/04/dowling-B-H-300x375.jpg,3,Donnelan,,,,,,,,,,,,,,,,,,,,,,,active
donnelan,,,,,,,true,,,,,,,,,,,,,,,,,,https://irishfamilysurnames.com/wp-content/uploads/2021/04/driscoll-B-H-300x375.jpg,4,Donnelan,,,,,,,,,,,,,,,,,,,,,,,active
donnelan,,,,,,,true,,,,,,,,,,,,,,,,,,https://irishfamilysurnames.com/wp-content/uploads/2021/04/devlin-B-H-300x375.jpg,5,Donnelan,,,,,,,,,,,,,,,,,,,,,,,active
donlon,Family name History & Crest Plaques - Donlon,"<p>Learn the full history of your family with a Family History or a Crest/History Combination.</p><p>Family History Standard : 16 x 20 cm | 6 x 8 inches. €9.90</p><p>Family History Large : 20 x 26 cm | 8 x 10 inches. €12.50</p><p>Family Combination (History &amp;amp;amp; Crest) : 26 x 20 cm | 10 x 8 inches.€14.95</p><p>Family Histories and Family Combinations are supplied mounted and ready to frame.<br/>FREE WORLDWIDE POSTAGE</p>",Irish Family Surnames,,General,"Heraldic Irish Family Names, Gifts under €25, Surname D",true,Title,Default Title,,,,,5158,0,shopify,20,deny,manual,12.45,,true,true,,https://irishfamilysurnames.com/wp-content/uploads/2021/04/donlon-B-H.jpg,1,Donlon,false,Family name History & Crest Plaques - Donlon,Learn the full history of your family with a Family History or a Crest/History Combination. Family History Standard : 16 x 20 cm | 6 x 8 inches. €9.90 Family History Large : 20 x 26 cm | 8 x 10 inches. €12.50 Family Combination (History &amp; Crest) : 26 x 20 cm | 10 x 8 inches.€14.95 Family Histories and Family Combin,,,,,,,,,,,,,g,,,true,true,,,active
donlon,,,,,,,true,,,,,,,,,,,,,,,,,,https://irishfamilysurnames.com/wp-content/uploads/2021/03/irishfamilysurnameslogo2.jpg,2,Donlon,,,,,,,,,,,,,,,,,,,,,,,active
donlon,,,,,,,true,,,,,,,,,,,,,,,,,,https://irishfamilysurnames.com/wp-content/uploads/2021/04/dunn-B-H-300x375.jpg,3,Donlon,,,,,,,,,,,,,,,,,,,,,,,active
donlon,,,,,,,true,,,,,,,,,,,,,,,,,,https://irishfamilysurnames.com/wp-content/uploads/2021/04/donoghue-B-H-300x375.jpg,4,Donlon,,,,,,,,,,,,,,,,,,,,,,,active
donlon,,,,,,,true,,,,,,,,,,,,,,,,,,https://irishfamilysurnames.com/wp-content/uploads/2021/04/donoghoe-B-H-300x375.jpg,5,Donlon,,,,,,,,,,,,,,,,,,,,,,,active
dolan,Family name History & Crest Plaques - Dolan,"<p>Learn the full history of your family with a Family History or a Crest/History Combination.</p><p>Family History Standard : 16 x 20 cm | 6 x 8 inches. €9.90</p><p>Family History Large : 20 x 26 cm | 8 x 10 inches. €12.50</p><p>Family Combination (History &amp;amp;amp; Crest) : 26 x 20 cm | 10 x 8 inches.€14.95</p><p>Family Histories and Family Combinations are supplied mounted and ready to frame.<br/>FREE WORLDWIDE POSTAGE</p>",Irish Family Surnames,,General,"Heraldic Irish Family Names, Gifts under €25, Surname D",true,Title,Default Title,,,,,5147,0,shopify,20,deny,manual,12.45,,true,true,,https://irishfamilysurnames.com/wp-content/uploads/2021/04/dolan-B-H.jpg,1,Dolan,false,Family name History & Crest Plaques - Dolan,Learn the full history of your family with a Family History or a Crest/History Combination. Family History Standard : 16 x 20 cm | 6 x 8 inches. €9.90 Family History Large : 20 x 26 cm | 8 x 10 inches. €12.50 Family Combination (History &amp; Crest) : 26 x 20 cm | 10 x 8 inches.€14.95 Family Histories and Family Combin,,,,,,,,,,,,,g,,,true,true,,,active
dolan,,,,,,,true,,,,,,,,,,,,,,,,,,https://irishfamilysurnames.com/wp-content/uploads/2021/03/irishfamilysurnameslogo2.jpg,2,Dolan,,,,,,,,,,,,,,,,,,,,,,,active
dolan,,,,,,,true,,,,,,,,,,,,,,,,,,https://irishfamilysurnames.com/wp-content/uploads/2021/04/driscoll-B-H-300x375.jpg,3,Dolan,,,,,,,,,,,,,,,,,,,,,,,active
dolan,,,,,,,true,,,,,,,,,,,,,,,,,,https://irishfamilysurnames.com/wp-content/uploads/2021/04/duffy-B-H-300x375.jpg,4,Dolan,,,,,,,,,,,,,,,,,,,,,,,active
dolan,,,,,,,true,,,,,,,,,,,,,,,,,,https://irishfamilysurnames.com/wp-content/uploads/2021/04/daugherty-B-H-300x375.jpg,5,Dolan,,,,,,,,,,,,,,,,,,,,,,,active
devlin,Family name History & Crest Plaques - Devlin,"<p>Learn the full history of your family with a Family History or a Crest/History Combination.</p><p>Family History Standard : 16 x 20 cm | 6 x 8 inches. €9.90</p><p>Family History Large : 20 x 26 cm | 8 x 10 inches. €12.50</p><p>Family Combination (History &amp;amp;amp; Crest) : 26 x 20 cm | 10 x 8 inches.€14.95</p><p>Family Histories and Family Combinations are supplied mounted and ready to frame.<br/>FREE WORLDWIDE POSTAGE</p>",Irish Family Surnames,,General,"Heraldic Irish Family Names, Gifts under €25, Surname D",true,Title,Default Title,,,,,5113,0,shopify,20,deny,manual,12.45,,true,true,,https://irishfamilysurnames.com/wp-content/uploads/2021/04/devlin-B-H.jpg,1,Devlin,false,Family name History & Crest Plaques - Devlin,Learn the full history of your family with a Family History or a Crest/History Combination. Family History Standard : 16 x 20 cm | 6 x 8 inches. €9.90 Family History Large : 20 x 26 cm | 8 x 10 inches. €12.50 Family Combination (History &amp; Crest) : 26 x 20 cm | 10 x 8 inches.€14.95 Family Histories and Family Combin,,,,,,,,,,,,,g,,,true,true,,,active
devlin,,,,,,,true,,,,,,,,,,,,,,,,,,https://irishfamilysurnames.com/wp-content/uploads/2021/03/irishfamilysurnameslogo2.jpg,2,Devlin,,,,,,,,,,,,,,,,,,,,,,,active
devlin,,,,,,,true,,,,,,,,,,,,,,,,,,https://irishfamilysurnames.com/wp-content/uploads/2021/04/dempsey-B-H-300x375.jpg,3,Devlin,,,,,,,,,,,,,,,,,,,,,,,active
devlin,,,,,,,true,,,,,,,,,,,,,,,,,,https://irishfamilysurnames.com/wp-content/uploads/2021/04/delaney-B-H-300x375.jpg,4,Devlin,,,,,,,,,,,,,,,,,,,,,,,active
devlin,,,,,,,true,,,,,,,,,,,,,,,,,,https://irishfamilysurnames.com/wp-content/uploads/2021/04/dillon-B-H-300x375.jpg,5,Devlin,,,,,,,,,,,,,,,,,,,,,,,active
devine,Family name History & Crest Plaques - Devine,"<p>Learn the full history of your family with a Family History or a Crest/History Combination.</p><p>Family History Standard : 16 x 20 cm | 6 x 8 inches. €9.90</p><p>Family History Large : 20 x 26 cm | 8 x 10 inches. €12.50</p><p>Family Combination (History &amp;amp;amp; Crest) : 26 x 20 cm | 10 x 8 inches.€14.95</p><p>Family Histories and Family Combinations are supplied mounted and ready to frame.<br/>FREE WORLDWIDE POSTAGE</p>",Irish Family Surnames,,General,"Heraldic Irish Family Names, Gifts under €25, Surname D",true,Title,Default Title,,,,,5102,0,shopify,20,deny,manual,12.45,,true,true,,https://irishfamilysurnames.com/wp-content/uploads/2021/04/devine-B-H.jpg,1,Devine,false,Family name History & Crest Plaques - Devine,Learn the full history of your family with a Family History or a Crest/History Combination. Family History Standard : 16 x 20 cm | 6 x 8 inches. €9.90 Family History Large : 20 x 26 cm | 8 x 10 inches. €12.50 Family Combination (History &amp; Crest) : 26 x 20 cm | 10 x 8 inches.€14.95 Family Histories and Family Combin,,,,,,,,,,,,,g,,,true,true,,,active
devine,,,,,,,true,,,,,,,,,,,,,,,,,,https://irishfamilysurnames.com/wp-content/uploads/2021/03/irishfamilysurnameslogo2.jpg,2,Devine,,,,,,,,,,,,,,,,,,,,,,,active
devine,,,,,,,true,,,,,,,,,,,,,,,,,,https://irishfamilysurnames.com/wp-content/uploads/2021/04/doherty-B-H-300x375.jpg,3,Devine,,,,,,,,,,,,,,,,,,,,,,,active
devine,,,,,,,true,,,,,,,,,,,,,,,,,,https://irishfamilysurnames.com/wp-content/uploads/2021/04/donoghue-B-H-300x375.jpg,4,Devine,,,,,,,,,,,,,,,,,,,,,,,active
devine,,,,,,,true,,,,,,,,,,,,,,,,,,https://irishfamilysurnames.com/wp-content/uploads/2021/04/duffy-B-H-300x375.jpg,5,Devine,,,,,,,,,,,,,,,,,,,,,,,active
daly,Family name History & Crest Plaques - Daly,"<p>Learn the full history of your family with a Family History or a Crest/History Combination.</p><p>Family History Standard : 16 x 20 cm | 6 x 8 inches. €9.90</p><p>Family History Large : 20 x 26 cm | 8 x 10 inches. €12.50</p><p>Family Combination (History &amp;amp;amp; Crest) : 26 x 20 cm | 10 x 8 inches.€14.95</p><p>Family Histories and Family Combinations are supplied mounted and ready to frame.<br/>FREE WORLDWIDE POSTAGE</p>",Irish Family Surnames,,General,"Heraldic Irish Family Names, Gifts under €25, Surname D",true,Title,Default Title,,,,,5032,0,shopify,20,deny,manual,12.45,,true,true,,https://irishfamilysurnames.com/wp-content/uploads/2021/04/daly-B-H.jpg,1,Daly,false,Family name History & Crest Plaques - Daly,Learn the full history of your family with a Family History or a Crest/History Combination. Family History Standard : 16 x 20 cm | 6 x 8 inches. €9.90 Family History Large : 20 x 26 cm | 8 x 10 inches. €12.50 Family Combination (History &amp; Crest) : 26 x 20 cm | 10 x 8 inches.€14.95 Family Histories and Family Combin,,,,,,,,,,,,,g,,,true,true,,,active
daly,,,,,,,true,,,,,,,,,,,,,,,,,,https://irishfamilysurnames.com/wp-content/uploads/2021/03/irishfamilysurnameslogo2.jpg,2,Daly,,,,,,,,,,,,,,,,,,,,,,,active
daly,,,,,,,true,,,,,,,,,,,,,,,,,,https://irishfamilysurnames.com/wp-content/uploads/2021/04/darcy-B-H-7-300x375.jpg,3,Daly,,,,,,,,,,,,,,,,,,,,,,,active
daly,,,,,,,true,,,,,,,,,,,,,,,,,,https://irishfamilysurnames.com/wp-content/uploads/2021/04/d-arcy-B-H-300x375.jpg,4,Daly,,,,,,,,,,,,,,,,,,,,,,,active
daly,,,,,,,true,,,,,,,,,,,,,,,,,,https://irishfamilysurnames.com/wp-content/uploads/2021/04/doherty-B-H-300x375.jpg,5,Daly,,,,,,,,,,,,,,,,,,,,,,,active
dowling,Family name History & Crest Plaques - Dowling,"<p>Learn the full history of your family with a Family History or a Crest/History Combination.</p><p>Family History Standard : 16 x 20 cm | 6 x 8 inches. €9.90</p><p>Family History Large : 20 x 26 cm | 8 x 10 inches. €12.50</p><p>Family Combination (History &amp;amp;amp; Crest) : 26 x 20 cm | 10 x 8 inches.€14.95</p><p>Family Histories and Family Combinations are supplied mounted and ready to frame.<br/>FREE WORLDWIDE POSTAGE</p>",Irish Family Surnames,,General,"Heraldic Irish Family Names, Gifts under €25, Surname D",true,Title,Default Title,,,,,5310,0,shopify,20,deny,manual,12.45,,true,true,,https://irishfamilysurnames.com/wp-content/uploads/2021/04/dowling-B-H.jpg,1,Dowling,false,Family name History & Crest Plaques - Dowling,Learn the full history of your family with a Family History or a Crest/History Combination. Family History Standard : 16 x 20 cm | 6 x 8 inches. €9.90 Family History Large : 20 x 26 cm | 8 x 10 inches. €12.50 Family Combination (History &amp; Crest) : 26 x 20 cm | 10 x 8 inches.€14.95 Family Histories and Family Combin,,,,,,,,,,,,,g,,,true,true,,,active
dowling,,,,,,,true,,,,,,,,,,,,,,,,,,https://irishfamilysurnames.com/wp-content/uploads/2021/03/irishfamilysurnameslogo2.jpg,2,Dowling,,,,,,,,,,,,,,,,,,,,,,,active
dowling,,,,,,,true,,,,,,,,,,,,,,,,,,https://irishfamilysurnames.com/wp-content/uploads/2021/04/devine-B-H-300x375.jpg,3,Dowling,,,,,,,,,,,,,,,,,,,,,,,active
dowling,,,,,,,true,,,,,,,,,,,,,,,,,,https://irishfamilysurnames.com/wp-content/uploads/2021/04/davis-B-H-300x375.jpg,4,Dowling,,,,,,,,,,,,,,,,,,,,,,,active
dowling,,,,,,,true,,,,,,,,,,,,,,,,,,https://irishfamilysurnames.com/wp-content/uploads/2021/04/d-arcy-B-H-300x375.jpg,5,Dowling,,,,,,,,,,,,,,,,,,,,,,,active
downey,Family name History & Crest Plaques - Downey,"<p>Learn the full history of your family with a Family History or a Crest/History Combination.</p><p>Family History Standard : 16 x 20 cm | 6 x 8 inches. €9.90</p><p>Family History Large : 20 x 26 cm | 8 x 10 inches. €12.50</p><p>Family Combination (History &amp;amp;amp; Crest) : 26 x 20 cm | 10 x 8 inches.€14.95</p><p>Family Histories and Family Combinations are supplied mounted and ready to frame.<br/>FREE WORLDWIDE POSTAGE</p>",Irish Family Surnames,,General,"Heraldic Irish Family Names, Gifts under €25, Surname D",true,Title,Default Title,,,,,5321,0,shopify,20,deny,manual,12.45,,true,true,,https://irishfamilysurnames.com/wp-content/uploads/2021/04/downey-B-H.jpg,1,Downey,false,Family name History & Crest Plaques - Downey,Learn the full history of your family with a Family History or a Crest/History Combination. Family History Standard : 16 x 20 cm | 6 x 8 inches. €9.90 Family History Large : 20 x 26 cm | 8 x 10 inches. €12.50 Family Combination (History &amp; Crest) : 26 x 20 cm | 10 x 8 inches.€14.95 Family Histories and Family Combin,,,,,,,,,,,,,g,,,true,true,,,active
downey,,,,,,,true,,,,,,,,,,,,,,,,,,https://irishfamilysurnames.com/wp-content/uploads/2021/03/irishfamilysurnameslogo2.jpg,2,Downey,,,,,,,,,,,,,,,,,,,,,,,active
downey,,,,,,,true,,,,,,,,,,,,,,,,,,https://irishfamilysurnames.com/wp-content/uploads/2021/04/dempsey-B-H-300x375.jpg,3,Downey,,,,,,,,,,,,,,,,,,,,,,,active
downey,,,,,,,true,,,,,,,,,,,,,,,,,,https://irishfamilysurnames.com/wp-content/uploads/2021/04/dalton-B-H-300x375.jpg,4,Downey,,,,,,,,,,,,,,,,,,,,,,,active
downey,,,,,,,true,,,,,,,,,,,,,,,,,,https://irishfamilysurnames.com/wp-content/uploads/2021/04/devine-B-H-300x375.jpg,5,Downey,,,,,,,,,,,,,,,,,,,,,,,active
doyle,Family name History & Crest Plaques - Doyle,"<p>Learn the full history of your family with a Family History or a Crest/History Combination.</p><p>Family History Standard : 16 x 20 cm | 6 x 8 inches. €9.90</p><p>Family History Large : 20 x 26 cm | 8 x 10 inches. €12.50</p><p>Family Combination (History &amp;amp;amp; Crest) : 26 x 20 cm | 10 x 8 inches.€14.95</p><p>Family Histories and Family Combinations are supplied mounted and ready to frame.<br/>FREE WORLDWIDE POSTAGE</p>",Irish Family Surnames,,General,"Heraldic Irish Family Names, Gifts under €25, Surname D",true,Title,Default Title,,,,,5332,0,shopify,20,deny,manual,12.45,,true,true,,https://irishfamilysurnames.com/wp-content/uploads/2021/04/doyle-B-H.jpg,1,Doyle,false,Family name History & Crest Plaques - Doyle,Learn the full history of your family with a Family History or a Crest/History Combination. Family History Standard : 16 x 20 cm | 6 x 8 inches. €9.90 Family History Large : 20 x 26 cm | 8 x 10 inches. €12.50 Family Combination (History &amp; Crest) : 26 x 20 cm | 10 x 8 inches.€14.95 Family Histories and Family Combin,,,,,,,,,,,,,g,,,true,true,,,active
doyle,,,,,,,true,,,,,,,,,,,,,,,,,,https://irishfamilysurnames.com/wp-content/uploads/2021/03/irishfamilysurnameslogo2.jpg,2,Doyle,,,,,,,,,,,,,,,,,,,,,,,active
doyle,,,,,,,true,,,,,,,,,,,,,,,,,,https://irishfamilysurnames.com/wp-content/uploads/2021/04/delaney-B-H-300x375.jpg,3,Doyle,,,,,,,,,,,,,,,,,,,,,,,active
doyle,,,,,,,true,,,,,,,,,,,,,,,,,,https://irishfamilysurnames.com/wp-content/uploads/2021/04/doran-B-H-300x375.jpg,4,Doyle,,,,,,,,,,,,,,,,,,,,,,,active
doyle,,,,,,,true,,,,,,,,,,,,,,,,,,https://irishfamilysurnames.com/wp-content/uploads/2021/04/daley-B-H-300x375.jpg,5,Doyle,,,,,,,,,,,,,,,,,,,,,,,active
driscoll,Family name History & Crest Plaques - Driscoll,"<p>Learn the full history of your family with a Family History or a Crest/History Combination.</p><p>Family History Standard : 16 x 20 cm | 6 x 8 inches. €9.90</p><p>Family History Large : 20 x 26 cm | 8 x 10 inches. €12.50</p><p>Family Combination (History &amp;amp;amp; Crest) : 26 x 20 cm | 10 x 8 inches.€14.95</p><p>Family Histories and Family Combinations are supplied mounted and ready to frame.<br/>FREE WORLDWIDE POSTAGE</p>",Irish Family Surnames,,General,"Heraldic Irish Family Names, Gifts under €25, Surname D",true,Title,Default Title,,,,,5348,0,shopify,20,deny,manual,12.45,,true,true,,https://irishfamilysurnames.com/wp-content/uploads/2021/04/driscoll-B-H.jpg,1,Driscoll,false,Family name History & Crest Plaques - Driscoll,Learn the full history of your family with a Family History or a Crest/History Combination. Family History Standard : 16 x 20 cm | 6 x 8 inches. €9.90 Family History Large : 20 x 26 cm | 8 x 10 inches. €12.50 Family Combination (History &amp; Crest) : 26 x 20 cm | 10 x 8 inches.€14.95 Family Histories and Family Combin,,,,,,,,,,,,,g,,,true,true,,,active
driscoll,,,,,,,true,,,,,,,,,,,,,,,,,,https://irishfamilysurnames.com/wp-content/uploads/2021/03/irishfamilysurnameslogo2.jpg,2,Driscoll,,,,,,,,,,,,,,,,,,,,,,,active
driscoll,,,,,,,true,,,,,,,,,,,,,,,,,,https://irishfamilysurnames.com/wp-content/uploads/2021/04/donnelan-B-H-300x375.jpg,3,Driscoll,,,,,,,,,,,,,,,,,,,,,,,active
driscoll,,,,,,,true,,,,,,,,,,,,,,,,,,https://irishfamilysurnames.com/wp-content/uploads/2021/04/downey-B-H-300x375.jpg,4,Driscoll,,,,,,,,,,,,,,,,,,,,,,,active
driscoll,,,,,,,true,,,,,,,,,,,,,,,,,,https://irishfamilysurnames.com/wp-content/uploads/2021/04/darcy-B-H-7-300x375.jpg,5,Driscoll,,,,,,,,,,,,,,,,,,,,,,,active
duffy,Family name History & Crest Plaques - Duffy,"<p>Learn the full history of your family with a Family History or a Crest/History Combination.</p><p>Family History Standard : 16 x 20 cm | 6 x 8 inches. €9.90</p><p>Family History Large : 20 x 26 cm | 8 x 10 inches. €12.50</p><p>Family Combination (History &amp;amp;amp; Crest) : 26 x 20 cm | 10 x 8 inches.€14.95</p><p>Family Histories and Family Combinations are supplied mounted and ready to frame.<br/>FREE WORLDWIDE POSTAGE</p>",Irish Family Surnames,,General,"Heraldic Irish Family Names, Gifts under €25, Surname D",true,Title,Default Title,,,,,5359,0,shopify,20,deny,manual,12.45,,true,true,,https://irishfamilysurnames.com/wp-content/uploads/2021/04/duffy-B-H.jpg,1,Duffy,false,Family name History & Crest Plaques - Duffy,Learn the full history of your family with a Family History or a Crest/History Combination. Family History Standard : 16 x 20 cm | 6 x 8 inches. €9.90 Family History Large : 20 x 26 cm | 8 x 10 inches. €12.50 Family Combination (History &amp; Crest) : 26 x 20 cm | 10 x 8 inches.€14.95 Family Histories and Family Combin,,,,,,,,,,,,,g,,,true,true,,,active
duffy,,,,,,,true,,,,,,,,,,,,,,,,,,https://irishfamilysurnames.com/wp-content/uploads/2021/03/irishfamilysurnameslogo2.jpg,2,Duffy,,,,,,,,,,,,,,,,,,,,,,,active
duffy,,,,,,,true,,,,,,,,,,,,,,,,,,https://irishfamilysurnames.com/wp-content/uploads/2021/04/dalton-B-H-300x375.jpg,3,Duffy,,,,,,,,,,,,,,,,,,,,,,,active
duffy,,,,,,,true,,,,,,,,,,,,,,,,,,https://irishfamilysurnames.com/wp-content/uploads/2021/04/donohoe-B-H-300x375.jpg,4,Duffy,,,,,,,,,,,,,,,,,,,,,,,active
duffy,,,,,,,true,,,,,,,,,,,,,,,,,,https://irishfamilysurnames.com/wp-content/uploads/2021/04/doyle-B-H-300x375.jpg,5,Duffy,,,,,,,,,,,,,,,,,,,,,,,active
dugan,Family name History & Crest Plaques - Dugan,"<p>Learn the full history of your family with a Family History or a Crest/History Combination.</p><p>Family History Standard : 16 x 20 cm | 6 x 8 inches. €9.90</p><p>Family History Large : 20 x 26 cm | 8 x 10 inches. €12.50</p><p>Family Combination (History &amp;amp;amp; Crest) : 26 x 20 cm | 10 x 8 inches.€14.95</p><p>Family Histories and Family Combinations are supplied mounted and ready to frame.<br/>FREE WORLDWIDE POSTAGE</p>",Irish Family Surnames,,General,"Heraldic Irish Family Names, Gifts under €25, Surname D",true,Title,Default Title,,,,,5370,0,shopify,20,deny,manual,12.45,,true,true,,https://irishfamilysurnames.com/wp-content/uploads/2021/04/dugan-B-H.jpg,1,Dugan,false,Family name History & Crest Plaques - Dugan,Learn the full history of your family with a Family History or a Crest/History Combination. Family History Standard : 16 x 20 cm | 6 x 8 inches. €9.90 Family History Large : 20 x 26 cm | 8 x 10 inches. €12.50 Family Combination (History &amp; Crest) : 26 x 20 cm | 10 x 8 inches.€14.95 Family Histories and Family Combin,,,,,,,,,,,,,g,,,true,true,,,active
dugan,,,,,,,true,,,,,,,,,,,,,,,,,,https://irishfamilysurnames.com/wp-content/uploads/2021/03/irishfamilysurnameslogo2.jpg,2,Dugan,,,,,,,,,,,,,,,,,,,,,,,active
dugan,,,,,,,true,,,,,,,,,,,,,,,,,,https://irishfamilysurnames.com/wp-content/uploads/2021/04/donlon-B-H-300x375.jpg,3,Dugan,,,,,,,,,,,,,,,,,,,,,,,active
dugan,,,,,,,true,,,,,,,,,,,,,,,,,,https://irishfamilysurnames.com/wp-content/uploads/2021/04/doran-B-H-300x375.jpg,4,Dugan,,,,,,,,,,,,,,,,,,,,,,,active
dugan,,,,,,,true,,,,,,,,,,,,,,,,,,https://irishfamilysurnames.com/wp-content/uploads/2021/04/dooley-B-H-300x375.jpg,5,Dugan,,,,,,,,,,,,,,,,,,,,,,,active
duggan,Family name History & Crest Plaques - Duggan,"<p>Learn the full history of your family with a Family History or a Crest/History Combination.</p><p>Family History Standard : 16 x 20 cm | 6 x 8 inches. €9.90</p><p>Family History Large : 20 x 26 cm | 8 x 10 inches. €12.50</p><p>Family Combination (History &amp;amp;amp; Crest) : 26 x 20 cm | 10 x 8 inches.€14.95</p><p>Family Histories and Family Combinations are supplied mounted and ready to frame.<br/>FREE WORLDWIDE POSTAGE</p>",Irish Family Surnames,,General,"Heraldic Irish Family Names, Gifts under €25, Surname D",true,Title,Default Title,,,,,5381,0,shopify,20,deny,manual,12.45,,true,true,,https://irishfamilysurnames.com/wp-content/uploads/2021/04/duggan-B-H.jpg,1,Duggan,false,Family name History & Crest Plaques - Duggan,Learn the full history of your family with a Family History or a Crest/History Combination. Family History Standard : 16 x 20 cm | 6 x 8 inches. €9.90 Family History Large : 20 x 26 cm | 8 x 10 inches. €12.50 Family Combination (History &amp; Crest) : 26 x 20 cm | 10 x 8 inches.€14.95 Family Histories and Family Combin,,,,,,,,,,,,,g,,,true,true,,,active
duggan,,,,,,,true,,,,,,,,,,,,,,,,,,https://irishfamilysurnames.com/wp-content/uploads/2021/03/irishfamilysurnameslogo2.jpg,2,Duggan,,,,,,,,,,,,,,,,,,,,,,,active
duggan,,,,,,,true,,,,,,,,,,,,,,,,,,https://irishfamilysurnames.com/wp-content/uploads/2021/04/downey-B-H-300x375.jpg,3,Duggan,,,,,,,,,,,,,,,,,,,,,,,active
duggan,,,,,,,true,,,,,,,,,,,,,,,,,,https://irishfamilysurnames.com/wp-content/uploads/2021/04/daugherty-B-H-300x375.jpg,4,Duggan,,,,,,,,,,,,,,,,,,,,,,,active
duggan,,,,,,,true,,,,,,,,,,,,,,,,,,https://irishfamilysurnames.com/wp-content/uploads/2021/04/dempsey-B-H-300x375.jpg,5,Duggan,,,,,,,,,,,,,,,,,,,,,,,active
dunn,Family name History & Crest Plaques - Dunn,"<p>Learn the full history of your family with a Family History or a Crest/History Combination.</p><p>Family History Standard : 16 x 20 cm | 6 x 8 inches. €9.90</p><p>Family History Large : 20 x 26 cm | 8 x 10 inches. €12.50</p><p>Family Combination (History &amp;amp;amp; Crest) : 26 x 20 cm | 10 x 8 inches.€14.95</p><p>Family Histories and Family Combinations are supplied mounted and ready to frame.<br/>FREE WORLDWIDE POSTAGE</p>",Irish Family Surnames,,General,"Heraldic Irish Family Names, Gifts under €25, Surname D",true,Title,Default Title,,,,,5393,0,shopify,20,deny,manual,12.45,,true,true,,https://irishfamilysurnames.com/wp-content/uploads/2021/04/dunn-B-H.jpg,1,Dunn,false,Family name History & Crest Plaques - Dunn,Learn the full history of your family with a Family History or a Crest/History Combination. Family History Standard : 16 x 20 cm | 6 x 8 inches. €9.90 Family History Large : 20 x 26 cm | 8 x 10 inches. €12.50 Family Combination (History &amp; Crest) : 26 x 20 cm | 10 x 8 inches.€14.95 Family Histories and Family Combin,,,,,,,,,,,,,g,,,true,true,,,active
dunn,,,,,,,true,,,,,,,,,,,,,,,,,,https://irishfamilysurnames.com/wp-content/uploads/2021/03/irishfamilysurnameslogo2.jpg,2,Dunn,,,,,,,,,,,,,,,,,,,,,,,active
dunn,,,,,,,true,,,,,,,,,,,,,,,,,,https://irishfamilysurnames.com/wp-content/uploads/2021/04/donohoe-B-H-300x375.jpg,3,Dunn,,,,,,,,,,,,,,,,,,,,,,,active
dunn,,,,,,,true,,,,,,,,,,,,,,,,,,https://irishfamilysurnames.com/wp-content/uploads/2021/04/donnelly-B-H-300x375.jpg,4,Dunn,,,,,,,,,,,,,,,,,,,,,,,active
dunn,,,,,,,true,,,,,,,,,,,,,,,,,,https://irishfamilysurnames.com/wp-content/uploads/2021/04/donnell-B-H-300x375.jpg,5,Dunn,,,,,,,,,,,,,,,,,,,,,,,active
dunne,Family name History & Crest Plaques - Dunne,"<p>Learn the full history of your family with a Family History or a Crest/History Combination.</p><p>Family History Standard : 16 x 20 cm | 6 x 8 inches. €9.90</p><p>Family History Large : 20 x 26 cm | 8 x 10 inches. €12.50</p><p>Family Combination (History &amp;amp;amp; Crest) : 26 x 20 cm | 10 x 8 inches.€14.95</p><p>Family Histories and Family Combinations are supplied mounted and ready to frame.<br/>FREE WORLDWIDE POSTAGE</p>",Irish Family Surnames,,General,"Heraldic Irish Family Names, Gifts under €25, Surname D",true,Title,Default Title,,,,,5408,0,shopify,20,deny,manual,12.45,,true,true,,https://irishfamilysurnames.com/wp-content/uploads/2021/04/dunne-B-H.jpg,1,Dunne,false,Family name History & Crest Plaques - Dunne,Learn the full history of your family with a Family History or a Crest/History Combination. Family History Standard : 16 x 20 cm | 6 x 8 inches. €9.90 Family History Large : 20 x 26 cm | 8 x 10 inches. €12.50 Family Combination (History &amp; Crest) : 26 x 20 cm | 10 x 8 inches.€14.95 Family Histories and Family Combin,,,,,,,,,,,,,g,,,true,true,,,active
dunne,,,,,,,true,,,,,,,,,,,,,,,,,,https://irishfamilysurnames.com/wp-content/uploads/2021/03/irishfamilysurnameslogo2.jpg,2,Dunne,,,,,,,,,,,,,,,,,,,,,,,active
dunne,,,,,,,true,,,,,,,,,,,,,,,,,,https://irishfamilysurnames.com/wp-content/uploads/2021/04/daugherty-B-H-300x375.jpg,3,Dunne,,,,,,,,,,,,,,,,,,,,,,,active
dunne,,,,,,,true,,,,,,,,,,,,,,,,,,https://irishfamilysurnames.com/wp-content/uploads/2021/04/dougherty-B-H-300x375.jpg,4,Dunne,,,,,,,,,,,,,,,,,,,,,,,active
dunne,,,,,,,true,,,,,,,,,,,,,,,,,,https://irishfamilysurnames.com/wp-content/uploads/2021/04/davis-B-H-300x375.jpg,5,Dunne,,,,,,,,,,,,,,,,,,,,,,,active
dwyer,Family name History & Crest Plaques - Dwyer,"<p>Learn the full history of your family with a Family History or a Crest/History Combination.</p><p>Family History Standard : 16 x 20 cm | 6 x 8 inches. €9.90</p><p>Family History Large : 20 x 26 cm | 8 x 10 inches. €12.50</p><p>Family Combination (History &amp;amp;amp; Crest) : 26 x 20 cm | 10 x 8 inches.€14.95</p><p>Family Histories and Family Combinations are supplied mounted and ready to frame.<br/>FREE WORLDWIDE POSTAGE</p>",Irish Family Surnames,,General,"Heraldic Irish Family Names, Gifts under €25, Surname D",true,Title,Default Title,,,,,5420,0,shopify,20,deny,manual,12.45,,true,true,,https://irishfamilysurnames.com/wp-content/uploads/2021/04/dwyer-B-H.jpg,1,Dwyer,false,Family name History & Crest Plaques - Dwyer,Learn the full history of your family with a Family History or a Crest/History Combination. Family History Standard : 16 x 20 cm | 6 x 8 inches. €9.90 Family History Large : 20 x 26 cm | 8 x 10 inches. €12.50 Family Combination (History &amp; Crest) : 26 x 20 cm | 10 x 8 inches.€14.95 Family Histories and Family Combin,,,,,,,,,,,,,g,,,true,true,,,active
dwyer,,,,,,,true,,,,,,,,,,,,,,,,,,https://irishfamilysurnames.com/wp-content/uploads/2021/03/irishfamilysurnameslogo2.jpg,2,Dwyer,,,,,,,,,,,,,,,,,,,,,,,active
dwyer,,,,,,,true,,,,,,,,,,,,,,,,,,https://irishfamilysurnames.com/wp-content/uploads/2021/04/donovan-B-H-300x375.jpg,3,Dwyer,,,,,,,,,,,,,,,,,,,,,,,active
dwyer,,,,,,,true,,,,,,,,,,,,,,,,,,https://irishfamilysurnames.com/wp-content/uploads/2021/04/donoghoe-B-H-300x375.jpg,4,Dwyer,,,,,,,,,,,,,,,,,,,,,,,active
dwyer,,,,,,,true,,,,,,,,,,,,,,,,,,https://irishfamilysurnames.com/wp-content/uploads/2021/04/delaney-B-H-300x375.jpg,5,Dwyer,,,,,,,,,,,,,,,,,,,,,,,active
egan,Family name History & Crest Plaques - Egan,"<p>Learn the full history of your family with a Family History or a Crest/History Combination.</p><p>Family History Standard : 16 x 20 cm | 6 x 8 inches. €9.90</p><p>Family History Large : 20 x 26 cm | 8 x 10 inches. €12.50</p><p>Family Combination (History &amp;amp;amp; Crest) : 26 x 20 cm | 10 x 8 inches.€14.95</p><p>Family Histories and Family Combinations are supplied mounted and ready to frame.<br/>FREE WORLDWIDE POSTAGE</p>",Irish Family Surnames,,General,"Heraldic Irish Family Names, Gifts under €25, Surname E",true,Title,Default Title,,,,,5432,0,shopify,20,deny,manual,12.45,,true,true,,https://irishfamilysurnames.com/wp-content/uploads/2021/04/egan-B-H.jpg,1,Egan,false,Family name History & Crest Plaques - Egan,Learn the full history of your family with a Family History or a Crest/History Combination. Family History Standard : 16 x 20 cm | 6 x 8 inches. €9.90 Family History Large : 20 x 26 cm | 8 x 10 inches. €12.50 Family Combination (History &amp; Crest) : 26 x 20 cm | 10 x 8 inches.€14.95 Family Histories and Family Combin,,,,,,,,,,,,,g,,,true,true,,,active
egan,,,,,,,true,,,,,,,,,,,,,,,,,,https://irishfamilysurnames.com/wp-content/uploads/2021/03/irishfamilysurnameslogo2.jpg,2,Egan,,,,,,,,,,,,,,,,,,,,,,,active
egan,,,,,,,true,,,,,,,,,,,,,,,,,,https://irishfamilysurnames.com/wp-content/uploads/2021/04/evans-B-H-1-300x375.jpg,3,Egan,,,,,,,,,,,,,,,,,,,,,,,active
fagan,Family name History & Crest Plaques - Fagan,"<p>Learn the full history of your family with a Family History or a Crest/History Combination.</p><p>Family History Standard : 16 x 20 cm | 6 x 8 inches. €9.90</p><p>Family History Large : 20 x 26 cm | 8 x 10 inches. €12.50</p><p>Family Combination (History &amp;amp;amp; Crest) : 26 x 20 cm | 10 x 8 inches.€14.95</p><p>Family Histories and Family Combinations are supplied mounted and ready to frame.<br/>FREE WORLDWIDE POSTAGE</p>",Irish Family Surnames,,General,"Heraldic Irish Family Names, Gifts under €25, Surname F",true,Title,Default Title,,,,,5456,0,shopify,20,deny,manual,12.45,,true,true,,https://irishfamilysurnames.com/wp-content/uploads/2021/04/fagan-B-H.jpg,1,Fagan,false,Family name History & Crest Plaques - Fagan,Learn the full history of your family with a Family History or a Crest/History Combination. Family History Standard : 16 x 20 cm | 6 x 8 inches. €9.90 Family History Large : 20 x 26 cm | 8 x 10 inches. €12.50 Family Combination (History &amp; Crest) : 26 x 20 cm | 10 x 8 inches.€14.95 Family Histories and Family Combin,,,,,,,,,,,,,g,,,true,true,,,active
fagan,,,,,,,true,,,,,,,,,,,,,,,,,,https://irishfamilysurnames.com/wp-content/uploads/2021/03/irishfamilysurnameslogo2.jpg,2,Fagan,,,,,,,,,,,,,,,,,,,,,,,active
fagan,,,,,,,true,,,,,,,,,,,,,,,,,,https://irishfamilysurnames.com/wp-content/uploads/2021/04/foley-B-H-300x375.jpg,3,Fagan,,,,,,,,,,,,,,,,,,,,,,,active
fagan,,,,,,,true,,,,,,,,,,,,,,,,,,https://irishfamilysurnames.com/wp-content/uploads/2021/04/fitzgibbon-B-H-300x375.jpg,4,Fagan,,,,,,,,,,,,,,,,,,,,,,,active
fagan,,,,,,,true,,,,,,,,,,,,,,,,,,https://irishfamilysurnames.com/wp-content/uploads/2021/04/fleming-B-H-300x375.jpg,5,Fagan,,,,,,,,,,,,,,,,,,,,,,,active
fahy,Family name History & Crest Plaques - Fahy,"<p>Learn the full history of your family with a Family History or a Crest/History Combination.</p><p>Family History Standard : 16 x 20 cm | 6 x 8 inches. €9.90</p><p>Family History Large : 20 x 26 cm | 8 x 10 inches. €12.50</p><p>Family Combination (History &amp;amp;amp; Crest) : 26 x 20 cm | 10 x 8 inches.€14.95</p><p>Family Histories and Family Combinations are supplied mounted and ready to frame.<br/>FREE WORLDWIDE POSTAGE</p>",Irish Family Surnames,,General,"Heraldic Irish Family Names, Gifts under €25, Surname F",true,Title,Default Title,,,,,5467,0,shopify,20,deny,manual,12.45,,true,true,,https://irishfamilysurnames.com/wp-content/uploads/2021/04/fahy-B-H.jpg,1,Fahy,false,Family name History & Crest Plaques - Fahy,Learn the full history of your family with a Family History or a Crest/History Combination. Family History Standard : 16 x 20 cm | 6 x 8 inches. €9.90 Family History Large : 20 x 26 cm | 8 x 10 inches. €12.50 Family Combination (History &amp; Crest) : 26 x 20 cm | 10 x 8 inches.€14.95 Family Histories and Family Combin,,,,,,,,,,,,,g,,,true,true,,,active
fahy,,,,,,,true,,,,,,,,,,,,,,,,,,https://irishfamilysurnames.com/wp-content/uploads/2021/03/irishfamilysurnameslogo2.jpg,2,Fahy,,,,,,,,,,,,,,,,,,,,,,,active
fahy,,,,,,,true,,,,,,,,,,,,,,,,,,https://irishfamilysurnames.com/wp-content/uploads/2021/04/fogarty-B-H-300x375.jpg,3,Fahy,,,,,,,,,,,,,,,,,,,,,,,active
fahy,,,,,,,true,,,,,,,,,,,,,,,,,,https://irishfamilysurnames.com/wp-content/uploads/2021/04/fox-B-H-300x375.jpg,4,Fahy,,,,,,,,,,,,,,,,,,,,,,,active
fahy,,,,,,,true,,,,,,,,,,,,,,,,,,https://irishfamilysurnames.com/wp-content/uploads/2021/04/fleming-B-H-300x375.jpg,5,Fahy,,,,,,,,,,,,,,,,,,,,,,,active
fallon,Family name History & Crest Plaques - Fallon,"<p>Learn the full history of your family with a Family History or a Crest/History Combination.</p><p>Family History Standard : 16 x 20 cm | 6 x 8 inches. €9.90</p><p>Family History Large : 20 x 26 cm | 8 x 10 inches. €12.50</p><p>Family Combination (History &amp;amp;amp; Crest) : 26 x 20 cm | 10 x 8 inches.€14.95</p><p>Family Histories and Family Combinations are supplied mounted and ready to frame.<br/>FREE WORLDWIDE POSTAGE</p>",Irish Family Surnames,,General,"Heraldic Irish Family Names, Gifts under €25, Surname F",true,Title,Default Title,,,,,5479,0,shopify,20,deny,manual,12.45,,true,true,,https://irishfamilysurnames.com/wp-content/uploads/2021/04/fallon-B-H.jpg,1,Fallon,false,Family name History & Crest Plaques - Fallon,Learn the full history of your family with a Family History or a Crest/History Combination. Family History Standard : 16 x 20 cm | 6 x 8 inches. €9.90 Family History Large : 20 x 26 cm | 8 x 10 inches. €12.50 Family Combination (History &amp; Crest) : 26 x 20 cm | 10 x 8 inches.€14.95 Family Histories and Family Combin,,,,,,,,,,,,,g,,,true,true,,,active
fallon,,,,,,,true,,,,,,,,,,,,,,,,,,https://irishfamilysurnames.com/wp-content/uploads/2021/03/irishfamilysurnameslogo2.jpg,2,Fallon,,,,,,,,,,,,,,,,,,,,,,,active
fallon,,,,,,,true,,,,,,,,,,,,,,,,,,https://irishfamilysurnames.com/wp-content/uploads/2021/04/foley-B-H-300x375.jpg,3,Fallon,,,,,,,,,,,,,,,,,,,,,,,active
fallon,,,,,,,true,,,,,,,,,,,,,,,,,,https://irishfamilysurnames.com/wp-content/uploads/2021/04/fitzpatrick-B-H-300x375.jpg,4,Fallon,,,,,,,,,,,,,,,,,,,,,,,active
fallon,,,,,,,true,,,,,,,,,,,,,,,,,,https://irishfamilysurnames.com/wp-content/uploads/2021/04/french-B-H-300x375.jpg,5,Fallon,,,,,,,,,,,,,,,,,,,,,,,active
farley,Family name History & Crest Plaques - Farley,"<p>Learn the full history of your family with a Family History or a Crest/History Combination.</p><p>Family History Standard : 16 x 20 cm | 6 x 8 inches. €9.90</p><p>Family History Large : 20 x 26 cm | 8 x 10 inches. €12.50</p><p>Family Combination (History &amp;amp;amp; Crest) : 26 x 20 cm | 10 x 8 inches.€14.95</p><p>Family Histories and Family Combinations are supplied mounted and ready to frame.<br/>FREE WORLDWIDE POSTAGE</p>",Irish Family Surnames,,General,"Heraldic Irish Family Names, Gifts under €25, Surname F",true,Title,Default Title,,,,,5491,0,shopify,20,deny,manual,12.45,,true,true,,https://irishfamilysurnames.com/wp-content/uploads/2021/04/farley-B-H.jpg,1,Farley,false,Family name History & Crest Plaques - Farley,Learn the full history of your family with a Family History or a Crest/History Combination. Family History Standard : 16 x 20 cm | 6 x 8 inches. €9.90 Family History Large : 20 x 26 cm | 8 x 10 inches. €12.50 Family Combination (History &amp; Crest) : 26 x 20 cm | 10 x 8 inches.€14.95 Family Histories and Family Combin,,,,,,,,,,,,,g,,,true,true,,,active
farley,,,,,,,true,,,,,,,,,,,,,,,,,,https://irishfamilysurnames.com/wp-content/uploads/2021/03/irishfamilysurnameslogo2.jpg,2,Farley,,,,,,,,,,,,,,,,,,,,,,,active
farley,,,,,,,true,,,,,,,,,,,,,,,,,,https://irishfamilysurnames.com/wp-content/uploads/2021/04/flood-B-H-300x375.jpg,3,Farley,,,,,,,,,,,,,,,,,,,,,,,active
farley,,,,,,,true,,,,,,,,,,,,,,,,,,https://irishfamilysurnames.com/wp-content/uploads/2021/04/flynn-B-H-300x375.jpg,4,Farley,,,,,,,,,,,,,,,,,,,,,,,active
farley,,,,,,,true,,,,,,,,,,,,,,,,,,https://irishfamilysurnames.com/wp-content/uploads/2021/04/farrell-B-H-300x375.jpg,5,Farley,,,,,,,,,,,,,,,,,,,,,,,active
farrell,Family name History & Crest Plaques - Farrell,"<p>Learn the full history of your family with a Family History or a Crest/History Combination.</p><p>Family History Standard : 16 x 20 cm | 6 x 8 inches. €9.90</p><p>Family History Large : 20 x 26 cm | 8 x 10 inches. €12.50</p><p>Family Combination (History &amp;amp;amp; Crest) : 26 x 20 cm | 10 x 8 inches.€14.95</p><p>Family Histories and Family Combinations are supplied mounted and ready to frame.<br/>FREE WORLDWIDE POSTAGE</p>",Irish Family Surnames,,General,"Heraldic Irish Family Names, Gifts under €25, Surname F",true,Title,Default Title,,,,,5502,0,shopify,20,deny,manual,12.45,,true,true,,https://irishfamilysurnames.com/wp-content/uploads/2021/04/farrell-B-H.jpg,1,Farrell,false,Family name History & Crest Plaques - Farrell,Learn the full history of your family with a Family History or a Crest/History Combination. Family History Standard : 16 x 20 cm | 6 x 8 inches. €9.90 Family History Large : 20 x 26 cm | 8 x 10 inches. €12.50 Family Combination (History &amp; Crest) : 26 x 20 cm | 10 x 8 inches.€14.95 Family Histories and Family Combin,,,,,,,,,,,,,g,,,true,true,,,active
farrell,,,,,,,true,,,,,,,,,,,,,,,,,,https://irishfamilysurnames.com/wp-content/uploads/2021/03/irishfamilysurnameslogo2.jpg,2,Farrell,,,,,,,,,,,,,,,,,,,,,,,active
farrell,,,,,,,true,,,,,,,,,,,,,,,,,,https://irishfamilysurnames.com/wp-content/uploads/2021/04/flaherty-B-H-300x375.jpg,3,Farrell,,,,,,,,,,,,,,,,,,,,,,,active
farrell,,,,,,,true,,,,,,,,,,,,,,,,,,https://irishfamilysurnames.com/wp-content/uploads/2021/04/french-B-H-300x375.jpg,4,Farrell,,,,,,,,,,,,,,,,,,,,,,,active
farrell,,,,,,,true,,,,,,,,,,,,,,,,,,https://irishfamilysurnames.com/wp-content/uploads/2021/04/fallon-B-H-300x375.jpg,5,Farrell,,,,,,,,,,,,,,,,,,,,,,,active
farrelly,Family name History & Crest Plaques - Farrelly,"<p>Learn the full history of your family with a Family History or a Crest/History Combination.</p><p>Family History Standard : 16 x 20 cm | 6 x 8 inches. €9.90</p><p>Family History Large : 20 x 26 cm | 8 x 10 inches. €12.50</p><p>Family Combination (History &amp;amp;amp; Crest) : 26 x 20 cm | 10 x 8 inches.€14.95</p><p>Family Histories and Family Combinations are supplied mounted and ready to frame.<br/>FREE WORLDWIDE POSTAGE</p>",Irish Family Surnames,,General,"Heraldic Irish Family Names, Gifts under €25, Surname F",true,Title,Default Title,,,,,5514,0,shopify,20,deny,manual,12.45,,true,true,,https://irishfamilysurnames.com/wp-content/uploads/2021/04/farrelly-B-H.jpg,1,Farrelly,false,Family name History & Crest Plaques - Farrelly,Learn the full history of your family with a Family History or a Crest/History Combination. Family History Standard : 16 x 20 cm | 6 x 8 inches. €9.90 Family History Large : 20 x 26 cm | 8 x 10 inches. €12.50 Family Combination (History &amp; Crest) : 26 x 20 cm | 10 x 8 inches.€14.95 Family Histories and Family Combin,,,,,,,,,,,,,g,,,true,true,,,active
farrelly,,,,,,,true,,,,,,,,,,,,,,,,,,https://irishfamilysurnames.com/wp-content/uploads/2021/03/irishfamilysurnameslogo2.jpg,2,Farrelly,,,,,,,,,,,,,,,,,,,,,,,active
farrelly,,,,,,,true,,,,,,,,,,,,,,,,,,https://irishfamilysurnames.com/wp-content/uploads/2021/04/finnegan-B-H-300x375.jpg,3,Farrelly,,,,,,,,,,,,,,,,,,,,,,,active
farrelly,,,,,,,true,,,,,,,,,,,,,,,,,,https://irishfamilysurnames.com/wp-content/uploads/2021/04/fitzgerald-B-H-300x375.jpg,4,Farrelly,,,,,,,,,,,,,,,,,,,,,,,active
farrelly,,,,,,,true,,,,,,,,,,,,,,,,,,https://irishfamilysurnames.com/wp-content/uploads/2021/04/farley-B-H-300x375.jpg,5,Farrelly,,,,,,,,,,,,,,,,,,,,,,,active
finn,Family name History & Crest Plaques - Finn,"<p>Learn the full history of your family with a Family History or a Crest/History Combination.</p><p>Family History Standard : 16 x 20 cm | 6 x 8 inches. €9.90</p><p>Family History Large : 20 x 26 cm | 8 x 10 inches. €12.50</p><p>Family Combination (History &amp;amp;amp; Crest) : 26 x 20 cm | 10 x 8 inches.€14.95</p><p>Family Histories and Family Combinations are supplied mounted and ready to frame.<br/>FREE WORLDWIDE POSTAGE</p>",Irish Family Surnames,,General,"Heraldic Irish Family Names, Gifts under €25, Surname F",true,Title,Default Title,,,,,5525,0,shopify,20,deny,manual,12.45,,true,true,,https://irishfamilysurnames.com/wp-content/uploads/2021/04/finn-B-H.jpg,1,Finn,false,Family name History & Crest Plaques - Finn,Learn the full history of your family with a Family History or a Crest/History Combination. Family History Standard : 16 x 20 cm | 6 x 8 inches. €9.90 Family History Large : 20 x 26 cm | 8 x 10 inches. €12.50 Family Combination (History &amp; Crest) : 26 x 20 cm | 10 x 8 inches.€14.95 Family Histories and Family Combin,,,,,,,,,,,,,g,,,true,true,,,active
finn,,,,,,,true,,,,,,,,,,,,,,,,,,https://irishfamilysurnames.com/wp-content/uploads/2021/03/irishfamilysurnameslogo2.jpg,2,Finn,,,,,,,,,,,,,,,,,,,,,,,active
finn,,,,,,,true,,,,,,,,,,,,,,,,,,https://irishfamilysurnames.com/wp-content/uploads/2021/04/fogarty-B-H-300x375.jpg,3,Finn,,,,,,,,,,,,,,,,,,,,,,,active
finn,,,,,,,true,,,,,,,,,,,,,,,,,,https://irishfamilysurnames.com/wp-content/uploads/2021/04/flaherty-B-H-300x375.jpg,4,Finn,,,,,,,,,,,,,,,,,,,,,,,active
finn,,,,,,,true,,,,,,,,,,,,,,,,,,https://irishfamilysurnames.com/wp-content/uploads/2021/04/furlong-B-H-300x375.jpg,5,Finn,,,,,,,,,,,,,,,,,,,,,,,active
finnegan,Family name History & Crest Plaques - Finnegan,"<p>Learn the full history of your family with a Family History or a Crest/History Combination.</p><p>Family History Standard : 16 x 20 cm | 6 x 8 inches. €9.90</p><p>Family History Large : 20 x 26 cm | 8 x 10 inches. €12.50</p><p>Family Combination (History &amp;amp;amp; Crest) : 26 x 20 cm | 10 x 8 inches.€14.95</p><p>Family Histories and Family Combinations are supplied mounted and ready to frame.<br/>FREE WORLDWIDE POSTAGE</p>",Irish Family Surnames,,General,"Heraldic Irish Family Names, Gifts under €25, Surname F",true,Title,Default Title,,,,,5536,0,shopify,20,deny,manual,12.45,,true,true,,https://irishfamilysurnames.com/wp-content/uploads/2021/04/finnegan-B-H.jpg,1,Finnegan,false,Family name History & Crest Plaques - Finnegan,Learn the full history of your family with a Family History or a Crest/History Combination. Family History Standard : 16 x 20 cm | 6 x 8 inches. €9.90 Family History Large : 20 x 26 cm | 8 x 10 inches. €12.50 Family Combination (History &amp; Crest) : 26 x 20 cm | 10 x 8 inches.€14.95 Family Histories and Family Combin,,,,,,,,,,,,,g,,,true,true,,,active
finnegan,,,,,,,true,,,,,,,,,,,,,,,,,,https://irishfamilysurnames.com/wp-content/uploads/2021/03/irishfamilysurnameslogo2.jpg,2,Finnegan,,,,,,,,,,,,,,,,,,,,,,,active
finnegan,,,,,,,true,,,,,,,,,,,,,,,,,,https://irishfamilysurnames.com/wp-content/uploads/2021/04/furlong-B-H-300x375.jpg,3,Finnegan,,,,,,,,,,,,,,,,,,,,,,,active
finnegan,,,,,,,true,,,,,,,,,,,,,,,,,,https://irishfamilysurnames.com/wp-content/uploads/2021/04/fox-B-H-300x375.jpg,4,Finnegan,,,,,,,,,,,,,,,,,,,,,,,active
finnegan,,,,,,,true,,,,,,,,,,,,,,,,,,https://irishfamilysurnames.com/wp-content/uploads/2021/04/fahy-B-H-300x375.jpg,5,Finnegan,,,,,,,,,,,,,,,,,,,,,,,active
fitzgerald,Family name History & Crest Plaques - Fitzgerald,"<p>Learn the full history of your family with a Family History or a Crest/History Combination.</p><p>Family History Standard : 16 x 20 cm | 6 x 8 inches. €9.90</p><p>Family History Large : 20 x 26 cm | 8 x 10 inches. €12.50</p><p>Family Combination (History &amp;amp;amp; Crest) : 26 x 20 cm | 10 x 8 inches.€14.95</p><p>Family Histories and Family Combinations are supplied mounted and ready to frame.<br/>FREE WORLDWIDE POSTAGE</p>",Irish Family Surnames,,General,"Heraldic Irish Family Names, Gifts under €25, Surname F",true,Title,Default Title,,,,,5551,0,shopify,20,deny,manual,12.45,,true,true,,https://irishfamilysurnames.com/wp-content/uploads/2021/04/fitzgerald-B-H.jpg,1,Fitzgerald,false,Family name History & Crest Plaques - Fitzgerald,Learn the full history of your family with a Family History or a Crest/History Combination. Family History Standard : 16 x 20 cm | 6 x 8 inches. €9.90 Family History Large : 20 x 26 cm | 8 x 10 inches. €12.50 Family Combination (History &amp; Crest) : 26 x 20 cm | 10 x 8 inches.€14.95 Family Histories and Family Combin,,,,,,,,,,,,,g,,,true,true,,,active
fitzgerald,,,,,,,true,,,,,,,,,,,,,,,,,,https://irishfamilysurnames.com/wp-content/uploads/2021/03/irishfamilysurnameslogo2.jpg,2,Fitzgerald,,,,,,,,,,,,,,,,,,,,,,,active
fitzgerald,,,,,,,true,,,,,,,,,,,,,,,,,,https://irishfamilysurnames.com/wp-content/uploads/2021/04/fagan-B-H-300x375.jpg,3,Fitzgerald,,,,,,,,,,,,,,,,,,,,,,,active
fitzgerald,,,,,,,true,,,,,,,,,,,,,,,,,,https://irishfamilysurnames.com/wp-content/uploads/2021/04/fahy-B-H-300x375.jpg,4,Fitzgerald,,,,,,,,,,,,,,,,,,,,,,,active
fitzgerald,,,,,,,true,,,,,,,,,,,,,,,,,,https://irishfamilysurnames.com/wp-content/uploads/2021/04/fitzgibbon-B-H-300x375.jpg,5,Fitzgerald,,,,,,,,,,,,,,,,,,,,,,,active
fitzgibbon,Family name History & Crest Plaques - Fitzgibbon,"<p>Learn the full history of your family with a Family History or a Crest/History Combination.</p><p>Family History Standard : 16 x 20 cm | 6 x 8 inches. €9.90</p><p>Family History Large : 20 x 26 cm | 8 x 10 inches. €12.50</p><p>Family Combination (History &amp;amp;amp; Crest) : 26 x 20 cm | 10 x 8 inches.€14.95</p><p>Family Histories and Family Combinations are supplied mounted and ready to frame.<br/>FREE WORLDWIDE POSTAGE</p>",Irish Family Surnames,,General,"Heraldic Irish Family Names, Gifts under €25, Surname F",true,Title,Default Title,,,,,5566,0,shopify,20,deny,manual,12.45,,true,true,,https://irishfamilysurnames.com/wp-content/uploads/2021/04/fitzgibbon-B-H.jpg,1,Fitzgibbon,false,Family name History & Crest Plaques - Fitzgibbon,Learn the full history of your family with a Family History or a Crest/History Combination. Family History Standard : 16 x 20 cm | 6 x 8 inches. €9.90 Family History Large : 20 x 26 cm | 8 x 10 inches. €12.50 Family Combination (History &amp; Crest) : 26 x 20 cm | 10 x 8 inches.€14.95 Family Histories and Family Combin,,,,,,,,,,,,,g,,,true,true,,,active
fitzgibbon,,,,,,,true,,,,,,,,,,,,,,,,,,https://irishfamilysurnames.com/wp-content/uploads/2021/03/irishfamilysurnameslogo2.jpg,2,Fitzgibbon,,,,,,,,,,,,,,,,,,,,,,,active
fitzgibbon,,,,,,,true,,,,,,,,,,,,,,,,,,https://irishfamilysurnames.com/wp-content/uploads/2021/04/fitzsimons-B-H-300x375.jpg,3,Fitzgibbon,,,,,,,,,,,,,,,,,,,,,,,active
fitzgibbon,,,,,,,true,,,,,,,,,,,,,,,,,,https://irishfamilysurnames.com/wp-content/uploads/2021/04/finnegan-B-H-300x375.jpg,4,Fitzgibbon,,,,,,,,,,,,,,,,,,,,,,,active
fitzgibbon,,,,,,,true,,,,,,,,,,,,,,,,,,https://irishfamilysurnames.com/wp-content/uploads/2021/04/farrell-B-H-300x375.jpg,5,Fitzgibbon,,,,,,,,,,,,,,,,,,,,,,,active
fitzpatrick,Family name History & Crest Plaques - Fitzpatrick,"<p>Learn the full history of your family with a Family History or a Crest/History Combination.</p><p>Family History Standard : 16 x 20 cm | 6 x 8 inches. €9.90</p><p>Family History Large : 20 x 26 cm | 8 x 10 inches. €12.50</p><p>Family Combination (History &amp;amp;amp; Crest) : 26 x 20 cm | 10 x 8 inches.€14.95</p><p>Family Histories and Family Combinations are supplied mounted and ready to frame.<br/>FREE WORLDWIDE POSTAGE</p>",Irish Family Surnames,,General,"Heraldic Irish Family Names, Gifts under €25, Surname F",true,Title,Default Title,,,,,5580,0,shopify,20,deny,manual,12.45,,true,true,,https://irishfamilysurnames.com/wp-content/uploads/2021/04/fitzpatrick-B-H.jpg,1,Fitzpatrick,false,Family name History & Crest Plaques - Fitzpatrick,Learn the full history of your family with a Family History or a Crest/History Combination. Family History Standard : 16 x 20 cm | 6 x 8 inches. €9.90 Family History Large : 20 x 26 cm | 8 x 10 inches. €12.50 Family Combination (History &amp; Crest) : 26 x 20 cm | 10 x 8 inches.€14.95 Family Histories and Family Combin,,,,,,,,,,,,,g,,,true,true,,,active
fitzpatrick,,,,,,,true,,,,,,,,,,,,,,,,,,https://irishfamilysurnames.com/wp-content/uploads/2021/03/irishfamilysurnameslogo2.jpg,2,Fitzpatrick,,,,,,,,,,,,,,,,,,,,,,,active
fitzpatrick,,,,,,,true,,,,,,,,,,,,,,,,,,https://irishfamilysurnames.com/wp-content/uploads/2021/04/farley-B-H-300x375.jpg,3,Fitzpatrick,,,,,,,,,,,,,,,,,,,,,,,active
fitzpatrick,,,,,,,true,,,,,,,,,,,,,,,,,,https://irishfamilysurnames.com/wp-content/uploads/2021/04/fox-B-H-300x375.jpg,4,Fitzpatrick,,,,,,,,,,,,,,,,,,,,,,,active
fitzpatrick,,,,,,,true,,,,,,,,,,,,,,,,,,https://irishfamilysurnames.com/wp-content/uploads/2021/04/fitzsimons-B-H-300x375.jpg,5,Fitzpatrick,,,,,,,,,,,,,,,,,,,,,,,active
flaherty,Family name History & Crest Plaques - Flaherty,"<p>Learn the full history of your family with a Family History or a Crest/History Combination.</p><p>Family History Standard : 16 x 20 cm | 6 x 8 inches. €9.90</p><p>Family History Large : 20 x 26 cm | 8 x 10 inches. €12.50</p><p>Family Combination (History &amp;amp;amp; Crest) : 26 x 20 cm | 10 x 8 inches.€14.95</p><p>Family Histories and Family Combinations are supplied mounted and ready to frame.<br/>FREE WORLDWIDE POSTAGE</p>",Irish Family Surnames,,General,"Heraldic Irish Family Names, Gifts under €25, Surname F",true,Title,Default Title,,,,,5603,0,shopify,20,deny,manual,12.45,,true,true,,https://irishfamilysurnames.com/wp-content/uploads/2021/04/flaherty-B-H.jpg,1,Flaherty,false,Family name History & Crest Plaques - Flaherty,Learn the full history of your family with a Family History or a Crest/History Combination. Family History Standard : 16 x 20 cm | 6 x 8 inches. €9.90 Family History Large : 20 x 26 cm | 8 x 10 inches. €12.50 Family Combination (History &amp; Crest) : 26 x 20 cm | 10 x 8 inches.€14.95 Family Histories and Family Combin,,,,,,,,,,,,,g,,,true,true,,,active
flaherty,,,,,,,true,,,,,,,,,,,,,,,,,,https://irishfamilysurnames.com/wp-content/uploads/2021/03/irishfamilysurnameslogo2.jpg,2,Flaherty,,,,,,,,,,,,,,,,,,,,,,,active
flaherty,,,,,,,true,,,,,,,,,,,,,,,,,,https://irishfamilysurnames.com/wp-content/uploads/2021/04/farrell-B-H-300x375.jpg,3,Flaherty,,,,,,,,,,,,,,,,,,,,,,,active
flaherty,,,,,,,true,,,,,,,,,,,,,,,,,,https://irishfamilysurnames.com/wp-content/uploads/2021/04/fagan-B-H-300x375.jpg,4,Flaherty,,,,,,,,,,,,,,,,,,,,,,,active
flaherty,,,,,,,true,,,,,,,,,,,,,,,,,,https://irishfamilysurnames.com/wp-content/uploads/2021/04/french-B-H-300x375.jpg,5,Flaherty,,,,,,,,,,,,,,,,,,,,,,,active
flanagan,Family name History & Crest Plaques - Flanagan,"<p>Learn the full history of your family with a Family History or a Crest/History Combination.</p><p>Family History Standard : 16 x 20 cm | 6 x 8 inches. €9.90</p><p>Family History Large : 20 x 26 cm | 8 x 10 inches. €12.50</p><p>Family Combination (History &amp;amp;amp; Crest) : 26 x 20 cm | 10 x 8 inches.€14.95</p><p>Family Histories and Family Combinations are supplied mounted and ready to frame.<br/>FREE WORLDWIDE POSTAGE</p>",Irish Family Surnames,,General,"Heraldic Irish Family Names, Gifts under €25, Surname F",true,Title,Default Title,,,,,5614,0,shopify,20,deny,manual,12.45,,true,true,,https://irishfamilysurnames.com/wp-content/uploads/2021/04/flanagan-B-H.jpg,1,Flanagan,false,Family name History & Crest Plaques - Flanagan,Learn the full history of your family with a Family History or a Crest/History Combination. Family History Standard : 16 x 20 cm | 6 x 8 inches. €9.90 Family History Large : 20 x 26 cm | 8 x 10 inches. €12.50 Family Combination (History &amp; Crest) : 26 x 20 cm | 10 x 8 inches.€14.95 Family Histories and Family Combin,,,,,,,,,,,,,g,,,true,true,,,active
flanagan,,,,,,,true,,,,,,,,,,,,,,,,,,https://irishfamilysurnames.com/wp-content/uploads/2021/03/irishfamilysurnameslogo2.jpg,2,Flanagan,,,,,,,,,,,,,,,,,,,,,,,active
flanagan,,,,,,,true,,,,,,,,,,,,,,,,,,https://irishfamilysurnames.com/wp-content/uploads/2021/04/farrell-B-H-300x375.jpg,3,Flanagan,,,,,,,,,,,,,,,,,,,,,,,active
flanagan,,,,,,,true,,,,,,,,,,,,,,,,,,https://irishfamilysurnames.com/wp-content/uploads/2021/04/flaherty-B-H-300x375.jpg,4,Flanagan,,,,,,,,,,,,,,,,,,,,,,,active
flanagan,,,,,,,true,,,,,,,,,,,,,,,,,,https://irishfamilysurnames.com/wp-content/uploads/2021/04/french-B-H-300x375.jpg,5,Flanagan,,,,,,,,,,,,,,,,,,,,,,,active
fleming,Family name History & Crest Plaques - Fleming,"<p>Learn the full history of your family with a Family History or a Crest/History Combination.</p><p>Family History Standard : 16 x 20 cm | 6 x 8 inches. €9.90</p><p>Family History Large : 20 x 26 cm | 8 x 10 inches. €12.50</p><p>Family Combination (History &amp;amp;amp; Crest) : 26 x 20 cm | 10 x 8 inches.€14.95</p><p>Family Histories and Family Combinations are supplied mounted and ready to frame.<br/>FREE WORLDWIDE POSTAGE</p>",Irish Family Surnames,,General,"Heraldic Irish Family Names, Gifts under €25, Surname F",true,Title,Default Title,,,,,5625,0,shopify,20,deny,manual,12.45,,true,true,,https://irishfamilysurnames.com/wp-content/uploads/2021/04/fleming-B-H.jpg,1,Fleming,false,Family name History & Crest Plaques - Fleming,Learn the full history of your family with a Family History or a Crest/History Combination. Family History Standard : 16 x 20 cm | 6 x 8 inches. €9.90 Family History Large : 20 x 26 cm | 8 x 10 inches. €12.50 Family Combination (History &amp; Crest) : 26 x 20 cm | 10 x 8 inches.€14.95 Family Histories and Family Combin,,,,,,,,,,,,,g,,,true,true,,,active
fleming,,,,,,,true,,,,,,,,,,,,,,,,,,https://irishfamilysurnames.com/wp-content/uploads/2021/03/irishfamilysurnameslogo2.jpg,2,Fleming,,,,,,,,,,,,,,,,,,,,,,,active
fleming,,,,,,,true,,,,,,,,,,,,,,,,,,https://irishfamilysurnames.com/wp-content/uploads/2021/04/french-B-H-300x375.jpg,3,Fleming,,,,,,,,,,,,,,,,,,,,,,,active
fleming,,,,,,,true,,,,,,,,,,,,,,,,,,https://irishfamilysurnames.com/wp-content/uploads/2021/04/farrell-B-H-300x375.jpg,4,Fleming,,,,,,,,,,,,,,,,,,,,,,,active
fleming,,,,,,,true,,,,,,,,,,,,,,,,,,https://irishfamilysurnames.com/wp-content/uploads/2021/04/fox-B-H-300x375.jpg,5,Fleming,,,,,,,,,,,,,,,,,,,,,,,active
flood,Family name History & Crest Plaques - Flood,"<p>Learn the full history of your family with a Family History or a Crest/History Combination.</p><p>Family History Standard : 16 x 20 cm | 6 x 8 inches. €9.90</p><p>Family History Large : 20 x 26 cm | 8 x 10 inches. €12.50</p><p>Family Combination (History &amp;amp;amp; Crest) : 26 x 20 cm | 10 x 8 inches.€14.95</p><p>Family Histories and Family Combinations are supplied mounted and ready to frame.<br/>FREE WORLDWIDE POSTAGE</p>",Irish Family Surnames,,General,"Heraldic Irish Family Names, Gifts under €25, Surname F",true,Title,Default Title,,,,,5636,0,shopify,20,deny,manual,12.45,,true,true,,https://irishfamilysurnames.com/wp-content/uploads/2021/04/flood-B-H.jpg,1,Flood,false,Family name History & Crest Plaques - Flood,Learn the full history of your family with a Family History or a Crest/History Combination. Family History Standard : 16 x 20 cm | 6 x 8 inches. €9.90 Family History Large : 20 x 26 cm | 8 x 10 inches. €12.50 Family Combination (History &amp; Crest) : 26 x 20 cm | 10 x 8 inches.€14.95 Family Histories and Family Combin,,,,,,,,,,,,,g,,,true,true,,,active
flood,,,,,,,true,,,,,,,,,,,,,,,,,,https://irishfamilysurnames.com/wp-content/uploads/2021/03/irishfamilysurnameslogo2.jpg,2,Flood,,,,,,,,,,,,,,,,,,,,,,,active
flood,,,,,,,true,,,,,,,,,,,,,,,,,,https://irishfamilysurnames.com/wp-content/uploads/2021/04/flaherty-B-H-300x375.jpg,3,Flood,,,,,,,,,,,,,,,,,,,,,,,active
flood,,,,,,,true,,,,,,,,,,,,,,,,,,https://irishfamilysurnames.com/wp-content/uploads/2021/04/french-B-H-300x375.jpg,4,Flood,,,,,,,,,,,,,,,,,,,,,,,active
flood,,,,,,,true,,,,,,,,,,,,,,,,,,https://irishfamilysurnames.com/wp-content/uploads/2021/04/farrelly-B-H-300x375.jpg,5,Flood,,,,,,,,,,,,,,,,,,,,,,,active
flynn,Family name History & Crest Plaques - Flynn,"<p>Learn the full history of your family with a Family History or a Crest/History Combination.</p><p>Family History Standard : 16 x 20 cm | 6 x 8 inches. €9.90</p><p>Family History Large : 20 x 26 cm | 8 x 10 inches. €12.50</p><p>Family Combination (History &amp;amp;amp; Crest) : 26 x 20 cm | 10 x 8 inches.€14.95</p><p>Family Histories and Family Combinations are supplied mounted and ready to frame.<br/>FREE WORLDWIDE POSTAGE</p>",Irish Family Surnames,,General,"Heraldic Irish Family Names, Gifts under €25, Surname F",true,Title,Default Title,,,,,5648,0,shopify,20,deny,manual,12.45,,true,true,,https://irishfamilysurnames.com/wp-content/uploads/2021/04/flynn-B-H.jpg,1,Flynn,false,Family name History & Crest Plaques - Flynn,Learn the full history of your family with a Family History or a Crest/History Combination. Family History Standard : 16 x 20 cm | 6 x 8 inches. €9.90 Family History Large : 20 x 26 cm | 8 x 10 inches. €12.50 Family Combination (History &amp; Crest) : 26 x 20 cm | 10 x 8 inches.€14.95 Family Histories and Family Combin,,,,,,,,,,,,,g,,,true,true,,,active
flynn,,,,,,,true,,,,,,,,,,,,,,,,,,https://irishfamilysurnames.com/wp-content/uploads/2021/03/irishfamilysurnameslogo2.jpg,2,Flynn,,,,,,,,,,,,,,,,,,,,,,,active
flynn,,,,,,,true,,,,,,,,,,,,,,,,,,https://irishfamilysurnames.com/wp-content/uploads/2021/04/fleming-B-H-300x375.jpg,3,Flynn,,,,,,,,,,,,,,,,,,,,,,,active
flynn,,,,,,,true,,,,,,,,,,,,,,,,,,https://irishfamilysurnames.com/wp-content/uploads/2021/04/fitzpatrick-B-H-300x375.jpg,4,Flynn,,,,,,,,,,,,,,,,,,,,,,,active
flynn,,,,,,,true,,,,,,,,,,,,,,,,,,https://irishfamilysurnames.com/wp-content/uploads/2021/04/french-B-H-300x375.jpg,5,Flynn,,,,,,,,,,,,,,,,,,,,,,,active
fox,Family name History & Crest Plaques - Fox,"<p>Learn the full history of your family with a Family History or a Crest/History Combination.</p><p>Family History Standard : 16 x 20 cm | 6 x 8 inches. €9.90</p><p>Family History Large : 20 x 26 cm | 8 x 10 inches. €12.50</p><p>Family Combination (History &amp;amp;amp; Crest) : 26 x 20 cm | 10 x 8 inches.€14.95</p><p>Family Histories and Family Combinations are supplied mounted and ready to frame.<br/>FREE WORLDWIDE POSTAGE</p>",Irish Family Surnames,,General,"Heraldic Irish Family Names, Gifts under €25, Surname F",true,Title,Default Title,,,,,5683,0,shopify,20,deny,manual,12.45,,true,true,,https://irishfamilysurnames.com/wp-content/uploads/2021/04/fox-B-H.jpg,1,Fox,false,Family name History & Crest Plaques - Fox,Learn the full history of your family with a Family History or a Crest/History Combination. Family History Standard : 16 x 20 cm | 6 x 8 inches. €9.90 Family History Large : 20 x 26 cm | 8 x 10 inches. €12.50 Family Combination (History &amp; Crest) : 26 x 20 cm | 10 x 8 inches.€14.95 Family Histories and Family Combin,,,,,,,,,,,,,g,,,true,true,,,active
fox,,,,,,,true,,,,,,,,,,,,,,,,,,https://irishfamilysurnames.com/wp-content/uploads/2021/03/irishfamilysurnameslogo2.jpg,2,Fox,,,,,,,,,,,,,,,,,,,,,,,active
fox,,,,,,,true,,,,,,,,,,,,,,,,,,https://irishfamilysurnames.com/wp-content/uploads/2021/04/farley-B-H-300x375.jpg,3,Fox,,,,,,,,,,,,,,,,,,,,,,,active
fox,,,,,,,true,,,,,,,,,,,,,,,,,,https://irishfamilysurnames.com/wp-content/uploads/2021/04/fagan-B-H-300x375.jpg,4,Fox,,,,,,,,,,,,,,,,,,,,,,,active
fox,,,,,,,true,,,,,,,,,,,,,,,,,,https://irishfamilysurnames.com/wp-content/uploads/2021/04/flaherty-B-H-300x375.jpg,5,Fox,,,,,,,,,,,,,,,,,,,,,,,active
french,Family name History & Crest Plaques - French,"<p>Learn the full history of your family with a Family History or a Crest/History Combination.</p><p>Family History Standard : 16 x 20 cm | 6 x 8 inches. €9.90</p><p>Family History Large : 20 x 26 cm | 8 x 10 inches. €12.50</p><p>Family Combination (History &amp;amp;amp; Crest) : 26 x 20 cm | 10 x 8 inches.€14.95</p><p>Family Histories and Family Combinations are supplied mounted and ready to frame.<br/>FREE WORLDWIDE POSTAGE</p>",Irish Family Surnames,,General,"Heraldic Irish Family Names, Gifts under €25, Surname F",true,Title,Default Title,,,,,5694,0,shopify,20,deny,manual,12.45,,true,true,,https://irishfamilysurnames.com/wp-content/uploads/2021/04/french-B-H.jpg,1,French,false,Family name History & Crest Plaques - French,Learn the full history of your family with a Family History or a Crest/History Combination. Family History Standard : 16 x 20 cm | 6 x 8 inches. €9.90 Family History Large : 20 x 26 cm | 8 x 10 inches. €12.50 Family Combination (History &amp; Crest) : 26 x 20 cm | 10 x 8 inches.€14.95 Family Histories and Family Combin,,,,,,,,,,,,,g,,,true,true,,,active
french,,,,,,,true,,,,,,,,,,,,,,,,,,https://irishfamilysurnames.com/wp-content/uploads/2021/03/irishfamilysurnameslogo2.jpg,2,French,,,,,,,,,,,,,,,,,,,,,,,active
french,,,,,,,true,,,,,,,,,,,,,,,,,,https://irishfamilysurnames.com/wp-content/uploads/2021/04/finn-B-H-300x375.jpg,3,French,,,,,,,,,,,,,,,,,,,,,,,active
french,,,,,,,true,,,,,,,,,,,,,,,,,,https://irishfamilysurnames.com/wp-content/uploads/2021/04/fitzgerald-B-H-300x375.jpg,4,French,,,,,,,,,,,,,,,,,,,,,,,active
french,,,,,,,true,,,,,,,,,,,,,,,,,,https://irishfamilysurnames.com/wp-content/uploads/2021/04/fleming-B-H-300x375.jpg,5,French,,,,,,,,,,,,,,,,,,,,,,,active
furlong,Family name History & Crest Plaques - Furlong,"<p>Learn the full history of your family with a Family History or a Crest/History Combination.</p><p>Family History Standard : 16 x 20 cm | 6 x 8 inches. €9.90</p><p>Family History Large : 20 x 26 cm | 8 x 10 inches. €12.50</p><p>Family Combination (History &amp;amp;amp; Crest) : 26 x 20 cm | 10 x 8 inches.€14.95</p><p>Family Histories and Family Combinations are supplied mounted and ready to frame.<br/>FREE WORLDWIDE POSTAGE</p>",Irish Family Surnames,,General,"Heraldic Irish Family Names, Gifts under €25, Surname F",true,Title,Default Title,,,,,5706,0,shopify,20,deny,manual,12.45,,true,true,,https://irishfamilysurnames.com/wp-content/uploads/2021/04/furlong-B-H.jpg,1,Furlong,false,Family name History & Crest Plaques - Furlong,Learn the full history of your family with a Family History or a Crest/History Combination. Family History Standard : 16 x 20 cm | 6 x 8 inches. €9.90 Family History Large : 20 x 26 cm | 8 x 10 inches. €12.50 Family Combination (History &amp; Crest) : 26 x 20 cm | 10 x 8 inches.€14.95 Family Histories and Family Combin,,,,,,,,,,,,,g,,,true,true,,,active
furlong,,,,,,,true,,,,,,,,,,,,,,,,,,https://irishfamilysurnames.com/wp-content/uploads/2021/03/irishfamilysurnameslogo2.jpg,2,Furlong,,,,,,,,,,,,,,,,,,,,,,,active
furlong,,,,,,,true,,,,,,,,,,,,,,,,,,https://irishfamilysurnames.com/wp-content/uploads/2021/04/farrell-B-H-300x375.jpg,3,Furlong,,,,,,,,,,,,,,,,,,,,,,,active
furlong,,,,,,,true,,,,,,,,,,,,,,,,,,https://irishfamilysurnames.com/wp-content/uploads/2021/04/fitzgibbon-B-H-300x375.jpg,4,Furlong,,,,,,,,,,,,,,,,,,,,,,,active
furlong,,,,,,,true,,,,,,,,,,,,,,,,,,https://irishfamilysurnames.com/wp-content/uploads/2021/04/finn-B-H-300x375.jpg,5,Furlong,,,,,,,,,,,,,,,,,,,,,,,active
gaffney,Family name History & Crest Plaques - Gaffney,"<p>Learn the full history of your family with a Family History or a Crest/History Combination.</p><p>Family History Standard : 16 x 20 cm | 6 x 8 inches. €9.90</p><p>Family History Large : 20 x 26 cm | 8 x 10 inches. €12.50</p><p>Family Combination (History &amp;amp;amp; Crest) : 26 x 20 cm | 10 x 8 inches.€14.95</p><p>Family Histories and Family Combinations are supplied mounted and ready to frame.<br/>FREE WORLDWIDE POSTAGE</p>",Irish Family Surnames,,General,"Heraldic Irish Family Names, Gifts under €25, Surname G",true,Title,Default Title,,,,,5718,0,shopify,20,deny,manual,12.45,,true,true,,https://irishfamilysurnames.com/wp-content/uploads/2021/04/gaffney-B-H.jpg,1,Gaffney,false,Family name History & Crest Plaques - Gaffney,Learn the full history of your family with a Family History or a Crest/History Combination. Family History Standard : 16 x 20 cm | 6 x 8 inches. €9.90 Family History Large : 20 x 26 cm | 8 x 10 inches. €12.50 Family Combination (History &amp; Crest) : 26 x 20 cm | 10 x 8 inches.€14.95 Family Histories and Family Combin,,,,,,,,,,,,,g,,,true,true,,,active
gaffney,,,,,,,true,,,,,,,,,,,,,,,,,,https://irishfamilysurnames.com/wp-content/uploads/2021/03/irishfamilysurnameslogo2.jpg,2,Gaffney,,,,,,,,,,,,,,,,,,,,,,,active
gaffney,,,,,,,true,,,,,,,,,,,,,,,,,,https://irishfamilysurnames.com/wp-content/uploads/2021/04/geoghegan-B-H-300x375.jpg,3,Gaffney,,,,,,,,,,,,,,,,,,,,,,,active
gaffney,,,,,,,true,,,,,,,,,,,,,,,,,,https://irishfamilysurnames.com/wp-content/uploads/2021/04/greene-B-H-300x375.jpg,4,Gaffney,,,,,,,,,,,,,,,,,,,,,,,active
gaffney,,,,,,,true,,,,,,,,,,,,,,,,,,https://irishfamilysurnames.com/wp-content/uploads/2021/04/galvin-B-H-300x375.jpg,5,Gaffney,,,,,,,,,,,,,,,,,,,,,,,active
gallagher,Family name History & Crest Plaques - Gallagher,"<p>Learn the full history of your family with a Family History or a Crest/History Combination.</p><p>Family History Standard : 16 x 20 cm | 6 x 8 inches. €9.90</p><p>Family History Large : 20 x 26 cm | 8 x 10 inches. €12.50</p><p>Family Combination (History &amp;amp;amp; Crest) : 26 x 20 cm | 10 x 8 inches.€14.95</p><p>Family Histories and Family Combinations are supplied mounted and ready to frame.<br/>FREE WORLDWIDE POSTAGE</p>",Irish Family Surnames,,General,"Heraldic Irish Family Names, Gifts under €25, Surname G",true,Title,Default Title,,,,,5729,0,shopify,20,deny,manual,12.45,,true,true,,https://irishfamilysurnames.com/wp-content/uploads/2021/04/gallagher-B-H.jpg,1,Gallagher,false,Family name History & Crest Plaques - Gallagher,Learn the full history of your family with a Family History or a Crest/History Combination. Family History Standard : 16 x 20 cm | 6 x 8 inches. €9.90 Family History Large : 20 x 26 cm | 8 x 10 inches. €12.50 Family Combination (History &amp; Crest) : 26 x 20 cm | 10 x 8 inches.€14.95 Family Histories and Family Combin,,,,,,,,,,,,,g,,,true,true,,,active
gallagher,,,,,,,true,,,,,,,,,,,,,,,,,,https://irishfamilysurnames.com/wp-content/uploads/2021/03/irishfamilysurnameslogo2.jpg,2,Gallagher,,,,,,,,,,,,,,,,,,,,,,,active
gallagher,,,,,,,true,,,,,,,,,,,,,,,,,,https://irishfamilysurnames.com/wp-content/uploads/2021/04/gleeson-B-H-300x375.jpg,3,Gallagher,,,,,,,,,,,,,,,,,,,,,,,active
gallagher,,,,,,,true,,,,,,,,,,,,,,,,,,https://irishfamilysurnames.com/wp-content/uploads/2021/04/gaffney-B-H-300x375.jpg,4,Gallagher,,,,,,,,,,,,,,,,,,,,,,,active
gallagher,,,,,,,true,,,,,,,,,,,,,,,,,,https://irishfamilysurnames.com/wp-content/uploads/2021/04/galvin-B-H-300x375.jpg,5,Gallagher,,,,,,,,,,,,,,,,,,,,,,,active
galvin,Family name History & Crest Plaques - Galvin,"<p>Learn the full history of your family with a Family History or a Crest/History Combination.</p><p>Family History Standard : 16 x 20 cm | 6 x 8 inches. €9.90</p><p>Family History Large : 20 x 26 cm | 8 x 10 inches. €12.50</p><p>Family Combination (History &amp;amp;amp; Crest) : 26 x 20 cm | 10 x 8 inches.€14.95</p><p>Family Histories and Family Combinations are supplied mounted and ready to frame.<br/>FREE WORLDWIDE POSTAGE</p>",Irish Family Surnames,,General,"Heraldic Irish Family Names, Gifts under €25, Surname G",true,Title,Default Title,,,,,5741,0,shopify,20,deny,manual,12.45,,true,true,,https://irishfamilysurnames.com/wp-content/uploads/2021/04/galvin-B-H.jpg,1,Galvin,false,Family name History & Crest Plaques - Galvin,Learn the full history of your family with a Family History or a Crest/History Combination. Family History Standard : 16 x 20 cm | 6 x 8 inches. €9.90 Family History Large : 20 x 26 cm | 8 x 10 inches. €12.50 Family Combination (History &amp; Crest) : 26 x 20 cm | 10 x 8 inches.€14.95 Family Histories and Family Combin,,,,,,,,,,,,,g,,,true,true,,,active
galvin,,,,,,,true,,,,,,,,,,,,,,,,,,https://irishfamilysurnames.com/wp-content/uploads/2021/03/irishfamilysurnameslogo2.jpg,2,Galvin,,,,,,,,,,,,,,,,,,,,,,,active
galvin,,,,,,,true,,,,,,,,,,,,,,,,,,https://irishfamilysurnames.com/wp-content/uploads/2021/04/guinness-B-H-300x375.jpg,3,Galvin,,,,,,,,,,,,,,,,,,,,,,,active
galvin,,,,,,,true,,,,,,,,,,,,,,,,,,https://irishfamilysurnames.com/wp-content/uploads/2021/04/gibbons-B-H-300x375.jpg,4,Galvin,,,,,,,,,,,,,,,,,,,,,,,active
galvin,,,,,,,true,,,,,,,,,,,,,,,,,,https://irishfamilysurnames.com/wp-content/uploads/2021/04/gleeson-B-H-300x375.jpg,5,Galvin,,,,,,,,,,,,,,,,,,,,,,,active
geraghty,Family name History & Crest Plaques - Geraghty,"<p>Learn the full history of your family with a Family History or a Crest/History Combination.</p><p>Family History Standard : 16 x 20 cm | 6 x 8 inches. €9.90</p><p>Family History Large : 20 x 26 cm | 8 x 10 inches. €12.50</p><p>Family Combination (History &amp;amp;amp; Crest) : 26 x 20 cm | 10 x 8 inches.€14.95</p><p>Family Histories and Family Combinations are supplied mounted and ready to frame.<br/>FREE WORLDWIDE POSTAGE</p>",Irish Family Surnames,,General,"Heraldic Irish Family Names, Gifts under €25, Surname G",true,Title,Default Title,,,,,5764,0,shopify,20,deny,manual,12.45,,true,true,,https://irishfamilysurnames.com/wp-content/uploads/2021/04/geraghty-B-H.jpg,1,Geraghty,false,Family name History & Crest Plaques - Geraghty,Learn the full history of your family with a Family History or a Crest/History Combination. Family History Standard : 16 x 20 cm | 6 x 8 inches. €9.90 Family History Large : 20 x 26 cm | 8 x 10 inches. €12.50 Family Combination (History &amp; Crest) : 26 x 20 cm | 10 x 8 inches.€14.95 Family Histories and Family Combin,,,,,,,,,,,,,g,,,true,true,,,active
geraghty,,,,,,,true,,,,,,,,,,,,,,,,,,https://irishfamilysurnames.com/wp-content/uploads/2021/03/irishfamilysurnameslogo2.jpg,2,Geraghty,,,,,,,,,,,,,,,,,,,,,,,active
geraghty,,,,,,,true,,,,,,,,,,,,,,,,,,https://irishfamilysurnames.com/wp-content/uploads/2021/04/gibbons-B-H-300x375.jpg,3,Geraghty,,,,,,,,,,,,,,,,,,,,,,,active
geraghty,,,,,,,true,,,,,,,,,,,,,,,,,,https://irishfamilysurnames.com/wp-content/uploads/2021/04/graham-B-H-300x375.jpg,4,Geraghty,,,,,,,,,,,,,,,,,,,,,,,active
geraghty,,,,,,,true,,,,,,,,,,,,,,,,,,https://irishfamilysurnames.com/wp-content/uploads/2021/04/gleason-B-H-300x375.jpg,5,Geraghty,,,,,,,,,,,,,,,,,,,,,,,active
gibbons,Family name History & Crest Plaques - Gibbons,"<p>Learn the full history of your family with a Family History or a Crest/History Combination.</p><p>Family History Standard : 16 x 20 cm | 6 x 8 inches. €9.90</p><p>Family History Large : 20 x 26 cm | 8 x 10 inches. €12.50</p><p>Family Combination (History &amp;amp;amp; Crest) : 26 x 20 cm | 10 x 8 inches.€14.95</p><p>Family Histories and Family Combinations are supplied mounted and ready to frame.<br/>FREE WORLDWIDE POSTAGE</p>",Irish Family Surnames,,General,"Heraldic Irish Family Names, Gifts under €25, Surname G",true,Title,Default Title,,,,,5776,0,shopify,20,deny,manual,12.45,,true,true,,https://irishfamilysurnames.com/wp-content/uploads/2021/04/gibbons-B-H.jpg,1,Gibbons,false,Family name History & Crest Plaques - Gibbons,Learn the full history of your family with a Family History or a Crest/History Combination. Family History Standard : 16 x 20 cm | 6 x 8 inches. €9.90 Family History Large : 20 x 26 cm | 8 x 10 inches. €12.50 Family Combination (History &amp; Crest) : 26 x 20 cm | 10 x 8 inches.€14.95 Family Histories and Family Combin,,,,,,,,,,,,,g,,,true,true,,,active
gibbons,,,,,,,true,,,,,,,,,,,,,,,,,,https://irishfamilysurnames.com/wp-content/uploads/2021/03/irishfamilysurnameslogo2.jpg,2,Gibbons,,,,,,,,,,,,,,,,,,,,,,,active
gibbons,,,,,,,true,,,,,,,,,,,,,,,,,,https://irishfamilysurnames.com/wp-content/uploads/2021/04/galvin-B-H-300x375.jpg,3,Gibbons,,,,,,,,,,,,,,,,,,,,,,,active
gibbons,,,,,,,true,,,,,,,,,,,,,,,,,,https://irishfamilysurnames.com/wp-content/uploads/2021/04/gleason-B-H-300x375.jpg,4,Gibbons,,,,,,,,,,,,,,,,,,,,,,,active
gibbons,,,,,,,true,,,,,,,,,,,,,,,,,,https://irishfamilysurnames.com/wp-content/uploads/2021/04/gallagher-B-H-300x375.jpg,5,Gibbons,,,,,,,,,,,,,,,,,,,,,,,active
gleason,Family name History & Crest Plaques - Gleason,"<p>Learn the full history of your family with a Family History or a Crest/History Combination.</p><p>Family History Standard : 16 x 20 cm | 6 x 8 inches. €9.90</p><p>Family History Large : 20 x 26 cm | 8 x 10 inches. €12.50</p><p>Family Combination (History &amp;amp;amp; Crest) : 26 x 20 cm | 10 x 8 inches.€14.95</p><p>Family Histories and Family Combinations are supplied mounted and ready to frame.<br/>FREE WORLDWIDE POSTAGE</p>",Irish Family Surnames,,General,"Heraldic Irish Family Names, Gifts under €25, Surname G",true,Title,Default Title,,,,,5787,0,shopify,20,deny,manual,12.45,,true,true,,https://irishfamilysurnames.com/wp-content/uploads/2021/04/gleason-B-H.jpg,1,Gleason,false,Family name History & Crest Plaques - Gleason,Learn the full history of your family with a Family History or a Crest/History Combination. Family History Standard : 16 x 20 cm | 6 x 8 inches. €9.90 Family History Large : 20 x 26 cm | 8 x 10 inches. €12.50 Family Combination (History &amp; Crest) : 26 x 20 cm | 10 x 8 inches.€14.95 Family Histories and Family Combin,,,,,,,,,,,,,g,,,true,true,,,active
gleason,,,,,,,true,,,,,,,,,,,,,,,,,,https://irishfamilysurnames.com/wp-content/uploads/2021/03/irishfamilysurnameslogo2.jpg,2,Gleason,,,,,,,,,,,,,,,,,,,,,,,active
gleason,,,,,,,true,,,,,,,,,,,,,,,,,,https://irishfamilysurnames.com/wp-content/uploads/2021/04/gorman-B-H-300x375.jpg,3,Gleason,,,,,,,,,,,,,,,,,,,,,,,active
gleason,,,,,,,true,,,,,,,,,,,,,,,,,,https://irishfamilysurnames.com/wp-content/uploads/2021/04/griffin-B-H-300x375.jpg,4,Gleason,,,,,,,,,,,,,,,,,,,,,,,active
gleason,,,,,,,true,,,,,,,,,,,,,,,,,,https://irishfamilysurnames.com/wp-content/uploads/2021/04/grady-B-H-300x375.jpg,5,Gleason,,,,,,,,,,,,,,,,,,,,,,,active
gorman,Family name History & Crest Plaques - Gorman,"<p>Learn the full history of your family with a Family History or a Crest/History Combination.</p><p>Family History Standard : 16 x 20 cm | 6 x 8 inches. €9.90</p><p>Family History Large : 20 x 26 cm | 8 x 10 inches. €12.50</p><p>Family Combination (History &amp;amp;amp; Crest) : 26 x 20 cm | 10 x 8 inches.€14.95</p><p>Family Histories and Family Combinations are supplied mounted and ready to frame.<br/>FREE WORLDWIDE POSTAGE</p>",Irish Family Surnames,,General,"Heraldic Irish Family Names, Gifts under €25, Surname G",true,Title,Default Title,,,,,5809,0,shopify,20,deny,manual,12.45,,true,true,,https://irishfamilysurnames.com/wp-content/uploads/2021/04/gorman-B-H.jpg,1,Gorman,false,Family name History & Crest Plaques - Gorman,Learn the full history of your family with a Family History or a Crest/History Combination. Family History Standard : 16 x 20 cm | 6 x 8 inches. €9.90 Family History Large : 20 x 26 cm | 8 x 10 inches. €12.50 Family Combination (History &amp; Crest) : 26 x 20 cm | 10 x 8 inches.€14.95 Family Histories and Family Combin,,,,,,,,,,,,,g,,,true,true,,,active
gorman,,,,,,,true,,,,,,,,,,,,,,,,,,https://irishfamilysurnames.com/wp-content/uploads/2021/03/irishfamilysurnameslogo2.jpg,2,Gorman,,,,,,,,,,,,,,,,,,,,,,,active
gorman,,,,,,,true,,,,,,,,,,,,,,,,,,https://irishfamilysurnames.com/wp-content/uploads/2021/04/greene-B-H-300x375.jpg,3,Gorman,,,,,,,,,,,,,,,,,,,,,,,active
gorman,,,,,,,true,,,,,,,,,,,,,,,,,,https://irishfamilysurnames.com/wp-content/uploads/2021/04/gibbons-B-H-300x375.jpg,4,Gorman,,,,,,,,,,,,,,,,,,,,,,,active
gorman,,,,,,,true,,,,,,,,,,,,,,,,,,https://irishfamilysurnames.com/wp-content/uploads/2021/04/gaffney-B-H-300x375.jpg,5,Gorman,,,,,,,,,,,,,,,,,,,,,,,active
graham,Family name History & Crest Plaques - Graham,"<p>Learn the full history of your family with a Family History or a Crest/History Combination.</p><p>Family History Standard : 16 x 20 cm | 6 x 8 inches. €9.90</p><p>Family History Large : 20 x 26 cm | 8 x 10 inches. €12.50</p><p>Family Combination (History &amp;amp;amp; Crest) : 26 x 20 cm | 10 x 8 inches.€14.95</p><p>Family Histories and Family Combinations are supplied mounted and ready to frame.<br/>FREE WORLDWIDE POSTAGE</p>",Irish Family Surnames,,General,"Heraldic Irish Family Names, Gifts under €25, Surname G",true,Title,Default Title,,,,,5831,0,shopify,20,deny,manual,12.45,,true,true,,https://irishfamilysurnames.com/wp-content/uploads/2021/04/graham-B-H.jpg,1,Graham,false,Family name History & Crest Plaques - Graham,Learn the full history of your family with a Family History or a Crest/History Combination. Family History Standard : 16 x 20 cm | 6 x 8 inches. €9.90 Family History Large : 20 x 26 cm | 8 x 10 inches. €12.50 Family Combination (History &amp; Crest) : 26 x 20 cm | 10 x 8 inches.€14.95 Family Histories and Family Combin,,,,,,,,,,,,,g,,,true,true,,,active
graham,,,,,,,true,,,,,,,,,,,,,,,,,,https://irishfamilysurnames.com/wp-content/uploads/2021/03/irishfamilysurnameslogo2.jpg,2,Graham,,,,,,,,,,,,,,,,,,,,,,,active
graham,,,,,,,true,,,,,,,,,,,,,,,,,,https://irishfamilysurnames.com/wp-content/uploads/2021/04/griffin-B-H-300x375.jpg,3,Graham,,,,,,,,,,,,,,,,,,,,,,,active
graham,,,,,,,true,,,,,,,,,,,,,,,,,,https://irishfamilysurnames.com/wp-content/uploads/2021/04/gorman-B-H-300x375.jpg,4,Graham,,,,,,,,,,,,,,,,,,,,,,,active
graham,,,,,,,true,,,,,,,,,,,,,,,,,,https://irishfamilysurnames.com/wp-content/uploads/2021/04/griffith-B-H-300x375.jpg,5,Graham,,,,,,,,,,,,,,,,,,,,,,,active
green,Family name History & Crest Plaques - Green,"<p>Learn the full history of your family with a Family History or a Crest/History Combination.</p><p>Family History Standard : 16 x 20 cm | 6 x 8 inches. €9.90</p><p>Family History Large : 20 x 26 cm | 8 x 10 inches. €12.50</p><p>Family Combination (History &amp;amp;amp; Crest) : 26 x 20 cm | 10 x 8 inches.€14.95</p><p>Family Histories and Family Combinations are supplied mounted and ready to frame.<br/>FREE WORLDWIDE POSTAGE</p>",Irish Family Surnames,,General,"Heraldic Irish Family Names, Gifts under €25, Surname G",true,Title,Default Title,,,,,5842,0,shopify,20,deny,manual,12.45,,true,true,,https://irishfamilysurnames.com/wp-content/uploads/2021/04/green-B-H.jpg,1,Green,false,Family name History & Crest Plaques - Green,Learn the full history of your family with a Family History or a Crest/History Combination. Family History Standard : 16 x 20 cm | 6 x 8 inches. €9.90 Family History Large : 20 x 26 cm | 8 x 10 inches. €12.50 Family Combination (History &amp; Crest) : 26 x 20 cm | 10 x 8 inches.€14.95 Family Histories and Family Combin,,,,,,,,,,,,,g,,,true,true,,,active
green,,,,,,,true,,,,,,,,,,,,,,,,,,https://irishfamilysurnames.com/wp-content/uploads/2021/03/irishfamilysurnameslogo2.jpg,2,Green,,,,,,,,,,,,,,,,,,,,,,,active
green,,,,,,,true,,,,,,,,,,,,,,,,,,https://irishfamilysurnames.com/wp-content/uploads/2021/04/griffin-B-H-300x375.jpg,3,Green,,,,,,,,,,,,,,,,,,,,,,,active
green,,,,,,,true,,,,,,,,,,,,,,,,,,https://irishfamilysurnames.com/wp-content/uploads/2021/04/gallagher-B-H-300x375.jpg,4,Green,,,,,,,,,,,,,,,,,,,,,,,active
green,,,,,,,true,,,,,,,,,,,,,,,,,,https://irishfamilysurnames.com/wp-content/uploads/2021/04/guinness-B-H-300x375.jpg,5,Green,,,,,,,,,,,,,,,,,,,,,,,active
greene,Family name History & Crest Plaques - Greene,"<p>Learn the full history of your family with a Family History or a Crest/History Combination.</p><p>Family History Standard : 16 x 20 cm | 6 x 8 inches. €9.90</p><p>Family History Large : 20 x 26 cm | 8 x 10 inches. €12.50</p><p>Family Combination (History &amp;amp;amp; Crest) : 26 x 20 cm | 10 x 8 inches.€14.95</p><p>Family Histories and Family Combinations are supplied mounted and ready to frame.<br/>FREE WORLDWIDE POSTAGE</p>",Irish Family Surnames,,General,"Heraldic Irish Family Names, Gifts under €25, Surname G",true,Title,Default Title,,,,,5853,0,shopify,20,deny,manual,12.45,,true,true,,https://irishfamilysurnames.com/wp-content/uploads/2021/04/greene-B-H.jpg,1,Greene,false,Family name History & Crest Plaques - Greene,Learn the full history of your family with a Family History or a Crest/History Combination. Family History Standard : 16 x 20 cm | 6 x 8 inches. €9.90 Family History Large : 20 x 26 cm | 8 x 10 inches. €12.50 Family Combination (History &amp; Crest) : 26 x 20 cm | 10 x 8 inches.€14.95 Family Histories and Family Combin,,,,,,,,,,,,,g,,,true,true,,,active
greene,,,,,,,true,,,,,,,,,,,,,,,,,,https://irishfamilysurnames.com/wp-content/uploads/2021/03/irishfamilysurnameslogo2.jpg,2,Greene,,,,,,,,,,,,,,,,,,,,,,,active
greene,,,,,,,true,,,,,,,,,,,,,,,,,,https://irishfamilysurnames.com/wp-content/uploads/2021/04/graham-B-H-300x375.jpg,3,Greene,,,,,,,,,,,,,,,,,,,,,,,active
greene,,,,,,,true,,,,,,,,,,,,,,,,,,https://irishfamilysurnames.com/wp-content/uploads/2021/04/grady-B-H-300x375.jpg,4,Greene,,,,,,,,,,,,,,,,,,,,,,,active
greene,,,,,,,true,,,,,,,,,,,,,,,,,,https://irishfamilysurnames.com/wp-content/uploads/2021/04/gleason-B-H-300x375.jpg,5,Greene,,,,,,,,,,,,,,,,,,,,,,,active
griffin,Family name History & Crest Plaques - Griffin,"<p>Learn the full history of your family with a Family History or a Crest/History Combination.</p><p>Family History Standard : 16 x 20 cm | 6 x 8 inches. €9.90</p><p>Family History Large : 20 x 26 cm | 8 x 10 inches. €12.50</p><p>Family Combination (History &amp;amp;amp; Crest) : 26 x 20 cm | 10 x 8 inches.€14.95</p><p>Family Histories and Family Combinations are supplied mounted and ready to frame.<br/>FREE WORLDWIDE POSTAGE</p>",Irish Family Surnames,,General,"Heraldic Irish Family Names, Gifts under €25, Surname G",true,Title,Default Title,,,,,5865,0,shopify,20,deny,manual,12.45,,true,true,,https://irishfamilysurnames.com/wp-content/uploads/2021/04/griffin-B-H.jpg,1,Griffin,false,Family name History & Crest Plaques - Griffin,Learn the full history of your family with a Family History or a Crest/History Combination. Family History Standard : 16 x 20 cm | 6 x 8 inches. €9.90 Family History Large : 20 x 26 cm | 8 x 10 inches. €12.50 Family Combination (History &amp; Crest) : 26 x 20 cm | 10 x 8 inches.€14.95 Family Histories and Family Combin,,,,,,,,,,,,,g,,,true,true,,,active
griffin,,,,,,,true,,,,,,,,,,,,,,,,,,https://irishfamilysurnames.com/wp-content/uploads/2021/03/irishfamilysurnameslogo2.jpg,2,Griffin,,,,,,,,,,,,,,,,,,,,,,,active
griffin,,,,,,,true,,,,,,,,,,,,,,,,,,https://irishfamilysurnames.com/wp-content/uploads/2021/04/guinness-B-H-300x375.jpg,3,Griffin,,,,,,,,,,,,,,,,,,,,,,,active
griffin,,,,,,,true,,,,,,,,,,,,,,,,,,https://irishfamilysurnames.com/wp-content/uploads/2021/04/gallagher-B-H-300x375.jpg,4,Griffin,,,,,,,,,,,,,,,,,,,,,,,active
griffin,,,,,,,true,,,,,,,,,,,,,,,,,,https://irishfamilysurnames.com/wp-content/uploads/2021/04/galvin-B-H-300x375.jpg,5,Griffin,,,,,,,,,,,,,,,,,,,,,,,active
griffith,Family name History & Crest Plaques - Griffith,"<p>Learn the full history of your family with a Family History or a Crest/History Combination.</p><p>Family History Standard : 16 x 20 cm | 6 x 8 inches. €9.90</p><p>Family History Large : 20 x 26 cm | 8 x 10 inches. €12.50</p><p>Family Combination (History &amp;amp;amp; Crest) : 26 x 20 cm | 10 x 8 inches.€14.95</p><p>Family Histories and Family Combinations are supplied mounted and ready to frame.<br/>FREE WORLDWIDE POSTAGE</p>",Irish Family Surnames,,General,"Heraldic Irish Family Names, Gifts under €25, Surname G",true,Title,Default Title,,,,,5876,0,shopify,20,deny,manual,12.45,,true,true,,https://irishfamilysurnames.com/wp-content/uploads/2021/04/griffith-B-H.jpg,1,Griffith,false,Family name History & Crest Plaques - Griffith,Learn the full history of your family with a Family History or a Crest/History Combination. Family History Standard : 16 x 20 cm | 6 x 8 inches. €9.90 Family History Large : 20 x 26 cm | 8 x 10 inches. €12.50 Family Combination (History &amp; Crest) : 26 x 20 cm | 10 x 8 inches.€14.95 Family Histories and Family Combin,,,,,,,,,,,,,g,,,true,true,,,active
griffith,,,,,,,true,,,,,,,,,,,,,,,,,,https://irishfamilysurnames.com/wp-content/uploads/2021/03/irishfamilysurnameslogo2.jpg,2,Griffith,,,,,,,,,,,,,,,,,,,,,,,active
griffith,,,,,,,true,,,,,,,,,,,,,,,,,,https://irishfamilysurnames.com/wp-content/uploads/2021/04/grady-B-H-300x375.jpg,3,Griffith,,,,,,,,,,,,,,,,,,,,,,,active
griffith,,,,,,,true,,,,,,,,,,,,,,,,,,https://irishfamilysurnames.com/wp-content/uploads/2021/04/geoghegan-B-H-300x375.jpg,4,Griffith,,,,,,,,,,,,,,,,,,,,,,,active
griffith,,,,,,,true,,,,,,,,,,,,,,,,,,https://irishfamilysurnames.com/wp-content/uploads/2021/04/gleeson-B-H-300x375.jpg,5,Griffith,,,,,,,,,,,,,,,,,,,,,,,active
guinness,Family name History & Crest Plaques - Guinness,"<p>Learn the full history of your family with a Family History or a Crest/History Combination.</p><p>Family History Standard : 16 x 20 cm | 6 x 8 inches. €9.90</p><p>Family History Large : 20 x 26 cm | 8 x 10 inches. €12.50</p><p>Family Combination (History &amp;amp;amp; Crest) : 26 x 20 cm | 10 x 8 inches.€14.95</p><p>Family Histories and Family Combinations are supplied mounted and ready to frame.<br/>FREE WORLDWIDE POSTAGE</p>",Irish Family Surnames,,General,"Heraldic Irish Family Names, Gifts under €25, Surname G",true,Title,Default Title,,,,,5887,0,shopify,20,deny,manual,12.45,,true,true,,https://irishfamilysurnames.com/wp-content/uploads/2021/04/guinness-B-H.jpg,1,Guinness,false,Family name History & Crest Plaques - Guinness,Learn the full history of your family with a Family History or a Crest/History Combination. Family History Standard : 16 x 20 cm | 6 x 8 inches. €9.90 Family History Large : 20 x 26 cm | 8 x 10 inches. €12.50 Family Combination (History &amp; Crest) : 26 x 20 cm | 10 x 8 inches.€14.95 Family Histories and Family Combin,,,,,,,,,,,,,g,,,true,true,,,active
guinness,,,,,,,true,,,,,,,,,,,,,,,,,,https://irishfamilysurnames.com/wp-content/uploads/2021/03/irishfamilysurnameslogo2.jpg,2,Guinness,,,,,,,,,,,,,,,,,,,,,,,active
guinness,,,,,,,true,,,,,,,,,,,,,,,,,,https://irishfamilysurnames.com/wp-content/uploads/2021/04/gleeson-B-H-300x375.jpg,3,Guinness,,,,,,,,,,,,,,,,,,,,,,,active
guinness,,,,,,,true,,,,,,,,,,,,,,,,,,https://irishfamilysurnames.com/wp-content/uploads/2021/04/greene-B-H-300x375.jpg,4,Guinness,,,,,,,,,,,,,,,,,,,,,,,active
guinness,,,,,,,true,,,,,,,,,,,,,,,,,,https://irishfamilysurnames.com/wp-content/uploads/2021/04/griffin-B-H-300x375.jpg,5,Guinness,,,,,,,,,,,,,,,,,,,,,,,active
dougherty,Family name History & Crest Plaques - Dougherty,"<p>Learn the full history of your family with a Family History or a Crest/History Combination.</p><p>Family History Standard : 16 x 20 cm | 6 x 8 inches. €9.90</p><p>Family History Large : 20 x 26 cm | 8 x 10 inches. €12.50</p><p>Family Combination (History &amp;amp;amp; Crest) : 26 x 20 cm | 10 x 8 inches.€14.95</p><p>Family Histories and Family Combinations are supplied mounted and ready to frame.<br/>FREE WORLDWIDE POSTAGE</p>",Irish Family Surnames,,General,"Heraldic Irish Family Names, Gifts under €25, Surname D",true,Title,Default Title,,,,,5283,0,shopify,20,deny,manual,12.45,,true,true,,https://irishfamilysurnames.com/wp-content/uploads/2021/04/dougherty-B-H.jpg,1,Dougherty,false,Family name History & Crest Plaques - Dougherty,Learn the full history of your family with a Family History or a Crest/History Combination. Family History Standard : 16 x 20 cm | 6 x 8 inches. €9.90 Family History Large : 20 x 26 cm | 8 x 10 inches. €12.50 Family Combination (History &amp; Crest) : 26 x 20 cm | 10 x 8 inches.€14.95 Family Histories and Family Combin,,,,,,,,,,,,,g,,,true,true,,,active
dougherty,,,,,,,true,,,,,,,,,,,,,,,,,,https://irishfamilysurnames.com/wp-content/uploads/2021/03/irishfamilysurnameslogo2.jpg,2,Dougherty,,,,,,,,,,,,,,,,,,,,,,,active
dougherty,,,,,,,true,,,,,,,,,,,,,,,,,,https://irishfamilysurnames.com/wp-content/uploads/2021/04/donohoe-B-H-300x375.jpg,3,Dougherty,,,,,,,,,,,,,,,,,,,,,,,active
dougherty,,,,,,,true,,,,,,,,,,,,,,,,,,https://irishfamilysurnames.com/wp-content/uploads/2021/04/dempsey-B-H-300x375.jpg,4,Dougherty,,,,,,,,,,,,,,,,,,,,,,,active
dougherty,,,,,,,true,,,,,,,,,,,,,,,,,,https://irishfamilysurnames.com/wp-content/uploads/2021/04/doherty-B-H-300x375.jpg,5,Dougherty,,,,,,,,,,,,,,,,,,,,,,,active
evans,Family name History & Crest Plaques - Evans,"<p>Learn the full history of your family with a Family History or a Crest/History Combination.</p><p>Family History Standard : 16 x 20 cm | 6 x 8 inches. €9.90</p><p>Family History Large : 20 x 26 cm | 8 x 10 inches. €12.50</p><p>Family Combination (History &amp;amp;amp; Crest) : 26 x 20 cm | 10 x 8 inches.€14.95</p><p>Family Histories and Family Combinations are supplied mounted and ready to frame.<br/>FREE WORLDWIDE POSTAGE</p>",Irish Family Surnames,,General,"Heraldic Irish Family Names, Gifts under €25, Surname E",true,Title,Default Title,,,,,5444,0,shopify,20,deny,manual,12.45,,true,true,,https://irishfamilysurnames.com/wp-content/uploads/2021/04/evans-B-H-1.jpg,1,Evans,false,Family name History & Crest Plaques - Evans,Learn the full history of your family with a Family History or a Crest/History Combination. Family History Standard : 16 x 20 cm | 6 x 8 inches. €9.90 Family History Large : 20 x 26 cm | 8 x 10 inches. €12.50 Family Combination (History &amp; Crest) : 26 x 20 cm | 10 x 8 inches.€14.95 Family Histories and Family Combin,,,,,,,,,,,,,g,,,true,true,,,active
evans,,,,,,,true,,,,,,,,,,,,,,,,,,https://irishfamilysurnames.com/wp-content/uploads/2021/03/irishfamilysurnameslogo2.jpg,2,Evans,,,,,,,,,,,,,,,,,,,,,,,active
evans,,,,,,,true,,,,,,,,,,,,,,,,,,https://irishfamilysurnames.com/wp-content/uploads/2021/04/egan-B-H-300x375.jpg,3,Evans,,,,,,,,,,,,,,,,,,,,,,,active
grady,Family name History & Crest Plaques - Grady,"<p>Learn the full history of your family with a Family History or a Crest/History Combination.</p><p>Family History Standard : 16 x 20 cm | 6 x 8 inches. €9.90</p><p>Family History Large : 20 x 26 cm | 8 x 10 inches. €12.50</p><p>Family Combination (History &amp;amp;amp; Crest) : 26 x 20 cm | 10 x 8 inches.€14.95</p><p>Family Histories and Family Combinations are supplied mounted and ready to frame.<br/>FREE WORLDWIDE POSTAGE</p>",Irish Family Surnames,,General,"Heraldic Irish Family Names, Gifts under €25, Surname G",true,Title,Default Title,,,,,5820,0,shopify,20,deny,manual,12.45,,true,true,,https://irishfamilysurnames.com/wp-content/uploads/2021/04/grady-B-H.jpg,1,Grady,false,Family name History & Crest Plaques - Grady,Learn the full history of your family with a Family History or a Crest/History Combination. Family History Standard : 16 x 20 cm | 6 x 8 inches. €9.90 Family History Large : 20 x 26 cm | 8 x 10 inches. €12.50 Family Combination (History &amp; Crest) : 26 x 20 cm | 10 x 8 inches.€14.95 Family Histories and Family Combin,,,,,,,,,,,,,g,,,true,true,,,active
grady,,,,,,,true,,,,,,,,,,,,,,,,,,https://irishfamilysurnames.com/wp-content/uploads/2021/03/irishfamilysurnameslogo2.jpg,2,Grady,,,,,,,,,,,,,,,,,,,,,,,active
grady,,,,,,,true,,,,,,,,,,,,,,,,,,https://irishfamilysurnames.com/wp-content/uploads/2021/04/geraghty-B-H-300x375.jpg,3,Grady,,,,,,,,,,,,,,,,,,,,,,,active
grady,,,,,,,true,,,,,,,,,,,,,,,,,,https://irishfamilysurnames.com/wp-content/uploads/2021/04/gaffney-B-H-300x375.jpg,4,Grady,,,,,,,,,,,,,,,,,,,,,,,active
grady,,,,,,,true,,,,,,,,,,,,,,,,,,https://irishfamilysurnames.com/wp-content/uploads/2021/04/galvin-B-H-300x375.jpg,5,Grady,,,,,,,,,,,,,,,,,,,,,,,active
fitzsimons,Family name History & Crest Plaques - Fitzsimons,"<p>Learn the full history of your family with a Family History or a Crest/History Combination.</p><p>Family History Standard : 16 x 20 cm | 6 x 8 inches. €9.90</p><p>Family History Large : 20 x 26 cm | 8 x 10 inches. €12.50</p><p>Family Combination (History &amp;amp;amp; Crest) : 26 x 20 cm | 10 x 8 inches.€14.95</p><p>Family Histories and Family Combinations are supplied mounted and ready to frame.<br/>FREE WORLDWIDE POSTAGE</p>",Irish Family Surnames,,General,"Heraldic Irish Family Names, Gifts under €25, Surname F",true,Title,Default Title,,,,,5593,0,shopify,20,deny,manual,12.45,,true,true,,https://irishfamilysurnames.com/wp-content/uploads/2021/04/fitzsimons-B-H.jpg,1,Fitzsimons,false,Family name History & Crest Plaques - Fitzsimons,Learn the full history of your family with a Family History or a Crest/History Combination. Family History Standard : 16 x 20 cm | 6 x 8 inches. €9.90 Family History Large : 20 x 26 cm | 8 x 10 inches. €12.50 Family Combination (History &amp; Crest) : 26 x 20 cm | 10 x 8 inches.€14.95 Family Histories and Family Combin,,,,,,,,,,,,,g,,,true,true,,,active
fitzsimons,,,,,,,true,,,,,,,,,,,,,,,,,,https://irishfamilysurnames.com/wp-content/uploads/2021/03/irishfamilysurnameslogo2.jpg,2,Fitzsimons,,,,,,,,,,,,,,,,,,,,,,,active
fitzsimons,,,,,,,true,,,,,,,,,,,,,,,,,,https://irishfamilysurnames.com/wp-content/uploads/2021/04/foley-B-H-300x375.jpg,3,Fitzsimons,,,,,,,,,,,,,,,,,,,,,,,active
fitzsimons,,,,,,,true,,,,,,,,,,,,,,,,,,https://irishfamilysurnames.com/wp-content/uploads/2021/04/fitzgibbon-B-H-300x375.jpg,4,Fitzsimons,,,,,,,,,,,,,,,,,,,,,,,active
fitzsimons,,,,,,,true,,,,,,,,,,,,,,,,,,https://irishfamilysurnames.com/wp-content/uploads/2021/04/farley-B-H-300x375.jpg,5,Fitzsimons,,,,,,,,,,,,,,,,,,,,,,,active
hegarty,Family name History & Crest Plaques - Hegarty,"<p>Learn the full history of your family with a Family History or a Crest/History Combination.</p><p>Family History Standard : 16 x 20 cm | 6 x 8 inches. €9.90</p><p>Family History Large : 20 x 26 cm | 8 x 10 inches. €12.50</p><p>Family Combination (History &amp;amp;amp; Crest) : 26 x 20 cm | 10 x 8 inches.€14.95</p><p>Family Histories and Family Combinations are supplied mounted and ready to frame.<br/>FREE WORLDWIDE POSTAGE</p>",Irish Family Surnames,,General,"Heraldic Irish Family Names, Gifts under €25, Surname H",true,Title,Default Title,,,,,1353,0,shopify,20,deny,manual,12.45,,true,true,,https://irishfamilysurnames.com/wp-content/uploads/2021/04/hegarty-B-H.jpg,1,Hegarty,false,Family name History & Crest Plaques - Hegarty,Learn the full history of your family with a Family History or a Crest/History Combination. Family History Standard : 16 x 20 cm | 6 x 8 inches. €9.90 Family History Large : 20 x 26 cm | 8 x 10 inches. €12.50 Family Combination (History &amp; Crest) : 26 x 20 cm | 10 x 8 inches.€14.95 Family Histories and Family Combin,,,,,,,,,,,,,g,,,true,true,,,active
hegarty,,,,,,,true,,,,,,,,,,,,,,,,,,https://irishfamilysurnames.com/wp-content/uploads/2021/03/irishfamilysurnameslogo2.jpg,2,Hegarty,,,,,,,,,,,,,,,,,,,,,,,active
hegarty,,,,,,,true,,,,,,,,,,,,,,,,,,https://irishfamilysurnames.com/wp-content/uploads/2021/04/hannon-B-H-300x375.jpg,3,Hegarty,,,,,,,,,,,,,,,,,,,,,,,active
hegarty,,,,,,,true,,,,,,,,,,,,,,,,,,https://irishfamilysurnames.com/wp-content/uploads/2021/04/harris-B-H-300x375.jpg,4,Hegarty,,,,,,,,,,,,,,,,,,,,,,,active
hegarty,,,,,,,true,,,,,,,,,,,,,,,,,,https://irishfamilysurnames.com/wp-content/uploads/2021/04/hely-B-H-300x375.jpg,5,Hegarty,,,,,,,,,,,,,,,,,,,,,,,active
mcdermott,Family name History & Crest Plaques - McDermott,"<p>Learn the full history of your family with a Family History or a Crest/History Combination.</p><p>Family History Standard : 16 x 20 cm | 6 x 8 inches. €9.90</p><p>Family History Large : 20 x 26 cm | 8 x 10 inches. €12.50</p><p>Family Combination (History &amp;amp;amp; Crest) : 26 x 20 cm | 10 x 8 inches.€14.95</p><p>Family Histories and Family Combinations are supplied mounted and ready to frame.<br/>FREE WORLDWIDE POSTAGE</p>",Irish Family Surnames,,General,"Heraldic Irish Family Names, Gifts under €25, Surname M",true,Title,Default Title,,,,,2461,0,shopify,20,deny,manual,12.45,,true,true,,https://irishfamilysurnames.com/wp-content/uploads/2021/04/mcdermott-B-H.jpg,1,McDermott,false,Family name History & Crest Plaques - McDermott,Learn the full history of your family with a Family History or a Crest/History Combination. Family History Standard : 16 x 20 cm | 6 x 8 inches. €9.90 Family History Large : 20 x 26 cm | 8 x 10 inches. €12.50 Family Combination (History &amp; Crest) : 26 x 20 cm | 10 x 8 inches.€14.95 Family Histories and Family Combin,,,,,,,,,,,,,g,,,true,true,,,active
mcdermott,,,,,,,true,,,,,,,,,,,,,,,,,,https://irishfamilysurnames.com/wp-content/uploads/2021/03/irishfamilysurnameslogo2.jpg,2,McDermott,,,,,,,,,,,,,,,,,,,,,,,active
mcdermott,,,,,,,true,,,,,,,,,,,,,,,,,,https://irishfamilysurnames.com/wp-content/uploads/2021/04/mccann-BH-300x375.jpg,3,McDermott,,,,,,,,,,,,,,,,,,,,,,,active
mcdermott,,,,,,,true,,,,,,,,,,,,,,,,,,https://irishfamilysurnames.com/wp-content/uploads/2021/04/mcdonagh-B-H-300x375.jpg,4,McDermott,,,,,,,,,,,,,,,,,,,,,,,active
mcdermott,,,,,,,true,,,,,,,,,,,,,,,,,,https://irishfamilysurnames.com/wp-content/uploads/2021/04/mcgovern-B-H-300x375.jpg,5,McDermott,,,,,,,,,,,,,,,,,,,,,,,active
ocarroll,Family name History & Crest Plaques - O'Carroll,"<p>Learn the full history of your family with a Family History or a Crest/History Combination.</p><p>Family History Standard : 16 x 20 cm | 6 x 8 inches. €9.90</p><p>Family History Large : 20 x 26 cm | 8 x 10 inches. €12.50</p><p>Family Combination (History &amp;amp;amp; Crest) : 26 x 20 cm | 10 x 8 inches.€14.95</p><p>Family Histories and Family Combinations are supplied mounted and ready to frame.<br/>FREE WORLDWIDE POSTAGE</p>",Irish Family Surnames,,General,"Heraldic Irish Family Names, Gifts under €25, Surname O",true,Title,Default Title,,,,,3534,0,shopify,20,deny,manual,12.45,,true,true,,https://irishfamilysurnames.com/wp-content/uploads/2021/04/o-carroll-B-H.jpg,1,O'Carroll,false,Family name History & Crest Plaques - O'Carroll,Learn the full history of your family with a Family History or a Crest/History Combination. Family History Standard : 16 x 20 cm | 6 x 8 inches. €9.90 Family History Large : 20 x 26 cm | 8 x 10 inches. €12.50 Family Combination (History &amp; Crest) : 26 x 20 cm | 10 x 8 inches.€14.95 Family Histories and Family Combin,,,,,,,,,,,,,g,,,true,true,,,active
ocarroll,,,,,,,true,,,,,,,,,,,,,,,,,,https://irishfamilysurnames.com/wp-content/uploads/2021/03/irishfamilysurnameslogo2.jpg,2,O'Carroll,,,,,,,,,,,,,,,,,,,,,,,active
ocarroll,,,,,,,true,,,,,,,,,,,,,,,,,,https://irishfamilysurnames.com/wp-content/uploads/2021/04/o-connell-B-H-300x375.jpg,3,O'Carroll,,,,,,,,,,,,,,,,,,,,,,,active
ocarroll,,,,,,,true,,,,,,,,,,,,,,,,,,https://irishfamilysurnames.com/wp-content/uploads/2021/04/o-duffy-B-H-300x375.jpg,4,O'Carroll,,,,,,,,,,,,,,,,,,,,,,,active
ocarroll,,,,,,,true,,,,,,,,,,,,,,,,,,https://irishfamilysurnames.com/wp-content/uploads/2021/04/o-daugherty-B-H-300x375.jpg,5,O'Carroll,,,,,,,,,,,,,,,,,,,,,,,active
bell,Family name History & Crest Plaques - Bell,"<p>Learn the full history of your family with a Family History or a Crest/History Combination.</p><p>Family History Standard : 16 x 20 cm | 6 x 8 inches. €9.90</p><p>Family History Large : 20 x 26 cm | 8 x 10 inches. €12.50</p><p>Family Combination (History &amp;amp;amp; Crest) : 26 x 20 cm | 10 x 8 inches.€14.95</p><p>Family Histories and Family Combinations are supplied mounted and ready to frame.<br/>FREE WORLDWIDE POSTAGE</p>",Irish Family Surnames,,General,"Heraldic Irish Family Names, Gifts under €25, Surname B",true,Title,Default Title,,,,,3110,0,shopify,20,deny,manual,12.45,,true,true,,https://irishfamilysurnames.com/wp-content/uploads/2021/04/bell-B-H.jpg,1,Bell,false,Family name History & Crest Plaques - Bell,Learn the full history of your family with a Family History or a Crest/History Combination. Family History Standard : 16 x 20 cm | 6 x 8 inches. €9.90 Family History Large : 20 x 26 cm | 8 x 10 inches. €12.50 Family Combination (History &amp; Crest) : 26 x 20 cm | 10 x 8 inches.€14.95 Family Histories and Family Combin,,,,,,,,,,,,,g,,,true,true,,,active
bell,,,,,,,true,,,,,,,,,,,,,,,,,,https://irishfamilysurnames.com/wp-content/uploads/2021/03/irishfamilysurnameslogo2.jpg,2,Bell,,,,,,,,,,,,,,,,,,,,,,,active
bell,,,,,,,true,,,,,,,,,,,,,,,,,,https://irishfamilysurnames.com/wp-content/uploads/2021/04/boland-B-H-300x375.jpg,3,Bell,,,,,,,,,,,,,,,,,,,,,,,active
bell,,,,,,,true,,,,,,,,,,,,,,,,,,https://irishfamilysurnames.com/wp-content/uploads/2021/04/brady-B-H-300x375.jpg,4,Bell,,,,,,,,,,,,,,,,,,,,,,,active
bell,,,,,,,true,,,,,,,,,,,,,,,,,,https://irishfamilysurnames.com/wp-content/uploads/2021/04/burns-B-H-300x375.jpg,5,Bell,,,,,,,,,,,,,,,,,,,,,,,active
bourke,Family name History & Crest Plaques - Bourke,"<p>Learn the full history of your family with a Family History or a Crest/History Combination.</p><p>Family History Standard : 16 x 20 cm | 6 x 8 inches. €9.90</p><p>Family History Large : 20 x 26 cm | 8 x 10 inches. €12.50</p><p>Family Combination (History &amp;amp;amp; Crest) : 26 x 20 cm | 10 x 8 inches.€14.95</p><p>Family Histories and Family Combinations are supplied mounted and ready to frame.<br/>FREE WORLDWIDE POSTAGE</p>",Irish Family Surnames,,General,"Heraldic Irish Family Names, Gifts under €25, Surname B",true,Title,Default Title,,,,,3154,0,shopify,20,deny,manual,12.45,,true,true,,https://irishfamilysurnames.com/wp-content/uploads/2021/04/bourke-B-H.jpg,1,Bourke,false,Family name History & Crest Plaques - Bourke,Learn the full history of your family with a Family History or a Crest/History Combination. Family History Standard : 16 x 20 cm | 6 x 8 inches. €9.90 Family History Large : 20 x 26 cm | 8 x 10 inches. €12.50 Family Combination (History &amp; Crest) : 26 x 20 cm | 10 x 8 inches.€14.95 Family Histories and Family Combin,,,,,,,,,,,,,g,,,true,true,,,active
bourke,,,,,,,true,,,,,,,,,,,,,,,,,,https://irishfamilysurnames.com/wp-content/uploads/2021/03/irishfamilysurnameslogo2.jpg,2,Bourke,,,,,,,,,,,,,,,,,,,,,,,active
bourke,,,,,,,true,,,,,,,,,,,,,,,,,,https://irishfamilysurnames.com/wp-content/uploads/2021/04/burns-B-H-300x375.jpg,3,Bourke,,,,,,,,,,,,,,,,,,,,,,,active
bourke,,,,,,,true,,,,,,,,,,,,,,,,,,https://irishfamilysurnames.com/wp-content/uploads/2021/04/brady-B-H-300x375.jpg,4,Bourke,,,,,,,,,,,,,,,,,,,,,,,active
bourke,,,,,,,true,,,,,,,,,,,,,,,,,,https://irishfamilysurnames.com/wp-content/uploads/2021/04/blake-B-H-300x375.jpg,5,Bourke,,,,,,,,,,,,,,,,,,,,,,,active
bradley,Family name History & Crest Plaques - Bradley,"<p>Learn the full history of your family with a Family History or a Crest/History Combination.</p><p>Family History Standard : 16 x 20 cm | 6 x 8 inches. €9.90</p><p>Family History Large : 20 x 26 cm | 8 x 10 inches. €12.50</p><p>Family Combination (History &amp;amp;amp; Crest) : 26 x 20 cm | 10 x 8 inches.€14.95</p><p>Family Histories and Family Combinations are supplied mounted and ready to frame.<br/>FREE WORLDWIDE POSTAGE</p>",Irish Family Surnames,,General,"Heraldic Irish Family Names, Gifts under €25, Surname B",true,Title,Default Title,,,,,3187,0,shopify,20,deny,manual,12.45,,true,true,,https://irishfamilysurnames.com/wp-content/uploads/2021/04/bradley-B-H.jpg,1,Bradley,false,Family name History & Crest Plaques - Bradley,Learn the full history of your family with a Family History or a Crest/History Combination. Family History Standard : 16 x 20 cm | 6 x 8 inches. €9.90 Family History Large : 20 x 26 cm | 8 x 10 inches. €12.50 Family Combination (History &amp; Crest) : 26 x 20 cm | 10 x 8 inches.€14.95 Family Histories and Family Combin,,,,,,,,,,,,,g,,,true,true,,,active
bradley,,,,,,,true,,,,,,,,,,,,,,,,,,https://irishfamilysurnames.com/wp-content/uploads/2021/03/irishfamilysurnameslogo2.jpg,2,Bradley,,,,,,,,,,,,,,,,,,,,,,,active
bradley,,,,,,,true,,,,,,,,,,,,,,,,,,https://irishfamilysurnames.com/wp-content/uploads/2021/04/burke-B-H-300x375.jpg,3,Bradley,,,,,,,,,,,,,,,,,,,,,,,active
bradley,,,,,,,true,,,,,,,,,,,,,,,,,,https://irishfamilysurnames.com/wp-content/uploads/2021/04/browne-B-H-300x375.jpg,4,Bradley,,,,,,,,,,,,,,,,,,,,,,,active
bradley,,,,,,,true,,,,,,,,,,,,,,,,,,https://irishfamilysurnames.com/wp-content/uploads/2021/04/bourke-B-H-300x375.jpg,5,Bradley,,,,,,,,,,,,,,,,,,,,,,,active
odougherty,Family name History & Crest Plaques - O'Dougherty,"<p>Learn the full history of your family with a Family History or a Crest/History Combination.</p><p>Family History Standard : 16 x 20 cm | 6 x 8 inches. €9.90</p><p>Family History Large : 20 x 26 cm | 8 x 10 inches. €12.50</p><p>Family Combination (History &amp;amp;amp; Crest) : 26 x 20 cm | 10 x 8 inches.€14.95</p><p>Family Histories and Family Combinations are supplied mounted and ready to frame.<br/>FREE WORLDWIDE POSTAGE</p>",Irish Family Surnames,,General,"Heraldic Irish Family Names, Gifts under €25, Surname O",true,Title,Default Title,,,,,3642,0,shopify,20,deny,manual,12.45,,true,true,,https://irishfamilysurnames.com/wp-content/uploads/2021/04/o-dougherty-B-H.jpg,1,O'Dougherty,false,Family name History & Crest Plaques - O'Dougherty,Learn the full history of your family with a Family History or a Crest/History Combination. Family History Standard : 16 x 20 cm | 6 x 8 inches. €9.90 Family History Large : 20 x 26 cm | 8 x 10 inches. €12.50 Family Combination (History &amp; Crest) : 26 x 20 cm | 10 x 8 inches.€14.95 Family Histories and Family Combin,,,,,,,,,,,,,g,,,true,true,,,active
odougherty,,,,,,,true,,,,,,,,,,,,,,,,,,https://irishfamilysurnames.com/wp-content/uploads/2021/03/irishfamilysurnameslogo2.jpg,2,O'Dougherty,,,,,,,,,,,,,,,,,,,,,,,active
odougherty,,,,,,,true,,,,,,,,,,,,,,,,,,https://irishfamilysurnames.com/wp-content/uploads/2021/04/o-higgins-B-H-300x375.jpg,3,O'Dougherty,,,,,,,,,,,,,,,,,,,,,,,active
odougherty,,,,,,,true,,,,,,,,,,,,,,,,,,https://irishfamilysurnames.com/wp-content/uploads/2021/04/o-flynn-B-H-300x375.jpg,4,O'Dougherty,,,,,,,,,,,,,,,,,,,,,,,active
odougherty,,,,,,,true,,,,,,,,,,,,,,,,,,https://irishfamilysurnames.com/wp-content/uploads/2021/04/o-farrell-B-H-300x375.jpg,5,O'Dougherty,,,,,,,,,,,,,,,,,,,,,,,active
corrigan,Family name History & Crest Plaques - Corrigan,"<p>Learn the full history of your family with a Family History or a Crest/History Combination.</p><p>Family History Standard : 16 x 20 cm | 6 x 8 inches. €9.90</p><p>Family History Large : 20 x 26 cm | 8 x 10 inches. €12.50</p><p>Family Combination (History &amp;amp;amp; Crest) : 26 x 20 cm | 10 x 8 inches.€14.95</p><p>Family Histories and Family Combinations are supplied mounted and ready to frame.<br/>FREE WORLDWIDE POSTAGE</p>",Irish Family Surnames,,General,"Heraldic Irish Family Names, Gifts under €25, Surname C",true,Title,Default Title,,,,,4523,0,shopify,20,deny,manual,12.45,,true,true,,https://irishfamilysurnames.com/wp-content/uploads/2021/04/corrigan-B-H.jpg,1,Corrigan,false,Family name History & Crest Plaques - Corrigan,Learn the full history of your family with a Family History or a Crest/History Combination. Family History Standard : 16 x 20 cm | 6 x 8 inches. €9.90 Family History Large : 20 x 26 cm | 8 x 10 inches. €12.50 Family Combination (History &amp; Crest) : 26 x 20 cm | 10 x 8 inches.€14.95 Family Histories and Family Combin,,,,,,,,,,,,,g,,,true,true,,,active
corrigan,,,,,,,true,,,,,,,,,,,,,,,,,,https://irishfamilysurnames.com/wp-content/uploads/2021/03/irishfamilysurnameslogo2.jpg,2,Corrigan,,,,,,,,,,,,,,,,,,,,,,,active
corrigan,,,,,,,true,,,,,,,,,,,,,,,,,,https://irishfamilysurnames.com/wp-content/uploads/2021/04/callahan-B-H-1-300x375.jpg,3,Corrigan,,,,,,,,,,,,,,,,,,,,,,,active
corrigan,,,,,,,true,,,,,,,,,,,,,,,,,,https://irishfamilysurnames.com/wp-content/uploads/2021/04/carthy-B-H-300x375.jpg,4,Corrigan,,,,,,,,,,,,,,,,,,,,,,,active
corrigan,,,,,,,true,,,,,,,,,,,,,,,,,,https://irishfamilysurnames.com/wp-content/uploads/2021/04/callaghan-B-H-300x375.jpg,5,Corrigan,,,,,,,,,,,,,,,,,,,,,,,active
callahan,Family name History & Crest Plaques - Callahan,"<p>Learn the full history of your family with a Family History or a Crest/History Combination.</p><p>Family History Standard : 16 x 20 cm | 6 x 8 inches. €9.90</p><p>Family History Large : 20 x 26 cm | 8 x 10 inches. €12.50</p><p>Family Combination (History &amp;amp;amp; Crest) : 26 x 20 cm | 10 x 8 inches.€14.95</p><p>Family Histories and Family Combinations are supplied mounted and ready to frame.<br/>FREE WORLDWIDE POSTAGE</p>",Irish Family Surnames,,General,"Heraldic Irish Family Names, Gifts under €25, Surname C",true,Title,Default Title,,,,,3363,0,shopify,20,deny,manual,12.45,,true,true,,https://irishfamilysurnames.com/wp-content/uploads/2021/04/callahan-B-H-1.jpg,1,Callahan,false,Family name History & Crest Plaques - Callahan,Learn the full history of your family with a Family History or a Crest/History Combination. Family History Standard : 16 x 20 cm | 6 x 8 inches. €9.90 Family History Large : 20 x 26 cm | 8 x 10 inches. €12.50 Family Combination (History &amp; Crest) : 26 x 20 cm | 10 x 8 inches.€14.95 Family Histories and Family Combin,,,,,,,,,,,,,g,,,true,true,,,active
callahan,,,,,,,true,,,,,,,,,,,,,,,,,,https://irishfamilysurnames.com/wp-content/uploads/2021/03/irishfamilysurnameslogo2.jpg,2,Callahan,,,,,,,,,,,,,,,,,,,,,,,active
callahan,,,,,,,true,,,,,,,,,,,,,,,,,,https://irishfamilysurnames.com/wp-content/uploads/2021/04/carthy-B-H-300x375.jpg,3,Callahan,,,,,,,,,,,,,,,,,,,,,,,active
callahan,,,,,,,true,,,,,,,,,,,,,,,,,,https://irishfamilysurnames.com/wp-content/uploads/2021/04/connell-B-H-300x375.jpg,4,Callahan,,,,,,,,,,,,,,,,,,,,,,,active
callahan,,,,,,,true,,,,,,,,,,,,,,,,,,https://irishfamilysurnames.com/wp-content/uploads/2021/04/conway-B-H-300x375.jpg,5,Callahan,,,,,,,,,,,,,,,,,,,,,,,active
ohagan,Family name History & Crest Plaques - O'Hagan,"<p>Learn the full history of your family with a Family History or a Crest/History Combination.</p><p>Family History Standard : 16 x 20 cm | 6 x 8 inches. €9.90</p><p>Family History Large : 20 x 26 cm | 8 x 10 inches. €12.50</p><p>Family Combination (History &amp;amp;amp; Crest) : 26 x 20 cm | 10 x 8 inches.€14.95</p><p>Family Histories and Family Combinations are supplied mounted and ready to frame.<br/>FREE WORLDWIDE POSTAGE</p>",Irish Family Surnames,,General,"Heraldic Irish Family Names, Gifts under €25, Surname O",true,Title,Default Title,,,,,3752,0,shopify,20,deny,manual,12.45,,true,true,,https://irishfamilysurnames.com/wp-content/uploads/2021/04/o-hagan-B-H.jpg,1,O'Hagan,false,Family name History & Crest Plaques - O'Hagan,Learn the full history of your family with a Family History or a Crest/History Combination. Family History Standard : 16 x 20 cm | 6 x 8 inches. €9.90 Family History Large : 20 x 26 cm | 8 x 10 inches. €12.50 Family Combination (History &amp; Crest) : 26 x 20 cm | 10 x 8 inches.€14.95 Family Histories and Family Combin,,,,,,,,,,,,,g,,,true,true,,,active
ohagan,,,,,,,true,,,,,,,,,,,,,,,,,,https://irishfamilysurnames.com/wp-content/uploads/2021/03/irishfamilysurnameslogo2.jpg,2,O'Hagan,,,,,,,,,,,,,,,,,,,,,,,active
ohagan,,,,,,,true,,,,,,,,,,,,,,,,,,https://irishfamilysurnames.com/wp-content/uploads/2021/04/o-brien-B-H-300x375.jpg,3,O'Hagan,,,,,,,,,,,,,,,,,,,,,,,active
ohagan,,,,,,,true,,,,,,,,,,,,,,,,,,https://irishfamilysurnames.com/wp-content/uploads/2021/04/o-donoghoe-B-H-300x375.jpg,4,O'Hagan,,,,,,,,,,,,,,,,,,,,,,,active
ohagan,,,,,,,true,,,,,,,,,,,,,,,,,,https://irishfamilysurnames.com/wp-content/uploads/2021/04/o-hara-B-H-300x375.jpg,5,O'Hagan,,,,,,,,,,,,,,,,,,,,,,,active
coughlan,Family name History & Crest Plaques - Coughlan,"<p>Learn the full history of your family with a Family History or a Crest/History Combination.</p><p>Family History Standard : 16 x 20 cm | 6 x 8 inches. €9.90</p><p>Family History Large : 20 x 26 cm | 8 x 10 inches. €12.50</p><p>Family Combination (History &amp;amp;amp; Crest) : 26 x 20 cm | 10 x 8 inches.€14.95</p><p>Family Histories and Family Combinations are supplied mounted and ready to frame.<br/>FREE WORLDWIDE POSTAGE</p>",Irish Family Surnames,,General,"Heraldic Irish Family Names, Gifts under €25, Surname C",true,Title,Default Title,,,,,4600,0,shopify,20,deny,manual,12.45,,true,true,,https://irishfamilysurnames.com/wp-content/uploads/2021/04/coughlan-B-H.jpg,1,Coughlan,false,Family name History & Crest Plaques - Coughlan,Learn the full history of your family with a Family History or a Crest/History Combination. Family History Standard : 16 x 20 cm | 6 x 8 inches. €9.90 Family History Large : 20 x 26 cm | 8 x 10 inches. €12.50 Family Combination (History &amp; Crest) : 26 x 20 cm | 10 x 8 inches.€14.95 Family Histories and Family Combin,,,,,,,,,,,,,g,,,true,true,,,active
coughlan,,,,,,,true,,,,,,,,,,,,,,,,,,https://irishfamilysurnames.com/wp-content/uploads/2021/03/irishfamilysurnameslogo2.jpg,2,Coughlan,,,,,,,,,,,,,,,,,,,,,,,active
coughlan,,,,,,,true,,,,,,,,,,,,,,,,,,https://irishfamilysurnames.com/wp-content/uploads/2021/04/cleary-B-H-300x375.jpg,3,Coughlan,,,,,,,,,,,,,,,,,,,,,,,active
coughlan,,,,,,,true,,,,,,,,,,,,,,,,,,https://irishfamilysurnames.com/wp-content/uploads/2021/04/carroll-B-H-300x375.jpg,4,Coughlan,,,,,,,,,,,,,,,,,,,,,,,active
coughlan,,,,,,,true,,,,,,,,,,,,,,,,,,https://irishfamilysurnames.com/wp-content/uploads/2021/04/clancy-B-H-300x375.jpg,5,Coughlan,,,,,,,,,,,,,,,,,,,,,,,active
cronin,Family name History & Crest Plaques - Cronin,"<p>Learn the full history of your family with a Family History or a Crest/History Combination.</p><p>Family History Standard : 16 x 20 cm | 6 x 8 inches. €9.90</p><p>Family History Large : 20 x 26 cm | 8 x 10 inches. €12.50</p><p>Family Combination (History &amp;amp;amp; Crest) : 26 x 20 cm | 10 x 8 inches.€14.95</p><p>Family Histories and Family Combinations are supplied mounted and ready to frame.<br/>FREE WORLDWIDE POSTAGE</p>",Irish Family Surnames,,General,"Heraldic Irish Family Names, Gifts under €25, Surname C",true,Title,Default Title,,,,,4655,0,shopify,20,deny,manual,12.45,,true,true,,https://irishfamilysurnames.com/wp-content/uploads/2021/04/cronin-B-H.jpg,1,Cronin,false,Family name History & Crest Plaques - Cronin,Learn the full history of your family with a Family History or a Crest/History Combination. Family History Standard : 16 x 20 cm | 6 x 8 inches. €9.90 Family History Large : 20 x 26 cm | 8 x 10 inches. €12.50 Family Combination (History &amp; Crest) : 26 x 20 cm | 10 x 8 inches.€14.95 Family Histories and Family Combin,,,,,,,,,,,,,g,,,true,true,,,active
cronin,,,,,,,true,,,,,,,,,,,,,,,,,,https://irishfamilysurnames.com/wp-content/uploads/2021/03/irishfamilysurnameslogo2.jpg,2,Cronin,,,,,,,,,,,,,,,,,,,,,,,active
cronin,,,,,,,true,,,,,,,,,,,,,,,,,,https://irishfamilysurnames.com/wp-content/uploads/2021/04/conlan-B-H-300x375.jpg,3,Cronin,,,,,,,,,,,,,,,,,,,,,,,active
cronin,,,,,,,true,,,,,,,,,,,,,,,,,,https://irishfamilysurnames.com/wp-content/uploads/2021/04/connor-B-H-300x375.jpg,4,Cronin,,,,,,,,,,,,,,,,,,,,,,,active
cronin,,,,,,,true,,,,,,,,,,,,,,,,,,https://irishfamilysurnames.com/wp-content/uploads/2021/04/connell-B-H-300x375.jpg,5,Cronin,,,,,,,,,,,,,,,,,,,,,,,active
crowley,Family name History & Crest Plaques - Crowley,"<p>Learn the full history of your family with a Family History or a Crest/History Combination.</p><p>Family History Standard : 16 x 20 cm | 6 x 8 inches. €9.90</p><p>Family History Large : 20 x 26 cm | 8 x 10 inches. €12.50</p><p>Family Combination (History &amp;amp;amp; Crest) : 26 x 20 cm | 10 x 8 inches.€14.95</p><p>Family Histories and Family Combinations are supplied mounted and ready to frame.<br/>FREE WORLDWIDE POSTAGE</p>",Irish Family Surnames,,General,"Heraldic Irish Family Names, Gifts under €25, Surname C",true,Title,Default Title,,,,,4677,0,shopify,20,deny,manual,12.45,,true,true,,https://irishfamilysurnames.com/wp-content/uploads/2021/04/crowley-B-H.jpg,1,Crowley,false,Family name History & Crest Plaques - Crowley,Learn the full history of your family with a Family History or a Crest/History Combination. Family History Standard : 16 x 20 cm | 6 x 8 inches. €9.90 Family History Large : 20 x 26 cm | 8 x 10 inches. €12.50 Family Combination (History &amp; Crest) : 26 x 20 cm | 10 x 8 inches.€14.95 Family Histories and Family Combin,,,,,,,,,,,,,g,,,true,true,,,active
crowley,,,,,,,true,,,,,,,,,,,,,,,,,,https://irishfamilysurnames.com/wp-content/uploads/2021/03/irishfamilysurnameslogo2.jpg,2,Crowley,,,,,,,,,,,,,,,,,,,,,,,active
crowley,,,,,,,true,,,,,,,,,,,,,,,,,,https://irishfamilysurnames.com/wp-content/uploads/2021/04/callaghan-B-H-300x375.jpg,3,Crowley,,,,,,,,,,,,,,,,,,,,,,,active
crowley,,,,,,,true,,,,,,,,,,,,,,,,,,https://irishfamilysurnames.com/wp-content/uploads/2021/04/collins-B-H-300x375.jpg,4,Crowley,,,,,,,,,,,,,,,,,,,,,,,active
crowley,,,,,,,true,,,,,,,,,,,,,,,,,,https://irishfamilysurnames.com/wp-content/uploads/2021/04/clancy-B-H-300x375.jpg,5,Crowley,,,,,,,,,,,,,,,,,,,,,,,active
phelan,Family name History & Crest Plaques - Phelan,"<p>Learn the full history of your family with a Family History or a Crest/History Combination.</p><p>Family History Standard : 16 x 20 cm | 6 x 8 inches. €9.90</p><p>Family History Large : 20 x 26 cm | 8 x 10 inches. €12.50</p><p>Family Combination (History &amp;amp;amp; Crest) : 26 x 20 cm | 10 x 8 inches.€14.95</p><p>Family Histories and Family Combinations are supplied mounted and ready to frame.<br/>FREE WORLDWIDE POSTAGE</p>",Irish Family Surnames,,General,"Heraldic Irish Family Names, Gifts under €25, Surname P",true,Title,Default Title,,,,,2782,0,shopify,20,deny,manual,12.45,,true,true,,https://irishfamilysurnames.com/wp-content/uploads/2021/04/phelan-B-H.jpg,1,Phelan,false,Family name History & Crest Plaques - Phelan,Learn the full history of your family with a Family History or a Crest/History Combination. Family History Standard : 16 x 20 cm | 6 x 8 inches. €9.90 Family History Large : 20 x 26 cm | 8 x 10 inches. €12.50 Family Combination (History &amp; Crest) : 26 x 20 cm | 10 x 8 inches.€14.95 Family Histories and Family Combin,,,,,,,,,,,,,g,,,true,true,,,active
phelan,,,,,,,true,,,,,,,,,,,,,,,,,,https://irishfamilysurnames.com/wp-content/uploads/2021/03/irishfamilysurnameslogo2.jpg,2,Phelan,,,,,,,,,,,,,,,,,,,,,,,active
phelan,,,,,,,true,,,,,,,,,,,,,,,,,,https://irishfamilysurnames.com/wp-content/uploads/2021/04/powers-B-H-300x375.jpg,3,Phelan,,,,,,,,,,,,,,,,,,,,,,,active
phelan,,,,,,,true,,,,,,,,,,,,,,,,,,https://irishfamilysurnames.com/wp-content/uploads/2021/04/power-B-H-300x375.jpg,4,Phelan,,,,,,,,,,,,,,,,,,,,,,,active
daley,Family name History & Crest Plaques - Daley,"<p>Learn the full history of your family with a Family History or a Crest/History Combination.</p><p>Family History Standard : 16 x 20 cm | 6 x 8 inches. €9.90</p><p>Family History Large : 20 x 26 cm | 8 x 10 inches. €12.50</p><p>Family Combination (History &amp;amp;amp; Crest) : 26 x 20 cm | 10 x 8 inches.€14.95</p><p>Family Histories and Family Combinations are supplied mounted and ready to frame.<br/>FREE WORLDWIDE POSTAGE</p>",Irish Family Surnames,,General,"Heraldic Irish Family Names, Gifts under €25, Surname D",true,Title,Default Title,,,,,5009,0,shopify,20,deny,manual,12.45,,true,true,,https://irishfamilysurnames.com/wp-content/uploads/2021/04/daley-B-H.jpg,1,Daley,false,Family name History & Crest Plaques - Daley,Learn the full history of your family with a Family History or a Crest/History Combination. Family History Standard : 16 x 20 cm | 6 x 8 inches. €9.90 Family History Large : 20 x 26 cm | 8 x 10 inches. €12.50 Family Combination (History &amp; Crest) : 26 x 20 cm | 10 x 8 inches.€14.95 Family Histories and Family Combin,,,,,,,,,,,,,g,,,true,true,,,active
daley,,,,,,,true,,,,,,,,,,,,,,,,,,https://irishfamilysurnames.com/wp-content/uploads/2021/03/irishfamilysurnameslogo2.jpg,2,Daley,,,,,,,,,,,,,,,,,,,,,,,active
daley,,,,,,,true,,,,,,,,,,,,,,,,,,https://irishfamilysurnames.com/wp-content/uploads/2021/04/daly-B-H-300x375.jpg,3,Daley,,,,,,,,,,,,,,,,,,,,,,,active
daley,,,,,,,true,,,,,,,,,,,,,,,,,,https://irishfamilysurnames.com/wp-content/uploads/2021/04/donlon-B-H-300x375.jpg,4,Daley,,,,,,,,,,,,,,,,,,,,,,,active
daley,,,,,,,true,,,,,,,,,,,,,,,,,,https://irishfamilysurnames.com/wp-content/uploads/2021/04/donovan-B-H-300x375.jpg,5,Daley,,,,,,,,,,,,,,,,,,,,,,,active
donoghue,Family name History & Crest Plaques - Donoghue,"<p>Learn the full history of your family with a Family History or a Crest/History Combination.</p><p>Family History Standard : 16 x 20 cm | 6 x 8 inches. €9.90</p><p>Family History Large : 20 x 26 cm | 8 x 10 inches. €12.50</p><p>Family Combination (History &amp;amp;amp; Crest) : 26 x 20 cm | 10 x 8 inches.€14.95</p><p>Family Histories and Family Combinations are supplied mounted and ready to frame.<br/>FREE WORLDWIDE POSTAGE</p>",Irish Family Surnames,,General,"Heraldic Irish Family Names, Gifts under €25, Surname D",true,Title,Default Title,,,,,5214,0,shopify,20,deny,manual,12.45,,true,true,,https://irishfamilysurnames.com/wp-content/uploads/2021/04/donoghue-B-H.jpg,1,Donoghue,false,Family name History & Crest Plaques - Donoghue,Learn the full history of your family with a Family History or a Crest/History Combination. Family History Standard : 16 x 20 cm | 6 x 8 inches. €9.90 Family History Large : 20 x 26 cm | 8 x 10 inches. €12.50 Family Combination (History &amp; Crest) : 26 x 20 cm | 10 x 8 inches.€14.95 Family Histories and Family Combin,,,,,,,,,,,,,g,,,true,true,,,active
donoghue,,,,,,,true,,,,,,,,,,,,,,,,,,https://irishfamilysurnames.com/wp-content/uploads/2021/03/irishfamilysurnameslogo2.jpg,2,Donoghue,,,,,,,,,,,,,,,,,,,,,,,active
donoghue,,,,,,,true,,,,,,,,,,,,,,,,,,https://irishfamilysurnames.com/wp-content/uploads/2021/04/d-arcy-B-H-300x375.jpg,3,Donoghue,,,,,,,,,,,,,,,,,,,,,,,active
donoghue,,,,,,,true,,,,,,,,,,,,,,,,,,https://irishfamilysurnames.com/wp-content/uploads/2021/04/daugherty-B-H-300x375.jpg,4,Donoghue,,,,,,,,,,,,,,,,,,,,,,,active
donoghue,,,,,,,true,,,,,,,,,,,,,,,,,,https://irishfamilysurnames.com/wp-content/uploads/2021/04/dugan-B-H-300x375.jpg,5,Donoghue,,,,,,,,,,,,,,,,,,,,,,,active
donnelly,Family name History & Crest Plaques - Donnelly,"<p>Learn the full history of your family with a Family History or a Crest/History Combination.</p><p>Family History Standard : 16 x 20 cm | 6 x 8 inches. €9.90</p><p>Family History Large : 20 x 26 cm | 8 x 10 inches. €12.50</p><p>Family Combination (History &amp;amp;amp; Crest) : 26 x 20 cm | 10 x 8 inches.€14.95</p><p>Family Histories and Family Combinations are supplied mounted and ready to frame.<br/>FREE WORLDWIDE POSTAGE</p>",Irish Family Surnames,,General,"Heraldic Irish Family Names, Gifts under €25, Surname D",true,Title,Default Title,,,,,5191,0,shopify,20,deny,manual,12.45,,true,true,,https://irishfamilysurnames.com/wp-content/uploads/2021/04/donnelly-B-H.jpg,1,Donnelly,false,Family name History & Crest Plaques - Donnelly,Learn the full history of your family with a Family History or a Crest/History Combination. Family History Standard : 16 x 20 cm | 6 x 8 inches. €9.90 Family History Large : 20 x 26 cm | 8 x 10 inches. €12.50 Family Combination (History &amp; Crest) : 26 x 20 cm | 10 x 8 inches.€14.95 Family Histories and Family Combin,,,,,,,,,,,,,g,,,true,true,,,active
donnelly,,,,,,,true,,,,,,,,,,,,,,,,,,https://irishfamilysurnames.com/wp-content/uploads/2021/03/irishfamilysurnameslogo2.jpg,2,Donnelly,,,,,,,,,,,,,,,,,,,,,,,active
donnelly,,,,,,,true,,,,,,,,,,,,,,,,,,https://irishfamilysurnames.com/wp-content/uploads/2021/04/dillon-B-H-300x375.jpg,3,Donnelly,,,,,,,,,,,,,,,,,,,,,,,active
donnelly,,,,,,,true,,,,,,,,,,,,,,,,,,https://irishfamilysurnames.com/wp-content/uploads/2021/04/donlon-B-H-300x375.jpg,4,Donnelly,,,,,,,,,,,,,,,,,,,,,,,active
donnelly,,,,,,,true,,,,,,,,,,,,,,,,,,https://irishfamilysurnames.com/wp-content/uploads/2021/04/donnell-B-H-300x375.jpg,5,Donnelly,,,,,,,,,,,,,,,,,,,,,,,active
doherty,Family name History & Crest Plaques - Doherty,"<p>Learn the full history of your family with a Family History or a Crest/History Combination.</p><p>Family History Standard : 16 x 20 cm | 6 x 8 inches. €9.90</p><p>Family History Large : 20 x 26 cm | 8 x 10 inches. €12.50</p><p>Family Combination (History &amp;amp;amp; Crest) : 26 x 20 cm | 10 x 8 inches.€14.95</p><p>Family Histories and Family Combinations are supplied mounted and ready to frame.<br/>FREE WORLDWIDE POSTAGE</p>",Irish Family Surnames,,General,"Heraldic Irish Family Names, Gifts under €25, Surname D",true,Title,Default Title,,,,,5136,0,shopify,20,deny,manual,12.45,,true,true,,https://irishfamilysurnames.com/wp-content/uploads/2021/04/doherty-B-H.jpg,1,Doherty,false,Family name History & Crest Plaques - Doherty,Learn the full history of your family with a Family History or a Crest/History Combination. Family History Standard : 16 x 20 cm | 6 x 8 inches. €9.90 Family History Large : 20 x 26 cm | 8 x 10 inches. €12.50 Family Combination (History &amp; Crest) : 26 x 20 cm | 10 x 8 inches.€14.95 Family Histories and Family Combin,,,,,,,,,,,,,g,,,true,true,,,active
doherty,,,,,,,true,,,,,,,,,,,,,,,,,,https://irishfamilysurnames.com/wp-content/uploads/2021/03/irishfamilysurnameslogo2.jpg,2,Doherty,,,,,,,,,,,,,,,,,,,,,,,active
doherty,,,,,,,true,,,,,,,,,,,,,,,,,,https://irishfamilysurnames.com/wp-content/uploads/2021/04/doran-B-H-300x375.jpg,3,Doherty,,,,,,,,,,,,,,,,,,,,,,,active
doherty,,,,,,,true,,,,,,,,,,,,,,,,,,https://irishfamilysurnames.com/wp-content/uploads/2021/04/delaney-B-H-300x375.jpg,4,Doherty,,,,,,,,,,,,,,,,,,,,,,,active
doherty,,,,,,,true,,,,,,,,,,,,,,,,,,https://irishfamilysurnames.com/wp-content/uploads/2021/04/dugan-B-H-300x375.jpg,5,Doherty,,,,,,,,,,,,,,,,,,,,,,,active
dillon,Family name History & Crest Plaques - Dillon,"<p>Learn the full history of your family with a Family History or a Crest/History Combination.</p><p>Family History Standard : 16 x 20 cm | 6 x 8 inches. €9.90</p><p>Family History Large : 20 x 26 cm | 8 x 10 inches. €12.50</p><p>Family Combination (History &amp;amp;amp; Crest) : 26 x 20 cm | 10 x 8 inches.€14.95</p><p>Family Histories and Family Combinations are supplied mounted and ready to frame.<br/>FREE WORLDWIDE POSTAGE</p>",Irish Family Surnames,,General,"Heraldic Irish Family Names, Gifts under €25, Surname D",true,Title,Default Title,,,,,5124,0,shopify,20,deny,manual,12.45,,true,true,,https://irishfamilysurnames.com/wp-content/uploads/2021/04/dillon-B-H.jpg,1,Dillon,false,Family name History & Crest Plaques - Dillon,Learn the full history of your family with a Family History or a Crest/History Combination. Family History Standard : 16 x 20 cm | 6 x 8 inches. €9.90 Family History Large : 20 x 26 cm | 8 x 10 inches. €12.50 Family Combination (History &amp; Crest) : 26 x 20 cm | 10 x 8 inches.€14.95 Family Histories and Family Combin,,,,,,,,,,,,,g,,,true,true,,,active
dillon,,,,,,,true,,,,,,,,,,,,,,,,,,https://irishfamilysurnames.com/wp-content/uploads/2021/03/irishfamilysurnameslogo2.jpg,2,Dillon,,,,,,,,,,,,,,,,,,,,,,,active
dillon,,,,,,,true,,,,,,,,,,,,,,,,,,https://irishfamilysurnames.com/wp-content/uploads/2021/04/devine-B-H-300x375.jpg,3,Dillon,,,,,,,,,,,,,,,,,,,,,,,active
dillon,,,,,,,true,,,,,,,,,,,,,,,,,,https://irishfamilysurnames.com/wp-content/uploads/2021/04/donohoe-B-H-300x375.jpg,4,Dillon,,,,,,,,,,,,,,,,,,,,,,,active
dillon,,,,,,,true,,,,,,,,,,,,,,,,,,https://irishfamilysurnames.com/wp-content/uploads/2021/04/downey-B-H-300x375.jpg,5,Dillon,,,,,,,,,,,,,,,,,,,,,,,active
daugherty,Family name History & Crest Plaques - Daugherty,"<p>Learn the full history of your family with a Family History or a Crest/History Combination.</p><p>Family History Standard : 16 x 20 cm | 6 x 8 inches. €9.90</p><p>Family History Large : 20 x 26 cm | 8 x 10 inches. €12.50</p><p>Family Combination (History &amp;amp;amp; Crest) : 26 x 20 cm | 10 x 8 inches.€14.95</p><p>Family Histories and Family Combinations are supplied mounted and ready to frame.<br/>FREE WORLDWIDE POSTAGE</p>",Irish Family Surnames,,General,"Heraldic Irish Family Names, Gifts under €25, Surname D",true,Title,Default Title,,,,,5058,0,shopify,20,deny,manual,12.45,,true,true,,https://irishfamilysurnames.com/wp-content/uploads/2021/04/daugherty-B-H.jpg,1,Daugherty,false,Family name History & Crest Plaques - Daugherty,Learn the full history of your family with a Family History or a Crest/History Combination. Family History Standard : 16 x 20 cm | 6 x 8 inches. €9.90 Family History Large : 20 x 26 cm | 8 x 10 inches. €12.50 Family Combination (History &amp; Crest) : 26 x 20 cm | 10 x 8 inches.€14.95 Family Histories and Family Combin,,,,,,,,,,,,,g,,,true,true,,,active
daugherty,,,,,,,true,,,,,,,,,,,,,,,,,,https://irishfamilysurnames.com/wp-content/uploads/2021/03/irishfamilysurnameslogo2.jpg,2,Daugherty,,,,,,,,,,,,,,,,,,,,,,,active
daugherty,,,,,,,true,,,,,,,,,,,,,,,,,,https://irishfamilysurnames.com/wp-content/uploads/2021/04/donohoe-B-H-300x375.jpg,3,Daugherty,,,,,,,,,,,,,,,,,,,,,,,active
daugherty,,,,,,,true,,,,,,,,,,,,,,,,,,https://irishfamilysurnames.com/wp-content/uploads/2021/04/donnelly-B-H-300x375.jpg,4,Daugherty,,,,,,,,,,,,,,,,,,,,,,,active
daugherty,,,,,,,true,,,,,,,,,,,,,,,,,,https://irishfamilysurnames.com/wp-content/uploads/2021/04/dalton-B-H-300x375.jpg,5,Daugherty,,,,,,,,,,,,,,,,,,,,,,,active
dalton,Family name History & Crest Plaques - Dalton,"<p>Learn the full history of your family with a Family History or a Crest/History Combination.</p><p>Family History Standard : 16 x 20 cm | 6 x 8 inches. €9.90</p><p>Family History Large : 20 x 26 cm | 8 x 10 inches. €12.50</p><p>Family Combination (History &amp;amp;amp; Crest) : 26 x 20 cm | 10 x 8 inches.€14.95</p><p>Family Histories and Family Combinations are supplied mounted and ready to frame.<br/>FREE WORLDWIDE POSTAGE</p>",Irish Family Surnames,,General,"Heraldic Irish Family Names, Gifts under €25, Surname D",true,Title,Default Title,,,,,5021,0,shopify,20,deny,manual,12.45,,true,true,,https://irishfamilysurnames.com/wp-content/uploads/2021/04/dalton-B-H.jpg,1,Dalton,false,Family name History & Crest Plaques - Dalton,Learn the full history of your family with a Family History or a Crest/History Combination. Family History Standard : 16 x 20 cm | 6 x 8 inches. €9.90 Family History Large : 20 x 26 cm | 8 x 10 inches. €12.50 Family Combination (History &amp; Crest) : 26 x 20 cm | 10 x 8 inches.€14.95 Family Histories and Family Combin,,,,,,,,,,,,,g,,,true,true,,,active
dalton,,,,,,,true,,,,,,,,,,,,,,,,,,https://irishfamilysurnames.com/wp-content/uploads/2021/03/irishfamilysurnameslogo2.jpg,2,Dalton,,,,,,,,,,,,,,,,,,,,,,,active
dalton,,,,,,,true,,,,,,,,,,,,,,,,,,https://irishfamilysurnames.com/wp-content/uploads/2021/04/duggan-B-H-300x375.jpg,3,Dalton,,,,,,,,,,,,,,,,,,,,,,,active
dalton,,,,,,,true,,,,,,,,,,,,,,,,,,https://irishfamilysurnames.com/wp-content/uploads/2021/04/davis-B-H-300x375.jpg,4,Dalton,,,,,,,,,,,,,,,,,,,,,,,active
dalton,,,,,,,true,,,,,,,,,,,,,,,,,,https://irishfamilysurnames.com/wp-content/uploads/2021/04/doyle-B-H-300x375.jpg,5,Dalton,,,,,,,,,,,,,,,,,,,,,,,active
gleeson,Family name History & Crest Plaques - Gleeson,"<p>Learn the full history of your family with a Family History or a Crest/History Combination.</p><p>Family History Standard : 16 x 20 cm | 6 x 8 inches. €9.90</p><p>Family History Large : 20 x 26 cm | 8 x 10 inches. €12.50</p><p>Family Combination (History &amp;amp;amp; Crest) : 26 x 20 cm | 10 x 8 inches.€14.95</p><p>Family Histories and Family Combinations are supplied mounted and ready to frame.<br/>FREE WORLDWIDE POSTAGE</p>",Irish Family Surnames,,General,"Heraldic Irish Family Names, Gifts under €25, Surname G",true,Title,Default Title,,,,,5798,0,shopify,20,deny,manual,12.45,,true,true,,https://irishfamilysurnames.com/wp-content/uploads/2021/04/gleeson-B-H.jpg,1,Gleeson,false,Family name History & Crest Plaques - Gleeson,Learn the full history of your family with a Family History or a Crest/History Combination. Family History Standard : 16 x 20 cm | 6 x 8 inches. €9.90 Family History Large : 20 x 26 cm | 8 x 10 inches. €12.50 Family Combination (History &amp; Crest) : 26 x 20 cm | 10 x 8 inches.€14.95 Family Histories and Family Combin,,,,,,,,,,,,,g,,,true,true,,,active
gleeson,,,,,,,true,,,,,,,,,,,,,,,,,,https://irishfamilysurnames.com/wp-content/uploads/2021/03/irishfamilysurnameslogo2.jpg,2,Gleeson,,,,,,,,,,,,,,,,,,,,,,,active
gleeson,,,,,,,true,,,,,,,,,,,,,,,,,,https://irishfamilysurnames.com/wp-content/uploads/2021/04/geraghty-B-H-300x375.jpg,3,Gleeson,,,,,,,,,,,,,,,,,,,,,,,active
gleeson,,,,,,,true,,,,,,,,,,,,,,,,,,https://irishfamilysurnames.com/wp-content/uploads/2021/04/greene-B-H-300x375.jpg,4,Gleeson,,,,,,,,,,,,,,,,,,,,,,,active
gleeson,,,,,,,true,,,,,,,,,,,,,,,,,,https://irishfamilysurnames.com/wp-content/uploads/2021/04/graham-B-H-300x375.jpg,5,Gleeson,,,,,,,,,,,,,,,,,,,,,,,active
geoghegan,Family name History & Crest Plaques - Geoghegan,"<p>Learn the full history of your family with a Family History or a Crest/History Combination.</p><p>Family History Standard : 16 x 20 cm | 6 x 8 inches. €9.90</p><p>Family History Large : 20 x 26 cm | 8 x 10 inches. €12.50</p><p>Family Combination (History &amp;amp;amp; Crest) : 26 x 20 cm | 10 x 8 inches.€14.95</p><p>Family Histories and Family Combinations are supplied mounted and ready to frame.<br/>FREE WORLDWIDE POSTAGE</p>",Irish Family Surnames,,General,"Heraldic Irish Family Names, Gifts under €25, Surname G",true,Title,Default Title,,,,,5752,0,shopify,20,deny,manual,12.45,,true,true,,https://irishfamilysurnames.com/wp-content/uploads/2021/04/geoghegan-B-H.jpg,1,Geoghegan,false,Family name History & Crest Plaques - Geoghegan,Learn the full history of your family with a Family History or a Crest/History Combination. Family History Standard : 16 x 20 cm | 6 x 8 inches. €9.90 Family History Large : 20 x 26 cm | 8 x 10 inches. €12.50 Family Combination (History &amp; Crest) : 26 x 20 cm | 10 x 8 inches.€14.95 Family Histories and Family Combin,,,,,,,,,,,,,g,,,true,true,,,active
geoghegan,,,,,,,true,,,,,,,,,,,,,,,,,,https://irishfamilysurnames.com/wp-content/uploads/2021/03/irishfamilysurnameslogo2.jpg,2,Geoghegan,,,,,,,,,,,,,,,,,,,,,,,active
geoghegan,,,,,,,true,,,,,,,,,,,,,,,,,,https://irishfamilysurnames.com/wp-content/uploads/2021/04/green-B-H-300x375.jpg,3,Geoghegan,,,,,,,,,,,,,,,,,,,,,,,active
geoghegan,,,,,,,true,,,,,,,,,,,,,,,,,,https://irishfamilysurnames.com/wp-content/uploads/2021/04/gibbons-B-H-300x375.jpg,4,Geoghegan,,,,,,,,,,,,,,,,,,,,,,,active
geoghegan,,,,,,,true,,,,,,,,,,,,,,,,,,https://irishfamilysurnames.com/wp-content/uploads/2021/04/greene-B-H-300x375.jpg,5,Geoghegan,,,,,,,,,,,,,,,,,,,,,,,active
foley,Family name History & Crest Plaques - Foley,"<p>Learn the full history of your family with a Family History or a Crest/History Combination.</p><p>Family History Standard : 16 x 20 cm | 6 x 8 inches. €9.90</p><p>Family History Large : 20 x 26 cm | 8 x 10 inches. €12.50</p><p>Family Combination (History &amp;amp;amp; Crest) : 26 x 20 cm | 10 x 8 inches.€14.95</p><p>Family Histories and Family Combinations are supplied mounted and ready to frame.<br/>FREE WORLDWIDE POSTAGE</p>",Irish Family Surnames,,General,"Heraldic Irish Family Names, Gifts under €25, Surname F",true,Title,Default Title,,,,,5671,0,shopify,20,deny,manual,12.45,,true,true,,https://irishfamilysurnames.com/wp-content/uploads/2021/04/foley-B-H.jpg,1,Foley,false,Family name History & Crest Plaques - Foley,Learn the full history of your family with a Family History or a Crest/History Combination. Family History Standard : 16 x 20 cm | 6 x 8 inches. €9.90 Family History Large : 20 x 26 cm | 8 x 10 inches. €12.50 Family Combination (History &amp; Crest) : 26 x 20 cm | 10 x 8 inches.€14.95 Family Histories and Family Combin,,,,,,,,,,,,,g,,,true,true,,,active
foley,,,,,,,true,,,,,,,,,,,,,,,,,,https://irishfamilysurnames.com/wp-content/uploads/2021/03/irishfamilysurnameslogo2.jpg,2,Foley,,,,,,,,,,,,,,,,,,,,,,,active
foley,,,,,,,true,,,,,,,,,,,,,,,,,,https://irishfamilysurnames.com/wp-content/uploads/2021/04/fleming-B-H-300x375.jpg,3,Foley,,,,,,,,,,,,,,,,,,,,,,,active
foley,,,,,,,true,,,,,,,,,,,,,,,,,,https://irishfamilysurnames.com/wp-content/uploads/2021/04/flynn-B-H-300x375.jpg,4,Foley,,,,,,,,,,,,,,,,,,,,,,,active
foley,,,,,,,true,,,,,,,,,,,,,,,,,,https://irishfamilysurnames.com/wp-content/uploads/2021/04/farley-B-H-300x375.jpg,5,Foley,,,,,,,,,,,,,,,,,,,,,,,active
fogarty,Family name History & Crest Plaques - Fogarty,"<p>Learn the full history of your family with a Family History or a Crest/History Combination.</p><p>Family History Standard : 16 x 20 cm | 6 x 8 inches. €9.90</p><p>Family History Large : 20 x 26 cm | 8 x 10 inches. €12.50</p><p>Family Combination (History &amp;amp;amp; Crest) : 26 x 20 cm | 10 x 8 inches.€14.95</p><p>Family Histories and Family Combinations are supplied mounted and ready to frame.<br/>FREE WORLDWIDE POSTAGE</p>",Irish Family Surnames,,General,"Heraldic Irish Family Names, Gifts under €25, Surname F",true,Title,Default Title,,,,,5659,0,shopify,20,deny,manual,12.45,,true,true,,https://irishfamilysurnames.com/wp-content/uploads/2021/04/fogarty-B-H.jpg,1,Fogarty,false,Family name History & Crest Plaques - Fogarty,Learn the full history of your family with a Family History or a Crest/History Combination. Family History Standard : 16 x 20 cm | 6 x 8 inches. €9.90 Family History Large : 20 x 26 cm | 8 x 10 inches. €12.50 Family Combination (History &amp; Crest) : 26 x 20 cm | 10 x 8 inches.€14.95 Family Histories and Family Combin,,,,,,,,,,,,,g,,,true,true,,,active
fogarty,,,,,,,true,,,,,,,,,,,,,,,,,,https://irishfamilysurnames.com/wp-content/uploads/2021/03/irishfamilysurnameslogo2.jpg,2,Fogarty,,,,,,,,,,,,,,,,,,,,,,,active
fogarty,,,,,,,true,,,,,,,,,,,,,,,,,,https://irishfamilysurnames.com/wp-content/uploads/2021/04/flynn-B-H-300x375.jpg,3,Fogarty,,,,,,,,,,,,,,,,,,,,,,,active
fogarty,,,,,,,true,,,,,,,,,,,,,,,,,,https://irishfamilysurnames.com/wp-content/uploads/2021/04/finn-B-H-300x375.jpg,4,Fogarty,,,,,,,,,,,,,,,,,,,,,,,active
fogarty,,,,,,,true,,,,,,,,,,,,,,,,,,https://irishfamilysurnames.com/wp-content/uploads/2021/04/fallon-B-H-300x375.jpg,5,Fogarty,,,,,,,,,,,,,,,,,,,,,,,active
cotter,Family name History & Crest Plaques - Cotter,"<p>Learn the full history of your family with a Family History or a Crest/History Combination.</p><p>Family History Standard : 16 x 20 cm | 6 x 8 inches. €9.90</p><p>Family History Large : 20 x 26 cm | 8 x 10 inches. €12.50</p><p>Family Combination (History &amp;amp;amp; Crest) : 26 x 20 cm | 10 x 8 inches.€14.95</p><p>Family Histories and Family Combinations are supplied mounted and ready to frame.<br/>FREE WORLDWIDE POSTAGE</p>",Irish Family Surnames,,General,"Heraldic Irish Family Names, Gifts under €25, Surname C",true,Title,Default Title,,,,,4589,0,shopify,20,deny,manual,12.45,,true,true,,https://irishfamilysurnames.com/wp-content/uploads/2021/04/cotter-B-H.jpg,1,Cotter,false,Family name History & Crest Plaques - Cotter,Learn the full history of your family with a Family History or a Crest/History Combination. Family History Standard : 16 x 20 cm | 6 x 8 inches. €9.90 Family History Large : 20 x 26 cm | 8 x 10 inches. €12.50 Family Combination (History &amp; Crest) : 26 x 20 cm | 10 x 8 inches.€14.95 Family Histories and Family Combin,,,,,,,,,,,,,g,,,true,true,,,active
cotter,,,,,,,true,,,,,,,,,,,,,,,,,,https://irishfamilysurnames.com/wp-content/uploads/2021/03/irishfamilysurnameslogo2.jpg,2,Cotter,,,,,,,,,,,,,,,,,,,,,,,active
cotter,,,,,,,true,,,,,,,,,,,,,,,,,,https://irishfamilysurnames.com/wp-content/uploads/2021/04/conway-B-H-300x375.jpg,3,Cotter,,,,,,,,,,,,,,,,,,,,,,,active
cotter,,,,,,,true,,,,,,,,,,,,,,,,,,https://irishfamilysurnames.com/wp-content/uploads/2021/04/corrigan-B-H-300x375.jpg,4,Cotter,,,,,,,,,,,,,,,,,,,,,,,active
cotter,,,,,,,true,,,,,,,,,,,,,,,,,,https://irishfamilysurnames.com/wp-content/uploads/2021/04/cavanaugh-B-H-300x375.jpg,5,Cotter,,,,,,,,,,,,,,,,,,,,,,,active
kavanagh,Family name History & Crest Plaques - Kavanagh,"<p>Learn the full history of your family with a Family History or a Crest/History Combination.</p><p>Family History Standard : 16 x 20 cm | 6 x 8 inches. €9.90</p><p>Family History Large : 20 x 26 cm | 8 x 10 inches. €12.50</p><p>Family Combination (History &amp;amp;amp; Crest) : 26 x 20 cm | 10 x 8 inches.€14.95</p><p>Family Histories and Family Combinations are supplied mounted and ready to frame.<br/>FREE WORLDWIDE POSTAGE</p>",Irish Family Surnames,,General,"Heraldic Irish Family Names, Gifts under €25, Surname K",true,Title,Default Title,,,,,1590,0,shopify,20,deny,manual,12.45,,true,true,,https://irishfamilysurnames.com/wp-content/uploads/2021/04/kavanagh-B-H.jpg,1,Kavanagh,false,Family name History & Crest Plaques - Kavanagh,Learn the full history of your family with a Family History or a Crest/History Combination. Family History Standard : 16 x 20 cm | 6 x 8 inches. €9.90 Family History Large : 20 x 26 cm | 8 x 10 inches. €12.50 Family Combination (History &amp; Crest) : 26 x 20 cm | 10 x 8 inches.€14.95 Family Histories and Family Combin,,,,,,,,,,,,,g,,,true,true,,,active
kavanagh,,,,,,,true,,,,,,,,,,,,,,,,,,https://irishfamilysurnames.com/wp-content/uploads/2021/03/irishfamilysurnameslogo2.jpg,2,Kavanagh,,,,,,,,,,,,,,,,,,,,,,,active
kavanagh,,,,,,,true,,,,,,,,,,,,,,,,,,https://irishfamilysurnames.com/wp-content/uploads/2021/04/kearns-B-H-300x375.jpg,3,Kavanagh,,,,,,,,,,,,,,,,,,,,,,,active
kavanagh,,,,,,,true,,,,,,,,,,,,,,,,,,https://irishfamilysurnames.com/wp-content/uploads/2021/04/keating-B-H-300x375.jpg,4,Kavanagh,,,,,,,,,,,,,,,,,,,,,,,active
kavanagh,,,,,,,true,,,,,,,,,,,,,,,,,,https://irishfamilysurnames.com/wp-content/uploads/2021/04/keane-B-H-300x375.jpg,5,Kavanagh,,,,,,,,,,,,,,,,,,,,,,,active
hagan,Family name History & Crest Plaques - Hagan,"<p>Learn the full history of your family with a Family History or a Crest/History Combination.</p><p>Family History Standard : 16 x 20 cm | 6 x 8 inches. €9.90</p><p>Family History Large : 20 x 26 cm | 8 x 10 inches. €12.50</p><p>Family Combination (History &amp;amp;amp; Crest) : 26 x 20 cm | 10 x 8 inches.€14.95</p><p>Family Histories and Family Combinations are supplied mounted and ready to frame.<br/>FREE WORLDWIDE POSTAGE</p>",Irish Family Surnames,,General,"Heraldic Irish Family Names, Gifts under €25, Surname H",true,Title,Default Title,,,,,1113,0,shopify,20,deny,manual,12.45,,true,true,,https://irishfamilysurnames.com/wp-content/uploads/2021/04/hagan-B-H.jpg,1,Hagan,false,Family name History & Crest Plaques - Hagan,Learn the full history of your family with a Family History or a Crest/History Combination. Family History Standard : 16 x 20 cm | 6 x 8 inches. €9.90 Family History Large : 20 x 26 cm | 8 x 10 inches. €12.50 Family Combination (History &amp; Crest) : 26 x 20 cm | 10 x 8 inches.€14.95 Family Histories and Family Combin,,,,,,,,,,,,,g,,,true,true,,,active
hagan,,,,,,,true,,,,,,,,,,,,,,,,,,https://irishfamilysurnames.com/wp-content/uploads/2021/03/irishfamilysurnameslogo2.jpg,2,Hagan,,,,,,,,,,,,,,,,,,,,,,,active
hagan,,,,,,,true,,,,,,,,,,,,,,,,,,https://irishfamilysurnames.com/wp-content/uploads/2021/04/hart-B-H-300x375.jpg,3,Hagan,,,,,,,,,,,,,,,,,,,,,,,active
hagan,,,,,,,true,,,,,,,,,,,,,,,,,,https://irishfamilysurnames.com/wp-content/uploads/2021/04/halloran-B-H-300x375.jpg,4,Hagan,,,,,,,,,,,,,,,,,,,,,,,active
hagan,,,,,,,true,,,,,,,,,,,,,,,,,,https://irishfamilysurnames.com/wp-content/uploads/2021/04/harte-B-H-300x375.jpg,5,Hagan,,,,,,,,,,,,,,,,,,,,,,,active
harris,Family name History & Crest Plaques - Harris,"<p>Learn the full history of your family with a Family History or a Crest/History Combination.</p><p>Family History Standard : 16 x 20 cm | 6 x 8 inches. €9.90</p><p>Family History Large : 20 x 26 cm | 8 x 10 inches. €12.50</p><p>Family Combination (History &amp;amp;amp; Crest) : 26 x 20 cm | 10 x 8 inches.€14.95</p><p>Family Histories and Family Combinations are supplied mounted and ready to frame.<br/>FREE WORLDWIDE POSTAGE</p>",Irish Family Surnames,,General,"Heraldic Irish Family Names, Gifts under €25, Surname H",true,Title,Default Title,,,,,1235,0,shopify,20,deny,manual,12.45,,true,true,,https://irishfamilysurnames.com/wp-content/uploads/2021/04/harris-B-H.jpg,1,Harris,false,Family name History & Crest Plaques - Harris,Learn the full history of your family with a Family History or a Crest/History Combination. Family History Standard : 16 x 20 cm | 6 x 8 inches. €9.90 Family History Large : 20 x 26 cm | 8 x 10 inches. €12.50 Family Combination (History &amp; Crest) : 26 x 20 cm | 10 x 8 inches.€14.95 Family Histories and Family Combin,,,,,,,,,,,,,g,,,true,true,,,active
harris,,,,,,,true,,,,,,,,,,,,,,,,,,https://irishfamilysurnames.com/wp-content/uploads/2021/03/irishfamilysurnameslogo2.jpg,2,Harris,,,,,,,,,,,,,,,,,,,,,,,active
harris,,,,,,,true,,,,,,,,,,,,,,,,,,https://irishfamilysurnames.com/wp-content/uploads/2021/04/harrington-B-H-300x375.jpg,3,Harris,,,,,,,,,,,,,,,,,,,,,,,active
harris,,,,,,,true,,,,,,,,,,,,,,,,,,https://irishfamilysurnames.com/wp-content/uploads/2021/04/halloran-B-H-300x375.jpg,4,Harris,,,,,,,,,,,,,,,,,,,,,,,active
harris,,,,,,,true,,,,,,,,,,,,,,,,,,https://irishfamilysurnames.com/wp-content/uploads/2021/04/healy-B-H-300x375.jpg,5,Harris,,,,,,,,,,,,,,,,,,,,,,,active
hill,Family name History & Crest Plaques - Hill,"<p>Learn the full history of your family with a Family History or a Crest/History Combination.</p><p>Family History Standard : 16 x 20 cm | 6 x 8 inches. €9.90</p><p>Family History Large : 20 x 26 cm | 8 x 10 inches. €12.50</p><p>Family Combination (History &amp;amp;amp; Crest) : 26 x 20 cm | 10 x 8 inches.€14.95</p><p>Family Histories and Family Combinations are supplied mounted and ready to frame.<br/>FREE WORLDWIDE POSTAGE</p>",Irish Family Surnames,,General,"Heraldic Irish Family Names, Gifts under €25, Surname H",true,Title,Default Title,,,,,1426,0,shopify,20,deny,manual,12.45,,true,true,,https://irishfamilysurnames.com/wp-content/uploads/2021/04/harris-B-H-1.jpg,1,Hill,false,Family name History & Crest Plaques - Hill,Learn the full history of your family with a Family History or a Crest/History Combination. Family History Standard : 16 x 20 cm | 6 x 8 inches. €9.90 Family History Large : 20 x 26 cm | 8 x 10 inches. €12.50 Family Combination (History &amp; Crest) : 26 x 20 cm | 10 x 8 inches.€14.95 Family Histories and Family Combin,,,,,,,,,,,,,g,,,true,true,,,active
hill,,,,,,,true,,,,,,,,,,,,,,,,,,https://irishfamilysurnames.com/wp-content/uploads/2021/03/irishfamilysurnameslogo2.jpg,2,Hill,,,,,,,,,,,,,,,,,,,,,,,active
hill,,,,,,,true,,,,,,,,,,,,,,,,,,https://irishfamilysurnames.com/wp-content/uploads/2021/04/hurley-B-H-1-300x375.jpg,3,Hill,,,,,,,,,,,,,,,,,,,,,,,active
hill,,,,,,,true,,,,,,,,,,,,,,,,,,https://irishfamilysurnames.com/wp-content/uploads/2021/04/halloran-B-H-300x375.jpg,4,Hill,,,,,,,,,,,,,,,,,,,,,,,active
hill,,,,,,,true,,,,,,,,,,,,,,,,,,https://irishfamilysurnames.com/wp-content/uploads/2021/04/hart-B-H-300x375.jpg,5,Hill,,,,,,,,,,,,,,,,,,,,,,,active
hyland,Family name History & Crest Plaques - Hyland,"<p>Learn the full history of your family with a Family History or a Crest/History Combination.</p><p>Family History Standard : 16 x 20 cm | 6 x 8 inches. €9.90</p><p>Family History Large : 20 x 26 cm | 8 x 10 inches. €12.50</p><p>Family Combination (History &amp;amp;amp; Crest) : 26 x 20 cm | 10 x 8 inches.€14.95</p><p>Family Histories and Family Combinations are supplied mounted and ready to frame.<br/>FREE WORLDWIDE POSTAGE</p>",Irish Family Surnames,,General,"Heraldic Irish Family Names, Gifts under €25, Surname H",true,Title,Default Title,,,,,1488,0,shopify,20,deny,manual,12.45,,true,true,,https://irishfamilysurnames.com/wp-content/uploads/2021/04/hyland-B-H.jpg,1,Hyland,false,Family name History & Crest Plaques - Hyland,Learn the full history of your family with a Family History or a Crest/History Combination. Family History Standard : 16 x 20 cm | 6 x 8 inches. €9.90 Family History Large : 20 x 26 cm | 8 x 10 inches. €12.50 Family Combination (History &amp; Crest) : 26 x 20 cm | 10 x 8 inches.€14.95 Family Histories and Family Combin,,,,,,,,,,,,,g,,,true,true,,,active
hyland,,,,,,,true,,,,,,,,,,,,,,,,,,https://irishfamilysurnames.com/wp-content/uploads/2021/03/irishfamilysurnameslogo2.jpg,2,Hyland,,,,,,,,,,,,,,,,,,,,,,,active
hyland,,,,,,,true,,,,,,,,,,,,,,,,,,https://irishfamilysurnames.com/wp-content/uploads/2021/04/hara-B-H-300x375.jpg,3,Hyland,,,,,,,,,,,,,,,,,,,,,,,active
hyland,,,,,,,true,,,,,,,,,,,,,,,,,,https://irishfamilysurnames.com/wp-content/uploads/2021/04/harris-B-H-1-300x375.jpg,4,Hyland,,,,,,,,,,,,,,,,,,,,,,,active
hyland,,,,,,,true,,,,,,,,,,,,,,,,,,https://irishfamilysurnames.com/wp-content/uploads/2021/04/harris-B-H-300x375.jpg,5,Hyland,,,,,,,,,,,,,,,,,,,,,,,active
jackson,Family name History & Crest Plaques - Jackson,"<p>Learn the full history of your family with a Family History or a Crest/History Combination.</p><p>Family History Standard : 16 x 20 cm | 6 x 8 inches. €9.90</p><p>Family History Large : 20 x 26 cm | 8 x 10 inches. €12.50</p><p>Family Combination (History &amp;amp;amp; Crest) : 26 x 20 cm | 10 x 8 inches.€14.95</p><p>Family Histories and Family Combinations are supplied mounted and ready to frame.<br/>FREE WORLDWIDE POSTAGE</p>",Irish Family Surnames,,General,"Heraldic Irish Family Names, Gifts under €25, Surname J",true,Title,Default Title,,,,,1535,0,shopify,20,deny,manual,12.45,,true,true,,https://irishfamilysurnames.com/wp-content/uploads/2021/04/jackson-B-H.jpg,1,Jackson,false,Family name History & Crest Plaques - Jackson,Learn the full history of your family with a Family History or a Crest/History Combination. Family History Standard : 16 x 20 cm | 6 x 8 inches. €9.90 Family History Large : 20 x 26 cm | 8 x 10 inches. €12.50 Family Combination (History &amp; Crest) : 26 x 20 cm | 10 x 8 inches.€14.95 Family Histories and Family Combin,,,,,,,,,,,,,g,,,true,true,,,active
jackson,,,,,,,true,,,,,,,,,,,,,,,,,,https://irishfamilysurnames.com/wp-content/uploads/2021/03/irishfamilysurnameslogo2.jpg,2,Jackson,,,,,,,,,,,,,,,,,,,,,,,active
jackson,,,,,,,true,,,,,,,,,,,,,,,,,,https://irishfamilysurnames.com/wp-content/uploads/2021/04/johnston-B-H-300x375.jpg,3,Jackson,,,,,,,,,,,,,,,,,,,,,,,active
jackson,,,,,,,true,,,,,,,,,,,,,,,,,,https://irishfamilysurnames.com/wp-content/uploads/2021/04/joyce-B-H-1-300x375.jpg,4,Jackson,,,,,,,,,,,,,,,,,,,,,,,active
jackson,,,,,,,true,,,,,,,,,,,,,,,,,,https://irishfamilysurnames.com/wp-content/uploads/2021/04/johnson-B-H-300x375.jpg,5,Jackson,,,,,,,,,,,,,,,,,,,,,,,active
johnston,Family name History & Crest Plaques - Johnston,"<p>Learn the full history of your family with a Family History or a Crest/History Combination.</p><p>Family History Standard : 16 x 20 cm | 6 x 8 inches. €9.90</p><p>Family History Large : 20 x 26 cm | 8 x 10 inches. €12.50</p><p>Family Combination (History &amp;amp;amp; Crest) : 26 x 20 cm | 10 x 8 inches.€14.95</p><p>Family Histories and Family Combinations are supplied mounted and ready to frame.<br/>FREE WORLDWIDE POSTAGE</p>",Irish Family Surnames,,General,"Heraldic Irish Family Names, Gifts under €25, Surname J",true,Title,Default Title,,,,,1549,0,shopify,20,deny,manual,12.45,,true,true,,https://irishfamilysurnames.com/wp-content/uploads/2021/04/johnston-B-H.jpg,1,Johnston,false,Family name History & Crest Plaques - Johnston,Learn the full history of your family with a Family History or a Crest/History Combination. Family History Standard : 16 x 20 cm | 6 x 8 inches. €9.90 Family History Large : 20 x 26 cm | 8 x 10 inches. €12.50 Family Combination (History &amp; Crest) : 26 x 20 cm | 10 x 8 inches.€14.95 Family Histories and Family Combin,,,,,,,,,,,,,g,,,true,true,,,active
johnston,,,,,,,true,,,,,,,,,,,,,,,,,,https://irishfamilysurnames.com/wp-content/uploads/2021/03/irishfamilysurnameslogo2.jpg,2,Johnston,,,,,,,,,,,,,,,,,,,,,,,active
johnston,,,,,,,true,,,,,,,,,,,,,,,,,,https://irishfamilysurnames.com/wp-content/uploads/2021/04/jordan-B-H-300x375.jpg,3,Johnston,,,,,,,,,,,,,,,,,,,,,,,active
johnston,,,,,,,true,,,,,,,,,,,,,,,,,,https://irishfamilysurnames.com/wp-content/uploads/2021/04/jackson-B-H-300x375.jpg,4,Johnston,,,,,,,,,,,,,,,,,,,,,,,active
johnston,,,,,,,true,,,,,,,,,,,,,,,,,,https://irishfamilysurnames.com/wp-content/uploads/2021/04/joyce-B-H-1-300x375.jpg,5,Johnston,,,,,,,,,,,,,,,,,,,,,,,active
jones,Family name History & Crest Plaques - Jones,"<p>Learn the full history of your family with a Family History or a Crest/History Combination.</p><p>Family History Standard : 16 x 20 cm | 6 x 8 inches. €9.90</p><p>Family History Large : 20 x 26 cm | 8 x 10 inches. €12.50</p><p>Family Combination (History &amp;amp;amp; Crest) : 26 x 20 cm | 10 x 8 inches.€14.95</p><p>Family Histories and Family Combinations are supplied mounted and ready to frame.<br/>FREE WORLDWIDE POSTAGE</p>",Irish Family Surnames,,General,"Heraldic Irish Family Names, Gifts under €25, Surname J",true,Title,Default Title,,,,,1556,0,shopify,20,deny,manual,12.45,,true,true,,https://irishfamilysurnames.com/wp-content/uploads/2021/04/jones-B-H.jpg,1,Jones,false,Family name History & Crest Plaques - Jones,Learn the full history of your family with a Family History or a Crest/History Combination. Family History Standard : 16 x 20 cm | 6 x 8 inches. €9.90 Family History Large : 20 x 26 cm | 8 x 10 inches. €12.50 Family Combination (History &amp; Crest) : 26 x 20 cm | 10 x 8 inches.€14.95 Family Histories and Family Combin,,,,,,,,,,,,,g,,,true,true,,,active
jones,,,,,,,true,,,,,,,,,,,,,,,,,,https://irishfamilysurnames.com/wp-content/uploads/2021/03/irishfamilysurnameslogo2.jpg,2,Jones,,,,,,,,,,,,,,,,,,,,,,,active
jones,,,,,,,true,,,,,,,,,,,,,,,,,,https://irishfamilysurnames.com/wp-content/uploads/2021/04/johnson-B-H-300x375.jpg,3,Jones,,,,,,,,,,,,,,,,,,,,,,,active
jones,,,,,,,true,,,,,,,,,,,,,,,,,,https://irishfamilysurnames.com/wp-content/uploads/2021/04/johnston-B-H-300x375.jpg,4,Jones,,,,,,,,,,,,,,,,,,,,,,,active
jones,,,,,,,true,,,,,,,,,,,,,,,,,,https://irishfamilysurnames.com/wp-content/uploads/2021/04/jordan-B-H-300x375.jpg,5,Jones,,,,,,,,,,,,,,,,,,,,,,,active
joyce,Family name History & Crest Plaques - Joyce,"<p>Learn the full history of your family with a Family History or a Crest/History Combination.</p><p>Family History Standard : 16 x 20 cm | 6 x 8 inches. €9.90</p><p>Family History Large : 20 x 26 cm | 8 x 10 inches. €12.50</p><p>Family Combination (History &amp;amp;amp; Crest) : 26 x 20 cm | 10 x 8 inches.€14.95</p><p>Family Histories and Family Combinations are supplied mounted and ready to frame.<br/>FREE WORLDWIDE POSTAGE</p>",Irish Family Surnames,,General,"Heraldic Irish Family Names, Gifts under €25, Surname J",true,Title,Default Title,,,,,1570,0,shopify,20,deny,manual,12.45,,true,true,,https://irishfamilysurnames.com/wp-content/uploads/2021/04/joyce-B-H-1.jpg,1,Joyce,false,Family name History & Crest Plaques - Joyce,Learn the full history of your family with a Family History or a Crest/History Combination. Family History Standard : 16 x 20 cm | 6 x 8 inches. €9.90 Family History Large : 20 x 26 cm | 8 x 10 inches. €12.50 Family Combination (History &amp; Crest) : 26 x 20 cm | 10 x 8 inches.€14.95 Family Histories and Family Combin,,,,,,,,,,,,,g,,,true,true,,,active
joyce,,,,,,,true,,,,,,,,,,,,,,,,,,https://irishfamilysurnames.com/wp-content/uploads/2021/03/irishfamilysurnameslogo2.jpg,2,Joyce,,,,,,,,,,,,,,,,,,,,,,,active
joyce,,,,,,,true,,,,,,,,,,,,,,,,,,https://irishfamilysurnames.com/wp-content/uploads/2021/04/jordan-B-H-300x375.jpg,3,Joyce,,,,,,,,,,,,,,,,,,,,,,,active
joyce,,,,,,,true,,,,,,,,,,,,,,,,,,https://irishfamilysurnames.com/wp-content/uploads/2021/04/jackson-B-H-300x375.jpg,4,Joyce,,,,,,,,,,,,,,,,,,,,,,,active
joyce,,,,,,,true,,,,,,,,,,,,,,,,,,https://irishfamilysurnames.com/wp-content/uploads/2021/04/johnston-B-H-300x375.jpg,5,Joyce,,,,,,,,,,,,,,,,,,,,,,,active
kane,Family name History & Crest Plaques - Kane,"<p>Learn the full history of your family with a Family History or a Crest/History Combination.</p><p>Family History Standard : 16 x 20 cm | 6 x 8 inches. €9.90</p><p>Family History Large : 20 x 26 cm | 8 x 10 inches. €12.50</p><p>Family Combination (History &amp;amp;amp; Crest) : 26 x 20 cm | 10 x 8 inches.€14.95</p><p>Family Histories and Family Combinations are supplied mounted and ready to frame.<br/>FREE WORLDWIDE POSTAGE</p>",Irish Family Surnames,,General,"Heraldic Irish Family Names, Gifts under €25, Surname K",true,Title,Default Title,,,,,1578,0,shopify,20,deny,manual,12.45,,true,true,,https://irishfamilysurnames.com/wp-content/uploads/2021/04/kane-B-H.jpg,1,Kane,false,Family name History & Crest Plaques - Kane,Learn the full history of your family with a Family History or a Crest/History Combination. Family History Standard : 16 x 20 cm | 6 x 8 inches. €9.90 Family History Large : 20 x 26 cm | 8 x 10 inches. €12.50 Family Combination (History &amp; Crest) : 26 x 20 cm | 10 x 8 inches.€14.95 Family Histories and Family Combin,,,,,,,,,,,,,g,,,true,true,,,active
kane,,,,,,,true,,,,,,,,,,,,,,,,,,https://irishfamilysurnames.com/wp-content/uploads/2021/03/irishfamilysurnameslogo2.jpg,2,Kane,,,,,,,,,,,,,,,,,,,,,,,active
kane,,,,,,,true,,,,,,,,,,,,,,,,,,https://irishfamilysurnames.com/wp-content/uploads/2021/04/kirwan-B-H-300x375.jpg,3,Kane,,,,,,,,,,,,,,,,,,,,,,,active
kane,,,,,,,true,,,,,,,,,,,,,,,,,,https://irishfamilysurnames.com/wp-content/uploads/2021/04/keefe-B-H-300x375.jpg,4,Kane,,,,,,,,,,,,,,,,,,,,,,,active
kane,,,,,,,true,,,,,,,,,,,,,,,,,,https://irishfamilysurnames.com/wp-content/uploads/2021/04/keeffe-B-H-300x375.jpg,5,Kane,,,,,,,,,,,,,,,,,,,,,,,active
keane,Family name History & Crest Plaques - Keane,"<p>Learn the full history of your family with a Family History or a Crest/History Combination.</p><p>Family History Standard : 16 x 20 cm | 6 x 8 inches. €9.90</p><p>Family History Large : 20 x 26 cm | 8 x 10 inches. €12.50</p><p>Family Combination (History &amp;amp;amp; Crest) : 26 x 20 cm | 10 x 8 inches.€14.95</p><p>Family Histories and Family Combinations are supplied mounted and ready to frame.<br/>FREE WORLDWIDE POSTAGE</p>",Irish Family Surnames,,General,"Heraldic Irish Family Names, Gifts under €25, Surname K",true,Title,Default Title,,,,,1601,0,shopify,20,deny,manual,12.45,,true,true,,https://irishfamilysurnames.com/wp-content/uploads/2021/04/keane-B-H.jpg,1,Keane,false,Family name History & Crest Plaques - Keane,Learn the full history of your family with a Family History or a Crest/History Combination. Family History Standard : 16 x 20 cm | 6 x 8 inches. €9.90 Family History Large : 20 x 26 cm | 8 x 10 inches. €12.50 Family Combination (History &amp; Crest) : 26 x 20 cm | 10 x 8 inches.€14.95 Family Histories and Family Combin,,,,,,,,,,,,,g,,,true,true,,,active
keane,,,,,,,true,,,,,,,,,,,,,,,,,,https://irishfamilysurnames.com/wp-content/uploads/2021/03/irishfamilysurnameslogo2.jpg,2,Keane,,,,,,,,,,,,,,,,,,,,,,,active
keane,,,,,,,true,,,,,,,,,,,,,,,,,,https://irishfamilysurnames.com/wp-content/uploads/2021/04/kirwan-B-H-300x375.jpg,3,Keane,,,,,,,,,,,,,,,,,,,,,,,active
keane,,,,,,,true,,,,,,,,,,,,,,,,,,https://irishfamilysurnames.com/wp-content/uploads/2021/04/keeffe-B-H-300x375.jpg,4,Keane,,,,,,,,,,,,,,,,,,,,,,,active
keane,,,,,,,true,,,,,,,,,,,,,,,,,,https://irishfamilysurnames.com/wp-content/uploads/2021/04/kavanagh-B-H-300x375.jpg,5,Keane,,,,,,,,,,,,,,,,,,,,,,,active
leahy,Family name History & Crest Plaques - Leahy,"<p>Learn the full history of your family with a Family History or a Crest/History Combination.</p><p>Family History Standard : 16 x 20 cm | 6 x 8 inches. €9.90</p><p>Family History Large : 20 x 26 cm | 8 x 10 inches. €12.50</p><p>Family Combination (History &amp;amp;amp; Crest) : 26 x 20 cm | 10 x 8 inches.€14.95</p><p>Family Histories and Family Combinations are supplied mounted and ready to frame.<br/>FREE WORLDWIDE POSTAGE</p>",Irish Family Surnames,,General,"Heraldic Irish Family Names, Gifts under €25, Surname L",true,Title,Default Title,,,,,1905,0,shopify,20,deny,manual,12.45,,true,true,,https://irishfamilysurnames.com/wp-content/uploads/2021/04/leahy-B-H-1.jpg,1,Leahy,false,Family name History & Crest Plaques - Leahy,Learn the full history of your family with a Family History or a Crest/History Combination. Family History Standard : 16 x 20 cm | 6 x 8 inches. €9.90 Family History Large : 20 x 26 cm | 8 x 10 inches. €12.50 Family Combination (History &amp; Crest) : 26 x 20 cm | 10 x 8 inches.€14.95 Family Histories and Family Combin,,,,,,,,,,,,,g,,,true,true,,,active
leahy,,,,,,,true,,,,,,,,,,,,,,,,,,https://irishfamilysurnames.com/wp-content/uploads/2021/03/irishfamilysurnameslogo2.jpg,2,Leahy,,,,,,,,,,,,,,,,,,,,,,,active
leahy,,,,,,,true,,,,,,,,,,,,,,,,,,https://irishfamilysurnames.com/wp-content/uploads/2021/04/lenihan-B-H-1-300x375.jpg,3,Leahy,,,,,,,,,,,,,,,,,,,,,,,active
leahy,,,,,,,true,,,,,,,,,,,,,,,,,,https://irishfamilysurnames.com/wp-content/uploads/2021/04/lynch-B-H-1-300x375.jpg,4,Leahy,,,,,,,,,,,,,,,,,,,,,,,active
leahy,,,,,,,true,,,,,,,,,,,,,,,,,,https://irishfamilysurnames.com/wp-content/uploads/2021/04/lee-B-H-1-300x375.jpg,5,Leahy,,,,,,,,,,,,,,,,,,,,,,,active
kiernan,Family name History & Crest Plaques - Kiernan,"<p>Learn the full history of your family with a Family History or a Crest/History Combination.</p><p>Family History Standard : 16 x 20 cm | 6 x 8 inches. €9.90</p><p>Family History Large : 20 x 26 cm | 8 x 10 inches. €12.50</p><p>Family Combination (History &amp;amp;amp; Crest) : 26 x 20 cm | 10 x 8 inches.€14.95</p><p>Family Histories and Family Combinations are supplied mounted and ready to frame.<br/>FREE WORLDWIDE POSTAGE</p>",Irish Family Surnames,,General,"Heraldic Irish Family Names, Gifts under €25, Surname K",true,Title,Default Title,,,,,1789,0,shopify,20,deny,manual,12.45,,true,true,,https://irishfamilysurnames.com/wp-content/uploads/2021/04/kiernan-B-H.jpg,1,Kiernan,false,Family name History & Crest Plaques - Kiernan,Learn the full history of your family with a Family History or a Crest/History Combination. Family History Standard : 16 x 20 cm | 6 x 8 inches. €9.90 Family History Large : 20 x 26 cm | 8 x 10 inches. €12.50 Family Combination (History &amp; Crest) : 26 x 20 cm | 10 x 8 inches.€14.95 Family Histories and Family Combin,,,,,,,,,,,,,g,,,true,true,,,active
kiernan,,,,,,,true,,,,,,,,,,,,,,,,,,https://irishfamilysurnames.com/wp-content/uploads/2021/03/irishfamilysurnameslogo2.jpg,2,Kiernan,,,,,,,,,,,,,,,,,,,,,,,active
kiernan,,,,,,,true,,,,,,,,,,,,,,,,,,https://irishfamilysurnames.com/wp-content/uploads/2021/04/kinsella-B-H-300x375.jpg,3,Kiernan,,,,,,,,,,,,,,,,,,,,,,,active
kiernan,,,,,,,true,,,,,,,,,,,,,,,,,,https://irishfamilysurnames.com/wp-content/uploads/2021/04/kehoe-B-H-300x375.jpg,4,Kiernan,,,,,,,,,,,,,,,,,,,,,,,active
kiernan,,,,,,,true,,,,,,,,,,,,,,,,,,https://irishfamilysurnames.com/wp-content/uploads/2021/04/kennedy-B-H-300x375.jpg,5,Kiernan,,,,,,,,,,,,,,,,,,,,,,,active
lynch,Family name History & Crest Plaques - Lynch,"<p>Learn the full history of your family with a Family History or a Crest/History Combination.</p><p>Family History Standard : 16 x 20 cm | 6 x 8 inches. €9.90</p><p>Family History Large : 20 x 26 cm | 8 x 10 inches. €12.50</p><p>Family Combination (History &amp;amp;amp; Crest) : 26 x 20 cm | 10 x 8 inches.€14.95</p><p>Family Histories and Family Combinations are supplied mounted and ready to frame.<br/>FREE WORLDWIDE POSTAGE</p>",Irish Family Surnames,,General,"Heraldic Irish Family Names, Gifts under €25, Surname L",true,Title,Default Title,,,,,1983,0,shopify,20,deny,manual,12.45,,true,true,,https://irishfamilysurnames.com/wp-content/uploads/2021/04/lynch-B-H-1.jpg,1,Lynch,false,Family name History & Crest Plaques - Lynch,Learn the full history of your family with a Family History or a Crest/History Combination. Family History Standard : 16 x 20 cm | 6 x 8 inches. €9.90 Family History Large : 20 x 26 cm | 8 x 10 inches. €12.50 Family Combination (History &amp; Crest) : 26 x 20 cm | 10 x 8 inches.€14.95 Family Histories and Family Combin,,,,,,,,,,,,,g,,,true,true,,,active
lynch,,,,,,,true,,,,,,,,,,,,,,,,,,https://irishfamilysurnames.com/wp-content/uploads/2021/03/irishfamilysurnameslogo2.jpg,2,Lynch,,,,,,,,,,,,,,,,,,,,,,,active
lynch,,,,,,,true,,,,,,,,,,,,,,,,,,https://irishfamilysurnames.com/wp-content/uploads/2021/04/lawler-B-H-1-300x375.jpg,3,Lynch,,,,,,,,,,,,,,,,,,,,,,,active
lynch,,,,,,,true,,,,,,,,,,,,,,,,,,https://irishfamilysurnames.com/wp-content/uploads/2021/04/lyons-B-H-1-300x375.jpg,4,Lynch,,,,,,,,,,,,,,,,,,,,,,,active
lynch,,,,,,,true,,,,,,,,,,,,,,,,,,https://irishfamilysurnames.com/wp-content/uploads/2021/04/lawlor-B-H-1-300x375.jpg,5,Lynch,,,,,,,,,,,,,,,,,,,,,,,active
malone,Family name History & Crest Plaques - Malone,"<p>Learn the full history of your family with a Family History or a Crest/History Combination.</p><p>Family History Standard : 16 x 20 cm | 6 x 8 inches. €9.90</p><p>Family History Large : 20 x 26 cm | 8 x 10 inches. €12.50</p><p>Family Combination (History &amp;amp;amp; Crest) : 26 x 20 cm | 10 x 8 inches.€14.95</p><p>Family Histories and Family Combinations are supplied mounted and ready to frame.<br/>FREE WORLDWIDE POSTAGE</p>",Irish Family Surnames,,General,"Heraldic Irish Family Names, Gifts under €25, Surname M",true,Title,Default Title,,,,,2128,0,shopify,20,deny,manual,12.45,,true,true,,https://irishfamilysurnames.com/wp-content/uploads/2021/04/malone-B-H.jpg,1,Malone,false,Family name History & Crest Plaques - Malone,Learn the full history of your family with a Family History or a Crest/History Combination. Family History Standard : 16 x 20 cm | 6 x 8 inches. €9.90 Family History Large : 20 x 26 cm | 8 x 10 inches. €12.50 Family Combination (History &amp; Crest) : 26 x 20 cm | 10 x 8 inches.€14.95 Family Histories and Family Combin,,,,,,,,,,,,,g,,,true,true,,,active
malone,,,,,,,true,,,,,,,,,,,,,,,,,,https://irishfamilysurnames.com/wp-content/uploads/2021/03/irishfamilysurnameslogo2.jpg,2,Malone,,,,,,,,,,,,,,,,,,,,,,,active
malone,,,,,,,true,,,,,,,,,,,,,,,,,,https://irishfamilysurnames.com/wp-content/uploads/2021/04/mooney-B-H-300x375.jpg,3,Malone,,,,,,,,,,,,,,,,,,,,,,,active
malone,,,,,,,true,,,,,,,,,,,,,,,,,,https://irishfamilysurnames.com/wp-content/uploads/2021/04/magee-B-H-300x375.jpg,4,Malone,,,,,,,,,,,,,,,,,,,,,,,active
malone,,,,,,,true,,,,,,,,,,,,,,,,,,https://irishfamilysurnames.com/wp-content/uploads/2021/04/meara-B-H-300x375.jpg,5,Malone,,,,,,,,,,,,,,,,,,,,,,,active
meara,Family name History & Crest Plaques - Meara,"<p>Learn the full history of your family with a Family History or a Crest/History Combination.</p><p>Family History Standard : 16 x 20 cm | 6 x 8 inches. €9.90</p><p>Family History Large : 20 x 26 cm | 8 x 10 inches. €12.50</p><p>Family Combination (History &amp;amp;amp; Crest) : 26 x 20 cm | 10 x 8 inches.€14.95</p><p>Family Histories and Family Combinations are supplied mounted and ready to frame.<br/>FREE WORLDWIDE POSTAGE</p>",Irish Family Surnames,,General,"Heraldic Irish Family Names, Gifts under €25, Surname M",true,Title,Default Title,,,,,2187,0,shopify,20,deny,manual,12.45,,true,true,,https://irishfamilysurnames.com/wp-content/uploads/2021/04/meara-B-H.jpg,1,Meara,false,Family name History & Crest Plaques - Meara,Learn the full history of your family with a Family History or a Crest/History Combination. Family History Standard : 16 x 20 cm | 6 x 8 inches. €9.90 Family History Large : 20 x 26 cm | 8 x 10 inches. €12.50 Family Combination (History &amp; Crest) : 26 x 20 cm | 10 x 8 inches.€14.95 Family Histories and Family Combin,,,,,,,,,,,,,g,,,true,true,,,active
meara,,,,,,,true,,,,,,,,,,,,,,,,,,https://irishfamilysurnames.com/wp-content/uploads/2021/03/irishfamilysurnameslogo2.jpg,2,Meara,,,,,,,,,,,,,,,,,,,,,,,active
meara,,,,,,,true,,,,,,,,,,,,,,,,,,https://irishfamilysurnames.com/wp-content/uploads/2021/04/mahony-B-H-300x375.jpg,3,Meara,,,,,,,,,,,,,,,,,,,,,,,active
meara,,,,,,,true,,,,,,,,,,,,,,,,,,https://irishfamilysurnames.com/wp-content/uploads/2021/04/monaghan-B-H-300x375.jpg,4,Meara,,,,,,,,,,,,,,,,,,,,,,,active
meara,,,,,,,true,,,,,,,,,,,,,,,,,,https://irishfamilysurnames.com/wp-content/uploads/2021/04/molloy-B-H-300x375.jpg,5,Meara,,,,,,,,,,,,,,,,,,,,,,,active
meehan,Family name History & Crest Plaques - Meehan,"<p>Learn the full history of your family with a Family History or a Crest/History Combination.</p><p>Family History Standard : 16 x 20 cm | 6 x 8 inches. €9.90</p><p>Family History Large : 20 x 26 cm | 8 x 10 inches. €12.50</p><p>Family Combination (History &amp;amp;amp; Crest) : 26 x 20 cm | 10 x 8 inches.€14.95</p><p>Family Histories and Family Combinations are supplied mounted and ready to frame.<br/>FREE WORLDWIDE POSTAGE</p>",Irish Family Surnames,,General,"Heraldic Irish Family Names, Gifts under €25, Surname M",true,Title,Default Title,,,,,2194,0,shopify,20,deny,manual,12.45,,true,true,,https://irishfamilysurnames.com/wp-content/uploads/2021/04/meehan-B-H.jpg,1,Meehan,false,Family name History & Crest Plaques - Meehan,Learn the full history of your family with a Family History or a Crest/History Combination. Family History Standard : 16 x 20 cm | 6 x 8 inches. €9.90 Family History Large : 20 x 26 cm | 8 x 10 inches. €12.50 Family Combination (History &amp; Crest) : 26 x 20 cm | 10 x 8 inches.€14.95 Family Histories and Family Combin,,,,,,,,,,,,,g,,,true,true,,,active
meehan,,,,,,,true,,,,,,,,,,,,,,,,,,https://irishfamilysurnames.com/wp-content/uploads/2021/03/irishfamilysurnameslogo2.jpg,2,Meehan,,,,,,,,,,,,,,,,,,,,,,,active
meehan,,,,,,,true,,,,,,,,,,,,,,,,,,https://irishfamilysurnames.com/wp-content/uploads/2021/04/monahan-B-H-300x375.jpg,3,Meehan,,,,,,,,,,,,,,,,,,,,,,,active
meehan,,,,,,,true,,,,,,,,,,,,,,,,,,https://irishfamilysurnames.com/wp-content/uploads/2021/04/moore-B-H-300x375.jpg,4,Meehan,,,,,,,,,,,,,,,,,,,,,,,active
meehan,,,,,,,true,,,,,,,,,,,,,,,,,,https://irishfamilysurnames.com/wp-content/uploads/2021/04/martin-B-H-300x375.jpg,5,Meehan,,,,,,,,,,,,,,,,,,,,,,,active
molloy,Family name History & Crest Plaques - Molloy,"<p>Learn the full history of your family with a Family History or a Crest/History Combination.</p><p>Family History Standard : 16 x 20 cm | 6 x 8 inches. €9.90</p><p>Family History Large : 20 x 26 cm | 8 x 10 inches. €12.50</p><p>Family Combination (History &amp;amp;amp; Crest) : 26 x 20 cm | 10 x 8 inches.€14.95</p><p>Family Histories and Family Combinations are supplied mounted and ready to frame.<br/>FREE WORLDWIDE POSTAGE</p>",Irish Family Surnames,,General,"Heraldic Irish Family Names, Gifts under €25, Surname M",true,Title,Default Title,,,,,2215,0,shopify,20,deny,manual,12.45,,true,true,,https://irishfamilysurnames.com/wp-content/uploads/2021/04/molloy-B-H.jpg,1,Molloy,false,Family name History & Crest Plaques - Molloy,Learn the full history of your family with a Family History or a Crest/History Combination. Family History Standard : 16 x 20 cm | 6 x 8 inches. €9.90 Family History Large : 20 x 26 cm | 8 x 10 inches. €12.50 Family Combination (History &amp; Crest) : 26 x 20 cm | 10 x 8 inches.€14.95 Family Histories and Family Combin,,,,,,,,,,,,,g,,,true,true,,,active
molloy,,,,,,,true,,,,,,,,,,,,,,,,,,https://irishfamilysurnames.com/wp-content/uploads/2021/03/irishfamilysurnameslogo2.jpg,2,Molloy,,,,,,,,,,,,,,,,,,,,,,,active
molloy,,,,,,,true,,,,,,,,,,,,,,,,,,https://irishfamilysurnames.com/wp-content/uploads/2021/04/mara-B-H-300x375.jpg,3,Molloy,,,,,,,,,,,,,,,,,,,,,,,active
molloy,,,,,,,true,,,,,,,,,,,,,,,,,,https://irishfamilysurnames.com/wp-content/uploads/2021/04/malone-B-H-300x375.jpg,4,Molloy,,,,,,,,,,,,,,,,,,,,,,,active
molloy,,,,,,,true,,,,,,,,,,,,,,,,,,https://irishfamilysurnames.com/wp-content/uploads/2021/04/mahon-B-H-300x375.jpg,5,Molloy,,,,,,,,,,,,,,,,,,,,,,,active
moloney,Family name History & Crest Plaques - Moloney,"<p>Learn the full history of your family with a Family History or a Crest/History Combination.</p><p>Family History Standard : 16 x 20 cm | 6 x 8 inches. €9.90</p><p>Family History Large : 20 x 26 cm | 8 x 10 inches. €12.50</p><p>Family Combination (History &amp;amp;amp; Crest) : 26 x 20 cm | 10 x 8 inches.€14.95</p><p>Family Histories and Family Combinations are supplied mounted and ready to frame.<br/>FREE WORLDWIDE POSTAGE</p>",Irish Family Surnames,,General,"Heraldic Irish Family Names, Gifts under €25, Surname M",true,Title,Default Title,,,,,2238,0,shopify,20,deny,manual,12.45,,true,true,,https://irishfamilysurnames.com/wp-content/uploads/2021/04/moloney-B-H.jpg,1,Moloney,false,Family name History & Crest Plaques - Moloney,Learn the full history of your family with a Family History or a Crest/History Combination. Family History Standard : 16 x 20 cm | 6 x 8 inches. €9.90 Family History Large : 20 x 26 cm | 8 x 10 inches. €12.50 Family Combination (History &amp; Crest) : 26 x 20 cm | 10 x 8 inches.€14.95 Family Histories and Family Combin,,,,,,,,,,,,,g,,,true,true,,,active
moloney,,,,,,,true,,,,,,,,,,,,,,,,,,https://irishfamilysurnames.com/wp-content/uploads/2021/03/irishfamilysurnameslogo2.jpg,2,Moloney,,,,,,,,,,,,,,,,,,,,,,,active
moloney,,,,,,,true,,,,,,,,,,,,,,,,,,https://irishfamilysurnames.com/wp-content/uploads/2021/04/madden-B-H-300x375.jpg,3,Moloney,,,,,,,,,,,,,,,,,,,,,,,active
moloney,,,,,,,true,,,,,,,,,,,,,,,,,,https://irishfamilysurnames.com/wp-content/uploads/2021/04/manning-B-H-300x375.jpg,4,Moloney,,,,,,,,,,,,,,,,,,,,,,,active
moloney,,,,,,,true,,,,,,,,,,,,,,,,,,https://irishfamilysurnames.com/wp-content/uploads/2021/04/malone-B-H-300x375.jpg,5,Moloney,,,,,,,,,,,,,,,,,,,,,,,active
monahan,Family name History & Crest Plaques - Monahan,"<p>Learn the full history of your family with a Family History or a Crest/History Combination.</p><p>Family History Standard : 16 x 20 cm | 6 x 8 inches. €9.90</p><p>Family History Large : 20 x 26 cm | 8 x 10 inches. €12.50</p><p>Family Combination (History &amp;amp;amp; Crest) : 26 x 20 cm | 10 x 8 inches.€14.95</p><p>Family Histories and Family Combinations are supplied mounted and ready to frame.<br/>FREE WORLDWIDE POSTAGE</p>",Irish Family Surnames,,General,"Heraldic Irish Family Names, Gifts under €25, Surname M",true,Title,Default Title,,,,,2252,0,shopify,20,deny,manual,12.45,,true,true,,https://irishfamilysurnames.com/wp-content/uploads/2021/04/monahan-B-H.jpg,1,Monahan,false,Family name History & Crest Plaques - Monahan,Learn the full history of your family with a Family History or a Crest/History Combination. Family History Standard : 16 x 20 cm | 6 x 8 inches. €9.90 Family History Large : 20 x 26 cm | 8 x 10 inches. €12.50 Family Combination (History &amp; Crest) : 26 x 20 cm | 10 x 8 inches.€14.95 Family Histories and Family Combin,,,,,,,,,,,,,g,,,true,true,,,active
monahan,,,,,,,true,,,,,,,,,,,,,,,,,,https://irishfamilysurnames.com/wp-content/uploads/2021/03/irishfamilysurnameslogo2.jpg,2,Monahan,,,,,,,,,,,,,,,,,,,,,,,active
monahan,,,,,,,true,,,,,,,,,,,,,,,,,,https://irishfamilysurnames.com/wp-content/uploads/2021/04/malone-B-H-300x375.jpg,3,Monahan,,,,,,,,,,,,,,,,,,,,,,,active
monahan,,,,,,,true,,,,,,,,,,,,,,,,,,https://irishfamilysurnames.com/wp-content/uploads/2021/04/mahony-B-H-300x375.jpg,4,Monahan,,,,,,,,,,,,,,,,,,,,,,,active
monahan,,,,,,,true,,,,,,,,,,,,,,,,,,https://irishfamilysurnames.com/wp-content/uploads/2021/04/murray-B-H-300x375.jpg,5,Monahan,,,,,,,,,,,,,,,,,,,,,,,active
mullen,Family name History & Crest Plaques - Mullen,"<p>Learn the full history of your family with a Family History or a Crest/History Combination.</p><p>Family History Standard : 16 x 20 cm | 6 x 8 inches. €9.90</p><p>Family History Large : 20 x 26 cm | 8 x 10 inches. €12.50</p><p>Family Combination (History &amp;amp;amp; Crest) : 26 x 20 cm | 10 x 8 inches.€14.95</p><p>Family Histories and Family Combinations are supplied mounted and ready to frame.<br/>FREE WORLDWIDE POSTAGE</p>",Irish Family Surnames,,General,"Heraldic Irish Family Names, Gifts under €25, Surname M",true,Title,Default Title,,,,,2327,0,shopify,20,deny,manual,12.45,,true,true,,https://irishfamilysurnames.com/wp-content/uploads/2021/04/mullen-B-H.jpg,1,Mullen,false,Family name History & Crest Plaques - Mullen,Learn the full history of your family with a Family History or a Crest/History Combination. Family History Standard : 16 x 20 cm | 6 x 8 inches. €9.90 Family History Large : 20 x 26 cm | 8 x 10 inches. €12.50 Family Combination (History &amp; Crest) : 26 x 20 cm | 10 x 8 inches.€14.95 Family Histories and Family Combin,,,,,,,,,,,,,g,,,true,true,,,active
mullen,,,,,,,true,,,,,,,,,,,,,,,,,,https://irishfamilysurnames.com/wp-content/uploads/2021/03/irishfamilysurnameslogo2.jpg,2,Mullen,,,,,,,,,,,,,,,,,,,,,,,active
mullen,,,,,,,true,,,,,,,,,,,,,,,,,,https://irishfamilysurnames.com/wp-content/uploads/2021/04/martin-B-H-300x375.jpg,3,Mullen,,,,,,,,,,,,,,,,,,,,,,,active
mullen,,,,,,,true,,,,,,,,,,,,,,,,,,https://irishfamilysurnames.com/wp-content/uploads/2021/04/mooney-B-H-300x375.jpg,4,Mullen,,,,,,,,,,,,,,,,,,,,,,,active
mullen,,,,,,,true,,,,,,,,,,,,,,,,,,https://irishfamilysurnames.com/wp-content/uploads/2021/04/madden-B-H-300x375.jpg,5,Mullen,,,,,,,,,,,,,,,,,,,,,,,active
mcauley,Family name History & Crest Plaques - McAuley,"<p>Learn the full history of your family with a Family History or a Crest/History Combination.</p><p>Family History Standard : 16 x 20 cm | 6 x 8 inches. €9.90</p><p>Family History Large : 20 x 26 cm | 8 x 10 inches. €12.50</p><p>Family Combination (History &amp;amp;amp; Crest) : 26 x 20 cm | 10 x 8 inches.€14.95</p><p>Family Histories and Family Combinations are supplied mounted and ready to frame.<br/>FREE WORLDWIDE POSTAGE</p>",Irish Family Surnames,,General,"Heraldic Irish Family Names, Gifts under €25, Surname M",true,Title,Default Title,,,,,2371,0,shopify,20,deny,manual,12.45,,true,true,,https://irishfamilysurnames.com/wp-content/uploads/2021/04/mcauley-B-H.jpg,1,McAuley,false,Family name History & Crest Plaques - McAuley,Learn the full history of your family with a Family History or a Crest/History Combination. Family History Standard : 16 x 20 cm | 6 x 8 inches. €9.90 Family History Large : 20 x 26 cm | 8 x 10 inches. €12.50 Family Combination (History &amp; Crest) : 26 x 20 cm | 10 x 8 inches.€14.95 Family Histories and Family Combin,,,,,,,,,,,,,g,,,true,true,,,active
mcauley,,,,,,,true,,,,,,,,,,,,,,,,,,https://irishfamilysurnames.com/wp-content/uploads/2021/03/irishfamilysurnameslogo2.jpg,2,McAuley,,,,,,,,,,,,,,,,,,,,,,,active
mcauley,,,,,,,true,,,,,,,,,,,,,,,,,,https://irishfamilysurnames.com/wp-content/uploads/2021/04/mcgee-B-H-300x375.jpg,3,McAuley,,,,,,,,,,,,,,,,,,,,,,,active
mcauley,,,,,,,true,,,,,,,,,,,,,,,,,,https://irishfamilysurnames.com/wp-content/uploads/2021/04/mccormick-B-H-300x375.jpg,4,McAuley,,,,,,,,,,,,,,,,,,,,,,,active
mcauley,,,,,,,true,,,,,,,,,,,,,,,,,,https://irishfamilysurnames.com/wp-content/uploads/2021/04/mcinerney-B-H-300x375.jpg,5,McAuley,,,,,,,,,,,,,,,,,,,,,,,active
mccann,Family name History & Crest Plaques - McCann,"<p>Learn the full history of your family with a Family History or a Crest/History Combination.</p><p>Family History Standard : 16 x 20 cm | 6 x 8 inches. €9.90</p><p>Family History Large : 20 x 26 cm | 8 x 10 inches. €12.50</p><p>Family Combination (History &amp;amp;amp; Crest) : 26 x 20 cm | 10 x 8 inches.€14.95</p><p>Family Histories and Family Combinations are supplied mounted and ready to frame.<br/>FREE WORLDWIDE POSTAGE</p>",Irish Family Surnames,,General,"Heraldic Irish Family Names, Gifts under €25, Surname M",true,Title,Default Title,,,,,2405,0,shopify,20,deny,manual,12.45,,true,true,,https://irishfamilysurnames.com/wp-content/uploads/2021/04/mccann-BH.jpg,1,McCann,false,Family name History & Crest Plaques - McCann,Learn the full history of your family with a Family History or a Crest/History Combination. Family History Standard : 16 x 20 cm | 6 x 8 inches. €9.90 Family History Large : 20 x 26 cm | 8 x 10 inches. €12.50 Family Combination (History &amp; Crest) : 26 x 20 cm | 10 x 8 inches.€14.95 Family Histories and Family Combin,,,,,,,,,,,,,g,,,true,true,,,active
mccann,,,,,,,true,,,,,,,,,,,,,,,,,,https://irishfamilysurnames.com/wp-content/uploads/2021/03/irishfamilysurnameslogo2.jpg,2,McCann,,,,,,,,,,,,,,,,,,,,,,,active
mccann,,,,,,,true,,,,,,,,,,,,,,,,,,https://irishfamilysurnames.com/wp-content/uploads/2021/04/mccabe-B-H-300x375.jpg,3,McCann,,,,,,,,,,,,,,,,,,,,,,,active
mccann,,,,,,,true,,,,,,,,,,,,,,,,,,https://irishfamilysurnames.com/wp-content/uploads/2021/04/mcnally-B-H-300x375.jpg,4,McCann,,,,,,,,,,,,,,,,,,,,,,,active
mccann,,,,,,,true,,,,,,,,,,,,,,,,,,https://irishfamilysurnames.com/wp-content/uploads/2021/04/mchugh-B-H-300x375.jpg,5,McCann,,,,,,,,,,,,,,,,,,,,,,,active
oboyle,Family name History & Crest Plaques - O'Boyle,"<p>Learn the full history of your family with a Family History or a Crest/History Combination.</p><p>Family History Standard : 16 x 20 cm | 6 x 8 inches. €9.90</p><p>Family History Large : 20 x 26 cm | 8 x 10 inches. €12.50</p><p>Family Combination (History &amp;amp;amp; Crest) : 26 x 20 cm | 10 x 8 inches.€14.95</p><p>Family Histories and Family Combinations are supplied mounted and ready to frame.<br/>FREE WORLDWIDE POSTAGE</p>",Irish Family Surnames,,General,"Heraldic Irish Family Names, Gifts under €25, Surname O",true,Title,Default Title,,,,,3454,0,shopify,20,deny,manual,12.45,,true,true,,https://irishfamilysurnames.com/wp-content/uploads/2021/04/o-boyle-B-H.jpg,1,O'Boyle,false,Family name History & Crest Plaques - O'Boyle,Learn the full history of your family with a Family History or a Crest/History Combination. Family History Standard : 16 x 20 cm | 6 x 8 inches. €9.90 Family History Large : 20 x 26 cm | 8 x 10 inches. €12.50 Family Combination (History &amp; Crest) : 26 x 20 cm | 10 x 8 inches.€14.95 Family Histories and Family Combin,,,,,,,,,,,,,g,,,true,true,,,active
oboyle,,,,,,,true,,,,,,,,,,,,,,,,,,https://irishfamilysurnames.com/wp-content/uploads/2021/03/irishfamilysurnameslogo2.jpg,2,O'Boyle,,,,,,,,,,,,,,,,,,,,,,,active
oboyle,,,,,,,true,,,,,,,,,,,,,,,,,,https://irishfamilysurnames.com/wp-content/uploads/2021/04/o-dwyer-B-H-300x375.jpg,3,O'Boyle,,,,,,,,,,,,,,,,,,,,,,,active
oboyle,,,,,,,true,,,,,,,,,,,,,,,,,,https://irishfamilysurnames.com/wp-content/uploads/2021/04/o-flanagan-B-H-300x375.jpg,4,O'Boyle,,,,,,,,,,,,,,,,,,,,,,,active
oboyle,,,,,,,true,,,,,,,,,,,,,,,,,,https://irishfamilysurnames.com/wp-content/uploads/2021/04/o-duffy-B-H-300x375.jpg,5,O'Boyle,,,,,,,,,,,,,,,,,,,,,,,active
odoherty,Family name History & Crest Plaques - O'Doherty,"<p>Learn the full history of your family with a Family History or a Crest/History Combination.</p><p>Family History Standard : 16 x 20 cm | 6 x 8 inches. €9.90</p><p>Family History Large : 20 x 26 cm | 8 x 10 inches. €12.50</p><p>Family Combination (History &amp;amp;amp; Crest) : 26 x 20 cm | 10 x 8 inches.€14.95</p><p>Family Histories and Family Combinations are supplied mounted and ready to frame.<br/>FREE WORLDWIDE POSTAGE</p>",Irish Family Surnames,,General,"Heraldic Irish Family Names, Gifts under €25, Surname O",true,Title,Default Title,,,,,3578,0,shopify,20,deny,manual,12.45,,true,true,,https://irishfamilysurnames.com/wp-content/uploads/2021/04/o-doherty-B-H.jpg,1,O'Doherty,false,Family name History & Crest Plaques - O'Doherty,Learn the full history of your family with a Family History or a Crest/History Combination. Family History Standard : 16 x 20 cm | 6 x 8 inches. €9.90 Family History Large : 20 x 26 cm | 8 x 10 inches. €12.50 Family Combination (History &amp; Crest) : 26 x 20 cm | 10 x 8 inches.€14.95 Family Histories and Family Combin,,,,,,,,,,,,,g,,,true,true,,,active
odoherty,,,,,,,true,,,,,,,,,,,,,,,,,,https://irishfamilysurnames.com/wp-content/uploads/2021/03/irishfamilysurnameslogo2.jpg,2,O'Doherty,,,,,,,,,,,,,,,,,,,,,,,active
odoherty,,,,,,,true,,,,,,,,,,,,,,,,,,https://irishfamilysurnames.com/wp-content/uploads/2021/04/o-keefe-B-H-300x375.jpg,3,O'Doherty,,,,,,,,,,,,,,,,,,,,,,,active
odoherty,,,,,,,true,,,,,,,,,,,,,,,,,,https://irishfamilysurnames.com/wp-content/uploads/2021/04/o-dougherty-B-H-300x375.jpg,4,O'Doherty,,,,,,,,,,,,,,,,,,,,,,,active
odoherty,,,,,,,true,,,,,,,,,,,,,,,,,,https://irishfamilysurnames.com/wp-content/uploads/2021/04/ohanlon-B-H-300x375.jpg,5,O'Doherty,,,,,,,,,,,,,,,,,,,,,,,active
odonohoe,Family name History & Crest Plaques - O'Donohoe,"<p>Learn the full history of your family with a Family History or a Crest/History Combination.</p><p>Family History Standard : 16 x 20 cm | 6 x 8 inches. €9.90</p><p>Family History Large : 20 x 26 cm | 8 x 10 inches. €12.50</p><p>Family Combination (History &amp;amp;amp; Crest) : 26 x 20 cm | 10 x 8 inches.€14.95</p><p>Family Histories and Family Combinations are supplied mounted and ready to frame.<br/>FREE WORLDWIDE POSTAGE</p>",Irish Family Surnames,,General,"Heraldic Irish Family Names, Gifts under €25, Surname O",true,Title,Default Title,,,,,3622,0,shopify,20,deny,manual,12.45,,true,true,,https://irishfamilysurnames.com/wp-content/uploads/2021/04/odonohoe-B-H.jpg,1,O'Donohoe,false,Family name History & Crest Plaques - O'Donohoe,Learn the full history of your family with a Family History or a Crest/History Combination. Family History Standard : 16 x 20 cm | 6 x 8 inches. €9.90 Family History Large : 20 x 26 cm | 8 x 10 inches. €12.50 Family Combination (History &amp; Crest) : 26 x 20 cm | 10 x 8 inches.€14.95 Family Histories and Family Combin,,,,,,,,,,,,,g,,,true,true,,,active
odonohoe,,,,,,,true,,,,,,,,,,,,,,,,,,https://irishfamilysurnames.com/wp-content/uploads/2021/03/irishfamilysurnameslogo2.jpg,2,O'Donohoe,,,,,,,,,,,,,,,,,,,,,,,active
odonohoe,,,,,,,true,,,,,,,,,,,,,,,,,,https://irishfamilysurnames.com/wp-content/uploads/2021/04/o-gorman-B-H-300x375.jpg,3,O'Donohoe,,,,,,,,,,,,,,,,,,,,,,,active
odonohoe,,,,,,,true,,,,,,,,,,,,,,,,,,https://irishfamilysurnames.com/wp-content/uploads/2021/04/o-byrne-B-H-300x375.jpg,4,O'Donohoe,,,,,,,,,,,,,,,,,,,,,,,active
odonohoe,,,,,,,true,,,,,,,,,,,,,,,,,,https://irishfamilysurnames.com/wp-content/uploads/2021/04/o-keefe-B-H-300x375.jpg,5,O'Donohoe,,,,,,,,,,,,,,,,,,,,,,,active
oduffy,Family name History & Crest Plaques - O'Duffy,"<p>Learn the full history of your family with a Family History or a Crest/History Combination.</p><p>Family History Standard : 16 x 20 cm | 6 x 8 inches. €9.90</p><p>Family History Large : 20 x 26 cm | 8 x 10 inches. €12.50</p><p>Family Combination (History &amp;amp;amp; Crest) : 26 x 20 cm | 10 x 8 inches.€14.95</p><p>Family Histories and Family Combinations are supplied mounted and ready to frame.<br/>FREE WORLDWIDE POSTAGE</p>",Irish Family Surnames,,General,"Heraldic Irish Family Names, Gifts under €25, Surname O",true,Title,Default Title,,,,,3664,0,shopify,20,deny,manual,12.45,,true,true,,https://irishfamilysurnames.com/wp-content/uploads/2021/04/o-duffy-B-H.jpg,1,O'Duffy,false,Family name History & Crest Plaques - O'Duffy,Learn the full history of your family with a Family History or a Crest/History Combination. Family History Standard : 16 x 20 cm | 6 x 8 inches. €9.90 Family History Large : 20 x 26 cm | 8 x 10 inches. €12.50 Family Combination (History &amp; Crest) : 26 x 20 cm | 10 x 8 inches.€14.95 Family Histories and Family Combin,,,,,,,,,,,,,g,,,true,true,,,active
oduffy,,,,,,,true,,,,,,,,,,,,,,,,,,https://irishfamilysurnames.com/wp-content/uploads/2021/03/irishfamilysurnameslogo2.jpg,2,O'Duffy,,,,,,,,,,,,,,,,,,,,,,,active
oduffy,,,,,,,true,,,,,,,,,,,,,,,,,,https://irishfamilysurnames.com/wp-content/uploads/2021/04/o-kelly-B-H-300x375.jpg,3,O'Duffy,,,,,,,,,,,,,,,,,,,,,,,active
oduffy,,,,,,,true,,,,,,,,,,,,,,,,,,https://irishfamilysurnames.com/wp-content/uploads/2021/04/o-brien-B-H-300x375.jpg,4,O'Duffy,,,,,,,,,,,,,,,,,,,,,,,active
oduffy,,,,,,,true,,,,,,,,,,,,,,,,,,https://irishfamilysurnames.com/wp-content/uploads/2021/04/o-donoghue-B-H-300x375.jpg,5,O'Duffy,,,,,,,,,,,,,,,,,,,,,,,active
oriordan,Family name History & Crest Plaques - O'Riordan,"<p>Learn the full history of your family with a Family History or a Crest/History Combination.</p><p>Family History Standard : 16 x 20 cm | 6 x 8 inches. €9.90</p><p>Family History Large : 20 x 26 cm | 8 x 10 inches. €12.50</p><p>Family Combination (History &amp;amp;amp; Crest) : 26 x 20 cm | 10 x 8 inches.€14.95</p><p>Family Histories and Family Combinations are supplied mounted and ready to frame.<br/>FREE WORLDWIDE POSTAGE</p>",Irish Family Surnames,,General,"Heraldic Irish Family Names, Gifts under €25, Surname O",true,Title,Default Title,,,,,3998,0,shopify,20,deny,manual,12.45,,true,true,,https://irishfamilysurnames.com/wp-content/uploads/2021/04/o-riordan-B-H.jpg,1,O'Riordan,false,Family name History & Crest Plaques - O'Riordan,Learn the full history of your family with a Family History or a Crest/History Combination. Family History Standard : 16 x 20 cm | 6 x 8 inches. €9.90 Family History Large : 20 x 26 cm | 8 x 10 inches. €12.50 Family Combination (History &amp; Crest) : 26 x 20 cm | 10 x 8 inches.€14.95 Family Histories and Family Combin,,,,,,,,,,,,,g,,,true,true,,,active
oriordan,,,,,,,true,,,,,,,,,,,,,,,,,,https://irishfamilysurnames.com/wp-content/uploads/2021/03/irishfamilysurnameslogo2.jpg,2,O'Riordan,,,,,,,,,,,,,,,,,,,,,,,active
oriordan,,,,,,,true,,,,,,,,,,,,,,,,,,https://irishfamilysurnames.com/wp-content/uploads/2021/04/o-kelly-B-H-300x375.jpg,3,O'Riordan,,,,,,,,,,,,,,,,,,,,,,,active
oriordan,,,,,,,true,,,,,,,,,,,,,,,,,,https://irishfamilysurnames.com/wp-content/uploads/2021/04/o-keeffe-B-H-300x375.jpg,4,O'Riordan,,,,,,,,,,,,,,,,,,,,,,,active
oriordan,,,,,,,true,,,,,,,,,,,,,,,,,,https://irishfamilysurnames.com/wp-content/uploads/2021/04/o-higgins-B-H-300x375.jpg,5,O'Riordan,,,,,,,,,,,,,,,,,,,,,,,active
reid,Family name History & Crest Plaques - Reid,"<p>Learn the full history of your family with a Family History or a Crest/History Combination.</p><p>Family History Standard : 16 x 20 cm | 6 x 8 inches. €9.90</p><p>Family History Large : 20 x 26 cm | 8 x 10 inches. €12.50</p><p>Family Combination (History &amp;amp;amp; Crest) : 26 x 20 cm | 10 x 8 inches.€14.95</p><p>Family Histories and Family Combinations are supplied mounted and ready to frame.<br/>FREE WORLDWIDE POSTAGE</p>",Irish Family Surnames,,General,"Heraldic Irish Family Names, Gifts under €25, Surname R",true,Title,Default Title,,,,,2901,0,shopify,20,deny,manual,12.45,,true,true,,https://irishfamilysurnames.com/wp-content/uploads/2021/04/reid-B-H.jpg,1,Reid,false,Family name History & Crest Plaques - Reid,Learn the full history of your family with a Family History or a Crest/History Combination. Family History Standard : 16 x 20 cm | 6 x 8 inches. €9.90 Family History Large : 20 x 26 cm | 8 x 10 inches. €12.50 Family Combination (History &amp; Crest) : 26 x 20 cm | 10 x 8 inches.€14.95 Family Histories and Family Combin,,,,,,,,,,,,,g,,,true,true,,,active
reid,,,,,,,true,,,,,,,,,,,,,,,,,,https://irishfamilysurnames.com/wp-content/uploads/2021/03/irishfamilysurnameslogo2.jpg,2,Reid,,,,,,,,,,,,,,,,,,,,,,,active
reid,,,,,,,true,,,,,,,,,,,,,,,,,,https://irishfamilysurnames.com/wp-content/uploads/2021/04/roark-B-H-300x375.jpg,3,Reid,,,,,,,,,,,,,,,,,,,,,,,active
reid,,,,,,,true,,,,,,,,,,,,,,,,,,https://irishfamilysurnames.com/wp-content/uploads/2021/04/reardon-B-H-300x375.jpg,4,Reid,,,,,,,,,,,,,,,,,,,,,,,active
reid,,,,,,,true,,,,,,,,,,,,,,,,,,https://irishfamilysurnames.com/wp-content/uploads/2021/04/regan-B-H-300x375.jpg,5,Reid,,,,,,,,,,,,,,,,,,,,,,,active
reilly,Family name History & Crest Plaques - Reilly,"<p>Learn the full history of your family with a Family History or a Crest/History Combination.</p><p>Family History Standard : 16 x 20 cm | 6 x 8 inches. €9.90</p><p>Family History Large : 20 x 26 cm | 8 x 10 inches. €12.50</p><p>Family Combination (History &amp;amp;amp; Crest) : 26 x 20 cm | 10 x 8 inches.€14.95</p><p>Family Histories and Family Combinations are supplied mounted and ready to frame.<br/>FREE WORLDWIDE POSTAGE</p>",Irish Family Surnames,,General,"Heraldic Irish Family Names, Gifts under €25, Surname R",true,Title,Default Title,,,,,2913,0,shopify,20,deny,manual,12.45,,true,true,,https://irishfamilysurnames.com/wp-content/uploads/2021/04/reilly-B-H.jpg,1,Reilly,false,Family name History & Crest Plaques - Reilly,Learn the full history of your family with a Family History or a Crest/History Combination. Family History Standard : 16 x 20 cm | 6 x 8 inches. €9.90 Family History Large : 20 x 26 cm | 8 x 10 inches. €12.50 Family Combination (History &amp; Crest) : 26 x 20 cm | 10 x 8 inches.€14.95 Family Histories and Family Combin,,,,,,,,,,,,,g,,,true,true,,,active
reilly,,,,,,,true,,,,,,,,,,,,,,,,,,https://irishfamilysurnames.com/wp-content/uploads/2021/03/irishfamilysurnameslogo2.jpg,2,Reilly,,,,,,,,,,,,,,,,,,,,,,,active
reilly,,,,,,,true,,,,,,,,,,,,,,,,,,https://irishfamilysurnames.com/wp-content/uploads/2021/04/roark-B-H-300x375.jpg,3,Reilly,,,,,,,,,,,,,,,,,,,,,,,active
reilly,,,,,,,true,,,,,,,,,,,,,,,,,,https://irishfamilysurnames.com/wp-content/uploads/2021/04/redmond-B-H-300x375.jpg,4,Reilly,,,,,,,,,,,,,,,,,,,,,,,active
reilly,,,,,,,true,,,,,,,,,,,,,,,,,,https://irishfamilysurnames.com/wp-content/uploads/2021/04/reid-B-H-300x375.jpg,5,Reilly,,,,,,,,,,,,,,,,,,,,,,,active
riordan,Family name History & Crest Plaques - Riordan,"<p>Learn the full history of your family with a Family History or a Crest/History Combination.</p><p>Family History Standard : 16 x 20 cm | 6 x 8 inches. €9.90</p><p>Family History Large : 20 x 26 cm | 8 x 10 inches. €12.50</p><p>Family Combination (History &amp;amp;amp; Crest) : 26 x 20 cm | 10 x 8 inches.€14.95</p><p>Family Histories and Family Combinations are supplied mounted and ready to frame.<br/>FREE WORLDWIDE POSTAGE</p>",Irish Family Surnames,,General,"Heraldic Irish Family Names, Gifts under €25, Surname R",true,Title,Default Title,,,,,2950,0,shopify,20,deny,manual,12.45,,true,true,,https://irishfamilysurnames.com/wp-content/uploads/2021/04/riordan-B-H.jpg,1,Riordan,false,Family name History & Crest Plaques - Riordan,Learn the full history of your family with a Family History or a Crest/History Combination. Family History Standard : 16 x 20 cm | 6 x 8 inches. €9.90 Family History Large : 20 x 26 cm | 8 x 10 inches. €12.50 Family Combination (History &amp; Crest) : 26 x 20 cm | 10 x 8 inches.€14.95 Family Histories and Family Combin,,,,,,,,,,,,,g,,,true,true,,,active
riordan,,,,,,,true,,,,,,,,,,,,,,,,,,https://irishfamilysurnames.com/wp-content/uploads/2021/03/irishfamilysurnameslogo2.jpg,2,Riordan,,,,,,,,,,,,,,,,,,,,,,,active
riordan,,,,,,,true,,,,,,,,,,,,,,,,,,https://irishfamilysurnames.com/wp-content/uploads/2021/04/reid-B-H-300x375.jpg,3,Riordan,,,,,,,,,,,,,,,,,,,,,,,active
riordan,,,,,,,true,,,,,,,,,,,,,,,,,,https://irishfamilysurnames.com/wp-content/uploads/2021/04/redmond-B-H-300x375.jpg,4,Riordan,,,,,,,,,,,,,,,,,,,,,,,active
riordan,,,,,,,true,,,,,,,,,,,,,,,,,,https://irishfamilysurnames.com/wp-content/uploads/2021/04/reynolds-B-H-300x375.jpg,5,Riordan,,,,,,,,,,,,,,,,,,,,,,,active
roach,Family name History & Crest Plaques - Roach,"<p>Learn the full history of your family with a Family History or a Crest/History Combination.</p><p>Family History Standard : 16 x 20 cm | 6 x 8 inches. €9.90</p><p>Family History Large : 20 x 26 cm | 8 x 10 inches. €12.50</p><p>Family Combination (History &amp;amp;amp; Crest) : 26 x 20 cm | 10 x 8 inches.€14.95</p><p>Family Histories and Family Combinations are supplied mounted and ready to frame.<br/>FREE WORLDWIDE POSTAGE</p>",Irish Family Surnames,,General,"Heraldic Irish Family Names, Gifts under €25, Surname R",true,Title,Default Title,,,,,2961,0,shopify,20,deny,manual,12.45,,true,true,,https://irishfamilysurnames.com/wp-content/uploads/2021/04/roach-B-H.jpg,1,Roach,false,Family name History & Crest Plaques - Roach,Learn the full history of your family with a Family History or a Crest/History Combination. Family History Standard : 16 x 20 cm | 6 x 8 inches. €9.90 Family History Large : 20 x 26 cm | 8 x 10 inches. €12.50 Family Combination (History &amp; Crest) : 26 x 20 cm | 10 x 8 inches.€14.95 Family Histories and Family Combin,,,,,,,,,,,,,g,,,true,true,,,active
roach,,,,,,,true,,,,,,,,,,,,,,,,,,https://irishfamilysurnames.com/wp-content/uploads/2021/03/irishfamilysurnameslogo2.jpg,2,Roach,,,,,,,,,,,,,,,,,,,,,,,active
roach,,,,,,,true,,,,,,,,,,,,,,,,,,https://irishfamilysurnames.com/wp-content/uploads/2021/04/regan-B-H-300x375.jpg,3,Roach,,,,,,,,,,,,,,,,,,,,,,,active
roach,,,,,,,true,,,,,,,,,,,,,,,,,,https://irishfamilysurnames.com/wp-content/uploads/2021/04/roche-B-H-300x375.jpg,4,Roach,,,,,,,,,,,,,,,,,,,,,,,active
roach,,,,,,,true,,,,,,,,,,,,,,,,,,https://irishfamilysurnames.com/wp-content/uploads/2021/04/reagan-B-H-300x375.jpg,5,Roach,,,,,,,,,,,,,,,,,,,,,,,active
stapleton,Family name History & Crest Plaques - Stapleton,"<p>Learn the full history of your family with a Family History or a Crest/History Combination.</p><p>Family History Standard : 16 x 20 cm | 6 x 8 inches. €9.90</p><p>Family History Large : 20 x 26 cm | 8 x 10 inches. €12.50</p><p>Family Combination (History &amp;amp;amp; Crest) : 26 x 20 cm | 10 x 8 inches.€14.95</p><p>Family Histories and Family Combinations are supplied mounted and ready to frame.<br/>FREE WORLDWIDE POSTAGE</p>",Irish Family Surnames,,General,"Heraldic Irish Family Names, Gifts under €25, Surname S",true,Title,Default Title,,,,,4199,0,shopify,20,deny,manual,12.45,,true,true,,https://irishfamilysurnames.com/wp-content/uploads/2021/04/stapleton-B-H.jpg,1,Stapleton,false,Family name History & Crest Plaques - Stapleton,Learn the full history of your family with a Family History or a Crest/History Combination. Family History Standard : 16 x 20 cm | 6 x 8 inches. €9.90 Family History Large : 20 x 26 cm | 8 x 10 inches. €12.50 Family Combination (History &amp; Crest) : 26 x 20 cm | 10 x 8 inches.€14.95 Family Histories and Family Combin,,,,,,,,,,,,,g,,,true,true,,,active
stapleton,,,,,,,true,,,,,,,,,,,,,,,,,,https://irishfamilysurnames.com/wp-content/uploads/2021/03/irishfamilysurnameslogo2.jpg,2,Stapleton,,,,,,,,,,,,,,,,,,,,,,,active
stapleton,,,,,,,true,,,,,,,,,,,,,,,,,,https://irishfamilysurnames.com/wp-content/uploads/2021/04/SHERIDAN-B-H-1-300x375.jpg,3,Stapleton,,,,,,,,,,,,,,,,,,,,,,,active
stapleton,,,,,,,true,,,,,,,,,,,,,,,,,,https://irishfamilysurnames.com/wp-content/uploads/2021/04/scott-B-H-300x375.jpg,4,Stapleton,,,,,,,,,,,,,,,,,,,,,,,active
stapleton,,,,,,,true,,,,,,,,,,,,,,,,,,https://irishfamilysurnames.com/wp-content/uploads/2021/04/shannon-B-H-300x375.jpg,5,Stapleton,,,,,,,,,,,,,,,,,,,,,,,active
sullivan,Family name History & Crest Plaques - Sullivan,"<p>Learn the full history of your family with a Family History or a Crest/History Combination.</p><p>Family History Standard : 16 x 20 cm | 6 x 8 inches. €9.90</p><p>Family History Large : 20 x 26 cm | 8 x 10 inches. €12.50</p><p>Family Combination (History &amp;amp;amp; Crest) : 26 x 20 cm | 10 x 8 inches.€14.95</p><p>Family Histories and Family Combinations are supplied mounted and ready to frame.<br/>FREE WORLDWIDE POSTAGE</p>",Irish Family Surnames,,General,"Heraldic Irish Family Names, Gifts under €25, Surname S",true,Title,Default Title,,,,,4221,0,shopify,20,deny,manual,12.45,,true,true,,https://irishfamilysurnames.com/wp-content/uploads/2021/04/sullivan-B-H.jpg,1,Sullivan,false,Family name History & Crest Plaques - Sullivan,Learn the full history of your family with a Family History or a Crest/History Combination. Family History Standard : 16 x 20 cm | 6 x 8 inches. €9.90 Family History Large : 20 x 26 cm | 8 x 10 inches. €12.50 Family Combination (History &amp; Crest) : 26 x 20 cm | 10 x 8 inches.€14.95 Family Histories and Family Combin,,,,,,,,,,,,,g,,,true,true,,,active
sullivan,,,,,,,true,,,,,,,,,,,,,,,,,,https://irishfamilysurnames.com/wp-content/uploads/2021/03/irishfamilysurnameslogo2.jpg,2,Sullivan,,,,,,,,,,,,,,,,,,,,,,,active
sullivan,,,,,,,true,,,,,,,,,,,,,,,,,,https://irishfamilysurnames.com/wp-content/uploads/2021/04/shannon-B-H-300x375.jpg,3,Sullivan,,,,,,,,,,,,,,,,,,,,,,,active
sullivan,,,,,,,true,,,,,,,,,,,,,,,,,,https://irishfamilysurnames.com/wp-content/uploads/2021/04/sheehan-B-H-300x375.jpg,4,Sullivan,,,,,,,,,,,,,,,,,,,,,,,active
sullivan,,,,,,,true,,,,,,,,,,,,,,,,,,https://irishfamilysurnames.com/wp-content/uploads/2021/04/stewart-B-H-300x375.jpg,5,Sullivan,,,,,,,,,,,,,,,,,,,,,,,active
sweeney,Family name History & Crest Plaques - Sweeney,"<p>Learn the full history of your family with a Family History or a Crest/History Combination.</p><p>Family History Standard : 16 x 20 cm | 6 x 8 inches. €9.90</p><p>Family History Large : 20 x 26 cm | 8 x 10 inches. €12.50</p><p>Family Combination (History &amp;amp;amp; Crest) : 26 x 20 cm | 10 x 8 inches.€14.95</p><p>Family Histories and Family Combinations are supplied mounted and ready to frame.<br/>FREE WORLDWIDE POSTAGE</p>",Irish Family Surnames,,General,"Heraldic Irish Family Names, Gifts under €25, Surname S",true,Title,Default Title,,,,,4232,0,shopify,20,deny,manual,12.45,,true,true,,https://irishfamilysurnames.com/wp-content/uploads/2021/04/sweeney-B-H.jpg,1,Sweeney,false,Family name History & Crest Plaques - Sweeney,Learn the full history of your family with a Family History or a Crest/History Combination. Family History Standard : 16 x 20 cm | 6 x 8 inches. €9.90 Family History Large : 20 x 26 cm | 8 x 10 inches. €12.50 Family Combination (History &amp; Crest) : 26 x 20 cm | 10 x 8 inches.€14.95 Family Histories and Family Combin,,,,,,,,,,,,,g,,,true,true,,,active
sweeney,,,,,,,true,,,,,,,,,,,,,,,,,,https://irishfamilysurnames.com/wp-content/uploads/2021/03/irishfamilysurnameslogo2.jpg,2,Sweeney,,,,,,,,,,,,,,,,,,,,,,,active
sweeney,,,,,,,true,,,,,,,,,,,,,,,,,,https://irishfamilysurnames.com/wp-content/uploads/2021/04/shannon-B-H-300x375.jpg,3,Sweeney,,,,,,,,,,,,,,,,,,,,,,,active
sweeney,,,,,,,true,,,,,,,,,,,,,,,,,,https://irishfamilysurnames.com/wp-content/uploads/2021/04/smith-B-H-300x375.jpg,4,Sweeney,,,,,,,,,,,,,,,,,,,,,,,active
sweeney,,,,,,,true,,,,,,,,,,,,,,,,,,https://irishfamilysurnames.com/wp-content/uploads/2021/04/scott-B-H-300x375.jpg,5,Sweeney,,,,,,,,,,,,,,,,,,,,,,,active
tobin,Family name History & Crest Plaques - Tobin,"<p>Learn the full history of your family with a Family History or a Crest/History Combination.</p><p>Family History Standard : 16 x 20 cm | 6 x 8 inches. €9.90</p><p>Family History Large : 20 x 26 cm | 8 x 10 inches. €12.50</p><p>Family Combination (History &amp;amp;amp; Crest) : 26 x 20 cm | 10 x 8 inches.€14.95</p><p>Family Histories and Family Combinations are supplied mounted and ready to frame.<br/>FREE WORLDWIDE POSTAGE</p>",Irish Family Surnames,,General,"Heraldic Irish Family Names, Gifts under €25, Surname T",true,Title,Default Title,,,,,4820,0,shopify,20,deny,manual,12.45,,true,true,,https://irishfamilysurnames.com/wp-content/uploads/2021/04/tobin-B-H.jpg,1,Tobin,false,Family name History & Crest Plaques - Tobin,Learn the full history of your family with a Family History or a Crest/History Combination. Family History Standard : 16 x 20 cm | 6 x 8 inches. €9.90 Family History Large : 20 x 26 cm | 8 x 10 inches. €12.50 Family Combination (History &amp; Crest) : 26 x 20 cm | 10 x 8 inches.€14.95 Family Histories and Family Combin,,,,,,,,,,,,,g,,,true,true,,,active
tobin,,,,,,,true,,,,,,,,,,,,,,,,,,https://irishfamilysurnames.com/wp-content/uploads/2021/03/irishfamilysurnameslogo2.jpg,2,Tobin,,,,,,,,,,,,,,,,,,,,,,,active
tobin,,,,,,,true,,,,,,,,,,,,,,,,,,https://irishfamilysurnames.com/wp-content/uploads/2021/04/toole-B-H-300x375.jpg,3,Tobin,,,,,,,,,,,,,,,,,,,,,,,active
tobin,,,,,,,true,,,,,,,,,,,,,,,,,,https://irishfamilysurnames.com/wp-content/uploads/2021/04/tracy-B-H-300x375.jpg,4,Tobin,,,,,,,,,,,,,,,,,,,,,,,active
tobin,,,,,,,true,,,,,,,,,,,,,,,,,,https://irishfamilysurnames.com/wp-content/uploads/2021/04/thompson-B-H-300x375.jpg,5,Tobin,,,,,,,,,,,,,,,,,,,,,,,active
toole,Family name History & Crest Plaques - Toole,"<p>Learn the full history of your family with a Family History or a Crest/History Combination.</p><p>Family History Standard : 16 x 20 cm | 6 x 8 inches. €9.90</p><p>Family History Large : 20 x 26 cm | 8 x 10 inches. €12.50</p><p>Family Combination (History &amp;amp;amp; Crest) : 26 x 20 cm | 10 x 8 inches.€14.95</p><p>Family Histories and Family Combinations are supplied mounted and ready to frame.<br/>FREE WORLDWIDE POSTAGE</p>",Irish Family Surnames,,General,"Heraldic Irish Family Names, Gifts under €25, Surname T",true,Title,Default Title,,,,,4831,0,shopify,20,deny,manual,12.45,,true,true,,https://irishfamilysurnames.com/wp-content/uploads/2021/04/toole-B-H.jpg,1,Toole,false,Family name History & Crest Plaques - Toole,Learn the full history of your family with a Family History or a Crest/History Combination. Family History Standard : 16 x 20 cm | 6 x 8 inches. €9.90 Family History Large : 20 x 26 cm | 8 x 10 inches. €12.50 Family Combination (History &amp; Crest) : 26 x 20 cm | 10 x 8 inches.€14.95 Family Histories and Family Combin,,,,,,,,,,,,,g,,,true,true,,,active
toole,,,,,,,true,,,,,,,,,,,,,,,,,,https://irishfamilysurnames.com/wp-content/uploads/2021/03/irishfamilysurnameslogo2.jpg,2,Toole,,,,,,,,,,,,,,,,,,,,,,,active
toole,,,,,,,true,,,,,,,,,,,,,,,,,,https://irishfamilysurnames.com/wp-content/uploads/2021/04/tierney-B-H-300x375.jpg,3,Toole,,,,,,,,,,,,,,,,,,,,,,,active
toole,,,,,,,true,,,,,,,,,,,,,,,,,,https://irishfamilysurnames.com/wp-content/uploads/2021/04/treacy-B-H-300x375.jpg,4,Toole,,,,,,,,,,,,,,,,,,,,,,,active
toole,,,,,,,true,,,,,,,,,,,,,,,,,,https://irishfamilysurnames.com/wp-content/uploads/2021/04/taylor-B-H-300x375.jpg,5,Toole,,,,,,,,,,,,,,,,,,,,,,,active
white,Family name History & Crest Plaques - White,"<p>Learn the full history of your family with a Family History or a Crest/History Combination.</p><p>Family History Standard : 16 x 20 cm | 6 x 8 inches. €9.90</p><p>Family History Large : 20 x 26 cm | 8 x 10 inches. €12.50</p><p>Family Combination (History &amp;amp;amp; Crest) : 26 x 20 cm | 10 x 8 inches.€14.95</p><p>Family Histories and Family Combinations are supplied mounted and ready to frame.<br/>FREE WORLDWIDE POSTAGE</p>",Irish Family Surnames,,General,"Heraldic Irish Family Names, Gifts under €25, Surname W",true,Title,Default Title,,,,,4954,0,shopify,20,deny,manual,12.45,,true,true,,https://irishfamilysurnames.com/wp-content/uploads/2021/04/white-B-H.jpg,1,White,false,Family name History & Crest Plaques - White,Learn the full history of your family with a Family History or a Crest/History Combination. Family History Standard : 16 x 20 cm | 6 x 8 inches. €9.90 Family History Large : 20 x 26 cm | 8 x 10 inches. €12.50 Family Combination (History &amp; Crest) : 26 x 20 cm | 10 x 8 inches.€14.95 Family Histories and Family Combin,,,,,,,,,,,,,g,,,true,true,,,active
white,,,,,,,true,,,,,,,,,,,,,,,,,,https://irishfamilysurnames.com/wp-content/uploads/2021/03/irishfamilysurnameslogo2.jpg,2,White,,,,,,,,,,,,,,,,,,,,,,,active
white,,,,,,,true,,,,,,,,,,,,,,,,,,https://irishfamilysurnames.com/wp-content/uploads/2021/04/ward-B-H-300x375.jpg,3,White,,,,,,,,,,,,,,,,,,,,,,,active
white,,,,,,,true,,,,,,,,,,,,,,,,,,https://irishfamilysurnames.com/wp-content/uploads/2021/04/whelan-B-H-300x375.jpg,4,White,,,,,,,,,,,,,,,,,,,,,,,active
white,,,,,,,true,,,,,,,,,,,,,,,,,,https://irishfamilysurnames.com/wp-content/uploads/2021/04/woods-B-H-300x375.jpg,5,White,,,,,,,,,,,,,,,,,,,,,,,active
williams,Family name History & Crest Plaques - Williams,"<p>Learn the full history of your family with a Family History or a Crest/History Combination.</p><p>Family History Standard : 16 x 20 cm | 6 x 8 inches. €9.90</p><p>Family History Large : 20 x 26 cm | 8 x 10 inches. €12.50</p><p>Family Combination (History &amp;amp;amp; Crest) : 26 x 20 cm | 10 x 8 inches.€14.95</p><p>Family Histories and Family Combinations are supplied mounted and ready to frame.<br/>FREE WORLDWIDE POSTAGE</p>",Irish Family Surnames,,General,"Heraldic Irish Family Names, Gifts under €25, Surname W",true,Title,Default Title,,,,,4965,0,shopify,20,deny,manual,12.45,,true,true,,https://irishfamilysurnames.com/wp-content/uploads/2021/04/williams-B-H.jpg,1,Williams,false,Family name History & Crest Plaques - Williams,Learn the full history of your family with a Family History or a Crest/History Combination. Family History Standard : 16 x 20 cm | 6 x 8 inches. €9.90 Family History Large : 20 x 26 cm | 8 x 10 inches. €12.50 Family Combination (History &amp; Crest) : 26 x 20 cm | 10 x 8 inches.€14.95 Family Histories and Family Combin,,,,,,,,,,,,,g,,,true,true,,,active
williams,,,,,,,true,,,,,,,,,,,,,,,,,,https://irishfamilysurnames.com/wp-content/uploads/2021/03/irishfamilysurnameslogo2.jpg,2,Williams,,,,,,,,,,,,,,,,,,,,,,,active
williams,,,,,,,true,,,,,,,,,,,,,,,,,,https://irishfamilysurnames.com/wp-content/uploads/2021/04/wall-B-H-300x375.jpg,3,Williams,,,,,,,,,,,,,,,,,,,,,,,active
williams,,,,,,,true,,,,,,,,,,,,,,,,,,https://irishfamilysurnames.com/wp-content/uploads/2021/04/walshe-B-H-300x375.jpg,4,Williams,,,,,,,,,,,,,,,,,,,,,,,active
williams,,,,,,,true,,,,,,,,,,,,,,,,,,https://irishfamilysurnames.com/wp-content/uploads/2021/04/walker-B-H-300x375.jpg,5,Williams,,,,,,,,,,,,,,,,,,,,,,,active
wilson,Family name History & Crest Plaques - Wilson,"<p>Learn the full history of your family with a Family History or a Crest/History Combination.</p><p>Family History Standard : 16 x 20 cm | 6 x 8 inches. €9.90</p><p>Family History Large : 20 x 26 cm | 8 x 10 inches. €12.50</p><p>Family Combination (History &amp;amp;amp; Crest) : 26 x 20 cm | 10 x 8 inches.€14.95</p><p>Family Histories and Family Combinations are supplied mounted and ready to frame.<br/>FREE WORLDWIDE POSTAGE</p>",Irish Family Surnames,,General,"Heraldic Irish Family Names, Gifts under €25, Surname W",true,Title,Default Title,,,,,4976,0,shopify,20,deny,manual,12.45,,true,true,,https://irishfamilysurnames.com/wp-content/uploads/2021/04/wilson-B-H.jpg,1,Wilson,false,Family name History & Crest Plaques - Wilson,Learn the full history of your family with a Family History or a Crest/History Combination. Family History Standard : 16 x 20 cm | 6 x 8 inches. €9.90 Family History Large : 20 x 26 cm | 8 x 10 inches. €12.50 Family Combination (History &amp; Crest) : 26 x 20 cm | 10 x 8 inches.€14.95 Family Histories and Family Combin,,,,,,,,,,,,,g,,,true,true,,,active
wilson,,,,,,,true,,,,,,,,,,,,,,,,,,https://irishfamilysurnames.com/wp-content/uploads/2021/03/irishfamilysurnameslogo2.jpg,2,Wilson,,,,,,,,,,,,,,,,,,,,,,,active
wilson,,,,,,,true,,,,,,,,,,,,,,,,,,https://irishfamilysurnames.com/wp-content/uploads/2021/04/whelan-B-H-300x375.jpg,3,Wilson,,,,,,,,,,,,,,,,,,,,,,,active
wilson,,,,,,,true,,,,,,,,,,,,,,,,,,https://irishfamilysurnames.com/wp-content/uploads/2021/04/walsh-B-H-300x375.jpg,4,Wilson,,,,,,,,,,,,,,,,,,,,,,,active
wilson,,,,,,,true,,,,,,,,,,,,,,,,,,https://irishfamilysurnames.com/wp-content/uploads/2021/04/ward-B-H-300x375.jpg,5,Wilson,,,,,,,,,,,,,,,,,,,,,,,active
woods,Family name History & Crest Plaques - Woods,"<p>Learn the full history of your family with a Family History or a Crest/History Combination.</p><p>Family History Standard : 16 x 20 cm | 6 x 8 inches. €9.90</p><p>Family History Large : 20 x 26 cm | 8 x 10 inches. €12.50</p><p>Family Combination (History &amp;amp;amp; Crest) : 26 x 20 cm | 10 x 8 inches.€14.95</p><p>Family Histories and Family Combinations are supplied mounted and ready to frame.<br/>FREE WORLDWIDE POSTAGE</p>",Irish Family Surnames,,General,"Heraldic Irish Family Names, Gifts under €25, Surname W",true,Title,Default Title,,,,,4987,0,shopify,20,deny,manual,12.45,,true,true,,https://irishfamilysurnames.com/wp-content/uploads/2021/04/woods-B-H.jpg,1,Woods,false,Family name History & Crest Plaques - Woods,Learn the full history of your family with a Family History or a Crest/History Combination. Family History Standard : 16 x 20 cm | 6 x 8 inches. €9.90 Family History Large : 20 x 26 cm | 8 x 10 inches. €12.50 Family Combination (History &amp; Crest) : 26 x 20 cm | 10 x 8 inches.€14.95 Family Histories and Family Combin,,,,,,,,,,,,,g,,,true,true,,,active
woods,,,,,,,true,,,,,,,,,,,,,,,,,,https://irishfamilysurnames.com/wp-content/uploads/2021/03/irishfamilysurnameslogo2.jpg,2,Woods,,,,,,,,,,,,,,,,,,,,,,,active
woods,,,,,,,true,,,,,,,,,,,,,,,,,,https://irishfamilysurnames.com/wp-content/uploads/2021/04/walshe-B-H-300x375.jpg,3,Woods,,,,,,,,,,,,,,,,,,,,,,,active
woods,,,,,,,true,,,,,,,,,,,,,,,,,,https://irishfamilysurnames.com/wp-content/uploads/2021/04/wilson-B-H-300x375.jpg,4,Woods,,,,,,,,,,,,,,,,,,,,,,,active
woods,,,,,,,true,,,,,,,,,,,,,,,,,,https://irishfamilysurnames.com/wp-content/uploads/2021/04/welsh-B-H-300x375.jpg,5,Woods,,,,,,,,,,,,,,,,,,,,,,,active
young,Family name History & Crest Plaques - Young,"<p>Learn the full history of your family with a Family History or a Crest/History Combination.</p><p>Family History Standard : 16 x 20 cm | 6 x 8 inches. €9.90</p><p>Family History Large : 20 x 26 cm | 8 x 10 inches. €12.50</p><p>Family Combination (History &amp;amp;amp; Crest) : 26 x 20 cm | 10 x 8 inches.€14.95</p><p>Family Histories and Family Combinations are supplied mounted and ready to frame.<br/>FREE WORLDWIDE POSTAGE</p>",Irish Family Surnames,,General,"Heraldic Irish Family Names, Gifts under €25, Surname Y",true,Title,Default Title,,,,,4998,0,shopify,20,deny,manual,12.45,,true,true,,https://irishfamilysurnames.com/wp-content/uploads/2021/04/young-B-H.jpg,1,Young,false,Family name History & Crest Plaques - Young,Learn the full history of your family with a Family History or a Crest/History Combination. Family History Standard : 16 x 20 cm | 6 x 8 inches. €9.90 Family History Large : 20 x 26 cm | 8 x 10 inches. €12.50 Family Combination (History &amp; Crest) : 26 x 20 cm | 10 x 8 inches.€14.95 Family Histories and Family Combin,,,,,,,,,,,,,g,,,true,true,,,active
young,,,,,,,true,,,,,,,,,,,,,,,,,,https://irishfamilysurnames.com/wp-content/uploads/2021/03/irishfamilysurnameslogo2.jpg,2,Young,,,,,,,,,,,,,,,,,,,,,,,active
3063,Family name History & Crest Plaques - Imported Product,<p>Product details coming soon.</p>,Irish Family Surnames,,General,"Heraldic Irish Family Names, Gifts under €25, Surname I",true,Title,Default Title,,,,,IMP-3063,0,shopify,20,deny,manual,12.45,,true,true,,https://cdn.shopify.com/s/files/1/0533/2089/files/placeholder-images-image_large.png,1,Imported Product,false,Family name History & Crest Plaques - Imported Product,Imported product — review before publishing.,,,,,,,,,,,,,g,,,true,true,,,active
